date,static_baseline,binary_gate,probability_scaled
2012-05-31,-0.0026441897090448883,-0.0026441897090448883,-0.0026441897090448883
2012-06-01,-0.0029478757992017525,-0.003103469229187052,-0.0030460023626694152
2012-06-04,0.0006734094788042615,0.0,0.0001743600760992708
2012-06-05,0.010812448318956185,0.0,0.0027995734706024442
2012-06-06,0.003248370954625277,0.0,0.0008410725192832542
2012-06-07,0.0060503860970864045,0.0,0.0015665739992124356
2012-06-08,0.0014598460945304756,0.0,0.00037798528851647304
2012-06-11,-0.01156135194870791,0.0,-0.0029934805924718795
2012-06-12,-0.00013867159274549411,0.0,-3.590503285882528e-05
2012-06-13,0.0030539592288681364,0.0,0.0007907351771986196
2012-06-14,-0.0011300011783149581,0.0,-0.00029258140499167386
2012-06-15,-0.0015704465361174279,0.0,-0.000406622101657203
2012-06-18,0.003941039357407038,0.0,0.0010204191415420318
2012-06-19,0.006529530289401484,0.0,0.0016906346494767067
2012-06-20,0.004365313556966819,0.0,0.0011302727804506443
2012-06-21,-0.00248488657868365,0.0,-0.000643390131256636
2012-06-22,-0.008215793675493886,0.0,-0.0021272442036584446
2012-06-25,-0.001610859211076333,0.0,-0.00041708580509915887
2012-06-26,0.0018546788929033817,0.0,0.0004802159207508589
2012-06-27,0.0001233358740643283,0.0,3.193428822209543e-05
2012-06-28,-0.00040697225980991644,0.0,-0.00010537379770292007
2012-06-29,0.01869391006196964,0.0,0.004840252006528956
2012-07-02,0.008756718013920613,0.0,0.0022673010513575642
2012-07-03,0.004236458100993356,0.0,0.0015942973483265323
2012-07-04,0.0012074752043661331,0.0,0.0004317572791733789
2012-07-05,0.003259441416301976,0.0,0.0011654794669397161
2012-07-06,-0.0036888983258992957,0.0,-0.0013190405058243883
2012-07-09,-0.0063384192609057255,0.0,-0.0022664305191967982
2012-07-10,0.006489865146675766,0.0,0.0023205830710219923
2012-07-11,9.471221018405435e-05,0.0,3.3866274044965666e-05
2012-07-12,-0.0024524363173972223,0.0,-0.0008769184062054963
2012-07-13,0.004265047059474661,0.0,0.0015250541852011613
2012-07-16,-0.0024228466324078225,0.0,-0.0008663380134682995
2012-07-17,0.002364185101514424,0.0,0.0008453623918745008
2012-07-18,-0.0016733344061793272,0.0,-0.0005983346968507334
2012-07-19,-0.0006830417194224965,0.0,-0.0002442354371115856
2012-07-20,0.0013797413834304275,0.0,0.0004933545496576524
2012-07-23,-0.005946930107515609,0.0,-0.0021264456225443327
2012-07-24,-0.005263082608218854,0.0,-0.0018819220624759659
2012-07-25,0.0008970754430247928,0.0,0.0003207675413069548
2012-07-26,0.0023198626816119967,0.0,0.0008295140105957332
2012-07-27,4.1145771063143266e-05,0.0,1.4712505978985548e-05
2012-07-30,3.1540054693347764e-05,0.0,1.1277787030440948e-05
2012-07-31,-0.0030253075947046285,0.0,-0.0010817601645392969
2012-08-01,0.007625071816732191,0.0,-0.0003883740236777858
2012-08-02,-0.0004203116676121056,0.0,0.0
2012-08-03,0.0024215873177789813,0.0,0.0
2012-08-06,0.0023457335111645287,0.0,0.0
2012-08-07,0.0011745307450680706,0.0,0.0
2012-08-08,0.0009562452726106358,0.0,0.0
2012-08-09,0.0029277321064111765,0.0,0.0
2012-08-10,-0.0018372685845519697,0.0,0.0
2012-08-13,-0.0061651835169788645,0.0,0.0
2012-08-14,-0.0013946132427640778,0.0,0.0
2012-08-15,-0.0011258687392207323,0.0,0.0
2012-08-16,0.0020181966542005235,0.0,0.0
2012-08-17,0.0026782540831674128,0.0,0.0
2012-08-20,-0.0014287584419316835,0.0,0.0
2012-08-21,-0.002833674425016996,0.0,0.0
2012-08-22,-0.0062412859345960985,0.0,0.0
2012-08-23,-0.0013420759673436512,0.0,0.0
2012-08-24,0.0005970130791891604,0.0,0.0
2012-08-27,-0.0028180185040914004,0.0,0.0
2012-08-28,-0.007442420600085131,0.0,0.0
2012-08-29,-0.0030454391659211822,0.0,0.0
2012-08-30,-0.0007871398183930709,0.0,0.0
2012-08-31,0.000819639817353677,0.0,0.0
2012-09-03,-0.0035577339901914007,-0.004474991875083116,-0.0027603077398645915
2012-09-04,-1.4957140834858545e-05,-1.4957140834858545e-05,-9.226008172794184e-06
2012-09-05,0.004003984910356903,0.004003984910356903,0.002469776671528351
2012-09-06,0.005848862848267878,0.005848862848267878,0.0036077521122159393
2012-09-07,-0.004343087245082864,-0.004343087245082864,-0.0026789450511095617
2012-09-10,0.0008413529952800657,0.0008413529952800657,0.0005189714863530759
2012-09-11,-0.008225184063501171,-0.008225184063501171,-0.005073537531701435
2012-09-12,-0.004449931297538002,-0.004449931297538002,-0.0027448496322089273
2012-09-13,0.0007942697955924086,0.0007942697955924086,0.000489929172055463
2012-09-14,0.007619352040864817,0.007619352040864817,0.004699842368040411
2012-09-17,-0.0021429586585039032,-0.0021429586585039032,-0.001321840471759136
2012-09-18,0.006578719900062463,0.006578719900062463,0.004057949593083083
2012-09-19,-0.003237458089895149,-0.003237458089895149,-0.0019969601895330445
2012-09-20,0.002992524458128556,0.002992524458128556,0.0018458778594660397
2012-09-21,0.006301773469624902,0.006301773469624902,0.0038871208191312923
2012-09-24,-0.0021254308698746604,-0.0021254308698746604,-0.0013110288117681084
2012-09-25,0.0033639544921845958,0.0033639544921845958,0.002074986923000152
2012-09-26,0.0008846618695902313,0.0008846618695902313,0.000545685684791917
2012-09-27,0.0015175370710742379,0.0015175370710742379,0.0009360618834061814
2012-09-28,0.0018476086291150076,0.0018476086291150076,0.0011396598120286061
2012-10-01,0.005767240330452188,0.005767240330452188,0.00355740492188284
2012-10-02,0.0011632173978607292,0.0011632173978607292,0.0008626571834286123
2012-10-03,-0.003727556942410282,-0.003727556942410282,-0.003727556942410282
2012-10-04,0.00016009778614981506,0.00016009778614981506,0.00016009778614981506
2012-10-05,-0.010094840913843018,-0.010094840913843018,-0.010094840913843018
2012-10-08,-0.0087261238264273,-0.0087261238264273,-0.0087261238264273
2012-10-09,0.0015867420160685939,0.0015867420160685939,0.0015867420160685939
2012-10-10,-0.0002482990055703607,-0.0002482990055703607,-0.0002482990055703607
2012-10-11,0.009377869307571923,0.009377869307571923,0.009377869307571923
2012-10-12,-0.005399474159164471,-0.005399474159164471,-0.005399474159164471
2012-10-15,-0.003527501625758279,-0.003527501625758279,-0.003527501625758279
2012-10-16,0.005426793965560105,0.005426793965560105,0.005426793965560105
2012-10-17,0.00034725398843272895,0.00034725398843272895,0.00034725398843272895
2012-10-18,0.005317105590457864,0.005317105590457864,0.005317105590457864
2012-10-19,0.0010602079031567823,0.0010602079031567823,0.0010602079031567823
2012-10-22,0.004228734262377533,0.004228734262377533,0.004228734262377533
2012-10-23,-0.010754697155009589,-0.010754697155009589,-0.010754697155009589
2012-10-24,-0.005402476059000623,-0.005402476059000623,-0.005402476059000623
2012-10-25,0.005470050250230219,0.005470050250230219,0.005470050250230219
2012-10-26,-0.007186101793905606,-0.007186101793905606,-0.007186101793905606
2012-10-29,-0.0017948004553839107,-0.0017948004553839107,-0.0017948004553839107
2012-10-30,0.001962099697835834,0.001962099697835834,0.001962099697835834
2012-10-31,0.00034457813268079615,0.00034457813268079615,0.00034457813268079615
2012-11-01,0.005423193215136849,-0.0022778268724132165,-0.0003146906992357035
2012-11-02,0.008874850587941439,0.0,0.0022211023983943834
2012-11-05,0.001759982997498284,0.0,0.00044046966404011416
2012-11-06,0.008223471370542725,0.0,0.0020580821956662004
2012-11-07,-0.00461525907036049,0.0,-0.0011550575290042002
2012-11-08,-0.008976228263567644,0.0,-0.0022464741155005788
2012-11-09,0.004152996286807155,0.0,0.0010393673585540257
2012-11-12,-0.0076241323025725925,0.0,-0.00190808604326577
2012-11-13,-0.006696480928033223,0.0,-0.0016759234088138965
2012-11-14,0.002013754774343784,0.0,0.0005039809419609162
2012-11-15,0.006426094915982094,0.0,0.0016082540983383996
2012-11-16,0.00410237326609615,0.0,0.0010266979719991743
2012-11-19,0.0008129928794317228,0.0,0.00020346713631853993
2012-11-20,0.0038515336513697627,0.0,0.0009639205241581813
2012-11-21,-0.0031162158618793703,0.0,-0.0007798930760749116
2012-11-22,0.0026323088335814624,0.0,0.0006587860162430812
2012-11-23,-0.014975482909092699,0.0,-0.0037479032099643674
2012-11-26,0.002444273060573487,0.0,0.0006117264401664508
2012-11-27,0.010405952054578092,0.0,0.002604290048263386
2012-11-28,-0.00045737149575823225,0.0,-0.00011446603141309578
2012-11-29,0.0021942751601055736,0.0,0.0005491596475404085
2012-11-30,0.0028498741844661763,0.0,0.000713235938286179
2012-12-03,-0.006545835182914295,0.0,-0.0006397763111371592
2012-12-04,0.0005657952180595028,0.0,0.0
2012-12-05,0.019719533554818505,0.0,0.0
2012-12-06,0.029408751417311797,0.0,0.0
2012-12-07,0.006064823445934569,0.0,0.0
2012-12-10,-0.0023995284963304734,0.0,0.0
2012-12-11,0.0009861352900921725,0.0,0.0
2012-12-12,0.004077113212971203,0.0,0.0
2012-12-13,-0.003572196557433448,0.0,0.0
2012-12-14,-0.005335763952742165,0.0,0.0
2012-12-17,-0.004198031048734181,0.0,0.0
2012-12-18,0.006109245606061438,0.0,0.0
2012-12-19,0.008410332187602173,0.0,0.0
2012-12-20,4.135428970460797e-05,0.0,0.0
2012-12-21,-0.008528797148675818,0.0,0.0
2012-12-24,0.012564613727091483,0.0,0.0
2012-12-25,-3.386717782019469e-05,0.0,0.0
2012-12-26,0.003965833472747515,0.0,0.0
2012-12-27,0.005413786563993754,0.0,0.0
2012-12-28,0.007717492327095907,0.0,0.0
2012-12-31,0.0027313591261872686,0.0,0.0
2013-01-01,-0.002075973755888183,0.0,-0.0018492628237329798
2013-01-02,0.008058137189816569,0.0,0.003381780291359965
2013-01-03,0.005035595078980214,0.0,0.0021133018453551753
2013-01-04,0.005068926125919823,0.0,0.0021272899762315263
2013-01-07,0.0006733074988549664,0.0,0.0002825687843252555
2013-01-08,-0.0028181429335637593,0.0,-0.0011826976888660067
2013-01-09,0.006641352108618911,0.0,0.002787194253442666
2013-01-10,-0.005481269414720544,0.0,-0.0023003392026834006
2013-01-11,-0.00905752799989801,0.0,-0.0038011973433767494
2013-01-14,0.008078384717020276,0.0,0.003390277626020982
2013-01-15,-0.005141508029963755,0.0,-0.002157750620772966
2013-01-16,-0.0002202408261579587,0.0,-9.242906489542832e-05
2013-01-17,0.015106718664474151,0.0,0.006339877597417939
2013-01-18,0.005939526312938941,0.0,0.0024926571181357686
2013-01-21,-0.0016197133491255703,0.0,-0.0006797494945417009
2013-01-22,-0.0069144139709436,0.0,-0.0029017908658580845
2013-01-23,-0.005925844854771467,0.0,-0.0024869153834770064
2013-01-24,0.010725918393504369,0.0,0.004501375265207429
2013-01-25,0.005055117812875598,0.0,0.0021214950040425572
2013-01-28,0.006452305042478176,0.0,0.0027078563584236907
2013-01-29,0.0009340479195734412,0.0,0.00039199442392108823
2013-01-30,-0.0020473605857828396,0.0,-0.0008592213703009946
2013-01-31,0.0113253415897157,0.0,0.00475293682383828
2013-02-01,0.009083880365854554,0.0,-0.0013913631685453544
2013-02-04,-0.014093989749990262,0.0,0.0
2013-02-05,0.007709349913245732,0.0,0.0
2013-02-06,-0.004590990920080374,0.0,0.0
2013-02-07,0.003212297542569206,0.0,0.0
2013-02-08,0.0014962198892802692,0.0,0.0
2013-02-11,-0.00045758788490548154,0.0,0.0
2013-02-12,0.0004515596004671603,0.0,0.0
2013-02-13,0.006767983669178797,0.0,0.0
2013-02-14,-0.0028953352695369294,0.0,0.0
2013-02-15,-0.0027635178674495723,0.0,0.0
2013-02-18,0.003667157582153807,0.0,0.0
2013-02-19,-0.002200680811472798,0.0,0.0
2013-02-20,-0.0023243790045275594,0.0,0.0
2013-02-21,-0.010055478856278643,0.0,0.0
2013-02-22,0.00026572034238052963,0.0,0.0
2013-02-25,-0.0033252664524314798,0.0,0.0
2013-02-26,0.002338236964813058,0.0,0.0
2013-02-27,0.005048087124736955,0.0,0.0
2013-02-28,-0.006934050600310278,0.0,0.0
2013-03-01,0.0011552986258066456,0.0,-7.063556078331002e-05
2013-03-04,-0.002152076966014045,0.0,-0.0001509347760109853
2013-03-05,0.00827457189310044,0.0,0.0005803327088180725
2013-03-06,0.005543836362000358,0.0,0.000388814021410152
2013-03-07,0.0012928568827628223,0.0,9.067383141760449e-05
2013-03-08,0.0051733070285609134,0.0,0.0003628271432308995
2013-03-11,-0.00023205224422298134,0.0,-1.6274861009972602e-05
2013-03-12,-0.008965797609924197,0.0,-0.0006288114576683333
2013-03-13,-0.0003322873021027301,0.0,-2.3304793604599658e-05
2013-03-14,0.003216620756984059,0.0,0.0002255959898901248
2013-03-15,-0.005900299725210706,0.0,-0.0004138143902314986
2013-03-18,0.0022911659360178934,0.0,0.0001606897071145937
2013-03-19,-0.008888117966625884,0.0,-0.0006233634371063365
2013-03-20,0.00047113004612894414,0.0,3.3042455779926495e-05
2013-03-21,-0.0029686664593900148,0.0,-0.00020820584680540302
2013-03-22,-0.0021813515594298477,0.0,-0.00015298793408562918
2013-03-25,-0.0030591078813140466,0.0,-0.00021454890793927206
2013-03-26,0.005483559399677955,0.0,0.00038458652864366164
2013-03-27,0.0050389884406721215,0.0,0.0003534067803455254
2013-03-28,-0.0011653588391751868,0.0,-8.173182378746802e-05
2013-03-29,-0.0005721694613424002,0.0,-4.0128801549320454e-05
2013-04-01,0.0006286126672281865,0.0,4.408741584251278e-05
2013-04-02,-0.00024276867207329716,0.0,-0.00020923761898126157
2013-04-03,-0.005037520486132574,0.0,0.0
2013-04-04,0.012864377301449393,0.0,0.0
2013-04-05,0.009237258418258357,0.0,0.0
2013-04-08,0.01782266224197704,0.0,0.0
2013-04-09,0.0011121385755715296,0.0,0.0
2013-04-10,0.0027380637234795144,0.0,0.0
2013-04-11,-0.0015239756641640858,0.0,0.0
2013-04-12,-0.009423242902263786,0.0,0.0
2013-04-15,-0.007877524996033482,0.0,0.0
2013-04-16,-0.003464772877653466,0.0,0.0
2013-04-17,0.007017684226655796,0.0,0.0
2013-04-18,-0.0038311596725779887,0.0,0.0
2013-04-19,-0.0028163487867912795,0.0,0.0
2013-04-22,0.003839970450205228,0.0,0.0
2013-04-23,0.006952290856155708,0.0,0.0
2013-04-24,0.00868924551786304,0.0,0.0
2013-04-25,0.003875247984824112,0.0,0.0
2013-04-26,-0.007752947330635331,0.0,0.0
2013-04-29,-0.0029129168989023703,0.0,0.0
2013-04-30,-0.0010582228098055535,0.0,0.0
2013-05-01,-0.0057484709171400205,0.0,0.0
2013-05-02,0.017291698779495542,0.0,0.0
2013-05-03,0.00406569266180613,0.0,0.0
2013-05-06,0.0005088125115143539,0.0,0.0
2013-05-07,0.0021790663020510494,0.0,0.0
2013-05-08,-0.006937556703110309,0.0,0.0
2013-05-09,0.02063064173567216,0.0,0.0
2013-05-10,0.007209526512269115,0.0,0.0
2013-05-13,0.002678920915964705,0.0,0.0
2013-05-14,0.0053855272243319855,0.0,0.0
2013-05-15,0.009531428531190864,0.0,0.0
2013-05-16,-0.014766410902792227,0.0,0.0
2013-05-17,0.017345829886615472,0.0,0.0
2013-05-20,-0.02197499988417013,0.0,0.0
2013-05-21,0.009127202114539521,0.0,0.0
2013-05-22,0.014257720856553052,0.0,0.0
2013-05-23,-0.019739103897659628,0.0,0.0
2013-05-24,-0.0075729168017320105,0.0,0.0
2013-05-27,-0.0062765504892808134,0.0,0.0
2013-05-28,0.016929423672157058,0.0,0.0
2013-05-29,-0.033222927046281076,0.0,0.0
2013-05-30,-0.040317773093168106,0.0,0.0
2013-05-31,0.0020586971429249375,0.0,0.0
2013-06-03,-0.015219074731624017,-0.013935932857356904,-0.013935932857356904
2013-06-04,0.008273345706316064,0.008273345706316064,0.008273345706316064
2013-06-05,-0.02049020109935832,-0.02049020109935832,-0.02049020109935832
2013-06-06,-0.018355308528487033,-0.018355308528487033,-0.018355308528487033
2013-06-07,0.011350626456232141,0.011350626456232141,0.011350626456232141
2013-06-10,-0.017692979312786225,-0.017692979312786225,-0.017692979312786225
2013-06-11,-0.013372797622522085,-0.013372797622522085,-0.013372797622522085
2013-06-12,0.003024058563112662,0.003024058563112662,0.003024058563112662
2013-06-13,0.006030209880669735,0.006030209880669735,0.006030209880669735
2013-06-14,-0.0004312611560107933,-0.0004312611560107933,-0.0004312611560107933
2013-06-17,-0.005355278963997149,-0.005355278963997149,-0.005355278963997149
2013-06-18,-0.005722853338674588,-0.005722853338674588,-0.005722853338674588
2013-06-19,0.001623839957265824,0.001623839957265824,0.001623839957265824
2013-06-20,-0.02479380566424725,-0.02479380566424725,-0.02479380566424725
2013-06-21,0.01668923591385023,0.01668923591385023,0.01668923591385023
2013-06-24,-0.0038472332935260015,-0.0038472332935260015,-0.0038472332935260015
2013-06-25,0.009760500794178797,0.009760500794178797,0.009760500794178797
2013-06-26,0.0018391573291801871,0.0018391573291801871,0.0018391573291801871
2013-06-27,0.013283966045775747,0.013283966045775747,0.013283966045775747
2013-06-28,0.0027985627049439696,0.0027985627049439696,0.0027985627049439696
2013-07-01,-0.0016026684989608414,-0.0016026684989608414,-0.0016026684989608414
2013-07-02,0.000984503661848198,0.000984503661848198,0.000984503661848198
2013-07-03,-0.01001791725029054,-0.01001791725029054,-0.01001791725029054
2013-07-04,0.01085100742053393,0.01085100742053393,0.01085100742053393
2013-07-05,0.0018915298606923584,0.0018915298606923584,0.0018915298606923584
2013-07-08,-0.0006489045916484527,-0.0006489045916484527,-0.0006489045916484527
2013-07-09,0.010057218181572899,0.010057218181572899,0.010057218181572899
2013-07-10,-0.011769456424911494,-0.011769456424911494,-0.011769456424911494
2013-07-11,-0.01162247668465538,-0.01162247668465538,-0.01162247668465538
2013-07-12,0.0030676466899488305,0.0030676466899488305,0.0030676466899488305
2013-07-15,0.013200173139619999,0.013200173139619999,0.013200173139619999
2013-07-16,-0.004962195991105908,-0.004962195991105908,-0.004962195991105908
2013-07-17,0.006490168027879401,0.006490168027879401,0.006490168027879401
2013-07-18,-0.0022373666234099163,-0.0022373666234099163,-0.0022373666234099163
2013-07-19,-0.0020631386687253814,-0.0020631386687253814,-0.0020631386687253814
2013-07-22,-0.005935134290548726,-0.005935134290548726,-0.005935134290548726
2013-07-23,0.007516395726294995,0.007516395726294995,0.007516395726294995
2013-07-24,-0.003590409520787523,-0.003590409520787523,-0.003590409520787523
2013-07-25,-0.0043280072547925465,-0.0043280072547925465,-0.0043280072547925465
2013-07-26,-0.004743914723031115,-0.004743914723031115,-0.004743914723031115
2013-07-29,-0.001334628803854138,-0.001334628803854138,-0.001334628803854138
2013-07-30,-0.0055688787566787945,-0.0055688787566787945,-0.0055688787566787945
2013-07-31,-0.002041680331323445,-0.002041680331323445,-0.002041680331323445
2013-08-01,0.00341228280480404,-0.0007769231194178286,-0.0007769231194178286
2013-08-02,-0.0025328416588650342,0.0,0.0
2013-08-05,-0.0026161980620897523,0.0,0.0
2013-08-06,-0.000882459620426126,0.0,0.0
2013-08-07,-0.005626697386500324,0.0,0.0
2013-08-08,0.003791642913331736,0.0,0.0
2013-08-09,0.00036415323014094106,0.0,0.0
2013-08-12,0.003127910213833992,0.0,0.0
2013-08-13,0.0023003945067304825,0.0,0.0
2013-08-14,0.0006522343171187126,0.0,0.0
2013-08-15,-0.007197532253137818,0.0,0.0
2013-08-16,-0.005186924362188161,0.0,0.0
2013-08-19,-0.009945805010261776,0.0,0.0
2013-08-20,-0.009028969791720054,0.0,0.0
2013-08-21,-0.007650545203864857,0.0,0.0
2013-08-22,-0.0004059172652959564,0.0,0.0
2013-08-23,0.009948118217695626,0.0,0.0
2013-08-26,-0.007304568919254113,0.0,0.0
2013-08-27,-0.012930159957575738,0.0,0.0
2013-08-28,-0.0023758928883081958,0.0,0.0
2013-08-29,0.010122078224687527,0.0,0.0
2013-08-30,0.0005079221229901893,0.0,0.0
2013-09-02,0.0011701629129877806,0.0,0.0
2013-09-03,-0.0049731776749005535,0.0,-0.0019440196728935802
2013-09-04,0.001039770316771582,0.0,0.0004280122565741409
2013-09-05,0.008174315070648508,0.0,0.003364884516226169
2013-09-06,-0.001512709882184236,0.0,-0.0006226936466372619
2013-09-09,0.0027795100656105728,0.0,0.0011441607402742063
2013-09-10,0.0011622288122963551,0.0,0.0004784212133993114
2013-09-11,0.0017330257026365085,0.0,0.000713384705950774
2013-09-12,-0.0010657116499052817,0.0,-0.0004386907769685015
2013-09-13,0.0002566584818056606,0.0,0.00010565119449420337
2013-09-16,-0.0003786706884285657,0.0,-0.00015587644043929625
2013-09-17,-0.0003395446673852418,0.0,-0.00013977055985451786
2013-09-18,0.0022809164526783102,0.0,0.0009389190883993988
2013-09-19,0.0026820214608148547,0.0,0.00110403041816765
2013-09-20,-0.00466503623164944,0.0,-0.0019203209134763546
2013-09-23,0.00030889503635635977,0.0,0.00012715391026543504
2013-09-24,0.004315178727376516,0.0,0.001776305165509828
2013-09-25,-0.00651293546405351,0.0,-0.002680992292169539
2013-09-26,-0.0006309211677172068,0.0,-0.0002597131196757915
2013-09-27,-0.005761536458109239,0.0,-0.00237168553573092
2013-09-30,0.0036625090871983687,0.0,0.0015076394794596181
2013-10-01,-0.0018951787793253135,-0.0016717041583256544,-0.001734572138748183
2013-10-02,0.003128590279844561,0.003128590279844561,0.0030740859612354236
2013-10-03,-0.006417859995848249,-0.006417859995848249,-0.006306052103246879
2013-10-04,0.00839927918332121,0.00839927918332121,0.008252952260411514
2013-10-07,-0.005194260938261637,-0.005194260938261637,-0.0051037698135714205
2013-10-08,0.002104256092673937,0.002104256092673937,0.0020675970755922824
2013-10-09,0.004453615028984875,0.004453615028984875,0.004376026968296309
2013-10-10,0.009623180770891684,0.009623180770891684,0.00945553180958504
2013-10-11,0.005041926389381073,0.005041926389381073,0.0049540891407323625
2013-10-14,-0.003220481786189143,-0.003220481786189143,-0.0031643765919487205
2013-10-15,-0.0018821581918480627,-0.0018821581918480627,-0.0018493684237463788
2013-10-16,0.005409323088981644,0.005409323088981644,0.005315085287694264
2013-10-17,-0.0025176629291260464,-0.0025176629291260464,-0.002473801799938394
2013-10-18,-0.001211942769822299,-0.001211942769822299,-0.001190829070374982
2013-10-21,-0.001987407760235744,-0.001987407760235744,-0.0019527844008051369
2013-10-22,0.0007092293401864261,0.0007092293401864261,0.0006968735957562577
2013-10-23,-0.0033432433684868644,-0.0033432433684868644,-0.003284999499701032
2013-10-24,0.003130341750672139,0.003130341750672139,0.0030758069190473998
2013-10-25,0.004088765376130553,0.004088765376130553,0.004017533495045217
2013-10-28,0.0013586880304694536,0.0013586880304694536,0.001335017828020698
2013-10-29,-0.00012279240587617906,-0.00012279240587617906,-0.00012065319434190593
2013-10-30,-0.004038390596074286,-0.004038390596074286,-0.003968036312506189
2013-10-31,-0.0048338345216608035,-0.0048338345216608035,-0.004749622517752915
2013-11-01,-0.003039610622895858,-0.0015484528185829548,-0.002107701261195755
2013-11-04,-0.0010886412003632382,0.0,-0.000476300495865642
2013-11-05,-0.006657182092280503,0.0,-0.0029126392888337263
2013-11-06,-0.002332862828671546,0.0,-0.0010206702830207375
2013-11-07,-8.625356612224285e-05,0.0,-3.773751746718451e-05
2013-11-08,0.0030406849023791355,0.0,0.0013303554249932095
2013-11-11,-0.009143916901338187,0.0,-0.004000631385996066
2013-11-12,-0.0032841084925693807,0.0,-0.0014368577112141637
2013-11-13,0.00027670467103952496,0.0,0.00012106336962122146
2013-11-14,0.009063399880823662,0.0,0.003965403712466995
2013-11-15,-0.004393187063483946,0.0,-0.0019220999316117635
2013-11-18,0.0027712864811101877,0.0,0.0012124886736769747
2013-11-19,-0.0006823747057310939,0.0,-0.00029855145166051637
2013-11-20,-0.0007916781152123467,0.0,-0.0003463736984378336
2013-11-21,-0.0021414286830078676,0.0,-0.0009369143325066453
2013-11-22,0.004533420525412757,0.0,0.001983454643734877
2013-11-25,0.0014756996317833394,0.0,0.0006456456600509209
2013-11-26,-0.006710142714265172,0.0,-0.0029358105324943863
2013-11-27,-0.008288666192884112,0.0,-0.003626443511800051
2013-11-28,-0.003391928208142296,0.0,-0.001484030814688786
2013-11-29,-0.001920932808884405,0.0,-0.0008404433426650961
2013-12-02,0.00366149242065497,0.0,0.0016019701027155282
2013-12-03,-0.012475855476530736,0.0,-0.001982130317878728
2013-12-04,-0.004719764001947339,0.0,-0.000640578441286115
2013-12-05,0.0024770466387497225,0.0,0.00033619110493419367
2013-12-06,0.006544970518976919,0.0,0.0008883001377992605
2013-12-09,0.007238031621016123,0.0,0.0009823641630931383
2013-12-10,0.0006055565325562876,0.0,8.218768132802486e-05
2013-12-11,-0.008523487279567227,0.0,-0.0011568294926641383
2013-12-12,0.0025707623971451933,0.0,0.00034891044734456587
2013-12-13,-0.002070831891697311,0.0,-0.0002810586005575117
2013-12-16,0.0035228436526250047,0.0,0.0004781293503154246
2013-12-17,-0.003984622506464071,0.0,-0.000540803157372106
2013-12-18,0.0028268415821244225,0.0,0.0003836661692603509
2013-12-19,-0.0035819789973595357,0.0,-0.0004861553505432607
2013-12-20,-0.009731023640015195,0.0,-0.001320719415815575
2013-12-23,0.0010062328375677275,0.0,0.00013656849418616996
2013-12-24,0.006084475522858755,0.0,0.0008258005791959653
2013-12-25,-0.004378341368598251,0.0,-0.0005942396882890747
2013-12-26,-0.004324880653855274,0.0,-0.0005869838633567332
2013-12-27,-0.004593867110029171,0.0,-0.000623491393129802
2013-12-30,0.0016372761040938516,0.0,0.00022221530023168814
2013-12-31,-0.0003849668408620094,0.0,-5.224868420634584e-05
2014-01-01,-0.004045415453252497,-0.005084934693598562,-0.004913731682849792
2014-01-02,-0.00020541502713352896,-0.00020541502713352896,-0.00020541502713352896
2014-01-03,0.007080776511348381,0.007080776511348381,0.007080776511348381
2014-01-06,-0.0002714328742738027,-0.0002714328742738027,-0.0002714328742738027
2014-01-07,0.006411537805778069,0.006411537805778069,0.006411537805778069
2014-01-08,-0.0013094751398720086,-0.0013094751398720086,-0.0013094751398720086
2014-01-09,-0.00018024461746157707,-0.00018024461746157707,-0.00018024461746157707
2014-01-10,0.0015432464603940322,0.0015432464603940322,0.0015432464603940322
2014-01-13,-0.0007290338508999699,-0.0007290338508999699,-0.0007290338508999699
2014-01-14,0.008583434671190457,0.008583434671190457,0.008583434671190457
2014-01-15,0.0058048239795830655,0.0058048239795830655,0.0058048239795830655
2014-01-16,-0.0048810825595318776,-0.0048810825595318776,-0.0048810825595318776
2014-01-17,0.004515588678200126,0.004515588678200126,0.004515588678200126
2014-01-20,-0.0021186794797052135,-0.0021186794797052135,-0.0021186794797052135
2014-01-21,-0.002046669532839679,-0.002046669532839679,-0.002046669532839679
2014-01-22,-0.0006314970864115073,-0.0006314970864115073,-0.0006314970864115073
2014-01-23,-0.02071999832481296,-0.02071999832481296,-0.02071999832481296
2014-01-24,-0.016713519728050498,-0.016713519728050498,-0.016713519728050498
2014-01-27,0.002734092335862303,0.002734092335862303,0.002734092335862303
2014-01-28,0.009980963005008503,0.009980963005008503,0.009980963005008503
2014-01-29,-0.002237527994074507,-0.002237527994074507,-0.002237527994074507
2014-01-30,0.007772195929966519,0.007772195929966519,0.007772195929966519
2014-01-31,0.002436343996550576,0.002436343996550576,0.002436343996550576
2014-02-03,-0.007853403627075784,-0.001956736197976401,-0.0031001154113221626
2014-02-04,0.009353840304448482,0.0,0.0018202141734611054
2014-02-05,-0.0008142902428708299,0.0,-0.00015845712489657076
2014-02-06,0.004899394823869288,0.0,0.000953399631544669
2014-02-07,-0.0017320882598303201,0.0,-0.00033705638514368704
2014-02-10,-0.002528472734008413,0.0,-0.0004920291300529562
2014-02-11,0.004575288264677454,0.0,0.0008903299902474869
2014-02-12,0.0010520214357575535,0.0,0.0002047185183651377
2014-02-13,-0.006721436760302917,0.0,-0.0013079605871940561
2014-02-14,-0.0008594636197465445,0.0,-0.00016724765564928964
2014-02-17,0.0023691074329621276,0.0,0.0004610173776303292
2014-02-18,-0.005229747332621467,0.0,-0.0010176847058133815
2014-02-19,-0.0026492576396613485,0.0,-0.0005155333155055426
2014-02-20,0.004698438498827711,0.0,0.0009142944577142607
2014-02-21,0.00796440266041647,0.0,0.0015498360174854577
2014-02-24,-0.004299244240576186,0.0,-0.0008366130965637873
2014-02-25,-0.0021171207991630995,0.0,-0.00041198194112136835
2014-02-26,0.003401231573511368,0.0,0.0006618639741352568
2014-02-27,0.0015177078715840225,0.0,0.00029533895053958907
2014-02-28,-0.006382174822021009,0.0,-0.0012419417790385512
2014-03-03,-0.0004900644858452437,0.0,-0.00024342527740964614
2014-03-04,0.009270912568430916,0.0,0.0
2014-03-05,0.0009872494371790034,0.0,0.0
2014-03-06,0.002410521001617802,0.0,0.0
2014-03-07,0.0003475190710571113,0.0,0.0
2014-03-10,0.004872548110350231,0.0,0.0
2014-03-11,-0.005193087766335093,0.0,0.0
2014-03-12,-0.006168860048526972,0.0,0.0
2014-03-13,0.0014736696188746463,0.0,0.0
2014-03-14,-0.00021063722371277471,0.0,0.0
2014-03-17,0.001764124777037341,0.0,0.0
2014-03-18,-0.0009993453707628623,0.0,0.0
2014-03-19,0.015375942366198778,0.0,0.0
2014-03-20,0.0011134766542317657,0.0,0.0
2014-03-21,0.0035214967555256423,0.0,0.0
2014-03-24,-0.0015910276235053381,0.0,0.0
2014-03-25,0.003647297853640181,0.0,0.0
2014-03-26,0.006236426755901983,0.0,0.0
2014-03-27,0.002934717706103596,0.0,0.0
2014-03-28,0.005085509300649454,0.0,0.0
2014-03-31,0.0029302602463170454,0.0,0.0
2014-04-01,0.0018374941234515977,0.0019339175665502978,0.0019339175665502978
2014-04-02,0.005303081802229851,0.005303081802229851,0.005303081802229851
2014-04-03,-0.0024148338305563758,-0.0024148338305563758,-0.0024148338305563758
2014-04-04,0.011588398153338576,0.011588398153338576,0.011588398153338576
2014-04-07,0.0010018940600344623,0.0010018940600344623,0.0010018940600344623
2014-04-08,-0.007651918832624132,-0.007651918832624132,-0.007651918832624132
2014-04-09,-0.0020568978651757724,-0.0020568978651757724,-0.0020568978651757724
2014-04-10,-0.007455895925822275,-0.007455895925822275,-0.007455895925822275
2014-04-11,-0.006093607443526372,-0.006093607443526372,-0.006093607443526372
2014-04-14,0.00514503045431119,0.00514503045431119,0.00514503045431119
2014-04-15,-0.0066824627399780685,-0.0066824627399780685,-0.0066824627399780685
2014-04-16,-0.003425349143707435,-0.003425349143707435,-0.003425349143707435
2014-04-17,0.009820023872354679,0.009820023872354679,0.009820023872354679
2014-04-18,-0.000523687018763386,-0.000523687018763386,-0.000523687018763386
2014-04-21,0.00203822867281429,0.00203822867281429,0.00203822867281429
2014-04-22,-0.007955698258804532,-0.007955698258804532,-0.007955698258804532
2014-04-23,-0.008345933178679607,-0.008345933178679607,-0.008345933178679607
2014-04-24,0.0030937705987018347,0.0030937705987018347,0.0030937705987018347
2014-04-25,-0.00505742016513224,-0.00505742016513224,-0.00505742016513224
2014-04-28,0.005031740019014781,0.005031740019014781,0.005031740019014781
2014-04-29,0.00785035444741091,0.00785035444741091,0.00785035444741091
2014-04-30,-0.003196357742171131,-0.003196357742171131,-0.003196357742171131
2014-05-01,0.00038009320644877276,-0.0017521090131878908,-0.0017521090131878908
2014-05-02,0.0003354582953848952,0.0,0.0
2014-05-05,-0.007158163175795042,0.0,0.0
2014-05-06,-0.0020506254484681935,0.0,0.0
2014-05-07,0.0072671321689456465,0.0,0.0
2014-05-08,0.012787625222899772,0.0,0.0
2014-05-09,0.013063170418346667,0.0,0.0
2014-05-12,0.0018906094819440503,0.0,0.0
2014-05-13,0.015251803065094294,0.0,0.0
2014-05-14,0.0072076131696139295,0.0,0.0
2014-05-15,-0.012950072215560781,0.0,0.0
2014-05-16,0.00983971786587908,0.0,0.0
2014-05-19,0.0034838562681582933,0.0,0.0
2014-05-20,-0.012648006794284745,0.0,0.0
2014-05-21,0.004621587457563083,0.0,0.0
2014-05-22,0.010098928441480798,0.0,0.0
2014-05-23,0.0010681604404865585,0.0,0.0
2014-05-26,-0.004539996534420791,0.0,0.0
2014-05-27,-0.009162276007986511,0.0,0.0
2014-05-28,0.008344618068188103,0.0,0.0
2014-05-29,0.003415361541284183,0.0,0.0
2014-05-30,-0.015983206892249534,0.0,0.0
2014-06-02,-0.010458725022490605,0.0,0.0
2014-06-03,-0.009789172196321954,-0.010402316184791217,-0.009614045518521602
2014-06-04,-8.060532687142506e-05,-8.060532687142506e-05,-7.449718580081251e-05
2014-06-05,0.0001557710536570279,0.0001557710536570279,0.00014396697559686906
2014-06-06,0.013922986335961946,0.013922986335961946,0.0128679249899554
2014-06-09,0.00495803717404786,0.00495803717404786,0.004582325150192023
2014-06-10,0.0013166460180471982,0.0013166460180471982,0.001216872716077707
2014-06-11,-0.009571730862108536,-0.009571730862108536,-0.008846400605847037
2014-06-12,-0.002328427045300842,-0.002328427045300842,-0.002151982616410764
2014-06-13,-0.002375800008338603,-0.002375800008338603,-0.002195765733064935
2014-06-16,-0.016613322887075004,-0.016613322887075004,-0.015354392196206977
2014-06-17,-0.0041512412831420965,-0.0041512412831420965,-0.0038366669446988325
2014-06-18,-4.5233224695882986e-05,-4.5233224695882986e-05,-4.180552421695696e-05
2014-06-19,-0.0011896872371416679,-0.0011896872371416679,-0.001099534665885928
2014-06-20,0.0028252918612580507,0.0028252918612580507,0.0026111958216533185
2014-06-23,0.0019103282274336418,0.0019103282274336418,0.0017655666495425158
2014-06-24,6.927371027064776e-05,6.927371027064776e-05,6.402426074614146e-05
2014-06-25,0.0004911980046316078,0.0004911980046316078,0.00045397581569763066
2014-06-26,0.0005253605927755406,0.0005253605927755406,0.0004855496182634945
2014-06-27,0.0047038438719573,0.0047038438719573,0.004347394204680583
2014-06-30,-0.004941567412824201,-0.004941567412824201,-0.004567103440788983
2014-07-01,0.00025140403650938286,-0.0013366095733417477,-0.001235323465497719
2014-07-02,-0.0014232501462993726,0.0,0.0
2014-07-03,0.007785192989569556,0.0,0.0
2014-07-04,-0.0006992664628293877,0.0,0.0
2014-07-07,0.0032629321152824117,0.0,0.0
2014-07-08,0.008485859999617028,0.0,0.0
2014-07-09,-0.00017180371146436702,0.0,0.0
2014-07-10,-0.006834501957367018,0.0,0.0
2014-07-11,0.003978158668383428,0.0,0.0
2014-07-14,-6.959330938209748e-05,0.0,0.0
2014-07-15,-0.003041478640638536,0.0,0.0
2014-07-16,0.005451083042265909,0.0,0.0
2014-07-17,-0.011368774539043846,0.0,0.0
2014-07-18,0.013157922219308012,0.0,0.0
2014-07-21,0.004863557472414259,0.0,0.0
2014-07-22,0.008357096360912043,0.0,0.0
2014-07-23,0.009044802013253249,0.0,0.0
2014-07-24,0.001331056932147722,0.0,0.0
2014-07-25,0.0017619651553885008,0.0,0.0
2014-07-28,-0.0022708114262725027,0.0,0.0
2014-07-29,-0.0006399194961447723,0.0,0.0
2014-07-30,-0.0013420034886292029,0.0,0.0
2014-07-31,-0.008090251214180754,0.0,0.0
2014-08-01,-0.014715513463591248,0.0,0.0
2014-08-04,0.004761058399161805,0.0,0.0
2014-08-05,-0.0022318079816233635,0.0,0.0
2014-08-06,-0.006482258419683664,0.0,0.0
2014-08-07,0.002399349739558577,0.0,0.0
2014-08-08,0.007264545368710672,0.0,0.0
2014-08-11,0.005009285884948845,0.0,0.0
2014-08-12,0.003073154346309973,0.0,0.0
2014-08-13,0.0010473062998199187,0.0,0.0
2014-08-14,0.0063494798140414956,0.0,0.0
2014-08-15,-0.003989744562556808,0.0,0.0
2014-08-18,0.006939669267764392,0.0,0.0
2014-08-19,0.008594011883954053,0.0,0.0
2014-08-20,0.00013627064893590585,0.0,0.0
2014-08-21,-0.002282697834324336,0.0,0.0
2014-08-22,0.005574365449753675,0.0,0.0
2014-08-25,0.003080371570366976,0.0,0.0
2014-08-26,0.01050259316294474,0.0,0.0
2014-08-27,0.0036874216667181674,0.0,0.0
2014-08-28,-0.00025415568829454977,0.0,0.0
2014-08-29,0.004237836694936279,0.0,0.0
2014-09-01,-5.439320044390436e-05,0.0,0.0
2014-09-02,-0.0024208252058032028,-0.0033865978241352087,-0.0017538211030991339
2014-09-03,0.005574529490980333,0.005574529490980333,0.0028868876580071434
2014-09-04,0.017789951466613718,0.017789951466613718,0.009212901538795431
2014-09-05,0.0007106836060391984,0.0007106836060391984,0.0003680424929749126
2014-09-08,0.0017843410148264674,0.0017843410148264674,0.0009240586244477068
2014-09-09,-0.014294273088687906,-0.014294273088687906,-0.007402590770518958
2014-09-10,0.00022218258340465458,0.00022218258340465458,0.00011506193641864479
2014-09-11,-0.0027343792322270196,-0.0027343792322270196,-0.00141605595065908
2014-09-12,-0.011477826634957873,-0.011477826634957873,-0.005944034578491109
2014-09-15,-0.0032537458779470997,-0.0032537458779470997,-0.0016850209210544905
2014-09-16,0.0034747901754748835,0.0034747901754748835,0.0017994933721265172
2014-09-17,0.006554367809775388,0.006554367809775388,0.003394317595179197
2014-09-18,-0.008620346408455895,-0.008620346408455895,-0.004464228181873174
2014-09-19,0.008361607047530535,0.008361607047530535,0.004330234547270533
2014-09-22,-0.008555020185595003,-0.008555020185595003,-0.004430397619701699
2014-09-23,-0.0032968911940416137,-0.0032968911940416137,-0.0017073646328844487
2014-09-24,0.013130713763197337,0.013130713763197337,0.006800017035542247
2014-09-25,-0.016299392452931716,-0.016299392452931716,-0.008440984119201128
2014-09-26,0.010293793596562389,0.010293793596562389,0.005330858099517005
2014-09-29,-0.0166697910256422,-0.0166697910256422,-0.008632802831404824
2014-09-30,0.0034183940848470577,0.0034183940848470577,0.0017702874672592542
2014-10-01,-0.007492661264636678,-0.001660782391257267,-0.0023106354349486475
2014-10-02,-0.005297907228323431,0.0,-0.0013237912706476431
2014-10-03,0.01864777425497676,0.0,0.004659530586676227
2014-10-06,-0.007513704264127527,0.0,-0.001877453810799868
2014-10-07,0.0014873566011371175,0.0,0.00037164668992298614
2014-10-08,-0.002346092380443629,0.0,-0.0005862195164083807
2014-10-09,0.001846421774881372,0.0,0.0004613665211905192
2014-10-10,-0.001095427896287518,0.0,-0.0002737152283408765
2014-10-13,-0.002902680761637179,0.0,-0.0007252945905110074
2014-10-14,0.004946411185853469,0.0,0.0012359627427713296
2014-10-15,-0.022725583740218734,0.0,-0.0056784552992623655
2014-10-16,0.003141131499045541,0.0,0.0007848764199120813
2014-10-17,0.019689476386484772,0.0,0.004919821325806768
2014-10-20,-0.0029409496212711448,0.0,-0.0007348568535212479
2014-10-21,0.005937682453613511,0.0,0.0014836522915971653
2014-10-22,0.004079876808981803,0.0,0.0010194412760143852
2014-10-23,0.006696457129291016,0.0,0.0016732477769013216
2014-10-24,-0.00043018628873944505,0.0,-0.0001074909071153744
2014-10-27,-0.009872176419385552,0.0,-0.002466766668998809
2014-10-28,0.004113355313965233,0.0,0.0010278065702223442
2014-10-29,0.013125123114282693,0.0,0.003279582419256798
2014-10-30,0.007120916007403668,0.0,0.0017793075724731357
2014-10-31,0.012238154601797481,0.0,0.003057955062724392
2014-11-03,0.0029207249311619123,0.0,-0.00034903702400169046
2014-11-04,-0.0055497373650862155,0.0,0.0
2014-11-05,-0.0005878338825636765,0.0,0.0
2014-11-06,0.002353480772662768,0.0,0.0
2014-11-07,-0.006541774572421819,0.0,0.0
2014-11-10,0.005444614894045142,0.0,0.0
2014-11-11,-0.0023101636091685633,0.0,0.0
2014-11-12,0.004023548594546963,0.0,0.0
2014-11-13,-0.001997381241325769,0.0,0.0
2014-11-14,0.00018978056223702567,0.0,0.0
2014-11-17,0.007025661226280779,0.0,0.0
2014-11-18,0.0022167232953696028,0.0,0.0
2014-11-19,5.817887558902575e-05,0.0,0.0
2014-11-20,0.004133696388751995,0.0,0.0
2014-11-21,0.017118449646788693,0.0,0.0
2014-11-24,-0.007338513668700121,0.0,0.0
2014-11-25,0.001331523213456799,0.0,0.0
2014-11-26,0.0012077905626211168,0.0,0.0
2014-11-27,0.0033320707043786443,0.0,0.0
2014-11-28,-0.0032425312322584207,0.0,0.0
2014-12-01,0.0017684400605777037,0.0,0.0
2014-12-02,0.010384164201737737,0.009387462626775681,0.009387462626775681
2014-12-03,0.0014709505547423017,0.0014709505547423017,0.0014709505547423017
2014-12-04,-0.007636713287255221,-0.007636713287255221,-0.007636713287255221
2014-12-05,0.008809082621896468,0.008809082621896468,0.008809082621896468
2014-12-08,-0.012454364186771812,-0.012454364186771812,-0.012454364186771812
2014-12-09,-0.005111672777648439,-0.005111672777648439,-0.005111672777648439
2014-12-10,-0.01095086659263101,-0.01095086659263101,-0.01095086659263101
2014-12-11,-0.005286357614896733,-0.005286357614896733,-0.005286357614896733
2014-12-12,-0.0073902502062256625,-0.0073902502062256625,-0.0073902502062256625
2014-12-15,-0.020232246195378428,-0.020232246195378428,-0.020232246195378428
2014-12-16,-0.013128215417862646,-0.013128215417862646,-0.013128215417862646
2014-12-17,0.02302696382456451,0.02302696382456451,0.02302696382456451
2014-12-18,0.017033898688369457,0.017033898688369457,0.017033898688369457
2014-12-19,0.006158041004096046,0.006158041004096046,0.006158041004096046
2014-12-22,0.0026418455763762,0.0026418455763762,0.0026418455763762
2014-12-23,0.003288860228218023,0.003288860228218023,0.003288860228218023
2014-12-24,-0.002667583575121758,-0.002667583575121758,-0.002667583575121758
2014-12-25,-0.004064927247298699,-0.004064927247298699,-0.004064927247298699
2014-12-26,0.005757287925744305,0.005757287925744305,0.005757287925744305
2014-12-29,-0.0013980449827837096,-0.0013980449827837096,-0.0013980449827837096
2014-12-30,-0.001598654097982821,-0.001598654097982821,-0.001598654097982821
2014-12-31,0.008411800558713005,0.008411800558713005,0.008411800558713005
2015-01-01,-0.0037598417123229765,-0.0024985915834465637,-0.0024985915834465637
2015-01-02,0.011509891235136153,0.0,0.0
2015-01-05,0.0016150399885367583,0.0,0.0
2015-01-06,-0.0005936046611814675,0.0,0.0
2015-01-07,0.007073140791016752,0.0,0.0
2015-01-08,0.00955663931330158,0.0,0.0
2015-01-09,-0.0013388838900903397,0.0,0.0
2015-01-12,0.002321957254504366,0.0,0.0
2015-01-13,0.002346655947145226,0.0,0.0
2015-01-14,-0.004379375356233603,0.0,0.0
2015-01-15,-0.045891810270633784,0.0,0.0
2015-01-16,0.00899998566767912,0.0,0.0
2015-01-19,0.004012278535945567,0.0,0.0
2015-01-20,0.006227421365865831,0.0,0.0
2015-01-21,-0.003860953783717403,0.0,0.0
2015-01-22,0.014139231312599181,0.0,0.0
2015-01-23,0.00993129940467622,0.0,0.0
2015-01-26,0.00274360334540305,0.0,0.0
2015-01-27,-0.009328369703733234,0.0,0.0
2015-01-28,0.001745566929240656,0.0,0.0
2015-01-29,-0.003163622530262607,0.0,0.0
2015-01-30,-0.009181326212168734,0.0,0.0
2015-02-02,0.0011763831338799117,0.0,0.0
2015-02-03,-0.002671081325702871,0.0,0.0
2015-02-04,-0.0019530050527046554,0.0,0.0
2015-02-05,-0.001142220598059992,0.0,0.0
2015-02-06,0.005940491881321205,0.0,0.0
2015-02-09,-0.005917747813797809,0.0,0.0
2015-02-10,-0.004384552946162291,0.0,0.0
2015-02-11,-0.0005125835258854949,0.0,0.0
2015-02-12,0.0012900293261684664,0.0,0.0
2015-02-13,0.0011441173147081875,0.0,0.0
2015-02-16,0.0013346247592135648,0.0,0.0
2015-02-17,-0.003300476634265162,0.0,0.0
2015-02-18,0.0006799159660585107,0.0,0.0
2015-02-19,-0.0004560808041179557,0.0,0.0
2015-02-20,7.064946630530453e-05,0.0,0.0
2015-02-23,0.0027953522456258184,0.0,0.0
2015-02-24,0.006098960259073366,0.0,0.0
2015-02-25,-0.0042494679855046924,0.0,0.0
2015-02-26,0.005569620182807457,0.0,0.0
2015-02-27,-0.0012363565081642512,0.0,0.0
2015-03-02,-0.0017402349365443198,0.0,0.0
2015-03-03,-0.0045260273173995495,-0.0049239994888510144,-0.0049239994888510144
2015-03-04,-0.0005967714135160784,-0.0005967714135160784,-0.0005967714135160784
2015-03-05,0.0005435687951311344,0.0005435687951311344,0.0005435687951311344
2015-03-06,0.004789749534169314,0.004789749534169314,0.004789749534169314
2015-03-09,-0.0005977704413295574,-0.0005977704413295574,-0.0005977704413295574
2015-03-10,0.003067897605294146,0.003067897605294146,0.003067897605294146
2015-03-11,0.006707820572580469,0.006707820572580469,0.006707820572580469
2015-03-12,-0.0042705933688875755,-0.0042705933688875755,-0.0042705933688875755
2015-03-13,0.000928766843093324,0.000928766843093324,0.000928766843093324
2015-03-16,-0.0019435933156715468,-0.0019435933156715468,-0.0019435933156715468
2015-03-17,0.0011943165953681126,0.0011943165953681126,0.0011943165953681126
2015-03-18,-0.00577963537466415,-0.00577963537466415,-0.00577963537466415
2015-03-19,0.005256599876991403,0.005256599876991403,0.005256599876991403
2015-03-20,0.001308484508646599,0.001308484508646599,0.001308484508646599
2015-03-23,-0.003926122299015028,-0.003926122299015028,-0.003926122299015028
2015-03-24,-0.0005084658383923981,-0.0005084658383923981,-0.0005084658383923981
2015-03-25,-0.004268707571867539,-0.004268707571867539,-0.004268707571867539
2015-03-26,0.0015110941185236,0.0015110941185236,0.0015110941185236
2015-03-27,-0.0021475108178363447,-0.0021475108178363447,-0.0021475108178363447
2015-03-30,0.0013644103915965889,0.0013644103915965889,0.0013644103915965889
2015-03-31,0.005698015746377735,0.005698015746377735,0.005698015746377735
2015-04-01,-0.0010763611236083697,-0.0010763611236083697,-0.00107103276469364
2015-04-02,-0.001599854787177995,-0.001599854787177995,-0.0015922211640675673
2015-04-03,-0.004976532062272299,-0.004976532062272299,-0.00495278680084932
2015-04-06,0.0017975447388667162,0.0017975447388667162,0.0017889678485322844
2015-04-07,0.005146413042423817,0.005146413042423817,0.005121857202824306
2015-04-08,0.001356172016288942,0.001356172016288942,0.0013497011127243006
2015-04-09,0.005601110295284243,0.005601110295284243,0.005574384891618354
2015-04-10,0.002348004161123176,0.002348004161123176,0.002336800782559458
2015-04-13,-0.0035139161988610567,-0.0035139161988610567,-0.003497149732230014
2015-04-14,-0.0053419749271944586,-0.0053419749271944586,-0.005316485974330498
2015-04-15,-0.0011666482610967104,-0.0011666482610967104,-0.0011610816601782873
2015-04-16,-0.004951280172431474,-0.004951280172431474,-0.00492765539907492
2015-04-17,-0.0015211209837236231,-0.0015211209837236231,-0.0015138630348221537
2015-04-20,0.0018619950967426655,0.0018619950967426655,0.0018531106849098448
2015-04-21,0.0003177283145081583,0.0003177283145081583,0.00031621229053904217
2015-04-22,0.0032581107427998306,0.0032581107427998306,0.0032425648384703243
2015-04-23,-0.007510127648686621,-0.007510127648686621,-0.007474293468959345
2015-04-24,-0.004063540235658618,-0.004063540235658618,-0.004044151266796142
2015-04-27,0.00037912438940646454,0.00037912438940646454,0.0003773154172898105
2015-04-28,-0.002886030598913135,-0.002886030598913135,-0.0028722600554526717
2015-04-29,-0.006623841946875312,-0.006623841946875312,-0.006592236632836352
2015-04-30,-0.003934595362437964,-0.003934595362437964,-0.003915821647267308
2015-05-01,0.00046837096569496634,0.00046837096569496634,0.0004656388911244149
2015-05-04,0.0001788418446978173,0.0001788418446978173,0.0001788418446978173
2015-05-05,-0.0038085732623560943,-0.0038085732623560943,-0.0038085732623560943
2015-05-06,-0.011487506815144051,-0.011487506815144051,-0.011487506815144051
2015-05-07,-0.002135650240973595,-0.002135650240973595,-0.002135650240973595
2015-05-08,0.01014092738544535,0.01014092738544535,0.01014092738544535
2015-05-11,-0.0012453868300419842,-0.0012453868300419842,-0.0012453868300419842
2015-05-12,-0.0018425549107195967,-0.0018425549107195967,-0.0018425549107195967
2015-05-13,-0.005096864558073137,-0.005096864558073137,-0.005096864558073137
2015-05-14,0.0059253802417884765,0.0059253802417884765,0.0059253802417884765
2015-05-15,0.001030543571993065,0.001030543571993065,0.001030543571993065
2015-05-18,0.00791737916541002,0.00791737916541002,0.00791737916541002
2015-05-19,0.01231723081108988,0.01231723081108988,0.01231723081108988
2015-05-20,0.005184243709841793,0.005184243709841793,0.005184243709841793
2015-05-21,-0.0001724167858969608,-0.0001724167858969608,-0.0001724167858969608
2015-05-22,0.004899532355053063,0.004899532355053063,0.004899532355053063
2015-05-25,-0.00206246815081773,-0.00206246815081773,-0.00206246815081773
2015-05-26,0.0021807605064328214,0.0021807605064328214,0.0021807605064328214
2015-05-27,0.0024752178074817143,0.0024752178074817143,0.0024752178074817143
2015-05-28,-0.00476778337562825,-0.00476778337562825,-0.00476778337562825
2015-05-29,-0.0006799961473022875,-0.0006799961473022875,-0.0006799961473022875
2015-06-01,0.005482052151495227,0.005482052151495227,0.005482052151495227
2015-06-02,-0.01464589264758526,-0.01464589264758526,-0.01464589264758526
2015-06-03,-0.009768702716689764,-0.009768702716689764,-0.009768702716689764
2015-06-04,-0.0015173027983305782,-0.0015173027983305782,-0.0015173027983305782
2015-06-05,0.014569471100432756,0.014569471100432756,0.014569471100432756
2015-06-08,-0.025676651471197208,-0.025676651471197208,-0.025676651471197208
2015-06-09,0.004151703788585745,0.004151703788585745,0.004151703788585745
2015-06-10,-0.005414212760038187,-0.005414212760038187,-0.005414212760038187
2015-06-11,0.006030434595079602,0.006030434595079602,0.006030434595079602
2015-06-12,-0.0039048449096268003,-0.0039048449096268003,-0.0039048449096268003
2015-06-15,-0.004040971707224403,-0.004040971707224403,-0.004040971707224403
2015-06-16,0.003444054799538134,0.003444054799538134,0.003444054799538134
2015-06-17,0.00011975479328192248,0.00011975479328192248,0.00011975479328192248
2015-06-18,0.00253295145313541,0.00253295145313541,0.00253295145313541
2015-06-19,6.309059464235751e-05,6.309059464235751e-05,6.309059464235751e-05
2015-06-22,0.006483214828114579,0.006483214828114579,0.006483214828114579
2015-06-23,0.010778148420469013,0.010778148420469013,0.010778148420469013
2015-06-24,-0.004808361031348923,-0.004808361031348923,-0.004808361031348923
2015-06-25,0.0035238800554469297,0.0035238800554469297,0.0035238800554469297
2015-06-26,0.002615302667230034,0.002615302667230034,0.002615302667230034
2015-06-29,-0.018956156595664478,-0.018956156595664478,-0.018956156595664478
2015-06-30,0.012644714967384809,0.012644714967384809,0.012644714967384809
2015-07-01,0.0066540514101580605,0.0066540514101580605,0.0066540514101580605
2015-07-02,0.0018244670631580896,0.0018244670631580896,0.0018244670631580896
2015-07-03,-0.004314016676254772,-0.004314016676254772,-0.004314016676254772
2015-07-06,0.0005935320655961745,0.0005935320655961745,0.0005935320655961745
2015-07-07,0.001580777610528071,0.001580777610528071,0.001580777610528071
2015-07-08,-0.011982110521201052,-0.011982110521201052,-0.011982110521201052
2015-07-09,0.007769639343311055,0.007769639343311055,0.007769639343311055
2015-07-10,0.0008381775823778563,0.0008381775823778563,0.0008381775823778563
2015-07-13,0.012430541059021177,0.012430541059021177,0.012430541059021177
2015-07-14,0.000676383857575729,0.000676383857575729,0.000676383857575729
2015-07-15,0.0021313053706305584,0.0021313053706305584,0.0021313053706305584
2015-07-16,0.005173765267377705,0.005173765267377705,0.005173765267377705
2015-07-17,0.005811228967401142,0.005811228967401142,0.005811228967401142
2015-07-20,-0.003728394666166513,-0.003728394666166513,-0.003728394666166513
2015-07-21,-0.00417687312549463,-0.00417687312549463,-0.00417687312549463
2015-07-22,-0.0008111086987307424,-0.0008111086987307424,-0.0008111086987307424
2015-07-23,-0.008539069321798654,-0.008539069321798654,-0.008539069321798654
2015-07-24,-0.007243773907879395,-0.007243773907879395,-0.007243773907879395
2015-07-27,-0.011551143768809377,-0.011551143768809377,-0.011551143768809377
2015-07-28,0.006509696817040693,0.006509696817040693,0.006509696817040693
2015-07-29,0.00743476957192009,0.00743476957192009,0.00743476957192009
2015-07-30,-0.004110139835873978,-0.004110139835873978,-0.004110139835873978
2015-07-31,-0.00637544153931105,-0.00637544153931105,-0.00637544153931105
2015-08-03,0.0019545477135819406,0.0019545477135819406,0.0019545477135819406
2015-08-04,0.009278536014365768,0.009278536014365768,0.009278536014365768
2015-08-05,-0.00011207344226761134,-0.00011207344226761134,-0.00011207344226761134
2015-08-06,-0.0018509592494313145,-0.0018509592494313145,-0.0018509592494313145
2015-08-07,0.000473740234550829,0.000473740234550829,0.000473740234550829
2015-08-10,-0.0008607733196729263,-0.0008607733196729263,-0.0008607733196729263
2015-08-11,-0.00288547738093692,-0.00288547738093692,-0.00288547738093692
2015-08-12,-0.01579276576888696,-0.01579276576888696,-0.01579276576888696
2015-08-13,-0.007159436287258745,-0.007159436287258745,-0.007159436287258745
2015-08-14,-0.0002378503737414291,-0.0002378503737414291,-0.0002378503737414291
2015-08-17,0.003842795943586101,0.003842795943586101,0.003842795943586101
2015-08-18,0.0015718646730422333,0.0015718646730422333,0.0015718646730422333
2015-08-19,-0.0075576653869771585,-0.0075576653869771585,-0.0075576653869771585
2015-08-20,-0.005052739976525246,-0.005052739976525246,-0.005052739976525246
2015-08-21,-0.016768819458080595,-0.016768819458080595,-0.016768819458080595
2015-08-24,-0.029101775774307725,-0.029101775774307725,-0.029101775774307725
2015-08-25,0.009616526906179187,0.009616526906179187,0.009616526906179187
2015-08-26,0.015034688099878356,0.015034688099878356,0.015034688099878356
2015-08-27,0.014529248973029301,0.014529248973029301,0.014529248973029301
2015-08-28,0.009756472083968053,0.009756472083968053,0.009756472083968053
2015-08-31,-0.005150577238630143,-0.005150577238630143,-0.005150577238630143
2015-09-01,-0.01117354858142133,-0.001587721855120307,-0.001587721855120307
2015-09-02,0.0032960087291267,0.0,0.0
2015-09-03,0.00449805149930246,0.0,0.0
2015-09-04,-0.007659205836328011,0.0,0.0
2015-09-07,-0.0025357336934407593,0.0,0.0
2015-09-08,0.0002766804709683655,0.0,0.0
2015-09-09,0.0011129445205524473,0.0,0.0
2015-09-10,-0.0036840058829654843,0.0,0.0
2015-09-11,-0.005778310217518027,0.0,0.0
2015-09-14,0.0014507962194498414,0.0,0.0
2015-09-15,0.0018764803967234013,0.0,0.0
2015-09-16,0.0001870126768163383,0.0,0.0
2015-09-17,-0.0068954082108271635,0.0,0.0
2015-09-18,0.008084030942185159,0.0,0.0
2015-09-21,0.00471971553495887,0.0,0.0
2015-09-22,-0.001668380405594673,0.0,0.0
2015-09-23,-0.005431731144661268,0.0,0.0
2015-09-24,0.0008923758084253392,0.0,0.0
2015-09-25,0.0019411870967176842,0.0,0.0
2015-09-28,-0.006002195920078314,0.0,0.0
2015-09-29,0.0004723245634169052,0.0,0.0
2015-09-30,0.0061186839043704064,0.0,0.0
2015-10-01,0.0004497229100112783,-0.00019353439148836894,-0.00019353439148836894
2015-10-02,0.0011367445834245483,0.0011367445834245483,0.0011367445834245483
2015-10-05,0.004458408807678145,0.004458408807678145,0.004458408807678145
2015-10-06,-0.0014149004587604094,-0.0014149004587604094,-0.0014149004587604094
2015-10-07,0.011943334874480346,0.011943334874480346,0.011943334874480346
2015-10-08,0.00038066453118386183,0.00038066453118386183,0.00038066453118386183
2015-10-09,0.005663989263555922,0.005663989263555922,0.005663989263555922
2015-10-12,-0.0012431880371317804,-0.0012431880371317804,-0.0012431880371317804
2015-10-13,-0.008724163954225159,-0.008724163954225159,-0.008724163954225159
2015-10-14,-0.0022274204962001126,-0.0022274204962001126,-0.0022274204962001126
2015-10-15,0.006027501233086589,0.006027501233086589,0.006027501233086589
2015-10-16,-0.000921718983493197,-0.000921718983493197,-0.000921718983493197
2015-10-19,0.003329344095338191,0.003329344095338191,0.003329344095338191
2015-10-20,-0.0031779240987055268,-0.0031779240987055268,-0.0031779240987055268
2015-10-21,0.0005277751593943697,0.0005277751593943697,0.0005277751593943697
2015-10-22,0.013446629160899374,0.013446629160899374,0.013446629160899374
2015-10-23,0.004651809595533121,0.004651809595533121,0.004651809595533121
2015-10-26,-0.001963100677587584,-0.001963100677587584,-0.001963100677587584
2015-10-27,-0.0008856050343204959,-0.0008856050343204959,-0.0008856050343204959
2015-10-28,0.008695047710268073,0.008695047710268073,0.008695047710268073
2015-10-29,-0.0077046167364367615,-0.0077046167364367615,-0.0077046167364367615
2015-10-30,-0.0012320624763324567,-0.0012320624763324567,-0.0012320624763324567
2015-11-02,0.004336403063187473,0.004336403063187473,0.004336403063187473
2015-11-03,0.002340074729785938,0.002340074729785938,0.0023175506206638084
2015-11-04,0.0014016293862973012,0.0014016293862973012,0.001391347408977772
2015-11-05,0.0006829919750658778,0.0006829919750658778,0.0006779817290866626
2015-11-06,0.0031294544580944997,0.0031294544580944997,0.0031064976193786523
2015-11-09,-0.007093402276943307,-0.007093402276943307,-0.0070413669799933186
2015-11-10,0.003986499604313116,0.003986499604313116,0.003957255712228254
2015-11-11,0.0017399648803726308,0.0017399648803726308,0.0017272009645959892
2015-11-12,-0.004955932037758923,-0.004955932037758923,-0.004919576649303515
2015-11-13,-2.2957361271325888e-05,-2.2957361271325888e-05,-2.2788952225242707e-05
2015-11-16,0.004817211596703606,0.004817211596703606,0.004781873824204761
2015-11-17,0.004126625096259849,0.004126625096259849,0.004096353281141859
2015-11-18,0.0005418863074414434,0.0005418863074414434,0.0005379111748012854
2015-11-19,-0.0011178712385004229,-0.0011178712385004229,-0.0011096708348610727
2015-11-20,0.007297682049752607,0.007297682049752607,0.0072441482111685745
2015-11-23,-0.0056094351508204415,-0.0056094351508204415,-0.005568285838769803
2015-11-24,-0.0011438092037938537,-0.0011438092037938537,-0.0011354185261965876
2015-11-25,0.000626216898728128,0.000626216898728128,0.0006216231394842265
2015-11-26,-0.003338211990167047,-0.003338211990167047,-0.0033137237621759497
2015-11-27,-0.002806719438907728,-0.002806719438907728,-0.0027861300977486065
2015-11-30,-0.0002505504434250309,-0.0002505504434250309,-0.00024871247255920975
2015-12-01,0.0011612993726534673,0.0011612993726534673,0.0011566271143512558
2015-12-02,0.0013761864934128132,0.0013761864934128132,0.0013761864934128132
2015-12-03,-0.019260880332210014,-0.019260880332210014,-0.019260880332210014
2015-12-04,0.000875339859813501,0.000875339859813501,0.000875339859813501
2015-12-07,0.003333293719659052,0.003333293719659052,0.003333293719659052
2015-12-08,-0.00719189779521882,-0.00719189779521882,-0.00719189779521882
2015-12-09,-0.015578343077053382,-0.015578343077053382,-0.015578343077053382
2015-12-10,-0.0021403437429711875,-0.0021403437429711875,-0.0021403437429711875
2015-12-11,-0.01742375681940032,-0.01742375681940032,-0.01742375681940032
2015-12-14,0.007633892305200722,0.007633892305200722,0.007633892305200722
2015-12-15,0.01168769224690935,0.01168769224690935,0.01168769224690935
2015-12-16,0.005743340935030321,0.005743340935030321,0.005743340935030321
2015-12-17,0.007424663385623344,0.007424663385623344,0.007424663385623344
2015-12-18,-0.0034126910986711613,-0.0034126910986711613,-0.0034126910986711613
2015-12-21,-0.0012099536415611522,-0.0012099536415611522,-0.0012099536415611522
2015-12-22,-0.002533618034375949,-0.002533618034375949,-0.002533618034375949
2015-12-23,0.005070730243910545,0.005070730243910545,0.005070730243910545
2015-12-24,-0.004769744782626984,-0.004769744782626984,-0.004769744782626984
2015-12-25,-0.0002904161033337692,-0.0002904161033337692,-0.0002904161033337692
2015-12-28,0.00012070393931347574,0.00012070393931347574,0.00012070393931347574
2015-12-29,0.0010098299791716906,0.0010098299791716906,0.0010098299791716906
2015-12-30,-0.007402198893445748,-0.007402198893445748,-0.007402198893445748
2015-12-31,0.006861222853348885,0.006861222853348885,0.006861222853348885
2016-01-01,-0.0009810118226629934,-0.003979527928569263,-0.0033448896041859758
2016-01-04,-0.002043258250493575,0.0,-0.000430011392608653
2016-01-05,0.0068240180629155186,0.0,0.0014361402968577572
2016-01-06,-0.006814787050940469,0.0,-0.0014341975956286696
2016-01-07,-0.013366740863965013,0.0,-0.0028130809466518085
2016-01-08,-0.0021645729143451257,0.0,-0.0004555425204208395
2016-01-11,0.0007272608583802488,0.0,0.00015305478611248068
2016-01-12,0.0020032631268233456,0.0,0.00042159426823250713
2016-01-13,0.0031888861343250144,0.0,0.000671113094568579
2016-01-14,0.003206798376155325,0.0,0.000674882793309467
2016-01-15,-0.007923597142986667,0.0,-0.0016675508546717382
2016-01-18,0.0010251546666463426,0.0,0.00021574765976712217
2016-01-19,0.0006560780231414562,0.0,0.000138074090400878
2016-01-20,-0.003502579176258823,0.0,-0.0007371309764398582
2016-01-21,0.005003948867804663,0.0,0.0010530998813622272
2016-01-22,0.011645877783410861,0.0,0.002450918831520668
2016-01-25,-0.007953005924686802,0.0,-0.0016737400435179075
2016-01-26,0.0031074170494856702,0.0,0.000653967618896154
2016-01-27,-0.0014304919259450033,0.0,-0.0003010524122647996
2016-01-28,0.0032955317216261442,0.0,0.0006935570599850155
2016-01-29,0.018584294323705695,0.0,0.003911134718704957
2016-02-01,-0.00039292291795453495,0.0,-8.26921076161912e-05
2016-02-02,-0.006463759262597678,-0.007161733724752803,-0.006996638971705891
2016-02-03,-0.007660739641345467,-0.007660739641345467,-0.007660739641345467
2016-02-04,-0.003964231295373221,-0.003964231295373221,-0.003964231295373221
2016-02-05,-0.0002935387840632697,-0.0002935387840632697,-0.0002935387840632697
2016-02-08,-0.005620357085921993,-0.005620357085921993,-0.005620357085921993
2016-02-09,-0.00691948894825521,-0.00691948894825521,-0.00691948894825521
2016-02-10,0.0036934878299563004,0.0036934878299563004,0.0036934878299563004
2016-02-11,-0.00255613142136612,-0.00255613142136612,-0.00255613142136612
2016-02-12,0.0037876946187334623,0.0037876946187334623,0.0037876946187334623
2016-02-15,0.012987538375238188,0.012987538375238188,0.012987538375238188
2016-02-16,-0.005618069719160575,-0.005618069719160575,-0.005618069719160575
2016-02-17,0.0047236128868868655,0.0047236128868868655,0.0047236128868868655
2016-02-18,-0.0032720410423820283,-0.0032720410423820283,-0.0032720410423820283
2016-02-19,-0.00017863891542543511,-0.00017863891542543511,-0.00017863891542543511
2016-02-22,0.011140745396291967,0.011140745396291967,0.011140745396291967
2016-02-23,-0.0039577786882723474,-0.0039577786882723474,-0.0039577786882723474
2016-02-24,-0.000959578880531199,-0.000959578880531199,-0.000959578880531199
2016-02-25,0.0022165262126029955,0.0022165262126029955,0.0022165262126029955
2016-02-26,-0.003109223498006559,-0.003109223498006559,-0.003109223498006559
2016-02-29,0.0020569803016381115,0.0020569803016381115,0.0020569803016381115
2016-03-01,0.011688124641077437,-0.001451005298966035,-0.001451005298966035
2016-03-02,0.004753305149644054,0.0,0.0
2016-03-03,0.0026878276417874824,0.0,0.0
2016-03-04,0.008006124067338279,0.0,0.0
2016-03-07,-8.75849393174033e-05,0.0,0.0
2016-03-08,-0.002457392522795544,0.0,0.0
2016-03-09,0.005885776785064323,0.0,0.0
2016-03-10,-0.005185588892741509,0.0,0.0
2016-03-11,0.004776745025002714,0.0,0.0
2016-03-14,-0.0011883979398952843,0.0,0.0
2016-03-15,-0.013213438556576048,0.0,0.0
2016-03-16,-0.005099656807948152,0.0,0.0
2016-03-17,0.00728959451417289,0.0,0.0
2016-03-18,0.001834462042790802,0.0,0.0
2016-03-21,0.0023128799316891662,0.0,0.0
2016-03-22,-0.000594931210251065,0.0,0.0
2016-03-23,-0.002022987979217198,0.0,0.0
2016-03-24,-0.00047039834044318365,0.0,0.0
2016-03-25,0.0013627592304041643,0.0,0.0
2016-03-28,-0.001675126120484184,0.0,0.0
2016-03-29,-0.004557988870816245,0.0,0.0
2016-03-30,0.0012423189034162876,0.0,0.0
2016-03-31,0.00020334129731453291,0.0,0.0
2016-04-01,0.004810413621854623,0.002896086658181752,0.002896086658181752
2016-04-04,-0.003150573163347779,-0.003150573163347779,-0.003150573163347779
2016-04-05,-0.007679321434456677,-0.007679321434456677,-0.007679321434456677
2016-04-06,-0.0029369267033022986,-0.0029369267033022986,-0.0029369267033022986
2016-04-07,-0.003373367544777854,-0.003373367544777854,-0.003373367544777854
2016-04-08,0.0036727026077787057,0.0036727026077787057,0.0036727026077787057
2016-04-11,0.004594148454847289,0.004594148454847289,0.004594148454847289
2016-04-12,0.002420417726550759,0.002420417726550759,0.002420417726550759
2016-04-13,0.006741726560451678,0.006741726560451678,0.006741726560451678
2016-04-14,0.000868807995717973,0.000868807995717973,0.000868807995717973
2016-04-15,-0.0038245196847161746,-0.0038245196847161746,-0.0038245196847161746
2016-04-18,-0.0027521520118606885,-0.0027521520118606885,-0.0027521520118606885
2016-04-19,0.0032278001046135976,0.0032278001046135976,0.0032278001046135976
2016-04-20,0.01001237986326754,0.01001237986326754,0.01001237986326754
2016-04-21,-0.0033050430026231262,-0.0033050430026231262,-0.0033050430026231262
2016-04-22,0.003243401959850685,0.003243401959850685,0.003243401959850685
2016-04-25,-0.004665550631082768,-0.004665550631082768,-0.004665550631082768
2016-04-26,0.0026201599424483077,0.0026201599424483077,0.0026201599424483077
2016-04-27,-0.0009729199647479068,-0.0009729199647479068,-0.0009729199647479068
2016-04-28,-0.004817501851019304,-0.004817501851019304,-0.004817501851019304
2016-04-29,-0.004242437035395819,-0.004242437035395819,-0.004242437035395819
2016-05-02,-0.006929583770636773,-0.006929583770636773,-0.006929583770636773
2016-05-03,-0.009154247337781966,-0.0013267116627223691,-0.0013267116627223691
2016-05-04,-0.017073644386505795,0.0,0.0
2016-05-05,0.012465146741082364,0.0,0.0
2016-05-06,0.004106343630989688,0.0,0.0
2016-05-09,-0.00300966936420626,0.0,0.0
2016-05-10,0.0021365012196472746,0.0,0.0
2016-05-11,-0.0010139786771643413,0.0,0.0
2016-05-12,0.002344059898394347,0.0,0.0
2016-05-13,-0.0046058551004560504,0.0,0.0
2016-05-16,0.0005534389452980302,0.0,0.0
2016-05-17,0.004883671960925161,0.0,0.0
2016-05-18,0.0019689440516585995,0.0,0.0
2016-05-19,-0.0010179690360401518,0.0,0.0
2016-05-20,0.005036792194976601,0.0,0.0
2016-05-23,-0.008222578316309303,0.0,0.0
2016-05-24,0.007186351690914567,0.0,0.0
2016-05-25,0.002017437938939834,0.0,0.0
2016-05-26,0.00013437738703394437,0.0,0.0
2016-05-27,0.003518801260176177,0.0,0.0
2016-05-30,0.00019561669891493018,0.0,0.0
2016-05-31,-0.0007646699793256281,0.0,0.0
2016-06-01,-0.006165450269697947,-0.0072186867316083835,-0.0072186867316083835
2016-06-02,0.005924584409664648,0.005924584409664648,0.005924584409664648
2016-06-03,-0.0011768262345175093,-0.0011768262345175093,-0.0011768262345175093
2016-06-06,0.01235563287657476,0.01235563287657476,0.01235563287657476
2016-06-07,0.014154138134256153,0.014154138134256153,0.014154138134256153
2016-06-08,0.004411982366830354,0.004411982366830354,0.004411982366830354
2016-06-09,0.003476005706706912,0.003476005706706912,0.003476005706706912
2016-06-10,-0.006164222425855519,-0.006164222425855519,-0.006164222425855519
2016-06-13,-0.006965190228493156,-0.006965190228493156,-0.006965190228493156
2016-06-14,-0.001464746047788052,-0.001464746047788052,-0.001464746047788052
2016-06-15,0.001146563189565228,0.001146563189565228,0.001146563189565228
2016-06-16,-0.00262299703533029,-0.00262299703533029,-0.00262299703533029
2016-06-17,0.004203813891379759,0.004203813891379759,0.004203813891379759
2016-06-20,0.00876382364233151,0.00876382364233151,0.00876382364233151
2016-06-21,0.005961441596081932,0.005961441596081932,0.005961441596081932
2016-06-22,0.004500633582937053,0.004500633582937053,0.004500633582937053
2016-06-23,0.006159518771541172,0.006159518771541172,0.006159518771541172
2016-06-24,-0.006234520126122365,-0.006234520126122365,-0.006234520126122365
2016-06-27,-0.005092852862046283,-0.005092852862046283,-0.005092852862046283
2016-06-28,0.024979565089662734,0.024979565089662734,0.024979565089662734
2016-06-29,0.01146351605708155,0.01146351605708155,0.01146351605708155
2016-06-30,0.0013440604157848165,0.0013440604157848165,0.0013440604157848165
2016-07-01,-0.006016311776931965,-0.0032159870154604194,-0.003856674328641575
2016-07-04,-0.0033173676583841765,0.0,-0.0007743855641077306
2016-07-05,-0.0017828987236846714,0.0,-0.0004161887303621917
2016-07-06,-0.005472162184617398,0.0,-0.0012773873253132176
2016-07-07,0.0017626689629544447,0.0,0.0004114664215052738
2016-07-08,0.016627018582187163,0.0,0.0038813072562684336
2016-07-11,0.004906157660884033,0.0,0.0011452627682744364
2016-07-12,0.008214979675376464,0.0,0.0019176534907042937
2016-07-13,-0.005233689147527977,0.0,-0.001221719670603844
2016-07-14,0.007086318435896488,0.0,0.0016541858679907629
2016-07-15,-0.014159614257537506,0.0,-0.003305331818334505
2016-07-18,0.007307469391239892,0.0,0.0017058099642448333
2016-07-19,-0.001133156294690996,0.0,-0.0002645169202963551
2016-07-20,-0.0033620710323586517,0.0,-0.0007848208402174652
2016-07-21,-0.002371310794074691,0.0,-0.0005535439649878031
2016-07-22,0.004695082154350261,0.0,0.0010959906217930615
2016-07-25,-0.007148424230187083,0.0,-0.0016686834562892837
2016-07-26,-0.0016122644869613263,0.0,-0.00037635694104359103
2016-07-27,0.0002641663207246308,0.0,6.166533419218535e-05
2016-07-28,-0.0018603136527729353,0.0,-0.0004342599873664802
2016-07-29,-0.005182901626569909,0.0,-0.0012098641492637994
2016-08-01,0.0014302002092431978,0.0,0.0003338569944222709
2016-08-02,-0.013276520715631575,-0.013794958042476577,-0.01366263034739891
2016-08-03,0.00824611958032262,0.00824611958032262,0.00824611958032262
2016-08-04,0.010277176047389232,0.010277176047389232,0.010277176047389232
2016-08-05,0.014887049518558902,0.014887049518558902,0.014887049518558902
2016-08-08,0.00803238675116415,0.00803238675116415,0.00803238675116415
2016-08-09,0.003016484929267143,0.003016484929267143,0.003016484929267143
2016-08-10,0.0005067719706496364,0.0005067719706496364,0.0005067719706496364
2016-08-11,0.004147033969868112,0.004147033969868112,0.004147033969868112
2016-08-12,-0.00998581179407557,-0.00998581179407557,-0.00998581179407557
2016-08-15,0.0035460327271659817,0.0035460327271659817,0.0035460327271659817
2016-08-16,-0.014479146725495823,-0.014479146725495823,-0.014479146725495823
2016-08-17,0.0006303281500587149,0.0006303281500587149,0.0006303281500587149
2016-08-18,-0.010031174434433075,-0.010031174434433075,-0.010031174434433075
2016-08-19,0.007219905067279393,0.007219905067279393,0.007219905067279393
2016-08-22,-0.0044199568414389255,-0.0044199568414389255,-0.0044199568414389255
2016-08-23,-0.009094498466291389,-0.009094498466291389,-0.009094498466291389
2016-08-24,0.0010564582062255095,0.0010564582062255095,0.0010564582062255095
2016-08-25,0.00499825017134558,0.00499825017134558,0.00499825017134558
2016-08-26,0.007541909862426335,0.007541909862426335,0.007541909862426335
2016-08-29,0.0008874828628892427,0.0008874828628892427,0.0008874828628892427
2016-08-30,0.005594554953153238,0.005594554953153238,0.005594554953153238
2016-08-31,-0.0017689002183195312,-0.0017689002183195312,-0.0017689002183195312
2016-09-01,-0.00509115917467381,-0.0009130138035505981,-0.0009130138035505981
2016-09-02,0.006552992597642744,0.0,0.0
2016-09-05,-0.0014367015088904299,0.0,0.0
2016-09-06,-0.0017180321858625142,0.0,0.0
2016-09-07,0.00024839726185145217,0.0,0.0
2016-09-08,0.0009917949718883632,0.0,0.0
2016-09-09,-0.010154224188635824,0.0,0.0
2016-09-12,-0.0028395671932407835,0.0,0.0
2016-09-13,-0.002877365605394982,0.0,0.0
2016-09-14,-0.0027562293987691408,0.0,0.0
2016-09-15,0.0037364904086665193,0.0,0.0
2016-09-16,0.011880532054917263,0.0,0.0
2016-09-19,0.002601072895954021,0.0,0.0
2016-09-20,0.003277486393815818,0.0,0.0
2016-09-21,0.0033279924973517805,0.0,0.0
2016-09-22,0.000444450681580198,0.0,0.0
2016-09-23,-0.004206282782435551,0.0,0.0
2016-09-26,-0.0025519711798007946,0.0,0.0
2016-09-27,0.009732990631836424,0.0,0.0
2016-09-28,-0.0021178090389837403,0.0,0.0
2016-09-29,-0.008908909956279805,0.0,0.0
2016-09-30,0.0065318395719267015,0.0,0.0
2016-10-03,0.0012065817148417947,0.0006565503428023571,0.0006116430447938572
2016-10-04,-0.006339596878352136,-0.006339596878352136,-0.005905975649773151
2016-10-05,0.006611030523997946,0.006611030523997946,0.006158843542239209
2016-10-06,0.0051175126500552105,0.0051175126500552105,0.004767480595152338
2016-10-07,-0.004273146947535511,-0.004273146947535511,-0.003980868548002556
2016-10-10,0.006235069118510966,0.006235069118510966,0.005808597470025584
2016-10-11,0.002476618034513731,0.002476618034513731,0.002307220172874638
2016-10-12,0.007740034016855277,0.007740034016855277,0.007210624478041776
2016-10-13,-0.006220712020455527,-0.006220712020455527,-0.005795222381176265
2016-10-14,0.00553943136224753,0.00553943136224753,0.005160540546472018
2016-10-17,-0.0011406894051267942,-0.0011406894051267942,-0.001062667544940839
2016-10-18,0.0073454473294683525,0.0073454473294683525,0.006843027072063246
2016-10-19,0.004705331812055053,0.004705331812055053,0.004383492458486338
2016-10-20,0.004314247872257932,0.004314247872257932,0.004019158216139447
2016-10-21,0.00013384739983965383,0.00013384739983965383,0.0001246923896593125
2016-10-24,0.0038596970752520793,0.0038596970752520793,0.003595698177557411
2016-10-25,0.004270113455365159,0.004270113455365159,0.003978042543252465
2016-10-26,-0.007370160822192972,-0.007370160822192972,-0.006866050189944898
2016-10-27,0.003659593498207325,0.003659593498207325,0.0034092814579873795
2016-10-28,-0.007808588425603242,-0.007808588425603242,-0.007274489843067213
2016-10-31,0.003291090937616946,0.003291090937616946,0.003065984054148108
2016-11-01,-0.01926305687421637,-0.0014882310655260841,-0.00857073901153721
2016-11-02,-0.00423867841407296,0.0,-0.0017497382255904684
2016-11-03,0.0004518975417070792,0.0,0.00018654456071732283
2016-11-04,-0.008022597129332162,0.0,-0.003311750384058085
2016-11-07,0.011177363575382987,0.0,0.004614046737831505
2016-11-08,0.008582736159747372,0.0,0.0035429773320399434
2016-11-09,-0.0033228823776504752,0.0,-0.001371695077411904
2016-11-10,-0.023797209945315048,0.0,-0.009823554380882706
2016-11-11,-0.004257884233328268,0.0,-0.0017576664411383188
2016-11-14,0.0012789212861660168,0.0,0.0005279422601385132
2016-11-15,0.005728919194900177,0.0,0.002364913760231131
2016-11-16,-0.004200201705151195,0.0,-0.0017338549332482594
2016-11-17,0.0017658336661766699,0.0,0.0007289410433887881
2016-11-18,0.006878827570708898,0.0,0.0028395991325393813
2016-11-21,0.0004450145336913347,0.0,0.00018370323588545831
2016-11-22,-0.0006147483340247352,0.0,-0.00025376982023213746
2016-11-23,0.0024068594762388564,0.0,0.0009935582787355308
2016-11-24,-0.006628971673069679,0.0,-0.0027364579238227534
2016-11-25,-0.00011729171024475667,0.0,-4.8418343858959125e-05
2016-11-28,0.0010942820828413755,0.0,0.0004517226840255763
2016-11-29,-0.0022064600937246586,0.0,-0.000910832856866859
2016-11-30,0.011602578911523522,0.0,0.004789576809960159
2016-12-01,-0.013104881626553164,0.0,-0.0010167925316910407
2016-12-02,-0.001666394320369682,0.0,0.0
2016-12-05,0.0030969710768712685,0.0,0.0
2016-12-06,0.01642919438321556,0.0,0.0
2016-12-07,0.007010556965643756,0.0,0.0
2016-12-08,0.00589003322166354,0.0,0.0
2016-12-09,0.00021580885878494816,0.0,0.0
2016-12-12,-0.000574872282471766,0.0,0.0
2016-12-13,0.0001615776185285458,0.0,0.0
2016-12-14,0.005584687139823208,0.0,0.0
2016-12-15,0.010916560908083307,0.0,0.0
2016-12-16,-0.006540752310527328,0.0,0.0
2016-12-19,0.001478887916929299,0.0,0.0
2016-12-20,0.003535953183223626,0.0,0.0
2016-12-21,-0.0037611018734112697,0.0,0.0
2016-12-22,0.0026220747555384784,0.0,0.0
2016-12-23,0.00010381098880414742,0.0,0.0
2016-12-26,0.000217359543188622,0.0,0.0
2016-12-27,0.0021362094121436573,0.0,0.0
2016-12-28,-0.0006284728323132716,0.0,0.0
2016-12-29,-0.0021637564683340865,0.0,0.0
2016-12-30,-0.0038905503769145794,0.0,0.0
2017-01-02,0.004628597220875105,0.0,0.0
2017-01-03,0.0008683784234579883,0.0,0.0
2017-01-04,0.006344118446966741,0.0,0.0
2017-01-05,-0.005740365352506924,0.0,0.0
2017-01-06,0.0017856198126140169,0.0,0.0
2017-01-09,-0.005667670101149311,0.0,0.0
2017-01-10,-0.005906155240938612,0.0,0.0
2017-01-11,-0.007252116756732207,0.0,0.0
2017-01-12,0.011486118669022286,0.0,0.0
2017-01-13,-0.0027251223305851317,0.0,0.0
2017-01-16,-0.003429209113971021,0.0,0.0
2017-01-17,-0.006482017117333168,0.0,0.0
2017-01-18,0.0044934508971535385,0.0,0.0
2017-01-19,-0.003138839270539624,0.0,0.0
2017-01-20,0.00224799453636564,0.0,0.0
2017-01-23,-0.006626314638000321,0.0,0.0
2017-01-24,0.004318758346411356,0.0,0.0
2017-01-25,-0.006539921776532768,0.0,0.0
2017-01-26,0.0007544079015489105,0.0,0.0
2017-01-27,0.0005045628550220185,0.0,0.0
2017-01-30,0.004274236630893529,0.0,0.0
2017-01-31,-0.007105375541458262,0.0,0.0
2017-02-01,0.00400237018671602,0.002659998502701166,0.002659998502701166
2017-02-02,0.006594546229680853,0.006594546229680853,0.006594546229680853
2017-02-03,0.006286017413026328,0.006286017413026328,0.006286017413026328
2017-02-06,0.0018080405673561012,0.0018080405673561012,0.0018080405673561012
2017-02-07,-0.0001151364311472176,-0.0001151364311472176,-0.0001151364311472176
2017-02-08,-0.003418113438567267,-0.003418113438567267,-0.003418113438567267
2017-02-09,0.009930236011348372,0.009930236011348372,0.009930236011348372
2017-02-10,0.002964180998925081,0.002964180998925081,0.002964180998925081
2017-02-13,0.004904912663780365,0.004904912663780365,0.004904912663780365
2017-02-14,0.009168099024664707,0.009168099024664707,0.009168099024664707
2017-02-15,0.004288585908583055,0.004288585908583055,0.004288585908583055
2017-02-16,-0.01529039713016877,-0.01529039713016877,-0.01529039713016877
2017-02-17,0.006816403157448629,0.006816403157448629,0.006816403157448629
2017-02-20,0.0025257214513938384,0.0025257214513938384,0.0025257214513938384
2017-02-21,0.005300625693179481,0.005300625693179481,0.005300625693179481
2017-02-22,0.006714650446475441,0.006714650446475441,0.006714650446475441
2017-02-23,0.0024398593014088757,0.0024398593014088757,0.0024398593014088757
2017-02-24,-0.006657782029146221,-0.006657782029146221,-0.006657782029146221
2017-02-27,-0.001084721005168128,-0.001084721005168128,-0.001084721005168128
2017-02-28,-0.005383857242527086,-0.005383857242527086,-0.005383857242527086
2017-03-01,0.00767693547995468,-0.0018017486066516774,-0.0018017486066516774
2017-03-02,-0.00573795250220039,0.0,0.0
2017-03-03,0.001163757738142038,0.0,0.0
2017-03-06,0.0034330074669228637,0.0,0.0
2017-03-07,0.010861411429292322,0.0,0.0
2017-03-08,-0.015032405071470214,0.0,0.0
2017-03-09,-0.01231424787900709,0.0,0.0
2017-03-10,0.010877399464749337,0.0,0.0
2017-03-13,-0.0036394853989128026,0.0,0.0
2017-03-14,-0.0003802364118261404,0.0,0.0
2017-03-15,0.010557120890667127,0.0,0.0
2017-03-16,0.0031427313766263926,0.0,0.0
2017-03-17,0.008119589424523064,0.0,0.0
2017-03-20,0.006195252943362178,0.0,0.0
2017-03-21,-0.012797921422766787,0.0,0.0
2017-03-22,0.00361569590382433,0.0,0.0
2017-03-23,-0.0002519072224549967,0.0,0.0
2017-03-24,0.0113864921822587,0.0,0.0
2017-03-27,-0.01981369291581723,0.0,0.0
2017-03-28,-0.0022182843361719918,0.0,0.0
2017-03-29,0.01623011834146304,0.0,0.0
2017-03-30,0.0018648778814690861,0.0,0.0
2017-03-31,0.00491314990165913,0.0,0.0
2017-04-03,-0.005923293200550997,0.0,-0.0005047838057590777
2017-04-04,0.0023699512498320773,0.0,0.00016721971261460272
2017-04-05,-0.003931861081802155,0.0,-0.00027742540281623244
2017-04-06,0.0022246471470016957,0.0,0.00015696730327971006
2017-04-07,0.004072075725715111,0.0,0.00028731870862205644
2017-04-10,-0.001304324221859278,0.0,-9.203088947548094e-05
2017-04-11,-0.0014185473694239281,0.0,-0.00010009027968911911
2017-04-12,0.005181544001016289,0.0,0.0003656008952974267
2017-04-13,0.0030622044554571605,0.0,0.00021606391652359287
2017-04-14,-0.0021678063912033965,0.0,-0.00015295671662732133
2017-04-17,0.0014196093191511062,0.0,0.00010016520904819451
2017-04-18,-0.005745173454655054,0.0,-0.00040536962693917585
2017-04-19,-0.00771656256328099,0.0,-0.0005444674755634227
2017-04-20,0.008187888928687615,0.0,0.0005777234589413784
2017-04-21,-0.0037589173088564388,0.0,-0.00026522278556302236
2017-04-24,-0.002889701763916964,0.0,-0.00020389242122104562
2017-04-25,-0.009847160774679982,0.0,-0.0006947988465705562
2017-04-26,-0.011242844571880059,0.0,-0.0007932759116516168
2017-04-27,0.003345430243688985,0.0,0.00023604784442781698
2017-04-28,0.004412114490976635,0.0,0.00031131126315619935
2017-05-01,0.0006260163082578967,0.0,4.4170641554908494e-05
2017-05-02,-0.00108053723511748,-0.0027339478796694306,-0.0026045693577347873
2017-05-03,0.0030824333864188456,0.0030824333864188456,0.0030824333864188456
2017-05-04,-0.020559638668432093,-0.020559638668432093,-0.020559638668432093
2017-05-05,0.008415133889033788,0.008415133889033788,0.008415133889033788
2017-05-08,-0.002067403464763887,-0.002067403464763887,-0.002067403464763887
2017-05-09,0.0049876000637093226,0.0049876000637093226,0.0049876000637093226
2017-05-10,0.013098653292893642,0.013098653292893642,0.013098653292893642
2017-05-11,0.0065723734037032265,0.0065723734037032265,0.0065723734037032265
2017-05-12,-0.004474532843884819,-0.004474532843884819,-0.004474532843884819
2017-05-15,0.0083904514395086,0.0083904514395086,0.0083904514395086
2017-05-16,-0.005369636929496789,-0.005369636929496789,-0.005369636929496789
2017-05-17,-0.022128384934287794,-0.022128384934287794,-0.022128384934287794
2017-05-18,-0.020179409604803147,-0.020179409604803147,-0.020179409604803147
2017-05-19,0.010815383125516366,0.010815383125516366,0.010815383125516366
2017-05-22,-0.0028733563676508946,-0.0028733563676508946,-0.0028733563676508946
2017-05-23,0.005720114584624228,0.005720114584624228,0.005720114584624228
2017-05-24,0.0011401107668995302,0.0011401107668995302,0.0011401107668995302
2017-05-25,-0.0006416943705961002,-0.0006416943705961002,-0.0006416943705961002
2017-05-26,0.002907407700395045,0.002907407700395045,0.002907407700395045
2017-05-29,0.002318861357823284,0.002318861357823284,0.002318861357823284
2017-05-30,-0.005215883529493726,-0.005215883529493726,-0.005215883529493726
2017-05-31,-0.00018554260566884659,-0.00018554260566884659,-0.00018554260566884659
2017-06-01,0.003531646868385031,-0.0016247483546486638,-9.453198387628786e-06
2017-06-02,-0.007552315998751894,0.0,-0.002365842594229891
2017-06-05,0.003999985755015235,0.0,0.00125303770089755
2017-06-06,0.0003565670955794219,0.0,0.00011169840120064489
2017-06-07,0.0006548067100945969,0.0,0.00020512510413830135
2017-06-08,0.003248801987716537,0.0,0.0010177214676966302
2017-06-09,-0.00015260261243463323,0.0,-4.780437690216825e-05
2017-06-12,0.0013633868089592688,0.0,0.00042709528912456403
2017-06-13,0.00014928081621736584,0.0,4.676378922264577e-05
2017-06-14,0.005509255813006583,0.0,0.0017258324555108166
2017-06-15,0.0020993149768392073,0.0,0.0006576325450009943
2017-06-16,-0.0009405632354638293,0.0,-0.0002946413478189671
2017-06-19,0.0005543732374993205,0.0,0.00017366326019644383
2017-06-20,-0.003161856318915028,0.0,-0.0009904848204657134
2017-06-21,-0.0029630761827589476,0.0,-0.00092821484750873
2017-06-22,0.003573988540452935,0.0,0.0011195895830749722
2017-06-23,-0.0007114451218122773,0.0,-0.00022286768362429776
2017-06-26,0.005093177178180371,0.0,0.0015954914373405547
2017-06-27,-0.011436960465465254,0.0,-0.003582748420774856
2017-06-28,0.0014521293436843047,0.0,0.00045489482354647
2017-06-29,-0.00801434096522073,0.0,-0.002510576785099322
2017-06-30,-5.7230113193712507e-05,0.0,-1.7927936210383462e-05
2017-07-03,0.0010960652749273637,0.0,-0.000371937870331337
2017-07-04,0.0015792244076579354,0.0,0.0
2017-07-05,-0.010374827921610808,0.0,0.0
2017-07-06,-0.007165344614565006,0.0,0.0
2017-07-07,0.0071381577717786,0.0,0.0
2017-07-10,0.005797894185814648,0.0,0.0
2017-07-11,-0.004188866283956545,0.0,0.0
2017-07-12,0.013470828928368336,0.0,0.0
2017-07-13,0.0019152914009517852,0.0,0.0
2017-07-14,0.0028273386643634553,0.0,0.0
2017-07-17,0.0010807678316938254,0.0,0.0
2017-07-18,-0.0002984215300014184,0.0,0.0
2017-07-19,0.0012088202542152014,0.0,0.0
2017-07-20,-0.007428907856267257,0.0,0.0
2017-07-21,-0.005520472995434729,0.0,0.0
2017-07-24,-0.004376485469023797,0.0,0.0
2017-07-25,-0.0011664717022416983,0.0,0.0
2017-07-26,0.004064019749874788,0.0,0.0
2017-07-27,0.005077718979693626,0.0,0.0
2017-07-28,-0.004568857132883402,0.0,0.0
2017-07-31,-0.00599355632243004,0.0,0.0
2017-08-01,0.0002676089844003989,-0.0008525538117935979,-0.0008525538117935979
2017-08-02,0.0026604574251361127,0.0026604574251361127,0.0026604574251361127
2017-08-03,-0.003640551143866231,-0.003640551143866231,-0.003640551143866231
2017-08-04,0.0036145011360826083,0.0036145011360826083,0.0036145011360826083
2017-08-07,0.001876328614576437,0.001876328614576437,0.001876328614576437
2017-08-08,0.0010191215412124787,0.0010191215412124787,0.0010191215412124787
2017-08-09,-0.006701399288125526,-0.006701399288125526,-0.006701399288125526
2017-08-10,-0.0038223174497850993,-0.0038223174497850993,-0.0038223174497850993
2017-08-11,0.0009051713533813667,0.0009051713533813667,0.0009051713533813667
2017-08-14,0.0090517239893068,0.0090517239893068,0.0090517239893068
2017-08-15,0.0018837990198259115,0.0018837990198259115,0.0018837990198259115
2017-08-16,0.00346799594593064,0.00346799594593064,0.00346799594593064
2017-08-17,-0.005733603272512839,-0.005733603272512839,-0.005733603272512839
2017-08-18,0.0026361229282087454,0.0026361229282087454,0.0026361229282087454
2017-08-21,-0.00238187978499392,-0.00238187978499392,-0.00238187978499392
2017-08-22,0.004841375286318065,0.004841375286318065,0.004841375286318065
2017-08-23,-0.0013715753253667373,-0.0013715753253667373,-0.0013715753253667373
2017-08-24,0.003205472720700344,0.003205472720700344,0.003205472720700344
2017-08-25,0.0011222233697284522,0.0011222233697284522,0.0011222233697284522
2017-08-28,-0.009020137996375067,-0.009020137996375067,-0.009020137996375067
2017-08-29,0.003988825614047575,0.003988825614047575,0.003988825614047575
2017-08-30,0.00844589016943424,0.00844589016943424,0.00844589016943424
2017-08-31,-0.005119494511469354,-0.005119494511469354,-0.005119494511469354
2017-09-01,0.013592409138582196,-0.0019474447621018493,0.0014100563908968939
2017-09-04,-0.007256694632865638,0.0,-0.0014962031287523371
2017-09-05,-0.001284024558954745,0.0,-0.000264743338351592
2017-09-06,0.00874034773357169,0.0,0.0018021063703198951
2017-09-07,-0.006528129512023903,0.0,-0.0013459857820878876
2017-09-08,-0.005862167476192821,0.0,-0.0012086760933036895
2017-09-11,0.013148076856372783,0.0,0.002710902790436516
2017-09-12,-0.003430009444578834,0.0,-0.0007072077746507456
2017-09-13,0.0028906326875676024,0.0,0.0005959977496675384
2017-09-14,0.003381961544091117,0.0,0.000697301140476818
2017-09-15,-0.0001770667299500105,0.0,-3.650805342549348e-05
2017-09-18,-0.009669878927823106,0.0,-0.0019937593957638855
2017-09-19,-0.002230197323685189,0.0,-0.0004598275636844827
2017-09-20,0.011040727910400817,0.0,0.0022764044071014737
2017-09-21,-0.004694260826173375,0.0,-0.0009678742307124693
2017-09-22,0.0039054703417108943,0.0,0.0008052394706058858
2017-09-25,-0.007953026303715548,0.0,-0.0016397745035014425
2017-09-26,0.007055929316043112,0.0,0.001454808842459185
2017-09-27,-0.006090923211102824,0.0,-0.0012558415127692222
2017-09-28,-0.0016215459105085484,0.0,-0.0003343343198886083
2017-09-29,0.0004938300624426328,0.0,0.00010181909559102565
2017-10-02,0.006529416056808938,0.0,0.0013462510450526445
2017-10-03,-0.0021217424534834706,-0.0023012480599129484,-0.0019851688166699177
2017-10-04,0.003248842083295822,0.003248842083295822,0.0029403018183857058
2017-10-05,-0.002226232000980089,-0.002226232000980089,-0.002014808301790328
2017-10-06,-0.00583054323845887,-0.00583054323845887,-0.005276820616909034
2017-10-09,-0.010155143999258355,-0.010155143999258355,-0.009190717062091569
2017-10-10,-0.006556089087529245,-0.006556089087529245,-0.00593346188313508
2017-10-11,0.004663405436356351,0.004663405436356351,0.004220525077192508
2017-10-12,0.001902158241028234,0.001902158241028234,0.001721511600612756
2017-10-13,0.003476708354723749,0.003476708354723749,0.0031465277890701964
2017-10-16,-0.0003316801015974606,-0.0003316801015974606,-0.0003001806738664339
2017-10-17,0.0030199955072814076,0.0030199955072814076,0.002733188641957039
2017-10-18,-0.002411618786172183,-0.002411618786172183,-0.0021825890333954834
2017-10-19,-0.002172007619821554,-0.002172007619821554,-0.0019657335722609868
2017-10-20,0.001966490171419567,0.001966490171419567,0.0017797339724794764
2017-10-23,-0.004066590883287757,-0.004066590883287757,-0.0036803895856433308
2017-10-24,-0.00015958668472046427,-0.00015958668472046427,-0.00014443084866646005
2017-10-25,-0.003350262452638593,-0.003350262452638593,-0.0030320903660449317
2017-10-26,0.004132892874191635,0.004132892874191635,0.0037403949227508507
2017-10-27,0.008728915574987724,0.008728915574987724,0.007899936555745096
2017-10-30,-0.005504325122196062,-0.005504325122196062,-0.00498158320744257
2017-10-31,0.004780152730831455,0.004780152730831455,0.004326184962602673
2017-11-01,0.00699054707777722,0.00699054707777722,0.006925902021478351
2017-11-02,3.2741140357060586e-05,3.2741140357060586e-05,3.2741140357060586e-05
2017-11-03,-0.006503491064844031,-0.006503491064844031,-0.006503491064844031
2017-11-06,0.007854338260939786,0.007854338260939786,0.007854338260939786
2017-11-07,-0.007464001317149748,-0.007464001317149748,-0.007464001317149748
2017-11-08,0.004695938348069045,0.004695938348069045,0.004695938348069045
2017-11-09,-0.0054583855778153455,-0.0054583855778153455,-0.0054583855778153455
2017-11-10,-0.007306564854412284,-0.007306564854412284,-0.007306564854412284
2017-11-13,-0.001981345354648915,-0.001981345354648915,-0.001981345354648915
2017-11-14,-0.01007373513740065,-0.01007373513740065,-0.01007373513740065
2017-11-15,0.001133998746458897,0.001133998746458897,0.001133998746458897
2017-11-16,0.007922293260344042,0.007922293260344042,0.007922293260344042
2017-11-17,0.0032908849591151666,0.0032908849591151666,0.0032908849591151666
2017-11-20,0.002770989286986599,0.002770989286986599,0.002770989286986599
2017-11-21,0.002266996317071752,0.002266996317071752,0.002266996317071752
2017-11-22,-0.0048249514777662,-0.0048249514777662,-0.0048249514777662
2017-11-23,-0.00044153970350348156,-0.00044153970350348156,-0.00044153970350348156
2017-11-24,-0.010704556313310047,-0.010704556313310047,-0.010704556313310047
2017-11-27,0.011404458768721211,0.011404458768721211,0.011404458768721211
2017-11-28,0.006541221699527214,0.006541221699527214,0.006541221699527214
2017-11-29,0.0014312076998229944,0.0014312076998229944,0.0014312076998229944
2017-11-30,-0.0016021829401055045,-0.0016021829401055045,-0.0016021829401055045
2017-12-01,-0.0014193381774962055,-0.003600370996737136,-0.003600370996737136
2017-12-04,0.016271550593312725,0.0,0.0
2017-12-05,0.0024107655247463684,0.0,0.0
2017-12-06,9.270247679134822e-06,0.0,0.0
2017-12-07,-0.0034853994030121208,0.0,0.0
2017-12-08,0.0022242626634497785,0.0,0.0
2017-12-11,0.0009900068282817929,0.0,0.0
2017-12-12,-0.009038192009718766,0.0,0.0
2017-12-13,0.0030110481995613623,0.0,0.0
2017-12-14,-0.0025589757193941387,0.0,0.0
2017-12-15,0.01634419912785546,0.0,0.0
2017-12-18,0.00687382656822148,0.0,0.0
2017-12-19,-0.003786806016596738,0.0,0.0
2017-12-20,0.0027957700056460704,0.0,0.0
2017-12-21,-0.007109613337646463,0.0,0.0
2017-12-22,-0.005352064195786929,0.0,0.0
2017-12-25,0.0011316786274587285,0.0,0.0
2017-12-26,0.0015030256976925652,0.0,0.0
2017-12-27,-0.0007029542051660356,0.0,0.0
2017-12-28,-0.008153983756211992,0.0,0.0
2017-12-29,-0.006328772053753882,0.0,0.0
2018-01-01,0.0003129111983592017,0.0,0.0
2018-01-02,-0.0017101220704484072,-0.0020685450001528575,-0.0020685450001528575
2018-01-03,0.010000721331274533,0.010000721331274533,0.010000721331274533
2018-01-04,0.0015307647435922648,0.0015307647435922648,0.0015307647435922648
2018-01-05,0.005351183072406118,0.005351183072406118,0.005351183072406118
2018-01-08,0.001064120839147329,0.001064120839147329,0.001064120839147329
2018-01-09,0.002570184332528895,0.002570184332528895,0.002570184332528895
2018-01-10,-0.006479579693751746,-0.006479579693751746,-0.006479579693751746
2018-01-11,-0.002337792576684483,-0.002337792576684483,-0.002337792576684483
2018-01-12,-0.0030807639115142745,-0.0030807639115142745,-0.0030807639115142745
2018-01-15,-0.003951270179413243,-0.003951270179413243,-0.003951270179413243
2018-01-16,0.002374971916308151,0.002374971916308151,0.002374971916308151
2018-01-17,0.002913573337062059,0.002913573337062059,0.002913573337062059
2018-01-18,0.003647346765526294,0.003647346765526294,0.003647346765526294
2018-01-19,0.0014861017514842226,0.0014861017514842226,0.0014861017514842226
2018-01-22,-0.0017313897384826677,-0.0017313897384826677,-0.0017313897384826677
2018-01-23,-0.0037498882857156367,-0.0037498882857156367,-0.0037498882857156367
2018-01-24,0.0023626009734982203,0.0023626009734982203,0.0023626009734982203
2018-01-25,-0.004594986545355176,-0.004594986545355176,-0.004594986545355176
2018-01-26,-0.005000933324916681,-0.005000933324916681,-0.005000933324916681
2018-01-29,-0.002432231208893107,-0.002432231208893107,-0.002432231208893107
2018-01-30,-0.0073900583526476885,-0.0073900583526476885,-0.0073900583526476885
2018-01-31,0.00308790397513402,0.00308790397513402,0.00308790397513402
2018-02-01,-0.006881040857463723,-0.0017323939690962803,-0.0019101145007072134
2018-02-02,-0.003970820442710719,0.0,-0.0001543511487095804
2018-02-05,-0.002239804603915191,0.0,-8.706422727674627e-05
2018-02-06,0.008292953439228569,0.0,0.0003223582904358607
2018-02-07,0.0032132931820256544,0.0,0.00012490504190306324
2018-02-08,-0.005978273006089702,0.0,-0.00023238353864207852
2018-02-09,0.0037556870262026097,0.0,0.00014598862251557929
2018-02-12,0.0016043356859039449,0.0,6.236269295168598e-05
2018-02-13,-0.01022122253306831,0.0,-0.00039731271205966127
2018-02-14,-0.005085600710686705,0.0,-0.00019768416197557518
2018-02-15,-0.004623358034199804,0.0,-0.00017971616540466055
2018-02-16,0.007394554198669872,0.0,0.0002874362996833939
2018-02-19,0.0004418043699931883,0.0,1.717353201868994e-05
2018-02-20,0.005840491883138151,0.0,0.00022702780047539626
2018-02-21,0.0059819250520967435,0.0,0.00023252549859832932
2018-02-22,-0.00461516395718389,0.0,-0.00017939765057421966
2018-02-23,0.012232817955446368,0.0,0.00047550614051169825
2018-02-26,-0.0013475663896061127,0.0,-5.238172392809916e-05
2018-02-27,-0.00017325184763642212,0.0,-6.734533098274109e-06
2018-02-28,0.0017393942709711893,0.0,6.761260239709742e-05
2018-03-01,-0.011440023528123096,0.0,-0.006382696468247956
2018-03-02,-0.006495919011033259,0.0,-0.003123486293609689
2018-03-05,0.006130187613808246,0.0,0.0029476286506134068
2018-03-06,0.0007858954192705313,0.0,0.0003778885737541987
2018-03-07,-0.0022490706869460675,0.0,-0.001081439200843417
2018-03-08,0.004432388659878442,0.0,0.002131261982110086
2018-03-09,0.006035158360794674,0.0,0.002901934951419235
2018-03-12,-0.00519867005401464,0.0,-0.0024997193824513233
2018-03-13,-0.005303042097452682,0.0,-0.002549905452591829
2018-03-14,0.000805391947867431,0.0,0.0003872632503383669
2018-03-15,-0.001575206898435483,0.0,-0.000757419719751101
2018-03-16,-0.0021010732556186722,0.0,-0.0010102763757750316
2018-03-19,-0.008013538929211448,0.0,-0.0038532159908684347
2018-03-20,0.010059096386584802,0.0,0.0048367982476737684
2018-03-21,0.0014696136114493363,0.0,0.0007066464290068312
2018-03-22,-0.004646995838345049,0.0,-0.002234453321058764
2018-03-23,-0.0036806616039523317,0.0,-0.0017698028642034892
2018-03-26,0.002944479653016083,0.0,0.00141581842729062
2018-03-27,-0.0001425466569972395,0.0,-6.854188430836664e-05
2018-03-28,0.015084864629723933,0.0,0.007253379826914696
2018-03-29,0.0068577081933362165,0.0,0.0032974483689034496
2018-03-30,-0.004032461114103985,0.0,-0.0019389615230769946
2018-04-02,0.0001801928989034549,0.0,8.6643637178169e-05
2018-04-03,0.0032413758029585372,0.0,-0.0007784711154896376
2018-04-04,0.00021955880188481106,0.0,0.0
2018-04-05,-3.257200913625016e-05,0.0,0.0
2018-04-06,-0.010030353983338715,0.0,0.0
2018-04-09,-0.015871496121898396,0.0,0.0
2018-04-10,-0.0008458006693375648,0.0,0.0
2018-04-11,-0.000545462678524769,0.0,0.0
2018-04-12,0.008266507493098822,0.0,0.0
2018-04-13,0.005396764148857444,0.0,0.0
2018-04-16,-0.00948980931633203,0.0,0.0
2018-04-17,0.0031930770509547776,0.0,0.0
2018-04-18,0.012082688600344177,0.0,0.0
2018-04-19,-0.0073916378631683054,0.0,0.0
2018-04-20,-0.004200927265602442,0.0,0.0
2018-04-23,-0.006056806860084042,0.0,0.0
2018-04-24,0.003132528812122474,0.0,0.0
2018-04-25,0.003065549756147712,0.0,0.0
2018-04-26,0.015431024389824325,0.0,0.0
2018-04-27,0.006285383631473442,0.0,0.0
2018-04-30,0.0007640323180562922,0.0,0.0
2018-05-01,0.002198482734287482,0.0018017303426459182,0.001623774749916796
2018-05-02,0.00037995322761730504,0.00037995322761730504,0.00034242552425927395
2018-05-03,-0.006469305837852601,-0.006469305837852601,-0.005830337215483516
2018-05-04,-0.0015317239591257428,-0.0015317239591257428,-0.0013804367000993297
2018-05-07,-0.007150101521162775,-0.007150101521162775,-0.006443891205359714
2018-05-08,-0.004284108428951098,-0.004284108428951098,-0.0038609701619503668
2018-05-09,-0.003662398522967638,-0.003662398522967638,-0.0033006660902397417
2018-05-10,0.0026814300783110367,0.0026814300783110367,0.0024165871838705793
2018-05-11,-0.0075849361076830695,-0.0075849361076830695,-0.006835777496704103
2018-05-14,-0.0018936112243978871,-0.0018936112243978871,-0.0017065806239466674
2018-05-15,-0.007660432836949015,-0.007660432836949015,-0.006903817469047201
2018-05-16,0.005246449262011679,0.005246449262011679,0.004728261292343876
2018-05-17,0.00015104132289214117,0.00015104132289214117,0.00013612308151846877
2018-05-18,-0.011985512294798831,-0.011985512294798831,-0.01080171198123421
2018-05-21,-0.007690919876245608,-0.007690919876245608,-0.006931293325693333
2018-05-22,-0.0021256479952430083,-0.0021256479952430083,-0.001915699292058359
2018-05-23,0.0060801393997472536,0.0060801393997472536,0.00547960846282094
2018-05-24,-0.005612902587117708,-0.005612902587117708,-0.005058520289623336
2018-05-25,0.006816290138054314,0.006816290138054314,0.006143050129258214
2018-05-28,0.02016495857234468,0.02016495857234468,0.018173280311640026
2018-05-29,-0.00013697406974985974,-0.00013697406974985974,-0.00012344524071595392
2018-05-30,-0.0007918679004509607,-0.0007918679004509607,-0.0007136556850863831
2018-05-31,-0.0045467256058854735,-0.0045467256058854735,-0.004097648831730794
2018-06-01,0.0011336981579123729,-0.0034687939897197553,-0.003126183735629633
2018-06-04,0.0018273499419618304,0.0,0.0
2018-06-05,-0.010116002734649663,0.0,0.0
2018-06-06,0.008523095908295012,0.0,0.0
2018-06-07,-0.01131586703387993,0.0,0.0
2018-06-08,-0.0005847840903121924,0.0,0.0
2018-06-11,-0.005866635631587582,0.0,0.0
2018-06-12,-0.002217237260879844,0.0,0.0
2018-06-13,-0.00370356901282563,0.0,0.0
2018-06-14,0.010959994817411672,0.0,0.0
2018-06-15,0.002049585562570598,0.0,0.0
2018-06-18,1.014889616958621e-05,0.0,0.0
2018-06-19,-0.005109272837021468,0.0,0.0
2018-06-20,0.0070661458865368745,0.0,0.0
2018-06-21,-0.00010420946796212008,0.0,0.0
2018-06-22,0.003639743141301273,0.0,0.0
2018-06-25,-0.006493891953244782,0.0,0.0
2018-06-26,0.0075670760178155085,0.0,0.0
2018-06-27,-0.001420464895252754,0.0,0.0
2018-06-28,0.01004954651230386,0.0,0.0
2018-06-29,-0.003669607329971894,0.0,0.0
2018-07-02,-0.001986524780190159,0.0,0.0
2018-07-03,0.0004307483852217231,-0.0011540341124366706,-0.0006471923972950324
2018-07-04,-0.00043165443900262154,-0.00043165443900262154,-0.00024207557486432624
2018-07-05,0.002916774233839263,0.002916774233839263,0.0016357524343721761
2018-07-06,-0.001725257771117537,-0.001725257771117537,-0.0009675396080657178
2018-07-09,-0.0016739452686792054,-0.0016739452686792054,-0.0009387631090815131
2018-07-10,0.005977861995169351,0.005977861995169351,0.0033524371538582506
2018-07-11,0.0009193355340167751,0.0009193355340167751,0.0005155713871599075
2018-07-12,0.01209150211924148,0.01209150211924148,0.006781019866844974
2018-07-13,0.001697806387719174,0.001697806387719174,0.0009521446327879603
2018-07-16,-0.003757973177193825,-0.003757973177193825,-0.0021075041398760843
2018-07-17,0.007195629011754905,0.007195629011754905,0.004035371519764245
2018-07-18,-0.0007855885551869379,-0.0007855885551869379,-0.000440564914710766
2018-07-19,-0.01113197221693769,-0.01113197221693769,-0.00624290712732027
2018-07-20,-0.0066200708278012655,-0.0066200708278012655,-0.0037125934694090187
2018-07-23,0.004732150778791177,0.004732150778791177,0.0026538314369415894
2018-07-24,-0.003969787797066917,-0.003969787797066917,-0.0022262916264334403
2018-07-25,0.008731286083450578,0.008731286083450578,0.004896581401641401
2018-07-26,0.002823560254625223,0.002823560254625223,0.0015834772216910126
2018-07-27,0.004053899504119149,0.004053899504119149,0.002273462205483979
2018-07-30,-0.003910342323968444,-0.003910342323968444,-0.0021929540865563
2018-07-31,0.0028724454039615525,0.0028724454039615525,0.0016108924398809698
2018-08-01,0.0020463656869887294,0.0020463656869887294,0.001986982480167214
2018-08-02,-0.003232831907037851,-0.003232831907037851,-0.003232831907037851
2018-08-03,0.006696537172622415,0.006696537172622415,0.006696537172622415
2018-08-06,-0.012871311379687767,-0.012871311379687767,-0.012871311379687767
2018-08-07,0.005395103979990533,0.005395103979990533,0.005395103979990533
2018-08-08,-0.006403897185539679,-0.006403897185539679,-0.006403897185539679
2018-08-09,-0.014716025580780799,-0.014716025580780799,-0.014716025580780799
2018-08-10,-0.03613449828208671,-0.03613449828208671,-0.03613449828208671
2018-08-13,-0.036373286018187824,-0.036373286018187824,-0.036373286018187824
2018-08-14,0.03162727624734874,0.03162727624734874,0.03162727624734874
2018-08-15,0.0022273767687543584,0.0022273767687543584,0.0022273767687543584
2018-08-16,0.003531200366379591,0.003531200366379591,0.003531200366379591
2018-08-17,-0.009380967808882774,-0.009380967808882774,-0.009380967808882774
2018-08-20,-0.010312005543529025,-0.010312005543529025,-0.010312005543529025
2018-08-21,-0.008579755376329292,-0.008579755376329292,-0.008579755376329292
2018-08-22,0.007280219357229259,0.007280219357229259,0.007280219357229259
2018-08-23,-0.005078557894464651,-0.005078557894464651,-0.005078557894464651
2018-08-24,0.0054857428629512955,0.0054857428629512955,0.0054857428629512955
2018-08-27,-0.0061096613355078625,-0.0061096613355078625,-0.0061096613355078625
2018-08-28,-0.014499070284932416,-0.014499070284932416,-0.014499070284932416
2018-08-29,-0.00898958791471359,-0.00898958791471359,-0.00898958791471359
2018-08-30,-0.020018414775087597,-0.020018414775087597,-0.020018414775087597
2018-08-31,0.012585988720894274,0.012585988720894274,0.012585988720894274
2018-09-03,-0.0081996023591689,-0.002982698856700994,-0.004475247055992391
2018-09-04,-0.006960453934108372,0.0,-0.001991375339929067
2018-09-05,-0.002938384976315436,0.0,-0.0008406674961784913
2018-09-06,-0.0010781570440928675,0.0,-0.0003084590991481624
2018-09-07,0.00652490962241209,0.0,0.0018667667712970472
2018-09-10,-0.0024654337952696144,0.0,-0.0007053568788192193
2018-09-11,0.0003404856029694659,0.0,9.741241588162732e-05
2018-09-12,0.0022140904726584837,0.0,0.000633447934482853
2018-09-13,0.0027722562272567996,0.0,0.0007931383124125461
2018-09-14,0.002933539175675491,0.0,0.0008392811199467182
2018-09-17,-0.009862839747169304,0.0,-0.0028217435299643465
2018-09-18,0.00048797873552148716,0.0,0.00013960997795925179
2018-09-19,0.0051266871459398,0.0,0.0014667374361789567
2018-09-20,-0.0014493402905837172,0.0,-0.0004146540643981373
2018-09-21,0.001472864453986578,0.0,0.00042138429195748696
2018-09-24,-0.001471031488242422,0.0,-0.00042085988323121716
2018-09-25,-0.0004796290426013273,0.0,-0.00013722114344722275
2018-09-26,0.004149574874677594,0.0,0.0011871870936648527
2018-09-27,0.009130993901840056,0.0,0.002612363540840851
2018-09-28,0.006409844924547432,0.0,0.001833846935321806
2018-10-01,0.0005131333659812559,0.0,0.00014680667967681426
2018-10-02,-0.002585221937674994,-0.0030846548399011187,-0.0029288471595334156
2018-10-03,-0.0016137107997927064,-0.0016137107997927064,-0.0016137107997927064
2018-10-04,-0.006286922562215064,-0.006286922562215064,-0.006286922562215064
2018-10-05,0.0020650236759088294,0.0020650236759088294,0.0020650236759088294
2018-10-08,-7.023488136881709e-05,-7.023488136881709e-05,-7.023488136881709e-05
2018-10-09,-0.0006756944603553466,-0.0006756944603553466,-0.0006756944603553466
2018-10-10,-0.0008061086429346848,-0.0008061086429346848,-0.0008061086429346848
2018-10-11,-0.0020008702741469426,-0.0020008702741469426,-0.0020008702741469426
2018-10-12,0.006239257517296983,0.006239257517296983,0.006239257517296983
2018-10-15,-0.0004967481316119913,-0.0004967481316119913,-0.0004967481316119913
2018-10-16,0.004086596385975754,0.004086596385975754,0.004086596385975754
2018-10-17,0.005270684005365982,0.005270684005365982,0.005270684005365982
2018-10-18,-0.00043377065518997496,-0.00043377065518997496,-0.00043377065518997496
2018-10-19,-0.0036790469386571113,-0.0036790469386571113,-0.0036790469386571113
2018-10-22,0.0004166781599473097,0.0004166781599473097,0.0004166781599473097
2018-10-23,0.001990657743537026,0.001990657743537026,0.001990657743537026
2018-10-24,0.003167076470310888,0.003167076470310888,0.003167076470310888
2018-10-25,0.003024563349748719,0.003024563349748719,0.003024563349748719
2018-10-26,2.30522365431661e-06,2.30522365431661e-06,2.30522365431661e-06
2018-10-29,-0.003615427654472044,-0.003615427654472044,-0.003615427654472044
2018-10-30,0.0029925363136480976,0.0029925363136480976,0.0029925363136480976
2018-10-31,-0.002169029164335887,-0.002169029164335887,-0.002169029164335887
2018-11-01,0.0021844933024079104,0.0021844933024079104,0.0021844933024079104
2018-11-02,0.013002369236991544,0.013002369236991544,0.013002369236991544
2018-11-05,-0.0006779249546162286,-0.0006779249546162286,-0.0006779249546162286
2018-11-06,0.006084761427558109,0.006084761427558109,0.006084761427558109
2018-11-07,0.005391932470849848,0.005391932470849848,0.005391932470849848
2018-11-08,0.0002729650380471299,0.0002729650380471299,0.0002729650380471299
2018-11-09,-0.004086310527738111,-0.004086310527738111,-0.004086310527738111
2018-11-12,-0.0025712930317642615,-0.0025712930317642615,-0.0025712930317642615
2018-11-13,-0.003045046901081276,-0.003045046901081276,-0.003045046901081276
2018-11-14,0.003283400602162078,0.003283400602162078,0.003283400602162078
2018-11-15,0.009407073683085927,0.009407073683085927,0.009407073683085927
2018-11-16,-0.0015678123926257915,-0.0015678123926257915,-0.0015678123926257915
2018-11-19,-0.002211531459545628,-0.002211531459545628,-0.002211531459545628
2018-11-20,0.0058350234757277575,0.0058350234757277575,0.0058350234757277575
2018-11-21,0.0021543897204701935,0.0021543897204701935,0.0021543897204701935
2018-11-22,0.0017566897986401528,0.0017566897986401528,0.0017566897986401528
2018-11-23,0.0023300408665895772,0.0023300408665895772,0.0023300408665895772
2018-11-26,0.0009848618828576091,0.0009848618828576091,0.0009848618828576091
2018-11-27,0.0026828725774085778,0.0026828725774085778,0.0026828725774085778
2018-11-28,-0.0008656132868874301,-0.0008656132868874301,-0.0008656132868874301
2018-11-29,0.008499916971523466,0.008499916971523466,0.008499916971523466
2018-11-30,0.0038415674264984986,0.0038415674264984986,0.0038415674264984986
2018-12-03,-0.007447657540634068,-0.007447657540634068,-0.007447657540634068
2018-12-04,-0.01221662299270217,-0.01221662299270217,-0.01221662299270217
2018-12-05,-0.0001740376143945113,-0.0001740376143945113,-0.0001740376143945113
2018-12-06,-0.012999238088174714,-0.012999238088174714,-0.012999238088174714
2018-12-07,0.004621156266003689,0.004621156266003689,0.004621156266003689
2018-12-10,-0.00545746275473025,-0.00545746275473025,-0.00545746275473025
2018-12-11,-0.00033934579605273134,-0.00033934579605273134,-0.00033934579605273134
2018-12-12,0.0023511981627318424,0.0023511981627318424,0.0023511981627318424
2018-12-13,0.003546284618009853,0.003546284618009853,0.003546284618009853
2018-12-14,-0.0030237973695482097,-0.0030237973695482097,-0.0030237973695482097
2018-12-17,-0.001367624261209239,-0.001367624261209239,-0.001367624261209239
2018-12-18,0.00919572392418843,0.00919572392418843,0.00919572392418843
2018-12-19,0.0051597360920759335,0.0051597360920759335,0.0051597360920759335
2018-12-20,-0.0075792566464952275,-0.0075792566464952275,-0.0075792566464952275
2018-12-21,-0.0030826888661358897,-0.0030826888661358897,-0.0030826888661358897
2018-12-24,-0.0038981225345531586,-0.0038981225345531586,-0.0038981225345531586
2018-12-25,-0.0004991501631889485,-0.0004991501631889485,-0.0004991501631889485
2018-12-26,0.011857232329316902,0.011857232329316902,0.011857232329316902
2018-12-27,-0.007037842855186565,-0.007037842855186565,-0.007037842855186565
2018-12-28,-0.00024273761504737103,-0.00024273761504737103,-0.00024273761504737103
2018-12-31,0.00025729233480101775,0.00025729233480101775,0.00025729233480101775
2019-01-01,-0.0008657425858327483,-0.0008657425858327483,-0.002447173439806138
2019-01-02,-0.002376283395980704,-0.002376283395980704,-0.0013544826809937655
2019-01-03,-0.008214458875959367,-0.008214458875959367,-0.004682245518376218
2019-01-04,0.02167900392369427,0.02167900392369427,0.012357042685020804
2019-01-07,0.0007043066098137265,0.0007043066098137265,0.0004014551070447627
2019-01-08,-0.008744017778175742,-0.008744017778175742,-0.004984094347868261
2019-01-09,-0.008249984121999818,-0.008249984121999818,-0.004702494925741189
2019-01-10,0.014047313828378734,0.014047313828378734,0.008006975652485563
2019-01-11,-0.0007441982666710669,-0.0007441982666710669,-0.00042419337067981823
2019-01-14,-0.0025346544379100644,-0.0025346544379100644,-0.0014447542512227552
2019-01-15,0.009101416595594988,0.009101416595594988,0.0051878118460508505
2019-01-16,0.009389217578650758,0.009389217578650758,0.0053518585451025604
2019-01-17,-0.00013684662959062983,-0.00013684662959062983,-7.80026448219066e-05
2019-01-18,0.0008934245641023025,0.0008934245641023025,0.000509252432137433
2019-01-21,-0.0016487906257646296,-0.0016487906257646296,-0.0009398114513447526
2019-01-22,-0.004871240081587206,-0.004871240081587206,-0.0027766091942705738
2019-01-23,0.007253829343679812,0.007253829343679812,0.004134686221987327
2019-01-24,0.010618934892418457,0.010618934892418457,0.006052798006630509
2019-01-25,-0.0018995609849917345,-0.0018995609849917345,-0.001082750676966668
2019-01-28,-0.0036351067334026398,-0.0036351067334026398,-0.0020720125900327065
2019-01-29,0.004154147386352417,0.004154147386352417,0.0023678660123733625
2019-01-30,-0.00015139707884443548,-0.00015139707884443548,-8.629640790937731e-05
2019-01-31,0.008034673508510982,0.008034673508510982,0.004579767772280433
2019-02-01,-0.000604503008984454,-0.000604503008984454,-0.0010936729196857104
2019-02-04,-0.0004964940635042028,-0.0004964940635042028,-0.0004964940635042028
2019-02-05,0.007210822293970503,0.007210822293970503,0.007210822293970503
2019-02-06,0.0019895249408063078,0.0019895249408063078,0.0019895249408063078
2019-02-07,-0.000744929818531595,-0.000744929818531595,-0.000744929818531595
2019-02-08,0.0026928683236833403,0.0026928683236833403,0.0026928683236833403
2019-02-11,-0.0014813706005164249,-0.0014813706005164249,-0.0014813706005164249
2019-02-12,0.0010841007173003738,0.0010841007173003738,0.0010841007173003738
2019-02-13,-0.001975449324255439,-0.001975449324255439,-0.001975449324255439
2019-02-14,-0.0042647420372841595,-0.0042647420372841595,-0.0042647420372841595
2019-02-15,-0.0010067218647345235,-0.0010067218647345235,-0.0010067218647345235
2019-02-18,-0.001105332665816624,-0.001105332665816624,-0.001105332665816624
2019-02-19,0.0019930283473548363,0.0019930283473548363,0.0019930283473548363
2019-02-20,0.0003068092806781046,0.0003068092806781046,0.0003068092806781046
2019-02-21,-0.0008608703315004257,-0.0008608703315004257,-0.0008608703315004257
2019-02-22,0.003807437279678308,0.003807437279678308,0.003807437279678308
2019-02-25,0.004865140448283513,0.004865140448283513,0.004865140448283513
2019-02-26,-0.00525458216703582,-0.00525458216703582,-0.00525458216703582
2019-02-27,-0.0007036632935157824,-0.0007036632935157824,-0.0007036632935157824
2019-02-28,-0.003925717387919815,-0.003925717387919815,-0.003925717387919815
2019-03-01,-0.002608146289749937,-0.002608146289749937,-0.002135498828621479
2019-03-04,0.0021579774754307674,0.0021579774754307674,0.0012125117527840216
2019-03-05,0.005661494252062199,0.005661494252062199,0.003181047252392803
2019-03-06,-0.004594492204826987,-0.004594492204826987,-0.002581526387487088
2019-03-07,0.00702232128921366,0.00702232128921366,0.003945660782811155
2019-03-08,-0.003154058531998606,-0.003154058531998606,-0.0017721839465695203
2019-03-11,0.005763156328255007,0.005763156328255007,0.0032381685447137984
2019-03-12,-0.0016849182394622266,-0.0016849182394622266,-0.0009467119981965056
2019-03-13,-0.0053220353177062295,-0.0053220353177062295,-0.002990314053283766
2019-03-14,0.0018016284159992281,0.0018016284159992281,0.0010122884290590956
2019-03-15,0.0029477340396382654,0.0029477340396382654,0.0016562555484641733
2019-03-18,0.004753366681165955,0.004753366681165955,0.002670793848325599
2019-03-19,-0.005511911497987364,-0.005511911497987364,-0.003097000570073594
2019-03-20,0.0028644532515267984,0.0028644532515267984,0.0016094622267006499
2019-03-21,0.004893565274177122,0.004893565274177122,0.0027495678131538876
2019-03-22,-0.01490423257766756,-0.01490423257766756,-0.008374302963028393
2019-03-25,0.011186973145026095,0.011186973145026095,0.0062856709909429
2019-03-26,0.016100646597528346,0.016100646597528346,0.009046537069636575
2019-03-27,-0.004586848553360518,-0.004586848553360518,-0.0025772316173410612
2019-03-28,-0.009757103025898295,-0.009757103025898295,-0.005482263937747841
2019-03-29,0.003180475653931488,0.003180475653931488,0.0017870270444160141
2019-04-01,0.019232956895119502,0.019232956895119502,0.010806501245554379
2019-04-02,-0.0041933523127091876,-0.0041933523127091876,-0.0041953630717815465
2019-04-03,0.00010992634537253742,0.00010992634537253742,0.00010992634537253742
2019-04-04,0.00028721915606430993,0.00028721915606430993,0.00028721915606430993
2019-04-05,0.004980502047910633,0.004980502047910633,0.004980502047910633
2019-04-08,-0.009370036684466699,-0.009370036684466699,-0.009370036684466699
2019-04-09,0.005520715186614002,0.005520715186614002,0.005520715186614002
2019-04-10,0.006122594349361065,0.006122594349361065,0.006122594349361065
2019-04-11,0.004545539180800011,0.004545539180800011,0.004545539180800011
2019-04-12,-0.0009369046882666948,-0.0009369046882666948,-0.0009369046882666948
2019-04-15,-0.0038536659754275877,-0.0038536659754275877,-0.0038536659754275877
2019-04-16,0.0010140903088357795,0.0010140903088357795,0.0010140903088357795
2019-04-17,0.0025429188453466676,0.0025429188453466676,0.0025429188453466676
2019-04-18,0.006243081245333402,0.006243081245333402,0.006243081245333402
2019-04-19,-0.0012692791338175756,-0.0012692791338175756,-0.0012692791338175756
2019-04-22,-0.0019641015531005734,-0.0019641015531005734,-0.0019641015531005734
2019-04-23,0.002691673057815632,0.002691673057815632,0.002691673057815632
2019-04-24,-6.291670592934806e-05,-6.291670592934806e-05,-6.291670592934806e-05
2019-04-25,-0.0028640499819542553,-0.0028640499819542553,-0.0028640499819542553
2019-04-26,0.0013954312447128844,0.0013954312447128844,0.0013954312447128844
2019-04-29,-0.0011349806982444588,-0.0011349806982444588,-0.0011349806982444588
2019-04-30,-0.003073127705711778,-0.003073127705711778,-0.003073127705711778
2019-05-01,-0.0007197123844346772,-0.0007197123844346772,-0.0007197123844346772
2019-05-02,0.0003042070768147836,0.0003042070768147836,0.0003042070768147836
2019-05-03,0.0009324312457978609,0.0009324312457978609,0.0009324312457978609
2019-05-06,-0.007602520944549861,-0.007602520944549861,-0.007602520944549861
2019-05-07,8.942062324431216e-05,8.942062324431216e-05,8.942062324431216e-05
2019-05-08,-0.0024283543695996944,-0.0024283543695996944,-0.0024283543695996944
2019-05-09,-0.011744689087705937,-0.011744689087705937,-0.011744689087705937
2019-05-10,0.00935813930547013,0.00935813930547013,0.00935813930547013
2019-05-13,-0.018544198892649248,-0.018544198892649248,-0.018544198892649248
2019-05-14,0.006856445974395719,0.006856445974395719,0.006856445974395719
2019-05-15,0.003541545828629096,0.003541545828629096,0.003541545828629096
2019-05-16,0.003931510758688374,0.003931510758688374,0.003931510758688374
2019-05-17,-0.0001698957351821506,-0.0001698957351821506,-0.0001698957351821506
2019-05-20,0.006083828623665367,0.006083828623665367,0.006083828623665367
2019-05-21,0.003031031708656221,0.003031031708656221,0.003031031708656221
2019-05-22,-0.0029755365501557087,-0.0029755365501557087,-0.0029755365501557087
2019-05-23,-0.009587758526411416,-0.009587758526411416,-0.009587758526411416
2019-05-24,0.0032152804581492265,0.0032152804581492265,0.0032152804581492265
2019-05-27,0.005145953784580572,0.005145953784580572,0.005145953784580572
2019-05-28,-0.0013917472297868567,-0.0013917472297868567,-0.0013917472297868567
2019-05-29,0.0010023672709333856,0.0010023672709333856,0.0010023672709333856
2019-05-30,0.0009355989958066901,0.0009355989958066901,0.0009355989958066901
2019-05-31,-0.015995579515812226,-0.015995579515812226,-0.015995579515812226
2019-06-03,-0.0088506397432739,-0.0088506397432739,-0.00795103809656566
2019-06-04,-0.00010108516284036738,-0.00010108516284036738,-8.853289504711856e-05
2019-06-05,0.0021391075764055534,0.0021391075764055534,0.0018734835185998371
2019-06-06,-0.009799609061949639,-0.009799609061949639,-0.008582740891009537
2019-06-07,-0.00702387786791443,-0.00702387786791443,-0.006151686603956474
2019-06-10,0.011463895814034368,0.011463895814034368,0.010040364544278133
2019-06-11,0.007203401400029173,0.007203401400029173,0.006308917770040678
2019-06-12,0.002868099191656007,0.002868099191656007,0.0025119524723979146
2019-06-13,-0.00422302907918822,-0.00422302907918822,-0.0036986337039306427
2019-06-14,0.0047142174163353045,0.0047142174163353045,0.004128828643317392
2019-06-17,-0.00100323697933731,-0.00100323697933731,-0.0008786598517857766
2019-06-18,0.011767430420724138,0.011767430420724138,0.010306207688040693
2019-06-19,0.00169455384018584,0.00169455384018584,0.001484132320405722
2019-06-20,-0.007418718049642456,-0.007418718049642456,-0.006497497436991537
2019-06-21,-0.009385040556720325,-0.009385040556720325,-0.008219651502497906
2019-06-24,-0.0048823885896002875,-0.0048823885896002875,-0.004276117131699526
2019-06-25,0.004562803694627431,0.004562803694627431,0.0039962167470114435
2019-06-26,0.005097985521892954,0.005097985521892954,0.004464942277178988
2019-06-27,0.003135261068491756,0.003135261068491756,0.002745939476404057
2019-06-28,0.0011757289053529495,0.0011757289053529495,0.0010297325626892951
2019-07-01,0.019460730334557697,0.019460730334557697,0.017044190738164815
2019-07-02,-0.0033598773697124966,-0.0033598773697124966,-0.0034638350241412937
2019-07-03,0.0033019107398358284,0.0033019107398358284,0.0033019107398358284
2019-07-04,0.004282031702198598,0.004282031702198598,0.004282031702198598
2019-07-05,0.014286003578098179,0.014286003578098179,0.014286003578098179
2019-07-08,-0.000906095368512455,-0.000906095368512455,-0.000906095368512455
2019-07-09,-0.0010364653880119128,-0.0010364653880119128,-0.0010364653880119128
2019-07-10,-0.002031296540338292,-0.002031296540338292,-0.002031296540338292
2019-07-11,0.005057736213449557,0.005057736213449557,0.005057736213449557
2019-07-12,-0.0045801358893758125,-0.0045801358893758125,-0.0045801358893758125
2019-07-15,0.006854772829364629,0.006854772829364629,0.006854772829364629
2019-07-16,0.003876006912340229,0.003876006912340229,0.003876006912340229
2019-07-17,-0.004196754808479931,-0.004196754808479931,-0.004196754808479931
2019-07-18,-0.0033843997063012056,-0.0033843997063012056,-0.0033843997063012056
2019-07-19,0.005799594123847428,0.005799594123847428,0.005799594123847428
2019-07-22,0.0022864848647671725,0.0022864848647671725,0.0022864848647671725
2019-07-23,0.00306873851277439,0.00306873851277439,0.00306873851277439
2019-07-24,0.0015154146786184697,0.0015154146786184697,0.0015154146786184697
2019-07-25,0.0041805907259509206,0.0041805907259509206,0.0041805907259509206
2019-07-26,0.002070001335143469,0.002070001335143469,0.002070001335143469
2019-07-29,0.004222448144151207,0.004222448144151207,0.004222448144151207
2019-07-30,0.001480814304005686,0.001480814304005686,0.001480814304005686
2019-07-31,0.006127017743952296,0.006127017743952296,0.006127017743952296
2019-08-01,-0.017541038409972905,-0.017541038409972905,-0.017541038409972905
2019-08-02,-0.013879026613426736,-0.013879026613426736,-0.013879026613426736
2019-08-05,-0.02856386849653484,-0.02856386849653484,-0.02856386849653484
2019-08-06,0.0016500541800482257,0.0016500541800482257,0.0016500541800482257
2019-08-07,0.0016352258690534051,0.0016352258690534051,0.0016352258690534051
2019-08-08,0.00438058923953955,0.00438058923953955,0.00438058923953955
2019-08-09,-0.007506103721630802,-0.007506103721630802,-0.007506103721630802
2019-08-12,-0.009665900459960438,-0.009665900459960438,-0.009665900459960438
2019-08-13,0.0110858455709814,0.0110858455709814,0.0110858455709814
2019-08-14,-0.001571894074603758,-0.001571894074603758,-0.001571894074603758
2019-08-15,0.007564889663927722,0.007564889663927722,0.007564889663927722
2019-08-16,0.0024443775882977293,0.0024443775882977293,0.0024443775882977293
2019-08-19,-0.0029637105421759396,-0.0029637105421759396,-0.0029637105421759396
2019-08-20,-0.005113416042695715,-0.005113416042695715,-0.005113416042695715
2019-08-21,0.007795780825672503,0.007795780825672503,0.007795780825672503
2019-08-22,-0.002617956588270613,-0.002617956588270613,-0.002617956588270613
2019-08-23,-0.010985665284829403,-0.010985665284829403,-0.010985665284829403
2019-08-26,0.0037518895931074655,0.0037518895931074655,0.0037518895931074655
2019-08-27,0.0034777710655311492,0.0034777710655311492,0.0034777710655311492
2019-08-28,0.00025331824934820245,0.00025331824934820245,0.00025331824934820245
2019-08-29,0.008453597757978418,0.008453597757978418,0.008453597757978418
2019-08-30,0.014072470849722562,0.014072470849722562,0.014072470849722562
2019-09-02,-0.0002416917863532407,-0.0002416917863532407,-0.0002416917863532407
2019-09-03,0.00160735245877783,0.00160735245877783,0.00160735245877783
2019-09-04,0.005470434753961294,0.005470434753961294,0.005470434753961294
2019-09-05,0.0018505133433132745,0.0018505133433132745,0.0018505133433132745
2019-09-06,0.005328117142275672,0.005328117142275672,0.005328117142275672
2019-09-09,0.0025927066029941092,0.0025927066029941092,0.0025927066029941092
2019-09-10,0.004318668026859477,0.004318668026859477,0.004318668026859477
2019-09-11,0.003268724678868833,0.003268724678868833,0.003268724678868833
2019-09-12,0.005667084096172582,0.005667084096172582,0.005667084096172582
2019-09-13,7.918935047494772e-05,7.918935047494772e-05,7.918935047494772e-05
2019-09-16,-0.001221093658270598,-0.001221093658270598,-0.001221093658270598
2019-09-17,-0.003785994573078693,-0.003785994573078693,-0.003785994573078693
2019-09-18,0.009934008411030629,0.009934008411030629,0.009934008411030629
2019-09-19,-0.006932430116964332,-0.006932430116964332,-0.006932430116964332
2019-09-20,0.002161350142298277,0.002161350142298277,0.002161350142298277
2019-09-23,0.002248650361007146,0.002248650361007146,0.002248650361007146
2019-09-24,-0.005349031695592356,-0.005349031695592356,-0.005349031695592356
2019-09-25,0.007300199805344697,0.007300199805344697,0.007300199805344697
2019-09-26,0.002354308908229936,0.002354308908229936,0.002354308908229936
2019-09-27,-0.00021588211901797042,-0.00021588211901797042,-0.00021588211901797042
2019-09-30,0.0033363914647461116,0.0033363914647461116,0.0033363914647461116
2019-10-01,-0.01032566837729006,-0.01032566837729006,-0.01032566837729006
2019-10-02,-0.0006878808996260542,-0.0006878808996260542,-0.0006878808996260542
2019-10-03,0.0030031586577792878,0.0030031586577792878,0.0030031586577792878
2019-10-04,0.002235032699825945,0.002235032699825945,0.002235032699825945
2019-10-07,-0.0045381712065346354,-0.0045381712065346354,-0.0045381712065346354
2019-10-08,-5.561537959043652e-05,-5.561537959043652e-05,-5.561537959043652e-05
2019-10-09,0.0019058763399746495,0.0019058763399746495,0.0019058763399746495
2019-10-10,0.0003511490388008994,0.0003511490388008994,0.0003511490388008994
2019-10-11,0.002231856069166237,0.002231856069166237,0.002231856069166237
2019-10-14,-0.0009623362597013032,-0.0009623362597013032,-0.0009623362597013032
2019-10-15,-0.0005354386900104445,-0.0005354386900104445,-0.0005354386900104445
2019-10-16,-0.002405611405291552,-0.002405611405291552,-0.002405611405291552
2019-10-17,-0.002613301693383121,-0.002613301693383121,-0.002613301693383121
2019-10-18,-0.0013914937984339608,-0.0013914937984339608,-0.0013914937984339608
2019-10-21,0.0007781254861437124,0.0007781254861437124,0.0007781254861437124
2019-10-22,0.007212847362555888,0.007212847362555888,0.007212847362555888
2019-10-23,0.00271739461760696,0.00271739461760696,0.00271739461760696
2019-10-24,0.00015750074357612361,0.00015750074357612361,0.00015750074357612361
2019-10-25,0.005945335611533914,0.005945335611533914,0.005945335611533914
2019-10-28,0.0017648601031700572,0.0017648601031700572,0.0017648601031700572
2019-10-29,-0.00031916932498570914,-0.00031916932498570914,-0.00031916932498570914
2019-10-30,-0.007863566041113323,-0.007863566041113323,-0.007863566041113323
2019-10-31,-0.007343180473756743,-0.007343180473756743,-0.007343180473756743
2019-11-01,-0.0005887342827395796,-0.003286309535097834,-0.003286309535097834
2019-11-04,0.0064021143600189985,0.0,0.0
2019-11-05,0.006882058725272902,0.0,0.0
2019-11-06,-0.004580814886165041,0.0,0.0
2019-11-07,0.00507140884353534,0.0,0.0
2019-11-08,0.00042100477740724014,0.0,0.0
2019-11-11,-0.005553375682657842,0.0,0.0
2019-11-12,-0.001519019705311267,0.0,0.0
2019-11-13,-0.002055498468906811,0.0,0.0
2019-11-14,-0.0034267084435449804,0.0,0.0
2019-11-15,0.004784750406815613,0.0,0.0
2019-11-18,-0.006720391916585232,0.0,0.0
2019-11-19,0.00249761352663217,0.0,0.0
2019-11-20,-0.0009847347816792362,0.0,0.0
2019-11-21,0.004266650153335687,0.0,0.0
2019-11-22,0.003982719361789887,0.0,0.0
2019-11-25,-0.0016903730693385698,0.0,0.0
2019-11-26,-0.00352999229805528,0.0,0.0
2019-11-27,0.005552861845973603,0.0,0.0
2019-11-28,0.0010744522030523367,0.0,0.0
2019-11-29,-0.0007346162765600958,0.0,0.0
2019-12-02,-0.006408854578016781,0.0,0.0
2019-12-03,-0.005699467221783853,-0.006797424899777856,-0.0038234698270788806
2019-12-04,0.004537588676259404,0.004537588676259404,0.0025523391059369574
2019-12-05,-1.899911688883044e-05,-1.899911688883044e-05,-1.0686774953256554e-05
2019-12-06,0.0064039979877135896,0.0064039979877135896,0.0036021719165292977
2019-12-09,0.0017021340407897107,0.0017021340407897107,0.00095742994480395
2019-12-10,-0.004555044266001104,-0.004555044266001104,-0.0025621576654172454
2019-12-11,-0.004794305019054132,-0.004794305019054132,-0.0026967389640105274
2019-12-12,0.01090952067489032,0.01090952067489032,0.006136474288917783
2019-12-13,0.0019040604789873484,0.0019040604789873484,0.0010710111399067324
2019-12-16,-0.002001626397092496,-0.002001626397092496,-0.0011258907964717458
2019-12-17,-0.0020895927676487965,-0.0020895927676487965,-0.0011753708228903746
2019-12-18,0.0027175093373976644,0.0027175093373976644,0.0015285663482188156
2019-12-19,-0.0004677030107350464,-0.0004677030107350464,-0.0002630773235373059
2019-12-20,0.0038427095670562324,0.0038427095670562324,0.0021614779567990534
2019-12-23,0.000915369320658868,0.000915369320658868,0.0005148842436327987
2019-12-24,-0.0017486768417526583,-0.0017486768417526583,-0.0009836097110791737
2019-12-25,0.0005007878605772024,0.0005007878605772024,0.0002816871540201781
2019-12-26,0.002644125774515493,0.002644125774515493,0.001487288975887318
2019-12-27,-0.007831796182766844,-0.007831796182766844,-0.004405291244573983
2019-12-30,-0.006458237008022397,-0.006458237008022397,-0.003632680713707451
2019-12-31,0.002391525073962533,0.002391525073962533,0.0013452041171204646
2020-01-01,-0.0013876401805881962,-0.004127395073047449,-0.0018213107305024264
2020-01-02,0.001514817757341071,0.0,0.0002449944242614565
2020-01-03,-0.007102428522652578,0.0,-0.0011486895887857155
2020-01-06,-0.0036993489847792615,0.0,-0.0005983029115390378
2020-01-07,0.009383758276206461,0.0,0.0015176534900958724
2020-01-08,0.01684676159362418,0.0,0.002724659542243978
2020-01-09,0.014419729740540677,0.0,0.0023321309567895044
2020-01-10,0.008253234381536932,0.0,0.001334811660214934
2020-01-13,0.008364509121021501,0.0,0.0013528083404114463
2020-01-14,-0.0026048152887348033,0.0,-0.00042128184653128243
2020-01-15,-0.005023529271718147,0.0,-0.0008124651666649643
2020-01-16,0.008641386797429464,0.0,0.0013975883059179806
2020-01-17,0.006840143097336723,0.0,0.001106269656449947
2020-01-20,-0.0029832915290613046,0.0,-0.0004824935455268034
2020-01-21,-0.007396083918629413,0.0,-0.0011961830475334507
2020-01-22,0.009562478732711778,0.0,0.001546558297379173
2020-01-23,-0.0007205654541735488,0.0,-0.00011653845337660345
2020-01-24,0.006032309884316134,0.0,0.0009756172185813433
2020-01-27,-0.010259059387092928,0.0,-0.0016592176424025178
2020-01-28,0.007313791131943256,0.0,0.001182873674972071
2020-01-29,0.00026055149860798295,0.0,4.213950099447495e-05
2020-01-30,-0.01359300862213344,0.0,-0.00219842374122023
2020-01-31,-0.015663153053484466,0.0,-0.0025332322293298067
2020-02-03,0.0020221106650580613,0.0010717787124907897,0.0013057015833252798
2020-02-04,0.011416991379746796,0.011416991379746796,0.011416991379746796
2020-02-05,0.009042908754486552,0.009042908754486552,0.009042908754486552
2020-02-06,0.001642175061785136,0.001642175061785136,0.001642175061785136
2020-02-07,-0.006432961874786841,-0.006432961874786841,-0.006432961874786841
2020-02-10,0.0034699192116345303,0.0034699192116345303,0.0034699192116345303
2020-02-11,0.0035418361345265167,0.0035418361345265167,0.0035418361345265167
2020-02-12,0.004649562916582965,0.004649562916582965,0.004649562916582965
2020-02-13,0.0010290428877945583,0.0010290428877945583,0.0010290428877945583
2020-02-14,0.005486822251059528,0.005486822251059528,0.005486822251059528
2020-02-17,-0.0007803453519624571,-0.0007803453519624571,-0.0007803453519624571
2020-02-18,0.0017947343895147122,0.0017947343895147122,0.0017947343895147122
2020-02-19,0.0076634007807679545,0.0076634007807679545,0.0076634007807679545
2020-02-20,-0.005550682956785543,-0.005550682956785543,-0.005550682956785543
2020-02-21,-0.013192198781854556,-0.013192198781854556,-0.013192198781854556
2020-02-24,-0.014391888365468572,-0.014391888365468572,-0.014391888365468572
2020-02-25,-0.006056302184912618,-0.006056302184912618,-0.006056302184912618
2020-02-26,-0.005287171899005287,-0.005287171899005287,-0.005287171899005287
2020-02-27,-0.02841173844831298,-0.02841173844831298,-0.02841173844831298
2020-02-28,-0.03810552036060171,-0.03810552036060171,-0.03810552036060171
2020-03-02,0.003955728344285699,0.003955728344285699,0.003955728344285699
2020-03-03,-0.013088606522047916,-0.005600883145853212,-0.0069542288039115266
2020-03-04,0.010222627915759355,0.0,0.001847657613490729
2020-03-05,-0.020797291825873487,0.0,-0.0037589428959675943
2020-03-06,-0.01480805921753979,0.0,-0.0026764373681379947
2020-03-09,-0.034527739498363956,0.0,-0.006240610661611651
2020-03-10,0.024825921066569386,0.0,0.004487085165239482
2020-03-11,-0.012350184780849713,0.0,-0.002232196371265389
2020-03-12,-0.0017165182748767232,0.0,-0.0003102468450781289
2020-03-13,0.015243041727621216,0.0,0.002755056951390972
2020-03-16,-0.025604164772190324,0.0,-0.004627746443307231
2020-03-17,0.02447322386685895,0.0,0.004423337988713843
2020-03-18,-0.013902448173973469,0.0,-0.0025127554701666246
2020-03-19,-0.013873505404504001,0.0,-0.002507524297829488
2020-03-20,-0.010668794161800155,0.0,-0.0019282985668906873
2020-03-23,-0.026009543411644534,0.0,-0.004701015365516502
2020-03-24,0.0024782134444164866,0.0,0.00044791710861082177
2020-03-25,0.007558125149403772,0.0,0.001366070211210881
2020-03-26,-0.008427461412012371,0.0,-0.0015231957348559473
2020-03-27,-0.023543340895737484,0.0,-0.00425526913543989
2020-03-30,-0.012156150051185748,0.0,-0.0021971261575689134
2020-03-31,-0.00459487280180883,0.0,-0.0008304862296900817
2020-04-01,-0.005998892335074208,0.0,-0.0015048257841516798
2020-04-02,0.007406195847431004,0.0,0.0026563992053380407
2020-04-03,-0.006392808598219949,0.0,-0.0022929250090085286
2020-04-06,0.002161436826893004,0.0,0.0007752480743995666
2020-04-07,-0.00013393768264164004,0.0,-4.803977116774234e-05
2020-04-08,0.0003583532959301857,0.0,0.00012853149311051646
2020-04-09,0.006269003225843198,0.0,0.0022485194194760486
2020-04-10,-0.0009751738391644794,0.0,-0.0003497680948204362
2020-04-13,-0.003690576036137273,0.0,-0.0013237083452276336
2020-04-14,-0.003704465365329134,0.0,-0.0013286900664497016
2020-04-15,-0.003191362945908688,0.0,-0.0011446543094587106
2020-04-16,-0.0011074796994732037,0.0,-0.0003972225760987799
2020-04-17,0.0025444680628021305,0.0,0.0009126308673541421
2020-04-20,-0.0022373760623262406,0.0,-0.0008024853941807873
2020-04-21,-0.003179693901960654,0.0,-0.0011404689436232442
2020-04-22,0.0012968339737340167,0.0,0.0004651387579059707
2020-04-23,0.004022329024854958,0.0,0.001442699038122133
2020-04-24,-0.004005955836117585,0.0,-0.001436826424644609
2020-04-27,0.0029182916152942226,0.0,0.0010467111169496328
2020-04-28,0.0017956276655510168,0.0,0.0006440423669740337
2020-04-29,0.008131766496439194,0.0,0.0029166414856053816
2020-04-30,-0.0019004418929465872,0.0,-0.0006816363539678139
2020-05-01,-0.00577996660441266,-0.008418469074033996,-0.007450539124047534
2020-05-04,0.005838347795331173,0.005838347795331173,0.005838347795331173
2020-05-05,0.0027276626460701068,0.0027276626460701068,0.0027276626460701068
2020-05-06,-0.004307908558224539,-0.004307908558224539,-0.004307908558224539
2020-05-07,0.0027635068479064558,0.0027635068479064558,0.0027635068479064558
2020-05-08,0.0032076100323206866,0.0032076100323206866,0.0032076100323206866
2020-05-11,0.00045582869896570284,0.00045582869896570284,0.00045582869896570284
2020-05-12,-0.0007588108638467061,-0.0007588108638467061,-0.0007588108638467061
2020-05-13,0.0030378136173405818,0.0030378136173405818,0.0030378136173405818
2020-05-14,0.004884613754142578,0.004884613754142578,0.004884613754142578
2020-05-15,-0.00035580456719776254,-0.00035580456719776254,-0.00035580456719776254
2020-05-18,-0.0013106619393537654,-0.0013106619393537654,-0.0013106619393537654
2020-05-19,0.005513821131639212,0.005513821131639212,0.005513821131639212
2020-05-20,-0.0015088222379921919,-0.0015088222379921919,-0.0015088222379921919
2020-05-21,0.006978404307858382,0.006978404307858382,0.006978404307858382
2020-05-22,0.00015874222465003338,0.00015874222465003338,0.00015874222465003338
2020-05-25,0.0008662777189090981,0.0008662777189090981,0.0008662777189090981
2020-05-26,0.0020280417135767484,0.0020280417135767484,0.0020280417135767484
2020-05-27,0.0014850076555151445,0.0014850076555151445,0.0014850076555151445
2020-05-28,-0.006053979596403579,-0.006053979596403579,-0.006053979596403579
2020-05-29,0.000317341261960689,0.000317341261960689,0.000317341261960689
2020-06-01,-0.0017682137320361832,-0.0017682137320361832,-0.0017682137320361832
2020-06-02,0.00655066465079765,0.00655066465079765,0.00655066465079765
2020-06-03,0.0018260577025129353,0.0018260577025129353,0.0018260577025129353
2020-06-04,-0.006883293778090419,-0.006883293778090419,-0.006883293778090419
2020-06-05,0.007880738489128809,0.007880738489128809,0.007880738489128809
2020-06-08,-0.002342152193509802,-0.002342152193509802,-0.002342152193509802
2020-06-09,-0.005884143663492735,-0.005884143663492735,-0.005884143663492735
2020-06-10,-0.003395577112816557,-0.003395577112816557,-0.003395577112816557
2020-06-11,-0.006743326129820442,-0.006743326129820442,-0.006743326129820442
2020-06-12,0.00678056322332152,0.00678056322332152,0.00678056322332152
2020-06-15,-0.0032631401974175527,-0.0032631401974175527,-0.0032631401974175527
2020-06-16,-5.061298490699278e-05,-5.061298490699278e-05,-5.061298490699278e-05
2020-06-17,-0.001395578053434207,-0.001395578053434207,-0.001395578053434207
2020-06-18,-0.0009701756205274935,-0.0009701756205274935,-0.0009701756205274935
2020-06-19,0.0028165720844044177,0.0028165720844044177,0.0028165720844044177
2020-06-22,-0.0036945074258465933,-0.0036945074258465933,-0.0036945074258465933
2020-06-23,-0.0015916683683345912,-0.0015916683683345912,-0.0015916683683345912
2020-06-24,0.0024098961182313786,0.0024098961182313786,0.0024098961182313786
2020-06-25,0.002091656589261051,0.002091656589261051,0.002091656589261051
2020-06-26,-0.00294682940545908,-0.00294682940545908,-0.00294682940545908
2020-06-29,0.002368565788668311,0.002368565788668311,0.002368565788668311
2020-06-30,0.00036515962093657017,0.00036515962093657017,0.00036515962093657017
2020-07-01,0.00020755450056011938,0.00020755450056011938,0.00039904987151708567
2020-07-02,0.004659507533217541,0.004659507533217541,0.002389490355732391
2020-07-03,-3.809200747628011e-05,-3.809200747628011e-05,-1.9534357192508786e-05
2020-07-06,0.00011317121330001623,0.00011317121330001623,5.8036502956394765e-05
2020-07-07,-0.006575607012008351,-0.006575607012008351,-0.003372105190573724
2020-07-08,-0.0003394412822447447,-0.0003394412822447447,-0.00017407240238995138
2020-07-09,0.00404259423911512,0.00404259423911512,0.002073124654835474
2020-07-10,0.0032691376704714567,0.0032691376704714567,0.0016764803746886219
2020-07-13,-0.004528409531413971,-0.004528409531413971,-0.0023222606305452957
2020-07-14,0.0017124821166442177,0.0017124821166442177,0.000878195704785119
2020-07-15,0.002011125468179147,0.002011125468179147,0.0010313460974412162
2020-07-16,0.002228194544622258,0.002228194544622258,0.0011426635405381233
2020-07-17,-0.004214420210914793,-0.004214420210914793,-0.0021612405124776545
2020-07-20,0.001451752068334919,0.001451752068334919,0.0007444880261424152
2020-07-21,-0.0012662935498580223,-0.0012662935498580223,-0.0006493811209319941
2020-07-22,-0.003367722854915023,-0.003367722854915023,-0.001727036864997231
2020-07-23,-0.0030617393642725257,-0.0030617393642725257,-0.0015701222995219604
2020-07-24,-0.0010859315478630807,-0.0010859315478630807,-0.000556887813166077
2020-07-27,0.002041406249169865,0.002041406249169865,0.0010468746986132386
2020-07-28,-0.004558619377495965,-0.004558619377495965,-0.002337752854851506
2020-07-29,-0.008365965799405219,-0.008365965799405219,-0.004290237638109746
2020-07-30,-0.0066829296677691705,-0.0066829296677691705,-0.00342714243411585
2020-07-31,-0.004437965044218308,-0.004437965044218308,-0.0022758788555739037
2020-08-03,-0.0023724136247640112,-0.0023724136247640112,-0.0036306936462480585
2020-08-04,-0.0024557677599287924,-0.0024557677599287924,-0.0024389524146639437
2020-08-05,-0.009066726322728954,-0.009066726322728954,-0.009004643850588752
2020-08-06,-0.012453730488172067,-0.012453730488172067,-0.012368456228361737
2020-08-07,0.004309519462720415,0.004309519462720415,0.004280010948571125
2020-08-10,0.0016975399729794608,0.0016975399729794608,0.0016859164305532176
2020-08-11,0.009525033645197746,0.009525033645197746,0.009459813011546317
2020-08-12,-0.011128840433125394,-0.011128840433125394,-0.011052638075014037
2020-08-13,-0.001045967436383652,-0.001045967436383652,-0.0010388053977472744
2020-08-14,-0.0027521623833334447,-0.0027521623833334447,-0.00273331753918498
2020-08-17,-0.007251453291860261,-0.007251453291860261,-0.007201800514116286
2020-08-18,-0.0022493999501009905,-0.0022493999501009905,-0.002233997664340556
2020-08-19,0.01949099472875074,0.01949099472875074,0.01935753430498135
2020-08-20,-0.007374751000765455,-0.007374751000765455,-0.007324253968292091
2020-08-21,0.009127106356191001,0.009127106356191001,0.009064610444666858
2020-08-24,0.005680056504734568,0.005680056504734568,0.0056411635308917405
2020-08-25,-0.0013461473584107945,-0.0013461473584107945,-0.0013369299018668995
2020-08-26,-0.0009575381401809693,-0.0009575381401809693,-0.000950981602264749
2020-08-27,0.002240760504233194,0.002240760504233194,0.002225417375233238
2020-08-28,0.0009074002912999612,0.0009074002912999612,0.0009011870615961569
2020-08-31,-0.0049647131215004355,-0.0049647131215004355,-0.0049307183087004755
2020-09-01,0.015073436773338963,0.015073436773338963,0.015075120073824675
2020-09-02,-0.005186885651083929,-0.005186885651083929,-0.005186885651083929
2020-09-03,-0.004694100168685557,-0.004694100168685557,-0.004694100168685557
2020-09-04,0.009643262766145801,0.009643262766145801,0.009643262766145801
2020-09-07,0.0006048395764411433,0.0006048395764411433,0.0006048395764411433
2020-09-08,-0.002683778238445429,-0.002683778238445429,-0.002683778238445429
2020-09-09,0.0016910184296073324,0.0016910184296073324,0.0016910184296073324
2020-09-10,0.001810884932520874,0.001810884932520874,0.001810884932520874
2020-09-11,0.003722245955854829,0.003722245955854829,0.003722245955854829
2020-09-14,-0.003135015471670489,-0.003135015471670489,-0.003135015471670489
2020-09-15,0.0003785326342629937,0.0003785326342629937,0.0003785326342629937
2020-09-16,0.004316605555910553,0.004316605555910553,0.004316605555910553
2020-09-17,-0.003817850565422656,-0.003817850565422656,-0.003817850565422656
2020-09-18,0.0012462062063907872,0.0012462062063907872,0.0012462062063907872
2020-09-21,0.0041150357190941,0.0041150357190941,0.0041150357190941
2020-09-22,-0.004216138683826542,-0.004216138683826542,-0.004216138683826542
2020-09-23,0.0022021638412283427,0.0022021638412283427,0.0022021638412283427
2020-09-24,0.0059197939516360265,0.0059197939516360265,0.0059197939516360265
2020-09-25,0.002793351821843354,0.002793351821843354,0.002793351821843354
2020-09-28,-0.014210527314857006,-0.014210527314857006,-0.014210527314857006
2020-09-29,-0.00927678577422686,-0.00927678577422686,-0.00927678577422686
2020-09-30,0.007656267364144577,0.007656267364144577,0.007656267364144577
2020-10-01,0.007180576404768953,0.007180576404768953,0.007180576404768953
2020-10-02,0.0033782566618194444,0.0033782566618194444,0.0033782566618194444
2020-10-05,-0.0021710745085681297,-0.0021710745085681297,-0.0021710745085681297
2020-10-06,0.0004468341397289373,0.0004468341397289373,0.0004468341397289373
2020-10-07,-0.0014752373616110292,-0.0014752373616110292,-0.0014752373616110292
2020-10-08,-0.0014197619708146458,-0.0014197619708146458,-0.0014197619708146458
2020-10-09,-0.002052385019237846,-0.002052385019237846,-0.002052385019237846
2020-10-12,-0.0016819941841230061,-0.0016819941841230061,-0.0016819941841230061
2020-10-13,0.0030368233212222963,0.0030368233212222963,0.0030368233212222963
2020-10-14,-0.002379450243654218,-0.002379450243654218,-0.002379450243654218
2020-10-15,0.004424215343855243,0.004424215343855243,0.004424215343855243
2020-10-16,0.0005743186422259447,0.0005743186422259447,0.0005743186422259447
2020-10-19,-0.0021466342800385077,-0.0021466342800385077,-0.0021466342800385077
2020-10-20,-0.002927320848768653,-0.002927320848768653,-0.002927320848768653
2020-10-21,-0.002733146240122255,-0.002733146240122255,-0.002733146240122255
2020-10-22,0.002941727868437541,0.002941727868437541,0.002941727868437541
2020-10-23,-0.004076945417023805,-0.004076945417023805,-0.004076945417023805
2020-10-26,-0.0012337698602985995,-0.0012337698602985995,-0.0012337698602985995
2020-10-27,-0.003839770748718579,-0.003839770748718579,-0.003839770748718579
2020-10-28,0.0004607554556283278,0.0004607554556283278,0.0004607554556283278
2020-10-29,0.005466739280564291,0.005466739280564291,0.005466739280564291
2020-10-30,0.0018594748933361382,0.0018594748933361382,0.0018594748933361382
2020-11-02,-0.0025451958532965334,-0.0025451958532965334,-0.0025451958532965334
2020-11-03,0.0005446246794366854,-0.003929619000512987,-0.003929619000512987
2020-11-04,-0.0007458165098755431,0.0,0.0
2020-11-05,0.004785485711165654,0.0,0.0
2020-11-06,0.0022546267989398136,0.0,0.0
2020-11-09,0.041327753448249585,0.0,0.0
2020-11-10,-0.0036608059192088775,0.0,0.0
2020-11-11,0.011827173204165584,0.0,0.0
2020-11-12,-0.005330980005758975,0.0,0.0
2020-11-13,0.004346946282721779,0.0,0.0
2020-11-16,0.0021886224079385903,0.0,0.0
2020-11-17,0.0011129869737861171,0.0,0.0
2020-11-18,-0.0014108337780415043,0.0,0.0
2020-11-19,0.004423433195011317,0.0,0.0
2020-11-20,-0.001281431772596017,0.0,0.0
2020-11-23,-0.005929571849249707,0.0,0.0
2020-11-24,-0.004593116974242171,0.0,0.0
2020-11-25,0.0029545545845138625,0.0,0.0
2020-11-26,0.0023152616547630696,0.0,0.0
2020-11-27,-0.0028452259579644416,0.0,0.0
2020-11-30,0.000849249806195709,0.0,0.0
2020-12-01,-0.012408707249290054,-0.01407081982480139,-0.01407081982480139
2020-12-02,-0.007224080647110312,-0.007224080647110312,-0.007224080647110312
2020-12-03,-0.004095468137973717,-0.004095468137973717,-0.004095468137973717
2020-12-04,0.003980561960257397,0.003980561960257397,0.003980561960257397
2020-12-07,-0.00475262584380285,-0.00475262584380285,-0.00475262584380285
2020-12-08,0.009371411707315723,0.009371411707315723,0.009371411707315723
2020-12-09,0.0005124750573600228,0.0005124750573600228,0.0005124750573600228
2020-12-10,-0.01136240496817213,-0.01136240496817213,-0.01136240496817213
2020-12-11,0.0009783818163101136,0.0009783818163101136,0.0009783818163101136
2020-12-14,-0.003322481538249286,-0.003322481538249286,-0.003322481538249286
2020-12-15,0.002150386157808131,0.002150386157808131,0.002150386157808131
2020-12-16,-0.00141455330455087,-0.00141455330455087,-0.00141455330455087
2020-12-17,-0.005310571443326806,-0.005310571443326806,-0.005310571443326806
2020-12-18,0.0037682495092857485,0.0037682495092857485,0.0037682495092857485
2020-12-21,-0.0018441195604486748,-0.0018441195604486748,-0.0018441195604486748
2020-12-22,0.0017275930337548285,0.0017275930337548285,0.0017275930337548285
2020-12-23,-0.003749673208628384,-0.003749673208628384,-0.003749673208628384
2020-12-24,0.006110605538971214,0.006110605538971214,0.006110605538971214
2020-12-25,1.9534879195742115e-05,1.9534879195742115e-05,1.9534879195742115e-05
2020-12-28,0.001111731206250424,0.001111731206250424,0.001111731206250424
2020-12-29,-0.0027764392439707875,-0.0027764392439707875,-0.0027764392439707875
2020-12-30,0.00019914152368361395,0.00019914152368361395,0.00019914152368361395
2020-12-31,0.006181393171116439,0.006181393171116439,0.006181393171116439
2021-01-01,-0.0028304906550164306,-0.0028304906550164306,-0.0028304906550164306
2021-01-04,-0.0009744455608389909,-0.0009744455608389909,-0.0009744455608389909
2021-01-05,-0.010077829287083749,-0.010077829287083749,-0.010077829287083749
2021-01-06,-0.00014842699788991014,-0.00014842699788991014,-0.00014842699788991014
2021-01-07,-0.006319083063913523,-0.006319083063913523,-0.006319083063913523
2021-01-08,0.004454302229670382,0.004454302229670382,0.004454302229670382
2021-01-11,-0.006893115750465997,-0.006893115750465997,-0.006893115750465997
2021-01-12,0.001495520184815025,0.001495520184815025,0.001495520184815025
2021-01-13,0.0038447581906713183,0.0038447581906713183,0.0038447581906713183
2021-01-14,0.01413237073902524,0.01413237073902524,0.01413237073902524
2021-01-15,0.014311077523429402,0.014311077523429402,0.014311077523429402
2021-01-18,-0.004991293333573056,-0.004991293333573056,-0.004991293333573056
2021-01-19,0.0038221346809159816,0.0038221346809159816,0.0038221346809159816
2021-01-20,0.007416168333425221,0.007416168333425221,0.007416168333425221
2021-01-21,-0.00432703252018804,-0.00432703252018804,-0.00432703252018804
2021-01-22,-0.006583561349407757,-0.006583561349407757,-0.006583561349407757
2021-01-25,0.00011417040602528764,0.00011417040602528764,0.00011417040602528764
2021-01-26,0.0020016630018761875,0.0020016630018761875,0.0020016630018761875
2021-01-27,-0.0031432074821486377,-0.0031432074821486377,-0.0031432074821486377
2021-01-28,0.0027488957390228042,0.0027488957390228042,0.0027488957390228042
2021-01-29,8.667223251736396e-06,8.667223251736396e-06,8.667223251736396e-06
2021-02-01,0.01398140276318298,0.01398140276318298,0.01398140276318298
2021-02-02,-0.0011975889309793267,-0.002763721312657335,-0.0027460258360802754
2021-02-03,0.002400974082515477,0.0,2.6366651410641944e-05
2021-02-04,0.006014335128307975,0.0,6.604730927738064e-05
2021-02-05,-0.002065563663344843,0.0,-2.2683292366422707e-05
2021-02-08,-0.0046644966965777536,0.0,-5.122385922462941e-05
2021-02-09,-0.004128778954225155,0.0,-4.534079573386971e-05
2021-02-10,0.0005111293099262681,0.0,5.613041989386406e-06
2021-02-11,0.0019871929470016638,0.0,2.182265277282159e-05
2021-02-12,0.002528970244509542,0.0,2.7772260163261964e-05
2021-02-15,-0.0005902558927177476,0.0,-6.481982241999401e-06
2021-02-16,-0.002404965327706041,0.0,-2.641048185904218e-05
2021-02-17,0.004165853476185684,0.0,4.574793507113624e-05
2021-02-18,-0.00394372047657825,0.0,-4.330854873618954e-05
2021-02-19,-0.005820628313691056,0.0,-6.392008929026642e-05
2021-02-22,-0.007302081419211039,0.0,-8.018888531722502e-05
2021-02-23,0.008278465554106907,0.0,9.091119186570254e-05
2021-02-24,0.0009784974808898328,0.0,1.0745514569563123e-05
2021-02-25,-0.008650421007979449,0.0,-9.499587560467466e-05
2021-02-26,-0.0043321418923855685,0.0,-4.757405586748258e-05
2021-03-01,0.008401182680850076,0.0,9.225882811322204e-05
2021-03-02,-0.004505249615207801,0.0,-2.9930841409593865e-05
2021-03-03,0.007989105241755537,0.0,0.0
2021-03-04,0.004395597995105887,0.0,0.0
2021-03-05,0.003072911935859241,0.0,0.0
2021-03-08,-0.005368289364753309,0.0,0.0
2021-03-09,0.00017228860890713222,0.0,0.0
2021-03-10,0.0056456356474471,0.0,0.0
2021-03-11,-0.004810207554042423,0.0,0.0
2021-03-12,0.005746980889765827,0.0,0.0
2021-03-15,0.0052501055800327065,0.0,0.0
2021-03-16,-0.0009205018352728468,0.0,0.0
2021-03-17,-0.0021692956896822947,0.0,0.0
2021-03-18,0.011172571020987655,0.0,0.0
2021-03-19,0.006612830288918102,0.0,0.0
2021-03-22,-0.023154925005265573,0.0,0.0
2021-03-23,0.007539907204047586,0.0,0.0
2021-03-24,0.0020540882283523712,0.0,0.0
2021-03-25,0.010294992318695285,0.0,0.0
2021-03-26,-0.002069119988142326,0.0,0.0
2021-03-29,0.0009956795839949739,0.0,0.0
2021-03-30,0.0013140630365994536,0.0,0.0
2021-03-31,0.004763609323742612,0.0,0.0
2021-04-01,-0.002336871313801267,-0.0026305775042015484,-0.0020159165823742786
2021-04-02,0.00022491080898038912,0.00022491080898038912,0.00017235813377656015
2021-04-05,-0.002835707145864433,-0.002835707145864433,-0.002173115617758798
2021-04-06,-0.008294489827859438,-0.008294489827859438,-0.006356398760199954
2021-04-07,-0.011325678168817625,-0.011325678168817625,-0.008679319423467743
2021-04-08,-0.009283359909457578,-0.009283359909457578,-0.0071142093900420774
2021-04-09,-0.00033769609481692207,-0.00033769609481692207,-0.00025879000191294556
2021-04-12,-0.0014222734877559874,-0.0014222734877559874,-0.0010899449660993212
2021-04-13,-0.00411281200186396,-0.00411281200186396,-0.00315181206465235
2021-04-14,0.0010629822429853325,0.0010629822429853325,0.0008146057384665269
2021-04-15,0.0031855064304503722,0.0031855064304503722,0.002441180777281058
2021-04-16,0.0018910546569653832,0.0018910546569653832,0.0014491906948431556
2021-04-19,-0.009707241334827527,-0.009707241334827527,-0.007439046652201777
2021-04-20,-0.0014062981463308618,-0.0014062981463308618,-0.0010777024240580537
2021-04-21,0.0009261799956558197,0.0009261799956558197,0.0007097687137230429
2021-04-22,0.0003072853929696759,0.0003072853929696759,0.00023548506676559242
2021-04-23,-0.003966438200236065,-0.003966438200236065,-0.003039639975650775
2021-04-26,0.005374449225878445,0.005374449225878445,0.004118655047521784
2021-04-27,-0.0002381367911986872,-0.0002381367911986872,-0.00018249373207369034
2021-04-28,0.0012064281418538633,0.0012064281418538633,0.0009245340586702788
2021-04-29,0.006043051162440345,0.006043051162440345,0.004631031409278817
2021-04-30,0.0052400326577508385,0.0052400326577508385,0.004015646264012652
2021-05-03,0.0018538355383557327,0.0018538355383557327,0.0017254789817187797
2021-05-04,0.008168401654631669,0.008168401654631669,0.008168401654631669
2021-05-05,0.00016025754714060802,0.00016025754714060802,0.00016025754714060802
2021-05-06,0.004525740480602503,0.004525740480602503,0.004525740480602503
2021-05-07,-0.0027928831078697742,-0.0027928831078697742,-0.0027928831078697742
2021-05-10,0.002368602774460133,0.002368602774460133,0.002368602774460133
2021-05-11,0.0027315650377553527,0.0027315650377553527,0.0027315650377553527
2021-05-12,0.002594445146838013,0.002594445146838013,0.002594445146838013
2021-05-13,-0.006318744885736572,-0.006318744885736572,-0.006318744885736572
2021-05-14,-0.005372282585104542,-0.005372282585104542,-0.005372282585104542
2021-05-17,0.009479013047123888,0.009479013047123888,0.009479013047123888
2021-05-18,-0.005323911923880018,-0.005323911923880018,-0.005323911923880018
2021-05-19,0.004565864829213321,0.004565864829213321,0.004565864829213321
2021-05-20,-0.011938807293660675,-0.011938807293660675,-0.011938807293660675
2021-05-21,0.008675918421774453,0.008675918421774453,0.008675918421774453
2021-05-24,0.004701563759746683,0.004701563759746683,0.004701563759746683
2021-05-25,-0.0016208120656229044,-0.0016208120656229044,-0.0016208120656229044
2021-05-26,0.011727350349067226,0.011727350349067226,0.011727350349067226
2021-05-27,-0.005541091285905973,-0.005541091285905973,-0.005541091285905973
2021-05-28,0.0012096967447350517,0.0012096967447350517,0.0012096967447350517
2021-05-31,0.0015034142711190905,0.0015034142711190905,0.0015034142711190905
2021-06-01,-0.0037592386337172035,-0.0018449065457504085,-0.002535074393153193
2021-06-02,0.0016739739502445515,0.0,0.0006251870311838811
2021-06-03,0.008877279884362868,0.0,0.0033154400372134903
2021-06-04,-0.004214096287934815,0.0,-0.0015738586296352407
2021-06-07,0.0067202201648898525,0.0,0.002509832660882062
2021-06-08,0.002186526730054146,0.0,0.0008166125612450821
2021-06-09,-0.009076769525051919,0.0,-0.0033899443843068873
2021-06-10,0.006850388147909367,0.0,0.0025584471180229718
2021-06-11,0.0075854419910025206,0.0,0.0028329711808714863
2021-06-14,-0.002629371736983492,0.0,-0.0009820039970654042
2021-06-15,-0.0048100138674236174,0.0,-0.0017964188088402165
2021-06-16,0.008291612889734203,0.0,0.003096708192801699
2021-06-17,-0.006136659726897347,0.0,-0.002291887562219325
2021-06-18,0.0008373273471690857,0.0,0.0003127206359628467
2021-06-21,-0.006470053154034822,0.0,-0.002416401594769143
2021-06-22,0.003982177024408458,0.0,0.0014872426367058323
2021-06-23,0.005436843980518495,0.0,0.002030524039333912
2021-06-24,0.0034628573366398425,0.0,0.0012932898372707104
2021-06-25,0.0006479801985996975,0.0,0.00024200425375156157
2021-06-28,-0.004790992256894566,0.0,-0.0017893147172781847
2021-06-29,-0.0027228162425216446,0.0,-0.0010169031620071937
2021-06-30,0.005813643952331334,0.0,0.0021712493210465844
2021-07-01,-0.006434610287958787,-0.008125336545883228,-0.007487489864189345
2021-07-02,-0.00012210271961842888,-0.00012210271961842888,-0.00012210271961842888
2021-07-05,0.0050795106859398975,0.0050795106859398975,0.0050795106859398975
2021-07-06,-0.01100278718766062,-0.01100278718766062,-0.01100278718766062
2021-07-07,0.005156169550111155,0.005156169550111155,0.005156169550111155
2021-07-08,-0.0181917688484374,-0.0181917688484374,-0.0181917688484374
2021-07-09,0.008172563971452133,0.008172563971452133,0.008172563971452133
2021-07-12,0.0005908666639586526,0.0005908666639586526,0.0005908666639586526
2021-07-13,0.0018499087938049193,0.0018499087938049193,0.0018499087938049193
2021-07-14,0.004718663172913487,0.004718663172913487,0.004718663172913487
2021-07-15,-0.0010506994154446986,-0.0010506994154446986,-0.0010506994154446986
2021-07-16,0.007227265329596032,0.007227265329596032,0.007227265329596032
2021-07-19,-0.02155214598977917,-0.02155214598977917,-0.02155214598977917
2021-07-20,0.009547237544647844,0.009547237544647844,0.009547237544647844
2021-07-21,0.002051123349098947,0.002051123349098947,0.002051123349098947
2021-07-22,-0.0017663446166664234,-0.0017663446166664234,-0.0017663446166664234
2021-07-23,0.0014955672561022537,0.0014955672561022537,0.0014955672561022537
2021-07-26,-0.003944294516680927,-0.003944294516680927,-0.003944294516680927
2021-07-27,-0.002491481008409833,-0.002491481008409833,-0.002491481008409833
2021-07-28,0.0029756862976490503,0.0029756862976490503,0.0029756862976490503
2021-07-29,0.0050623390188562585,0.0050623390188562585,0.0050623390188562585
2021-07-30,-0.006062995579116257,-0.006062995579116257,-0.006062995579116257
2021-08-02,0.007220664559330406,0.007220664559330406,0.007220664559330406
2021-08-03,-0.0028471812151762534,-0.0026945325406047102,-0.0026945325406047102
2021-08-04,0.0026656939784015492,0.0,0.0
2021-08-05,-0.005992556279595393,0.0,0.0
2021-08-06,0.0059639675772149596,0.0,0.0
2021-08-09,0.0009276871900621968,0.0,0.0
2021-08-10,0.0045396414030703155,0.0,0.0
2021-08-11,-0.0002104791048783347,0.0,0.0
2021-08-12,0.0037531159301745004,0.0,0.0
2021-08-13,-0.007951501053502778,0.0,0.0
2021-08-16,-0.000506064649131594,0.0,0.0
2021-08-17,0.009437423140508753,0.0,0.0
2021-08-18,-0.003577830444706709,0.0,0.0
2021-08-19,-0.0008207250427631082,0.0,0.0
2021-08-20,-0.0027425191837225672,0.0,0.0
2021-08-23,-0.0018233028990518128,0.0,0.0
2021-08-24,0.007898844819139772,0.0,0.0
2021-08-25,0.003433889464839293,0.0,0.0
2021-08-26,0.0019582490681986655,0.0,0.0
2021-08-27,0.005533860255767296,0.0,0.0
2021-08-30,0.009661700595702132,0.0,0.0
2021-08-31,0.009336916278804465,0.0,0.0
2021-09-01,0.0015899348125490275,-0.0004361150374570283,-0.0004361150374570283
2021-09-02,-0.0010410064387391697,-0.0010410064387391697,-0.0010410064387391697
2021-09-03,0.0017533976649109337,0.0017533976649109337,0.0017533976649109337
2021-09-06,0.00490259327243711,0.00490259327243711,0.00490259327243711
2021-09-07,-6.534384967991761e-05,-6.534384967991761e-05,-6.534384967991761e-05
2021-09-08,0.00040990946827669386,0.00040990946827669386,0.00040990946827669386
2021-09-09,0.001776729224798844,0.001776729224798844,0.001776729224798844
2021-09-10,-6.116607294731612e-05,-6.116607294731612e-05,-6.116607294731612e-05
2021-09-13,0.009452632075902492,0.009452632075902492,0.009452632075902492
2021-09-14,-0.006496138122082756,-0.006496138122082756,-0.006496138122082756
2021-09-15,-0.0004320937888337051,-0.0004320937888337051,-0.0004320937888337051
2021-09-16,9.604397807392619e-05,9.604397807392619e-05,9.604397807392619e-05
2021-09-17,0.0002938056592003378,0.0002938056592003378,0.0002938056592003378
2021-09-20,-0.011411685815581685,-0.011411685815581685,-0.011411685815581685
2021-09-21,0.0039647486606877985,0.0039647486606877985,0.0039647486606877985
2021-09-22,0.003185180431227205,0.003185180431227205,0.003185180431227205
2021-09-23,-0.005767750133377913,-0.005767750133377913,-0.005767750133377913
2021-09-24,-0.0064815568539272365,-0.0064815568539272365,-0.0064815568539272365
2021-09-27,0.0025686467754872113,0.0025686467754872113,0.0025686467754872113
2021-09-28,-0.0042864724544829265,-0.0042864724544829265,-0.0042864724544829265
2021-09-29,0.004876694490374931,0.004876694490374931,0.004876694490374931
2021-09-30,-0.005760589321127699,-0.005760589321127699,-0.005760589321127699
2021-10-01,0.010126937075481618,-0.0032969117782784886,-0.0032969117782784886
2021-10-04,-0.013508575137178076,0.0,0.0
2021-10-05,0.002755003075708498,0.0,0.0
2021-10-06,-0.0012234793736969494,0.0,0.0
2021-10-07,-0.0008222381217449996,0.0,0.0
2021-10-08,-0.005701256136555938,0.0,0.0
2021-10-11,-0.007452622111985634,0.0,0.0
2021-10-12,0.006308646607784247,0.0,0.0
2021-10-13,-0.0032526651500611498,0.0,0.0
2021-10-14,-0.003018167263585433,0.0,0.0
2021-10-15,0.010442107069994986,0.0,0.0
2021-10-18,-0.006932889233218036,0.0,0.0
2021-10-19,0.0026223148718021493,0.0,0.0
2021-10-20,0.001922656897014516,0.0,0.0
2021-10-21,-0.021509605591711008,0.0,0.0
2021-10-22,-0.007756160102729365,0.0,0.0
2021-10-25,0.009869116005547445,0.0,0.0
2021-10-26,0.002556776139018711,0.0,0.0
2021-10-27,-0.00941245493037526,0.0,0.0
2021-10-28,-0.021711195215249477,0.0,0.0
2021-10-29,0.005148256659774154,0.0,0.0
2021-11-01,-0.0266130360503886,0.0,0.0
2021-11-02,0.009122896662618526,0.0,0.0
2021-11-03,0.00036953158151140715,0.0,0.0
2021-11-04,-0.0023899196103117533,0.0,0.0
2021-11-05,0.006486796110921566,0.0,0.0
2021-11-08,0.0032414717263850625,0.0,0.0
2021-11-09,0.0027003703765417345,0.0,0.0
2021-11-10,0.0030316378151162013,0.0,0.0
2021-11-11,0.004252607841554093,0.0,0.0
2021-11-12,-0.004068473385279524,0.0,0.0
2021-11-15,0.004322691757654773,0.0,0.0
2021-11-16,-0.007379102625537594,0.0,0.0
2021-11-17,-0.01955231734669182,0.0,0.0
2021-11-18,-0.016222389674220003,0.0,0.0
2021-11-19,6.708813758909277e-05,0.0,0.0
2021-11-22,0.010544833703814673,0.0,0.0
2021-11-23,-0.026629135655868344,0.0,0.0
2021-11-24,0.02217448706550858,0.0,0.0
2021-11-25,-0.0032395464623052434,0.0,0.0
2021-11-26,-0.03245530599204938,0.0,0.0
2021-11-29,-0.018565208843054088,0.0,0.0
2021-11-30,-0.01264535068605208,0.0,0.0
2021-12-01,-0.00480364364099035,0.0,0.0
2021-12-02,0.006601429772707835,0.0,0.0
2021-12-03,-0.0029355637102266643,0.0,0.0
2021-12-06,0.006205453765580399,0.0,0.0
2021-12-07,0.010688848177474324,0.0,0.0
2021-12-08,-4.045555954733902e-06,0.0,0.0
2021-12-09,-0.0035843347958868623,0.0,0.0
2021-12-10,-0.002980737403326679,0.0,0.0
2021-12-13,0.0005763061208490596,0.0,0.0
2021-12-14,-0.01601194312753279,0.0,0.0
2021-12-15,-0.0007471083294734151,0.0,0.0
2021-12-16,-0.0102382669787432,0.0,0.0
2021-12-17,0.005443784550241543,0.0,0.0
2021-12-20,0.02232501287499264,0.0,0.0
2021-12-21,0.004609548858173087,0.0,0.0
2021-12-22,0.006349561226602521,0.0,0.0
2021-12-23,0.005030618242124638,0.0,0.0
2021-12-24,0.010806898264723842,0.0,0.0
2021-12-27,-0.014016807983119993,0.0,0.0
2021-12-28,-0.006790246584028197,0.0,0.0
2021-12-29,-0.015093944648415635,0.0,0.0
2021-12-30,-0.0010158479348889803,0.0,0.0
2021-12-31,-0.00459207550861286,0.0,0.0
2022-01-03,0.00015843725463272505,0.0,0.0
2022-01-04,-0.0018143014738730237,0.0,0.0
2022-01-05,0.0022857676792564377,0.0,0.0
2022-01-06,0.005444271743305046,0.0,0.0
2022-01-07,0.0037616779506177275,0.0,0.0
2022-01-10,-0.0006805703107912019,0.0,0.0
2022-01-11,0.0037563431792877197,0.0,0.0
2022-01-12,0.0029574637650857656,0.0,0.0
2022-01-13,-0.0027822448458504397,0.0,0.0
2022-01-14,0.0033746651665782865,0.0,0.0
2022-01-17,0.0009858826132191872,0.0,0.0
2022-01-18,0.0013463361289459091,0.0,0.0
2022-01-19,0.007887457551139256,0.0,0.0
2022-01-20,0.006873717136411717,0.0,0.0
2022-01-21,1.4494131584211938e-05,0.0,0.0
2022-01-24,-0.005046793715181203,0.0,0.0
2022-01-25,0.006377895287034537,0.0,0.0
2022-01-26,0.001486542327090103,0.0,0.0
2022-01-27,0.005665844516993611,0.0,0.0
2022-01-28,-0.0023428957485779707,0.0,0.0
2022-01-31,0.0066575175910313054,0.0,0.0
2022-02-01,0.0001674874654801395,-0.001065730065589654,-0.001065730065589654
2022-02-02,-0.005958364320457426,-0.005958364320457426,-0.005958364320457426
2022-02-03,-0.002793714010570217,-0.002793714010570217,-0.002793714010570217
2022-02-04,-0.005231408754357228,-0.005231408754357228,-0.005231408754357228
2022-02-07,0.003418297451523804,0.003418297451523804,0.003418297451523804
2022-02-08,0.0040552616218848606,0.0040552616218848606,0.0040552616218848606
2022-02-09,0.008291161180909858,0.008291161180909858,0.008291161180909858
2022-02-10,0.0057696388229736325,0.0057696388229736325,0.0057696388229736325
2022-02-11,0.001563840177343632,0.001563840177343632,0.001563840177343632
2022-02-14,0.004657117811639274,0.004657117811639274,0.004657117811639274
2022-02-15,0.0016238527063425,0.0016238527063425,0.0016238527063425
2022-02-16,0.0034831234630954863,0.0034831234630954863,0.0034831234630954863
2022-02-17,-8.038926900733791e-05,-8.038926900733791e-05,-8.038926900733791e-05
2022-02-18,-0.00034918773177827897,-0.00034918773177827897,-0.00034918773177827897
2022-02-21,0.0018016611894448047,0.0018016611894448047,0.0018016611894448047
2022-02-22,0.0052555179425223565,0.0052555179425223565,0.0052555179425223565
2022-02-23,0.003737583600612123,0.003737583600612123,0.003737583600612123
2022-02-24,-0.013079307559347523,-0.013079307559347523,-0.013079307559347523
2022-02-25,0.00587066775091007,0.00587066775091007,0.00587066775091007
2022-02-28,-0.005857574790551453,-0.005857574790551453,-0.005857574790551453
2022-03-01,0.001439864444652029,-0.0022936923713854623,-0.0022936923713854623
2022-03-02,0.0043303911645376034,0.0,0.0
2022-03-03,0.005253659188197665,0.0,0.0
2022-03-04,-0.00538581466588979,0.0,0.0
2022-03-07,-0.0026434231417890803,0.0,0.0
2022-03-08,0.001550058384198322,0.0,0.0
2022-03-09,0.004814579623079606,0.0,0.0
2022-03-10,0.004034625056964199,0.0,0.0
2022-03-11,0.004615387949787479,0.0,0.0
2022-03-14,0.00021107509394203278,0.0,0.0
2022-03-15,0.0006623162833576507,0.0,0.0
2022-03-16,0.00539124556379044,0.0,0.0
2022-03-17,0.0022897869567499,0.0,0.0
2022-03-18,0.00339744410964799,0.0,0.0
2022-03-21,0.005745656114797005,0.0,0.0
2022-03-22,0.004093444627407098,0.0,0.0
2022-03-23,0.005139389678158621,0.0,0.0
2022-03-24,0.007541532038121197,0.0,0.0
2022-03-25,0.003699971962226247,0.0,0.0
2022-03-28,0.0037275095494015134,0.0,0.0
2022-03-29,-0.003451425533736927,0.0,0.0
2022-03-30,-0.005769813411354576,0.0,0.0
2022-03-31,0.0046702345022026906,0.0,0.0
2022-04-01,0.010930803017306338,0.00942393590850367,0.00942393590850367
2022-04-04,0.014687058040107576,0.014687058040107576,0.014687058040107576
2022-04-05,-0.005640078181032324,-0.005640078181032324,-0.005640078181032324
2022-04-06,-0.006783099345114145,-0.006783099345114145,-0.006783099345114145
2022-04-07,-0.004290856033535421,-0.004290856033535421,-0.004290856033535421
2022-04-08,0.0052246729613166535,0.0052246729613166535,0.0052246729613166535
2022-04-11,0.006110583844484833,0.006110583844484833,0.006110583844484833
2022-04-12,0.012079747172704927,0.012079747172704927,0.012079747172704927
2022-04-13,-0.0006091070820165693,-0.0006091070820165693,-0.0006091070820165693
2022-04-14,0.0006008812300368332,0.0006008812300368332,0.0006008812300368332
2022-04-15,0.0030356532590900902,0.0030356532590900902,0.0030356532590900902
2022-04-18,0.0035953818897117573,0.0035953818897117573,0.0035953818897117573
2022-04-19,0.00023925020961355035,0.00023925020961355035,0.00023925020961355035
2022-04-20,-0.005558029024832353,-0.005558029024832353,-0.005558029024832353
2022-04-21,0.0008277017093201524,0.0008277017093201524,0.0008277017093201524
2022-04-22,-0.006277189463810605,-0.006277189463810605,-0.006277189463810605
2022-04-25,-0.008324055063919936,-0.008324055063919936,-0.008324055063919936
2022-04-26,-0.0069606338637621945,-0.0069606338637621945,-0.0069606338637621945
2022-04-27,0.009811435406342647,0.009811435406342647,0.009811435406342647
2022-04-28,0.00785383063174565,0.00785383063174565,0.00785383063174565
2022-04-29,-0.0013061901447705125,-0.0013061901447705125,-0.0013061901447705125
2022-05-02,-0.005272240396622194,-0.005272240396622194,-0.005272240396622194
2022-05-03,0.00762944610745045,-0.0029421097937442128,-0.0029421097937442128
2022-05-04,-0.0024902140064065746,0.0,0.0
2022-05-05,0.005249379779060829,0.0,0.0
2022-05-06,0.002878570897514817,0.0,0.0
2022-05-09,-0.009138083545334396,0.0,0.0
2022-05-10,0.002651470950775364,0.0,0.0
2022-05-11,-0.000721060030774401,0.0,0.0
2022-05-12,0.004391843547177899,0.0,0.0
2022-05-13,-0.0009008165466952581,0.0,0.0
2022-05-16,0.0037288677614895267,0.0,0.0
2022-05-17,-0.00823367874798256,0.0,0.0
2022-05-18,-0.0034616131636867344,0.0,0.0
2022-05-19,-0.003460893422542184,0.0,0.0
2022-05-20,0.012119228412828462,0.0,0.0
2022-05-23,-0.007087250680896548,0.0,0.0
2022-05-24,-0.008898090213718431,0.0,0.0
2022-05-25,0.0013272067314705595,0.0,0.0
2022-05-26,0.006326645989151509,0.0,0.0
2022-05-27,0.005504753373555425,0.0,0.0
2022-05-30,-0.006892390241662947,0.0,0.0
2022-05-31,0.004305138253467884,0.0,0.0
2022-06-01,0.006048356709153158,0.0036771660034856024,0.0036771660034856024
2022-06-02,-0.00012722400225756425,-0.00012722400225756425,-0.00012722400225756425
2022-06-03,0.010508107817142148,0.010508107817142148,0.010508107817142148
2022-06-06,0.001749578568113262,0.001749578568113262,0.001749578568113262
2022-06-07,-0.00597251987602381,-0.00597251987602381,-0.00597251987602381
2022-06-08,-0.003932222646884974,-0.003932222646884974,-0.003932222646884974
2022-06-09,0.005644564957645091,0.005644564957645091,0.005644564957645091
2022-06-10,-0.006952554372800374,-0.006952554372800374,-0.006952554372800374
2022-06-13,-0.0075181631481515895,-0.0075181631481515895,-0.0075181631481515895
2022-06-14,-0.00042489723485493653,-0.00042489723485493653,-0.00042489723485493653
2022-06-15,0.0063584144403621605,0.0063584144403621605,0.0063584144403621605
2022-06-16,-0.0218801823967604,-0.0218801823967604,-0.0218801823967604
2022-06-17,0.0071156342363254315,0.0071156342363254315,0.0071156342363254315
2022-06-20,-0.003053268109183426,-0.003053268109183426,-0.003053268109183426
2022-06-21,0.010106927097738687,0.010106927097738687,0.010106927097738687
2022-06-22,-0.007265632382910265,-0.007265632382910265,-0.007265632382910265
2022-06-23,-0.00733933678327866,-0.00733933678327866,-0.00733933678327866
2022-06-24,0.0027615559784990324,0.0027615559784990324,0.0027615559784990324
2022-06-27,0.008531139025711223,0.008531139025711223,0.008531139025711223
2022-06-28,0.004088849727151666,0.004088849727151666,0.004088849727151666
2022-06-29,0.0067872978554409345,0.0067872978554409345,0.0067872978554409345
2022-06-30,-0.0019562406340084284,-0.0019562406340084284,-0.0019562406340084284
2022-07-01,-0.00853560420538234,-0.00853560420538234,-0.008203926951813354
2022-07-04,0.0011013683859016964,0.0011013683859016964,0.0009441062300299526
2022-07-05,-0.013155825733744422,-0.013155825733744422,-0.011277332085619794
2022-07-06,-0.012529686703013857,-0.012529686703013857,-0.010740598175926468
2022-07-07,0.009658987741440741,0.009658987741440741,0.008279800491105691
2022-07-08,-0.002541363099639053,-0.002541363099639053,-0.0021784870220086516
2022-07-11,-0.015094832977295582,-0.015094832977295582,-0.012939472421354155
2022-07-12,-0.010822349743134712,-0.010822349743134712,-0.009277048394385734
2022-07-13,0.010737075825940896,0.010737075825940896,0.00920395056670855
2022-07-14,-0.005673729117142509,-0.005673729117142509,-0.004863588855068785
2022-07-15,0.030807690109612502,0.030807690109612502,0.02640872258332045
2022-07-18,0.00655120039641326,0.00655120039641326,0.005615767791777261
2022-07-19,-0.0014062946174856316,-0.0014062946174856316,-0.001205492664054258
2022-07-20,0.00015791133538956058,0.00015791133538956058,0.00013536349639414868
2022-07-21,-0.004009414652520255,-0.004009414652520255,-0.003436918474029643
2022-07-22,-0.013494650813190548,-0.013494650813190548,-0.011567777019840048
2022-07-25,0.011248755723330959,0.011248755723330959,0.009642568730341007
2022-07-26,0.009046837842997008,0.009046837842997008,0.007755058233900101
2022-07-27,0.006949323553792872,0.006949323553792872,0.005957043751767305
2022-07-28,0.0030419784594592357,0.0030419784594592357,0.0026076205309280786
2022-07-29,0.003944475903324673,0.003944475903324673,0.003381252196995818
2022-08-01,0.00035683785318450355,0.00035683785318450355,0.00030588570056529066
2022-08-02,-0.00214736398555325,-0.002392909546246037,-0.0020512308501205467
2022-08-03,0.003952059490273638,0.0,0.0
2022-08-04,-0.0007327733268046384,0.0,0.0
2022-08-05,0.00818884814113967,0.0,0.0
2022-08-08,0.0016108951962859816,0.0,0.0
2022-08-09,0.00010992583977265644,0.0,0.0
2022-08-10,0.0008270337626718172,0.0,0.0
2022-08-11,-0.00407704087441476,0.0,0.0
2022-08-12,0.009599903529473618,0.0,0.0
2022-08-15,-0.0034750659064147005,0.0,0.0
2022-08-16,-0.0007920182058721301,0.0,0.0
2022-08-17,-0.002073533422391184,0.0,0.0
2022-08-18,-0.005780039413973814,0.0,0.0
2022-08-19,0.0017129298182540112,0.0,0.0
2022-08-22,0.001023508026138048,0.0,0.0
2022-08-23,-0.0011488063032745908,0.0,0.0
2022-08-24,0.00280128261675855,0.0,0.0
2022-08-25,0.002313787796119355,0.0,0.0
2022-08-26,0.006638668363867827,0.0,0.0
2022-08-29,0.0105813822331944,0.0,0.0
2022-08-30,0.0032675855962307847,0.0,0.0
2022-08-31,-0.0006084172597030702,0.0,0.0
2022-09-01,0.005102495385753175,0.004250017570454099,0.004250017570454099
2022-09-02,0.008726280099952109,0.008726280099952109,0.008726280099952109
2022-09-05,0.00042900891985295323,0.00042900891985295323,0.00042900891985295323
2022-09-06,-0.0003695936629649629,-0.0003695936629649629,-0.0003695936629649629
2022-09-07,0.004480720019981494,0.004480720019981494,0.004480720019981494
2022-09-08,0.001734449644713341,0.001734449644713341,0.001734449644713341
2022-09-09,-0.007797100184106391,-0.007797100184106391,-0.007797100184106391
2022-09-12,-0.002321924160876066,-0.002321924160876066,-0.002321924160876066
2022-09-13,0.003792095679142543,0.003792095679142543,0.003792095679142543
2022-09-14,-0.002322410726511312,-0.002322410726511312,-0.002322410726511312
2022-09-15,-0.0041330663725359556,-0.0041330663725359556,-0.0041330663725359556
2022-09-16,0.0021007346860043847,0.0021007346860043847,0.0021007346860043847
2022-09-19,0.008722530272130585,0.008722530272130585,0.008722530272130585
2022-09-20,0.0029866322322730605,0.0029866322322730605,0.0029866322322730605
2022-09-21,0.0018835586689481866,0.0018835586689481866,0.0018835586689481866
2022-09-22,0.005078219892562621,0.005078219892562621,0.005078219892562621
2022-09-23,-0.0038270409419651104,-0.0038270409419651104,-0.0038270409419651104
2022-09-26,-0.002581774851524913,-0.002581774851524913,-0.002581774851524913
2022-09-27,0.0018139289855155726,0.0018139289855155726,0.0018139289855155726
2022-09-28,-0.0035159665418343605,-0.0035159665418343605,-0.0035159665418343605
2022-09-29,-0.00400144089693705,-0.00400144089693705,-0.00400144089693705
2022-09-30,0.0017459644950016699,0.0017459644950016699,0.0017459644950016699
2022-10-03,0.01187827162713743,0.01187827162713743,0.01187827162713743
2022-10-04,-0.009706448177245964,-0.009706448177245964,-0.009706448177245964
2022-10-05,0.0012366698429810733,0.0012366698429810733,0.0012366698429810733
2022-10-06,0.004497745645092609,0.004497745645092609,0.004497745645092609
2022-10-07,0.005842635015395835,0.005842635015395835,0.005842635015395835
2022-10-10,0.0070261989191809536,0.0070261989191809536,0.0070261989191809536
2022-10-11,-0.003970298846638168,-0.003970298846638168,-0.003970298846638168
2022-10-12,0.0018891909222161988,0.0018891909222161988,0.0018891909222161988
2022-10-13,0.0007499195462139323,0.0007499195462139323,0.0007499195462139323
2022-10-14,0.005745504249739889,0.005745504249739889,0.005745504249739889
2022-10-17,-0.005115869294415219,-0.005115869294415219,-0.005115869294415219
2022-10-18,-0.002822572890576571,-0.002822572890576571,-0.002822572890576571
2022-10-19,0.003920113053238452,0.003920113053238452,0.003920113053238452
2022-10-20,0.004686310675323565,0.004686310675323565,0.004686310675323565
2022-10-21,-0.0061367269289384335,-0.0061367269289384335,-0.0061367269289384335
2022-10-24,-0.002343132496834683,-0.002343132496834683,-0.002343132496834683
2022-10-25,-0.00867849301639263,-0.00867849301639263,-0.00867849301639263
2022-10-26,-0.006651172783823857,-0.006651172783823857,-0.006651172783823857
2022-10-27,0.01101037610684104,0.01101037610684104,0.01101037610684104
2022-10-28,0.0052784685115842694,0.0052784685115842694,0.0052784685115842694
2022-10-31,0.0073677508322662864,0.0073677508322662864,0.0073677508322662864
2022-11-01,-0.00035502086240409925,-0.00035502086240409925,-0.00035502086240409925
2022-11-02,0.00282722117799527,0.00282722117799527,0.00282722117799527
2022-11-03,0.01153765862048585,0.01153765862048585,0.01153765862048585
2022-11-04,-0.009910398010604895,-0.009910398010604895,-0.009910398010604895
2022-11-07,-0.00042402893838486885,-0.00042402893838486885,-0.00042402893838486885
2022-11-08,-0.007400793986212438,-0.007400793986212438,-0.007400793986212438
2022-11-09,-0.0021987622743382786,-0.0021987622743382786,-0.0021987622743382786
2022-11-10,-0.019708889908742373,-0.019708889908742373,-0.019708889908742373
2022-11-11,-0.030697863382455507,-0.030697863382455507,-0.030697863382455507
2022-11-14,0.00724376899983413,0.00724376899983413,0.00724376899983413
2022-11-15,-0.003916179475595938,-0.003916179475595938,-0.003916179475595938
2022-11-16,-0.0010384209505656054,-0.0010384209505656054,-0.0010384209505656054
2022-11-17,0.006542869716844237,0.006542869716844237,0.006542869716844237
2022-11-18,-0.0002379810678234031,-0.0002379810678234031,-0.0002379810678234031
2022-11-21,0.011173464728722809,0.011173464728722809,0.011173464728722809
2022-11-22,-0.0025028755444988075,-0.0025028755444988075,-0.0025028755444988075
2022-11-23,-0.0070846922110503335,-0.0070846922110503335,-0.0070846922110503335
2022-11-24,-0.005878752286859036,-0.005878752286859036,-0.005878752286859036
2022-11-25,0.003056871227056536,0.003056871227056536,0.003056871227056536
2022-11-28,0.005341987043910817,0.005341987043910817,0.005341987043910817
2022-11-29,0.0062341684458394764,0.0062341684458394764,0.0062341684458394764
2022-11-30,-0.003686780452531495,-0.003686780452531495,-0.003686780452531495
2022-12-01,-0.00947684070513605,-0.00947684070513605,-0.00947684070513605
2022-12-02,-0.0062908096970218,-0.0062908096970218,-0.0062908096970218
2022-12-05,-0.00463349046424504,-0.00463349046424504,-0.00463349046424504
2022-12-06,0.0031403741323603627,0.0031403741323603627,0.0031403741323603627
2022-12-07,0.001196119511736689,0.001196119511736689,0.001196119511736689
2022-12-08,-0.002722916273907874,-0.002722916273907874,-0.002722916273907874
2022-12-09,-0.0035637106074418675,-0.0035637106074418675,-0.0035637106074418675
2022-12-12,0.002321977369433743,0.002321977369433743,0.002321977369433743
2022-12-13,0.0019052212486521118,0.0019052212486521118,0.0019052212486521118
2022-12-14,-0.0022147292238637747,-0.0022147292238637747,-0.0022147292238637747
2022-12-15,0.005497901233632458,0.005497901233632458,0.005497901233632458
2022-12-16,-0.0010342694790622575,-0.0010342694790622575,-0.0010342694790622575
2022-12-19,0.0010609985282102339,0.0010609985282102339,0.0010609985282102339
2022-12-20,-0.00615185953331503,-0.00615185953331503,-0.00615185953331503
2022-12-21,0.0046591540733602445,0.0046591540733602445,0.0046591540733602445
2022-12-22,0.0048950710327878505,0.0048950710327878505,0.0048950710327878505
2022-12-23,0.0057313741717503865,0.0057313741717503865,0.0057313741717503865
2022-12-26,-0.0022624317301606638,-0.0022624317301606638,-0.0022624317301606638
2022-12-27,-0.003983417741792181,-0.003983417741792181,-0.003983417741792181
2022-12-28,0.004875532724735291,0.004875532724735291,0.004875532724735291
2022-12-29,-0.003912696929065582,-0.003912696929065582,-0.003912696929065582
2022-12-30,-0.004382496365441565,-0.004382496365441565,-0.004382496365441565
2023-01-02,0.0008990994730159934,0.0008990994730159934,0.0008990994730159934
2023-01-03,0.004258396963653951,-0.0024321343241850406,-0.0024321343241850406
2023-01-04,-0.0014305555189293062,0.0,0.0
2023-01-05,0.004424825612429837,0.0,0.0
2023-01-06,0.005125183687750824,0.0,0.0
2023-01-09,-0.01021520585862359,0.0,0.0
2023-01-10,0.0031257905756087944,0.0,0.0
2023-01-11,0.005950609526512807,0.0,0.0
2023-01-12,-0.002020450146957418,0.0,0.0
2023-01-13,-0.0034416389672628656,0.0,0.0
2023-01-16,0.0007751595517643999,0.0,0.0
2023-01-17,0.0026688467388726717,0.0,0.0
2023-01-18,-0.005206854599070425,0.0,0.0
2023-01-19,0.0007992379802021199,0.0,0.0
2023-01-20,0.005886880131330992,0.0,0.0
2023-01-23,0.0018227419738073053,0.0,0.0
2023-01-24,0.005929467721687389,0.0,0.0
2023-01-25,0.00030353678266950264,0.0,0.0
2023-01-26,0.0007101485312646875,0.0,0.0
2023-01-27,-0.0014223732224082743,0.0,0.0
2023-01-30,-0.0011747291958252453,0.0,0.0
2023-01-31,-0.0013967936063546801,0.0,0.0
2023-02-01,-0.000389880013909587,0.0,-0.0006645321277197248
2023-02-02,0.004250382923290497,0.0,0.001785765447108742
2023-02-03,0.0006746185340299027,0.0,0.0002834357491529515
2023-02-06,-0.005502060505127221,0.0,-0.002311648083309961
2023-02-07,0.0017385634184537522,0.0,0.0007304439473604993
2023-02-08,0.0017796612557578512,0.0,0.0007477108852183567
2023-02-09,0.002454892624418258,0.0,0.001031404112092186
2023-02-10,0.005503788837185774,0.0,0.0023123742286307453
2023-02-13,0.0064466382596577365,0.0,0.0027085051069219183
2023-02-14,0.0036028450666960687,0.0,0.0015137074347200657
2023-02-15,-0.00021715233752294375,0.0,-9.123487180001189e-05
2023-02-16,0.0013847486839102525,0.0,0.0005817914285101282
2023-02-17,0.007763409617509277,0.0,0.0032617363886750773
2023-02-20,-0.0017731933797508824,0.0,-0.0007449934572364829
2023-02-21,0.00202415170068377,0.0,0.0008504316509885492
2023-02-22,0.008156565003821295,0.0,0.003426917577497745
2023-02-23,0.003363256095227949,0.0,0.0014130459850394649
2023-02-24,0.0056631858846679616,0.0,0.00237934366289162
2023-02-27,0.004703467392382606,0.0,0.0019761253756442913
2023-02-28,-0.0007688785352860118,0.0,-0.00032303835821794217
2023-03-01,0.002444177436681707,0.0,-0.0008113055903210914
2023-03-02,0.005504433433168543,0.0,1.6326708734553388e-05
2023-03-03,0.0013592610340582819,0.0,4.0317063085133506e-06
2023-03-06,0.004623390120944452,0.0,1.3713444769086794e-05
2023-03-07,0.002235349680921642,0.0,6.630274233196822e-06
2023-03-08,0.009775050015351469,0.0,2.8993791350923282e-05
2023-03-09,-0.01227366320852745,0.0,-3.6404931905277134e-05
2023-03-10,-0.02016598650079293,0.0,-5.981436453739748e-05
2023-03-13,-0.03396177491097213,0.0,-0.00010073407441694221
2023-03-14,0.01420298716435541,0.0,4.212750275000569e-05
2023-03-15,-0.010241962738878879,0.0,-3.0378701920565853e-05
2023-03-16,0.009578755727783703,0.0,2.841156255330282e-05
2023-03-17,-0.012444694667363268,0.0,-3.691222858653626e-05
2023-03-20,0.005761624770771206,0.0,1.7089564368847383e-05
2023-03-21,0.006504396699091298,0.0,1.9292701363258084e-05
2023-03-22,-0.0030989647480406278,0.0,-9.191844253221026e-06
2023-03-23,-0.003840949829579084,0.0,-1.1392647380145e-05
2023-03-24,0.011054363612088393,0.0,3.278836543882434e-05
2023-03-27,0.006035553504947964,0.0,1.790206482166045e-05
2023-03-28,0.006852030342121243,0.0,2.032381806309516e-05
2023-03-29,0.014288739953112736,0.0,4.2381854232717805e-05
2023-03-30,-0.0017408590867467606,0.0,-5.163564897696293e-06
2023-03-31,0.00518730997370016,0.0,1.538608833855854e-05
2023-04-03,0.0013955341489970108,0.0,-9.655772785920747e-06
2023-04-04,-0.003801580588335403,0.0,0.0
2023-04-05,-0.001955227054073408,0.0,0.0
2023-04-06,0.0017596468427277278,0.0,0.0
2023-04-07,0.0037459347685821365,0.0,0.0
2023-04-10,0.0063759215145507385,0.0,0.0
2023-04-11,0.003560725887312778,0.0,0.0
2023-04-12,0.0068576250712625705,0.0,0.0
2023-04-13,-7.682833691543796e-05,0.0,0.0
2023-04-14,0.003761850142899388,0.0,0.0
2023-04-17,0.002682119576211975,0.0,0.0
2023-04-18,-0.0025161249595129554,0.0,0.0
2023-04-19,-0.003487275136402245,0.0,0.0
2023-04-20,0.00102680835896748,0.0,0.0
2023-04-21,0.004128600644594037,0.0,0.0
2023-04-24,0.003445141345766874,0.0,0.0
2023-04-25,-0.0006005652383777259,0.0,0.0
2023-04-26,0.0008720308783374787,0.0,0.0
2023-04-27,0.002356742171708862,0.0,0.0
2023-04-28,0.0038183360674543883,0.0,0.0
2023-05-01,0.006499509831545449,0.0,0.0
2023-05-02,-0.0031000958762110583,-0.0040978119101324085,-0.0040978119101324085
2023-05-03,0.00032310734177347237,0.00032310734177347237,0.00032310734177347237
2023-05-04,0.006094518769559982,0.006094518769559982,0.006094518769559982
2023-05-05,0.012804814976781997,0.012804814976781997,0.012804814976781997
2023-05-08,0.00021161110457226144,0.00021161110457226144,0.00021161110457226144
2023-05-09,0.003323572105553768,0.003323572105553768,0.003323572105553768
2023-05-10,0.00904139827032841,0.00904139827032841,0.00904139827032841
2023-05-11,0.00343932326233804,0.00343932326233804,0.00343932326233804
2023-05-12,0.010480132564527489,0.010480132564527489,0.010480132564527489
2023-05-15,0.008173708036545076,0.008173708036545076,0.008173708036545076
2023-05-16,-0.0009922101196952987,-0.0009922101196952987,-0.0009922101196952987
2023-05-17,0.007225292201910514,0.007225292201910514,0.007225292201910514
2023-05-18,-9.16962310600736e-05,-9.16962310600736e-05,-9.16962310600736e-05
2023-05-19,-0.004870027200979704,-0.004870027200979704,-0.004870027200979704
2023-05-22,0.005979277962888429,0.005979277962888429,0.005979277962888429
2023-05-23,0.00419862945345102,0.00419862945345102,0.00419862945345102
2023-05-24,0.009977431041894823,0.009977431041894823,0.009977431041894823
2023-05-25,0.00013230322642654273,0.00013230322642654273,0.00013230322642654273
2023-05-26,0.007776717973354161,0.007776717973354161,0.007776717973354161
2023-05-29,-0.0008513046091658412,-0.0008513046091658412,-0.0008513046091658412
2023-05-30,-0.007574811214387815,-0.007574811214387815,-0.007574811214387815
2023-05-31,-0.007013469821348792,-0.007013469821348792,-0.007013469821348792
2023-06-01,0.005573832148033817,0.005573832148033817,0.005573832148033817
2023-06-02,0.0011838189911157003,0.0011838189911157003,0.0011838189911157003
2023-06-05,-0.0011242374432495214,-0.0011242374432495214,-0.0011242374432495214
2023-06-06,-0.0010728142105923778,-0.0010728142105923778,-0.0010728142105923778
2023-06-07,-0.03526709096040918,-0.03526709096040918,-0.03526709096040918
2023-06-08,0.004856153425738922,0.004856153425738922,0.004856153425738922
2023-06-09,-0.00217579754000914,-0.00217579754000914,-0.00217579754000914
2023-06-12,-0.0002605796172214241,-0.0002605796172214241,-0.0002605796172214241
2023-06-13,0.0024142657403587514,0.0024142657403587514,0.0024142657403587514
2023-06-14,0.008090890917711275,0.008090890917711275,0.008090890917711275
2023-06-15,-0.003226702514062538,-0.003226702514062538,-0.003226702514062538
2023-06-16,0.002235795392441572,0.002235795392441572,0.002235795392441572
2023-06-19,0.008321770770034985,0.008321770770034985,0.008321770770034985
2023-06-20,0.0012484180635655455,0.0012484180635655455,0.0012484180635655455
2023-06-21,0.006315878486254798,0.006315878486254798,0.006315878486254798
2023-06-22,-0.023016618271318734,-0.023016618271318734,-0.023016618271318734
2023-06-23,-0.0069337600896555536,-0.0069337600896555536,-0.0069337600896555536
2023-06-26,-0.010943332076732525,-0.010943332076732525,-0.010943332076732525
2023-06-27,-0.002853488800919582,-0.002853488800919582,-0.002853488800919582
2023-06-28,0.0028469999399783853,0.0028469999399783853,0.0028469999399783853
2023-06-29,0.0006246057578456689,0.0006246057578456689,0.0006246057578456689
2023-06-30,0.0017774408504874879,0.0017774408504874879,0.0017774408504874879
2023-07-03,-0.003106714667074563,-0.0032505046714186355,-0.0032505046714186355
2023-07-04,-0.0065234475220707815,0.0,0.0
2023-07-05,-0.001756656992724815,0.0,0.0
2023-07-06,-0.012243277213455936,0.0,0.0
2023-07-07,0.00596199854789566,0.0,0.0
2023-07-10,0.0028779947736175342,0.0,0.0
2023-07-11,-0.0025970663566279454,0.0,0.0
2023-07-12,0.006040213673582952,0.0,0.0
2023-07-13,-0.0018101389569345698,0.0,0.0
2023-07-14,0.0021461245644118477,0.0,0.0
2023-07-17,0.002443735901899396,0.0,0.0
2023-07-18,-0.0032628123875681285,0.0,0.0
2023-07-19,0.0022233029643401537,0.0,0.0
2023-07-20,-0.007943970140425933,0.0,0.0
2023-07-21,0.005568965076437934,0.0,0.0
2023-07-24,0.007375432666159906,0.0,0.0
2023-07-25,-0.008557592153223855,0.0,0.0
2023-07-26,0.0003884138982715616,0.0,0.0
2023-07-27,-0.003844689085666455,0.0,0.0
2023-07-28,0.009135614667055494,0.0,0.0
2023-07-31,-0.003259373602599739,0.0,0.0
2023-08-01,-0.00268412165856472,-0.0034454599334920065,-0.002229925844688534
2023-08-02,-0.006874641630375919,-0.006874641630375919,-0.004449316300424931
2023-08-03,-0.017316420339682392,-0.017316420339682392,-0.01120730874783732
2023-08-04,0.014454214961903905,0.014454214961903905,0.009354869344124384
2023-08-07,0.002395671120576891,0.002395671120576891,0.0015504951589246927
2023-08-08,0.0029912990560852686,0.0029912990560852686,0.0019359897381237188
2023-08-09,0.0052456926543849305,0.0052456926543849305,0.0033950490933296724
2023-08-10,0.007635604555565994,0.007635604555565994,0.004941816845050715
2023-08-11,0.003521572842775217,0.003521572842775217,0.0022791866536374986
2023-08-14,-0.004731987295969174,-0.004731987295969174,-0.0030625753808505144
2023-08-15,-0.004091549247819986,-0.004091549247819986,-0.0026480793823315794
2023-08-16,-0.0004814067791577361,-0.0004814067791577361,-0.0003115698453541719
2023-08-17,0.001890073356519487,0.001890073356519487,0.0012232687384027554
2023-08-18,0.0012206066537630864,0.0012206066537630864,0.0007899851909368923
2023-08-21,-0.0008434096834556653,-0.0008434096834556653,-0.0005458606650788169
2023-08-22,0.0028817721393179785,0.0028817721393179785,0.0018651031490752449
2023-08-23,0.00710974062920691,0.00710974062920691,0.004601474022085703
2023-08-24,0.004473899440242157,0.004473899440242157,0.002895539109700895
2023-08-25,-0.00045101684402503546,-0.00045101684402503546,-0.0002919012660994619
2023-08-28,0.001813513283864697,0.001813513283864697,0.001173718522182096
2023-08-29,0.0006036515417512469,0.0006036515417512469,0.00039068751345858844
2023-08-30,0.002026046815033051,0.002026046815033051,0.0013112717148366663
2023-08-31,-0.011929029786874901,-0.011929029786874901,-0.007720551780398002
2023-09-01,-0.002188785217033422,-0.0022344332571313155,-0.001446140882346226
2023-09-04,0.0037250227786070227,0.0,0.0
2023-09-05,-0.004836956361815318,0.0,0.0
2023-09-06,-0.0019119400173465177,0.0,0.0
2023-09-07,0.0038380909256042254,0.0,0.0
2023-09-08,0.0022191426848713696,0.0,0.0
2023-09-11,0.009743625439877059,0.0,0.0
2023-09-12,0.0013213880172027513,0.0,0.0
2023-09-13,0.007722410601603103,0.0,0.0
2023-09-14,0.0032811123424432214,0.0,0.0
2023-09-15,0.0029903188361550476,0.0,0.0
2023-09-18,-0.0001863135048450125,0.0,0.0
2023-09-19,0.004185024444429128,0.0,0.0
2023-09-20,-3.452086309017924e-05,0.0,0.0
2023-09-21,-0.0051119910091253105,0.0,0.0
2023-09-22,-0.002896322452984108,0.0,0.0
2023-09-25,-0.0069571133969013885,0.0,0.0
2023-09-26,-0.0003938694546858598,0.0,0.0
2023-09-27,-0.0035169186522046735,0.0,0.0
2023-09-28,0.004047293128400268,0.0,0.0
2023-09-29,0.002690531220849399,0.0,0.0
2023-10-02,-0.005388967415326329,0.0,0.0
2023-10-03,-0.016708429067316257,-0.017704729163725254,-0.015109735245288986
2023-10-04,0.0025395140206730003,0.0025395140206730003,0.0021672957631391774
2023-10-05,-0.014081800771957262,-0.014081800771957262,-0.012017821875362189
2023-10-06,0.005305907314256534,0.005305907314256534,0.004528216953395621
2023-10-09,-0.0013120019889417927,-0.0013120019889417927,-0.0011197009855886373
2023-10-10,0.01317966747347865,0.01317966747347865,0.011247914853915103
2023-10-11,-0.0007713598077986802,-0.0007713598077986802,-0.0006583010881959582
2023-10-12,-0.00337799781431712,-0.00337799781431712,-0.002882882429970879
2023-10-13,-0.0025305614757530686,-0.0025305614757530686,-0.002159655398677185
2023-10-16,0.008882169072552935,0.008882169072552935,0.007580303649329041
2023-10-17,0.0006834278565704798,0.0006834278565704798,0.0005832573814906355
2023-10-18,-0.00863281914750283,-0.00863281914750283,-0.007367501108488197
2023-10-19,0.003307489034380767,0.003307489034380767,0.0028227081687633455
2023-10-20,0.004589150792735781,0.004589150792735781,0.003916515911523591
2023-10-23,0.006232953745557271,0.006232953745557271,0.005319385573232154
2023-10-24,-0.0038299516365369133,-0.0038299516365369133,-0.0032685930801416275
2023-10-25,0.0015272332145491155,0.0015272332145491155,0.0013033856274361284
2023-10-26,0.0119955888274199,0.0119955888274199,0.010237387401837236
2023-10-27,-0.0014543553541190443,-0.0014543553541190443,-0.0012411895234371111
2023-10-30,-0.0012588582921789458,-0.0012588582921789458,-0.001074346595774657
2023-10-31,0.003763707156841292,0.003763707156841292,0.0032120580978548855
2023-11-01,0.009711665018644766,0.009711665018644766,0.008114806807554173
2023-11-02,0.005071412416448642,0.005071412416448642,0.004230049817576433
2023-11-03,0.0014906117761813607,0.0014906117761813607,0.0012433147916470788
2023-11-06,-0.007161910981594572,-0.007161910981594572,-0.005973728372579808
2023-11-07,0.005355360709097079,0.005355360709097079,0.004466890233004484
2023-11-08,-0.0037515690670739646,-0.0037515690670739646,-0.0031291724562433495
2023-11-09,-0.001345812166760069,-0.001345812166760069,-0.001122537873676247
2023-11-10,0.00991446546693835,0.00991446546693835,0.008269625776000057
2023-11-13,0.001080254986803509,0.001080254986803509,0.0009010374299363575
2023-11-14,0.00645123328080965,0.00645123328080965,0.005380954243461347
2023-11-15,-0.00892217768745889,-0.00892217768745889,-0.007441961528667999
2023-11-16,-0.0017742195597212217,-0.0017742195597212217,-0.0014798711894535377
2023-11-17,-0.009182368848914178,-0.009182368848914178,-0.007658986192542541
2023-11-20,0.0035377274637370774,0.0035377274637370774,0.002950807819154953
2023-11-21,-0.009002628333981886,-0.009002628333981886,-0.007509065170553789
2023-11-22,0.003120541667874229,0.003120541667874229,0.0026028344037093013
2023-11-23,0.0035322992465759095,0.0035322992465759095,0.002946280159574775
2023-11-24,0.0029551689990949506,0.0029551689990949506,0.0024648975589098045
2023-11-27,0.0005093546948140478,0.0005093546948140478,0.0004248512163774413
2023-11-28,0.0016763004862529235,0.0016763004862529235,0.0013981971852809728
2023-11-29,-0.010594454202481706,-0.010594454202481706,-0.008836802331669228
2023-11-30,-0.002500016780979769,-0.002500016780979769,-0.0020852564650474604
2023-12-01,0.0009621426887170327,-0.002333364545053236,-0.0014248503040096372
2023-12-04,-0.005617985842150226,0.0,-0.0007269719849669608
2023-12-05,0.005541786266076349,0.0,0.0007171116972003996
2023-12-06,0.003152834083271861,0.0,0.0004079793214484828
2023-12-07,-0.006323872420502327,0.0,-0.0008183142883198925
2023-12-08,0.0041128686854562,0.0,0.0005322085879501218
2023-12-11,0.0014022665722905681,0.0,0.00018145444687000536
2023-12-12,-0.0014600349239096812,0.0,-0.0001889297190449068
2023-12-13,0.002253428286461117,0.0,0.00029159547218836324
2023-12-14,-0.004626381065252773,0.0,-0.0005986575119123338
2023-12-15,-0.002302967109491066,0.0,-0.00029800583660060715
2023-12-18,0.004690469694013304,0.0,0.0006069506331434871
2023-12-19,0.0017814714612981936,0.0,0.00023052387114707665
2023-12-20,-0.0036864581449120486,0.0,-0.0004770307135695108
2023-12-21,0.0013647120274724285,0.0,0.000176594857907331
2023-12-22,0.0014440314290798126,0.0,0.00018685885366187392
2023-12-25,-0.00018573319965873832,0.0,-2.4034028675746735e-05
2023-12-26,-0.0016060632904176665,0.0,-0.00020782590968058167
2023-12-27,-0.0027652692738852247,0.0,-0.0003578281166039885
2023-12-28,-0.008362258231612029,0.0,-0.0010820830874708257
2023-12-29,-0.0036546814208943995,0.0,-0.00047291877936676884
2024-01-01,-0.00035638702719656694,0.0,-4.6116774206465596e-05
2024-01-02,0.004222312940554014,0.0,-0.00034584195998605587
2024-01-03,0.00527393691969526,0.0,0.0
2024-01-04,0.007480515173557022,0.0,0.0
2024-01-05,0.00920754154602832,0.0,0.0
2024-01-08,0.0006659237353768689,0.0,0.0
2024-01-09,-0.0026864763604009636,0.0,0.0
2024-01-10,0.004932310804039046,0.0,0.0
2024-01-11,0.002469655172467181,0.0,0.0
2024-01-12,0.002412163643965505,0.0,0.0
2024-01-15,0.004311844185120217,0.0,0.0
2024-01-16,-0.00021282736190321927,0.0,0.0
2024-01-17,0.004300384783281571,0.0,0.0
2024-01-18,0.004583369771070621,0.0,0.0
2024-01-19,0.000831006039600117,0.0,0.0
2024-01-22,-0.0036615854912350533,0.0,0.0
2024-01-23,-0.005078547146003025,0.0,0.0
2024-01-24,0.0015695716485285586,0.0,0.0
2024-01-25,0.004884477527933081,0.0,0.0
2024-01-26,0.001904451233322199,0.0,0.0
2024-01-29,-0.007782062369808612,0.0,0.0
2024-01-30,0.0034838412403661242,0.0,0.0
2024-01-31,0.001408884268133747,0.0,0.0
2024-02-01,0.004717509098055352,0.0,0.0
2024-02-02,-0.006566355929659007,0.0,0.0
2024-02-05,0.00035022267477516876,0.0,0.0
2024-02-06,0.0056130197552422476,0.0,0.0
2024-02-07,-0.0013026831367664376,0.0,0.0
2024-02-08,0.0021030810165190263,0.0,0.0
2024-02-09,0.003072329134981379,0.0,0.0
2024-02-12,0.002841271137820754,0.0,0.0
2024-02-13,0.0019795256867367627,0.0,0.0
2024-02-14,0.005754108962456425,0.0,0.0
2024-02-15,0.0010272370470740075,0.0,0.0
2024-02-16,-0.00029815855727039257,0.0,0.0
2024-02-19,0.0018405035326685103,0.0,0.0
2024-02-20,0.0015057883790059654,0.0,0.0
2024-02-21,-0.0014469046345526712,0.0,0.0
2024-02-22,-0.0006974552270055359,0.0,0.0
2024-02-23,-0.005189447000447335,0.0,0.0
2024-02-26,-0.0015077348844760824,0.0,0.0
2024-02-27,0.00224847855279958,0.0,0.0
2024-02-28,-0.002667413084022201,0.0,0.0
2024-02-29,-0.00013136864637416283,0.0,0.0
2024-03-01,-0.00393919432772296,0.0,-0.0005223582662607386
2024-03-04,-0.004726202091183804,0.0,-0.00037951042459094194
2024-03-05,0.0019655039287220493,0.0,0.00015782846694514316
2024-03-06,0.0025485493707105697,0.0,0.00020464657141376814
2024-03-07,-0.01021169050840403,0.0,-0.0008199909622707218
2024-03-08,-0.007153912438562515,0.0,-0.0005744537145607417
2024-03-11,-0.006648321359754173,0.0,-0.0005338551364030553
2024-03-12,-0.00035545655898565234,0.0,-2.854289068085341e-05
2024-03-13,0.01515258350740778,0.0,0.0012167409030758667
2024-03-14,0.0035215399452750698,0.0,0.00028277697272791644
2024-03-15,0.015102512765100027,0.0,0.001212720260643279
2024-03-18,-0.008385505710551362,0.0,-0.0006733497153152844
2024-03-19,0.01121015728875076,0.0,0.0009001670834857216
2024-03-20,0.012537283937445938,0.0,0.0010067343415536276
2024-03-21,0.007010750749302308,0.0,0.00056295794006188
2024-03-22,0.010443242935365788,0.0,0.0008385844456165238
2024-03-25,0.0015727012339434663,0.0,0.0001262867100334012
2024-03-26,0.003182746581714791,0.0,0.00025557212393543724
2024-03-27,0.007529820300765292,0.0,0.0006046388292975336
2024-03-28,-0.005028140959621159,0.0,-0.00040375588552349974
2024-03-29,0.002815919139816687,0.0,0.00022611616002605464
2024-04-01,0.006137627779815062,0.0,0.0004928468312947957
2024-04-02,0.018856080680912244,0.0,-0.00039885913988801594
2024-04-03,0.005959982640981265,0.0,0.0
2024-04-04,0.001193699653114515,0.0,0.0
2024-04-05,0.005580565678754141,0.0,0.0
2024-04-08,0.013344208121624547,0.0,0.0
2024-04-09,-0.005245483351441141,0.0,0.0
2024-04-10,-0.0038231141761156944,0.0,0.0
2024-04-11,-0.001847146506014326,0.0,0.0
2024-04-12,-0.004952023700523649,0.0,0.0
2024-04-15,-0.009152316024589414,0.0,0.0
2024-04-16,-0.013165317225454606,0.0,0.0
2024-04-17,0.004068005845285744,0.0,0.0
2024-04-18,-0.01207176554756728,0.0,0.0
2024-04-19,0.010610752138911482,0.0,0.0
2024-04-22,0.0022286606384525768,0.0,0.0
2024-04-23,0.012110072877549742,0.0,0.0
2024-04-24,-0.008804895242423214,0.0,0.0
2024-04-25,-0.001229733465547004,0.0,0.0
2024-04-26,0.027980740319214326,0.0,0.0
2024-04-29,0.005083377196696324,0.0,0.0
2024-04-30,-0.0005968669143748035,0.0,0.0
2024-05-01,-0.005977108315360741,-0.007667989806601664,-0.004038834627699855
2024-05-02,-0.0023029947736467765,-0.0023029947736467765,-0.001213018701617006
2024-05-03,-0.005281260819504537,-0.005281260819504537,-0.0027817119758512874
2024-05-06,0.01037066185985392,0.01037066185985392,0.005462368793928687
2024-05-07,0.005314082463238863,0.005314082463238863,0.0027989995824594877
2024-05-08,0.0014171937077134844,0.0014171937077134844,0.000746455220368671
2024-05-09,0.0014513910986727167,0.0014513910986727167,0.000764467451770469
2024-05-10,0.002341095118568135,0.002341095118568135,0.001233086672007787
2024-05-13,0.002843412258630419,0.002843412258630419,0.0014976639485221692
2024-05-14,-0.0009597220549113935,-0.0009597220549113935,-0.0005054986725473037
2024-05-15,0.0018980487011117982,0.0018980487011117982,0.0009997280920367412
2024-05-16,0.0018705050810216496,0.0018705050810216496,0.0009852204923400743
2024-05-17,0.01053750617727462,0.01053750617727462,0.005550247967431698
2024-05-20,0.0067479685390754406,0.0067479685390754406,0.003554246900378395
2024-05-21,0.0038652430687168846,0.0038652430687168846,0.0020358761480056267
2024-05-22,-0.0008422486164925487,-0.0008422486164925487,-0.00044362381317900913
2024-05-23,-0.007100965750259397,-0.007100965750259397,-0.0037401753374224564
2024-05-24,0.0016166843751090954,0.0016166843751090954,0.000851529670870246
2024-05-27,0.00016125556514408508,0.00016125556514408508,8.493550159032858e-05
2024-05-28,3.17191889836995e-05,3.17191889836995e-05,1.6706928681572844e-05
2024-05-29,-0.005356020359608508,-0.005356020359608508,-0.002821088843444783
2024-05-30,-0.007898330996304789,-0.007898330996304789,-0.004160158468318112
2024-05-31,0.0029619971894326116,0.0029619971894326116,0.0015601242460612898
2024-06-03,-0.014870408418383958,-0.014870408418383958,-0.008410466205687542
2024-06-04,-0.021108866191726156,-0.021108866191726156,-0.011978259321998563
2024-06-05,0.014604145252867226,0.014604145252867226,0.008287145194162274
2024-06-06,-0.007166965816846755,-0.007166965816846755,-0.004066906025475621
2024-06-07,-0.008656247415017478,-0.008656247415017478,-0.004912001210804029
2024-06-10,0.012680516064636684,0.012680516064636684,0.007195578785682105
2024-06-11,-0.002050758156873715,-0.002050758156873715,-0.0011637059416940876
2024-06-12,-0.006676401232520176,-0.006676401232520176,-0.003788534380505157
2024-06-13,-0.00011138217078033306,-0.00011138217078033306,-6.320398799897979e-05
2024-06-14,-0.007745402901369061,-0.007745402901369061,-0.004395141058894173
2024-06-17,-0.0010432905633560251,-0.0010432905633560251,-0.0005920168711368641
2024-06-18,0.010601961403892366,0.010601961403892366,0.006016099674146354
2024-06-19,0.0026613065813901864,0.0026613065813901864,0.001510162605499294
2024-06-20,-0.0010578089854359118,-0.0010578089854359118,-0.0006002553725816867
2024-06-21,0.013006270245705547,0.013006270245705547,0.007380428508098628
2024-06-24,0.006648917501506487,0.006648917501506487,0.0037729386941131016
2024-06-25,-0.008253338546514557,-0.008253338546514557,-0.004683369939648751
2024-06-26,-0.001109846638562951,-0.001109846638562951,-0.000629784220697092
2024-06-27,-0.006084435140354505,-0.006084435140354505,-0.0034526222904200064
2024-06-28,0.004338245293533476,0.004338245293533476,0.0024617441153116904
2024-07-01,0.00010193918995511902,0.00010193918995511902,5.7845553677131215e-05
2024-07-02,-0.0009888783555720773,-0.0009888783555720773,-0.0007188602522049279
2024-07-03,0.013427997900273447,0.013427997900273447,0.011399376700015085
2024-07-04,0.0049784894364576,0.0049784894364576,0.004226369180625975
2024-07-05,0.0014247968451829714,0.0014247968451829714,0.0012095471029901648
2024-07-08,0.005563926229813335,0.005563926229813335,0.004723361702599412
2024-07-09,0.004887637446807024,0.004887637446807024,0.004149242563414357
2024-07-10,0.007601793489830162,0.007601793489830162,0.00645336022762795
2024-07-11,-0.006790660347002098,-0.006790660347002098,-0.005764768203885085
2024-07-12,0.0029805865165071204,0.0029805865165071204,0.0025302974234125033
2024-07-15,-0.004523103206574967,-0.004523103206574967,-0.00383977996479611
2024-07-16,0.003974752358948419,0.003974752358948419,0.0033742706668135475
2024-07-17,-0.015190732537035425,-0.015190732537035425,-0.012895807984548192
2024-07-18,-0.005475735962274242,-0.005475735962274242,-0.0046484946905236395
2024-07-19,0.0026584489223436037,0.0026584489223436037,0.0022568264404425296
2024-07-22,0.00940657709692878,0.00940657709692878,0.007985487976836955
2024-07-23,-0.0069055853128513235,-0.0069055853128513235,-0.005862330996766148
2024-07-24,-0.012754384713867566,-0.012754384713867566,-0.010827528944380441
2024-07-25,-0.005562936361488368,-0.005562936361488368,-0.00472252137763038
2024-07-26,0.00567467617349808,0.00567467617349808,0.004817380210566422
2024-07-29,-0.007733454145271702,-0.007733454145271702,-0.006565130382724448
2024-07-30,-0.00588054200647148,-0.00588054200647148,-0.004992145071058275
2024-07-31,-0.00784083123319225,-0.00784083123319225,-0.006656285585700171
2024-08-01,-0.00980980517205603,-0.003132737133789335,-0.003968962933021354
2024-08-02,-0.024836492970774917,0.0,-0.004913147874243962
2024-08-05,-0.0162641701179008,0.0,-0.003217373440571279
2024-08-06,0.004289900689258632,0.0,0.0008486269167289418
2024-08-07,0.017637399005296272,0.0,0.003489025182904487
2024-08-08,0.009989001658474024,0.0,0.0019760214262899535
2024-08-09,-0.00032936800118348264,0.0,-6.51554829726881e-05
2024-08-12,0.004679698655217054,0.0,0.0009257366378995909
2024-08-13,0.0025497169215334004,0.0,0.0005043842658340031
2024-08-14,0.0006188108264477232,0.0,0.00012241297916329447
2024-08-15,0.010952331392668267,0.0,0.002166587036391257
2024-08-16,-0.0046763244457960216,0.0,-0.0009250691527653691
2024-08-19,-0.0030089556011343058,0.0,-0.0005952307289440239
2024-08-20,-0.018983232797252936,0.0,-0.003755257635361371
2024-08-21,-0.000821901667487147,0.0,-0.00016258835074677006
2024-08-22,-0.009212671091743086,0.0,-0.0018224479375476858
2024-08-23,0.008461083655731208,0.0,0.0016737691277859622
2024-08-26,-0.005139857644829886,0.0,-0.001016765156470665
2024-08-27,-0.006492382710707064,0.0,-0.001284321274804098
2024-08-28,-0.005782472899171228,0.0,-0.0011438871206923876
2024-08-29,-0.006694783285304455,0.0,-0.00132436009807915
2024-08-30,-0.0010768464969700977,0.0,-0.00021302146336446394
2024-09-02,0.011378751473230362,0.0,0.0022509413337074625
2024-09-03,-0.007011631326809865,-0.007844967634345914,-0.007520672542914029
2024-09-04,-0.002107879350628901,-0.002107879350628901,-0.002107879350628901
2024-09-05,0.0005222477071194513,0.0005222477071194513,0.0005222477071194513
2024-09-06,-0.006606013976678985,-0.006606013976678985,-0.006606013976678985
2024-09-09,0.007125062427263244,0.007125062427263244,0.007125062427263244
2024-09-10,-0.009061364803607554,-0.009061364803607554,-0.009061364803607554
2024-09-11,0.004861256395512578,0.004861256395512578,0.004861256395512578
2024-09-12,0.010008667692072119,0.010008667692072119,0.010008667692072119
2024-09-13,0.00031550201711347443,0.00031550201711347443,0.00031550201711347443
2024-09-16,-0.0020774177630029362,-0.0020774177630029362,-0.0020774177630029362
2024-09-17,0.005944444786869156,0.005944444786869156,0.005944444786869156
2024-09-18,0.0008009934149333375,0.0008009934149333375,0.0008009934149333375
2024-09-19,0.00023489122917131136,0.00023489122917131136,0.00023489122917131136
2024-09-20,-0.003069652908904847,-0.003069652908904847,-0.003069652908904847
2024-09-23,0.00028554633836480256,0.00028554633836480256,0.00028554633836480256
2024-09-24,-0.0018693000127118684,-0.0018693000127118684,-0.0018693000127118684
2024-09-25,-0.0026923717653480816,-0.0026923717653480816,-0.0026923717653480816
2024-09-26,0.000565585032839821,0.000565585032839821,0.000565585032839821
2024-09-27,-0.005893698881336402,-0.005893698881336402,-0.005893698881336402
2024-09-30,-0.0007129994376327419,-0.0007129994376327419,-0.0007129994376327419
2024-10-01,0.0014799892519825504,0.0014799892519825504,0.0014799892519825504
2024-10-02,0.010894440378181172,0.010894440378181172,0.010894440378181172
2024-10-03,0.003818515276855601,0.003818515276855601,0.003818515276855601
2024-10-04,0.007450407809798129,0.007450407809798129,0.007450407809798129
2024-10-07,-0.002039849755117409,-0.002039849755117409,-0.002039849755117409
2024-10-08,-0.002347685892323735,-0.002347685892323735,-0.002347685892323735
2024-10-09,-0.00026143304198908445,-0.00026143304198908445,-0.00026143304198908445
2024-10-10,0.004557644563029527,0.004557644563029527,0.004557644563029527
2024-10-11,-0.0010642690250657098,-0.0010642690250657098,-0.0010642690250657098
2024-10-14,0.00399826135981771,0.00399826135981771,0.00399826135981771
2024-10-15,-0.0008024435906219908,-0.0008024435906219908,-0.0008024435906219908
2024-10-16,-0.00013619289973791152,-0.00013619289973791152,-0.00013619289973791152
2024-10-17,0.004341014310138206,0.004341014310138206,0.004341014310138206
2024-10-18,-0.004812360557124466,-0.004812360557124466,-0.004812360557124466
2024-10-21,0.006335536818467989,0.006335536818467989,0.006335536818467989
2024-10-22,0.0029403647154876296,0.0029403647154876296,0.0029403647154876296
2024-10-23,-0.001083013262521075,-0.001083013262521075,-0.001083013262521075
2024-10-24,0.0027893549000154367,0.0027893549000154367,0.0027893549000154367
2024-10-25,0.0007348887961794994,0.0007348887961794994,0.0007348887961794994
2024-10-28,8.221568507921196e-05,8.221568507921196e-05,8.221568507921196e-05
2024-10-29,-0.002228552671092695,-0.002228552671092695,-0.002228552671092695
2024-10-30,-0.0035258249967353734,-0.0035258249967353734,-0.0035258249967353734
2024-10-31,-0.0010016365787576635,-0.0010016365787576635,-0.0010016365787576635
2024-11-01,-0.0025436058660215474,-0.0025436058660215474,-0.0025436058660215474
2024-11-04,0.0019416748296942636,0.0019416748296942636,0.0019416748296942636
2024-11-05,0.001556672017885322,0.001556672017885322,0.001556672017885322
2024-11-06,0.027905861269434874,0.027905861269434874,0.027905861269434874
2024-11-07,0.002174376607844029,0.002174376607844029,0.002174376607844029
2024-11-08,-0.008460803440367088,-0.008460803440367088,-0.008460803440367088
2024-11-11,0.0016316477259938518,0.0016316477259938518,0.0016316477259938518
2024-11-12,0.001635298681486538,0.001635298681486538,0.001635298681486538
2024-11-13,0.0027749248207598696,0.0027749248207598696,0.0027749248207598696
2024-11-14,0.008038801111643934,0.008038801111643934,0.008038801111643934
2024-11-15,-0.0016680410218262668,-0.0016680410218262668,-0.0016680410218262668
2024-11-18,0.002480087586176674,0.002480087586176674,0.002480087586176674
2024-11-19,0.0020409075867396176,0.0020409075867396176,0.0020409075867396176
2024-11-20,0.0040604601534305965,0.0040604601534305965,0.0040604601534305965
2024-11-21,0.001085586430302263,0.001085586430302263,0.001085586430302263
2024-11-22,0.0016789647611326368,0.0016789647611326368,0.0016789647611326368
2024-11-25,-0.0022994922500858732,-0.0022994922500858732,-0.0022994922500858732
2024-11-26,-0.006983359781845175,-0.006983359781845175,-0.006983359781845175
2024-11-27,-0.01081029069183253,-0.01081029069183253,-0.01081029069183253
2024-11-28,0.0021106741882511975,0.0021106741882511975,0.0021106741882511975
2024-11-29,-0.0023800380109777024,-0.0023800380109777024,-0.0023800380109777024
2024-12-02,0.0021510975104496047,0.0021510975104496047,0.0021510975104496047
2024-12-03,0.0037768572453394686,-0.0025208653794630198,-0.0025208653794630198
2024-12-04,-0.0009669297846143801,0.0,0.0
2024-12-05,0.0006226008511381279,0.0,0.0
2024-12-06,0.0011415136542903017,0.0,0.0
2024-12-09,0.0036806338033745,0.0,0.0
2024-12-10,0.006472924810795821,0.0,0.0
2024-12-11,0.011306600947033932,0.0,0.0
2024-12-12,0.0012907862974781681,0.0,0.0
2024-12-13,0.0029098523346318544,0.0,0.0
2024-12-16,-0.0026467469678630785,0.0,0.0
2024-12-17,-0.0021352045504838798,0.0,0.0
2024-12-18,-0.001850959321753662,0.0,0.0
2024-12-19,0.00795279844763049,0.0,0.0
2024-12-20,-0.00047048265402976105,0.0,0.0
2024-12-23,-0.007178803402070971,0.0,0.0
2024-12-24,0.007671579095774816,0.0,0.0
2024-12-25,-0.0013336075884054842,0.0,0.0
2024-12-26,-0.0008615042776873283,0.0,0.0
2024-12-27,0.0006292172961761145,0.0,0.0
2024-12-30,-0.006959680756991897,0.0,0.0
2024-12-31,0.0028470847139844,0.0,0.0
2025-01-01,-0.004470032534156307,0.0,-0.0013726560726484858
2025-01-02,0.010575421089558192,0.0,0.0027517180850893477
2025-01-03,8.118007464626696e-05,0.0,2.112300566202503e-05
2025-01-06,0.0021804099608217324,0.0,0.0005673413352803688
2025-01-07,0.0045273442441996214,0.0,0.0011780121972154694
2025-01-08,0.005027244024427025,0.0,0.0013080858136071743
2025-01-09,0.001980067589409205,0.0,0.0005152123730426513
2025-01-10,-0.0016301563586722015,0.0,-0.00042416568528989823
2025-01-13,-0.0013356511817471336,0.0,-0.0003475356187767734
2025-01-14,-0.0011175890919396078,0.0,-0.00029079599667432976
2025-01-15,0.00193773211086363,0.0,0.0005041967074754622
2025-01-16,-0.008352743373375944,0.0,-0.0021733787057730295
2025-01-17,0.006534990848021094,0.0,0.0017004006129030902
2025-01-20,-0.011801297409151352,0.0,-0.0030706903520223315
2025-01-21,-0.004577552858023074,0.0,-0.001191076447755968
2025-01-22,0.006796054083618781,0.0,0.0017683291067817305
2025-01-23,0.0032913627108599347,0.0,0.0008564105598598297
2025-01-24,-0.0069178334278974804,0.0,-0.0018000160175159884
2025-01-27,-0.009631202552408027,0.0,-0.0025060330005003176
2025-01-28,0.008916507289605627,0.0,0.002320069731205741
2025-01-29,0.00226887749923182,0.0,0.0005903605345467444
2025-01-30,0.0021103915488106494,0.0,0.0005491225873942566
2025-01-31,0.005287637381576762,0.0,0.001375840005524273
2025-02-03,0.0033392751757726925,0.0031283615560632853,0.002959358195096312
2025-02-04,-0.008497972162302574,-0.008497972162302574,-0.00788981000149516
2025-02-05,-0.013577269864383382,-0.013577269864383382,-0.012605604904686518
2025-02-06,0.014761893451462746,0.014761893451462746,0.013705450238001116
2025-02-07,0.002887659702976559,0.002887659702976559,0.00268100271103804
2025-02-10,0.004352813373174438,0.004352813373174438,0.004041301834178776
2025-02-11,0.001366647536336202,0.001366647536336202,0.0012688426361922188
2025-02-12,0.0020778756743755223,0.0020778756743755223,0.001929171332223973
2025-02-13,-0.014581696978675276,-0.014581696978675276,-0.013538149627210755
2025-02-14,-0.0015757286768778769,-0.0015757286768778769,-0.0014629607672314653
2025-02-17,0.001122224968617106,0.001122224968617106,0.0010419123071031288
2025-02-18,0.011308053336642301,0.011308053336642301,0.010498786134962686
2025-02-19,-0.006395678260621642,-0.006395678260621642,-0.005937967946146483
2025-02-20,-0.0058865815186532645,-0.0058865815186532645,-0.005465304999057894
2025-02-21,-0.004717775239184556,-0.004717775239184556,-0.00438014499883216
2025-02-24,-0.005890425864100702,-0.005890425864100702,-0.0054688742217596335
2025-02-25,-0.005791508959332704,-0.005791508959332704,-0.005377036360955902
2025-02-26,0.006704503795592164,0.006704503795592164,0.006224692207886982
2025-02-27,0.011884140151046198,0.011884140151046198,0.011033644972248145
2025-02-28,0.0004886772775873098,0.0004886772775873098,0.00045370481316887434
2025-03-03,-0.010798888309297396,-0.010798888309297396,-0.010569613541695033
2025-03-04,-0.009346221117128569,-0.009346221117128569,-0.009346221117128569
2025-03-05,-0.00419909620887657,-0.00419909620887657,-0.00419909620887657
2025-03-06,-0.002060134414086135,-0.002060134414086135,-0.002060134414086135
2025-03-07,-0.00336624660179962,-0.00336624660179962,-0.00336624660179962
2025-03-10,-0.006199597086206035,-0.006199597086206035,-0.006199597086206035
2025-03-11,0.0012633406564031332,0.0012633406564031332,0.0012633406564031332
2025-03-12,0.0074334047116038455,0.0074334047116038455,0.0074334047116038455
2025-03-13,0.006521907153129772,0.006521907153129772,0.006521907153129772
2025-03-14,0.006270822913779309,0.006270822913779309,0.006270822913779309
2025-03-17,-0.0027744782045595945,-0.0027744782045595945,-0.0027744782045595945
2025-03-18,-0.000952963340755175,-0.000952963340755175,-0.000952963340755175
2025-03-19,-0.021949147964154845,-0.021949147964154845,-0.021949147964154845
2025-03-20,0.008144847449705995,0.008144847449705995,0.008144847449705995
2025-03-21,0.007131403777053934,0.007131403777053934,0.007131403777053934
2025-03-24,0.0037515215295901108,0.0037515215295901108,0.0037515215295901108
2025-03-25,-0.0020135689960930504,-0.0020135689960930504,-0.0020135689960930504
2025-03-26,0.003912763299750667,0.003912763299750667,0.003912763299750667
2025-03-27,-0.0055397109439668055,-0.0055397109439668055,-0.0055397109439668055
2025-03-28,-7.013787625900227e-05,-7.013787625900227e-05,-7.013787625900227e-05
2025-03-31,0.007839207014610113,0.007839207014610113,0.007839207014610113
2025-04-01,0.00354419640586775,-0.0034531026714812885,-0.0028522675624499372
2025-04-02,0.001775818986012248,0.0,0.00015021629465595122
2025-04-03,-0.017350083396791668,0.0,-0.0014676412744580318
2025-04-04,-0.008294234345081858,0.0,-0.0007016081932563221
2025-04-07,-0.008524691042994659,0.0,-0.0007211024950470948
2025-04-08,-0.012645279376737106,0.0,-0.0010696625206876031
2025-04-09,0.015389269957843699,0.0,0.0013017763233394576
2025-04-10,-0.03410339059590745,0.0,-0.0028848013287805325
2025-04-11,-0.005713701327677406,0.0,-0.0004833212444371116
2025-04-14,0.0018406265348714864,0.0,0.00015569835669721282
2025-04-15,0.004274215388133018,0.0,0.00036155531798237156
2025-04-16,-0.007620021950116891,0.0,-0.0006445766553684546
2025-04-17,0.01250602155698289,0.0,0.0010578827200152837
2025-04-18,-0.0012453862097305368,0.0,-0.00010534705581757435
2025-04-21,-0.012450941286830889,0.0,-0.0010532234872015487
2025-04-22,0.0113078068589884,0.0,0.0009565258961763756
2025-04-23,0.01012213908904046,0.0,0.0008562304153320595
2025-04-24,-0.0005808427986720193,0.0,-4.913341600769531e-05
2025-04-25,0.008962756204928143,0.0,0.0007581583695263268
2025-04-28,-0.0073674997880817435,0.0,-0.0006232158388673251
2025-04-29,0.004921793978341879,0.0,0.0004163339058260249
2025-04-30,0.003701179887216371,0.0,0.00031308232026580005
2025-05-01,0.001267006803079787,0.0019151963247027969,0.0016405202763757542
2025-05-02,-0.003266014270533143,-0.003266014270533143,-0.002763824994182349
2025-05-05,-0.005823470031293002,-0.005823470031293002,-0.004928040936799738
2025-05-06,-0.0008750472705923413,-0.0008750472705923413,-0.0007404981476579302
2025-05-07,0.004851249776757635,0.004851249776757635,0.004105311329161945
2025-05-08,0.016364718836921376,0.016364718836921376,0.013848444984555074
2025-05-09,0.0017360543751961657,0.0017360543751961657,0.0014691149750069943
2025-05-12,0.004987790041567014,0.004987790041567014,0.004220856873465656
2025-05-13,0.002902955184908076,0.002902955184908076,0.0024565906430440883
2025-05-14,0.001335412428906831,0.001335412428906831,0.0011300765835147333
2025-05-15,-0.001817877298486631,-0.001817877298486631,-0.0015383566321937338
2025-05-16,0.001520396769436702,0.001520396769436702,0.0012866173397819553
2025-05-19,-0.0010882146622306322,-0.0010882146622306322,-0.0009208884693629217
2025-05-20,0.0017396331395029066,0.0017396331395029066,0.0014721434609289627
2025-05-21,-0.009708758821905963,-0.009708758821905963,-0.008215919488340702
2025-05-22,0.0018979963525817588,0.0018979963525817588,0.0016061564107238543
2025-05-23,-0.0037726918514190593,-0.0037726918514190593,-0.003192594756359705
2025-05-26,0.001966020836316394,0.001966020836316394,0.0016637213056658
2025-05-27,0.008420969140881827,0.008420969140881827,0.007126143078060775
2025-05-28,-0.0043225398773875925,-0.0043225398773875925,-0.0036578969844867065
2025-05-29,0.0028861849765765436,0.0028861849765765436,0.0024423990574890236
2025-05-30,-0.00468424765068026,-0.00468424765068026,-0.00396398780394082
2025-06-02,0.004623828832834768,0.004623828832834768,0.003912859111581169
2025-06-03,0.003659606446899542,0.003659606446899542,0.003689686950710121
2025-06-04,-0.0031076725991708272,-0.0031076725991708272,-0.0031076725991708272
2025-06-05,0.0025565498448512245,0.0025565498448512245,0.0025565498448512245
2025-06-06,0.006145854067752048,0.006145854067752048,0.006145854067752048
2025-06-09,-0.0008393663777296402,-0.0008393663777296402,-0.0008393663777296402
2025-06-10,0.00130931456516498,0.00130931456516498,0.00130931456516498
2025-06-11,0.004066974269983913,0.004066974269983913,0.004066974269983913
2025-06-12,-0.009045983382626535,-0.009045983382626535,-0.009045983382626535
2025-06-13,0.0019248810310453883,0.0019248810310453883,0.0019248810310453883
2025-06-16,0.0070695776627267195,0.0070695776627267195,0.0070695776627267195
2025-06-17,0.0010938125566436097,0.0010938125566436097,0.0010938125566436097
2025-06-18,0.0033914788400304418,0.0033914788400304418,0.0033914788400304418
2025-06-19,-0.0010572535848300717,-0.0010572535848300717,-0.0010572535848300717
2025-06-20,-0.003284480293222536,-0.003284480293222536,-0.003284480293222536
2025-06-23,0.0036544993147364126,0.0036544993147364126,0.0036544993147364126
2025-06-24,-0.0044095620368128675,-0.0044095620368128675,-0.0044095620368128675
2025-06-25,-0.0007170834007836048,-0.0007170834007836048,-0.0007170834007836048
2025-06-26,-0.0008311816975311859,-0.0008311816975311859,-0.0008311816975311859
2025-06-27,-0.0005792913264373813,-0.0005792913264373813,-0.0005792913264373813
2025-06-30,0.00042074594724357344,0.00042074594724357344,0.00042074594724357344
2025-07-01,-0.0014149202534705515,-0.0014149202534705515,-0.001256943307956961
2025-07-02,0.004915846511951836,0.004915846511951836,0.0036054970119831753
2025-07-03,0.00819593696762161,0.00819593696762161,0.006011258930749075
2025-07-04,-0.0024905209472118883,-0.0024905209472118883,-0.0018266570796346198
2025-07-07,-0.002422328345418485,-0.002422328345418485,-0.001776641640501665
2025-07-08,0.002691696444865215,0.002691696444865215,0.0019742079956182237
2025-07-09,-0.0021751704077327856,-0.0021751704077327856,-0.0015953651902204929
2025-07-10,0.003489897706165561,0.003489897706165561,0.0025596437401197185
2025-07-11,-0.002019463546548207,-0.002019463546548207,-0.0014811629625103003
2025-07-14,0.000854040698073284,0.000854040698073284,0.0006263908316764427
2025-07-15,0.004243069527991927,0.004243069527991927,0.0031120529226486234
2025-07-16,0.00038753877676513094,0.00038753877676513094,0.00028423790251732445
2025-07-17,0.0033451795163645433,0.0033451795163645433,0.002453501085006589
2025-07-18,-0.00023555691728402634,-0.00023555691728402634,-0.00017276775411002626
2025-07-21,-0.0035649384412601483,-0.0035649384412601483,-0.002614681899977385
2025-07-22,-0.003463982478414009,-0.003463982478414009,-0.0025406363777059583
2025-07-23,0.003048995278350493,0.003048995278350493,0.002236266600048643
2025-07-24,-0.0029578876026817445,-0.0029578876026817445,-0.002169444242679723
2025-07-25,-0.00035757566715663284,-0.00035757566715663284,-0.00026226164636276254
2025-07-28,0.002942633926910289,0.002942633926910289,0.00215825652917361
2025-07-29,0.0036599904105446314,0.0036599904105446314,0.002684397174936661
2025-07-30,0.006233681554090695,0.006233681554090695,0.0045720549171509315
2025-07-31,-0.0021964598907220773,-0.0021964598907220773,-0.001610979828944044
2025-08-01,-0.01018550895655819,-0.004001364359513399,-0.0035585519815826104
2025-08-04,0.007307870231857497,0.0,0.00225055435667733
2025-08-05,0.006511193571443053,0.0,0.002005207344199915
2025-08-06,0.009254036942207944,0.0,0.0028499018860992224
2025-08-07,0.003497171199991815,0.0,0.0010769996771258403
2025-08-08,0.003913944918163366,0.0,0.0012053506025556126
2025-08-11,0.005770708824907034,0.0,0.001777165367605298
2025-08-12,0.0010347947600565406,0.0,0.0003186786001425993
2025-08-13,-0.0035842117082418865,0.0,-0.0011038049417015114
2025-08-14,-0.0028351308114370768,0.0,-0.0008731156680388996
2025-08-15,0.0032803885690447015,0.0,0.0010102386264980998
2025-08-18,0.0007597749641957979,0.0,0.00023398265178698887
2025-08-19,-0.003702843254190984,0.0,-0.0011403390801172733
2025-08-20,0.0016306324657149223,0.0,0.0005021746259062167
2025-08-21,0.006611172008283887,0.0,0.0020359970133466175
2025-08-22,0.002026251950869207,0.0,0.000624010828199331
2025-08-25,0.0009627015460309178,0.0,0.00029647655060360573
2025-08-26,-0.005360592871777442,0.0,-0.0016508647881238697
2025-08-27,0.0033940353516973528,0.0,0.0010452376417660917
2025-08-28,-0.005533657424684473,0.0,-0.0017041622839980316
2025-08-29,0.0006112713957022606,0.0,0.00018824903276371978
2025-09-01,0.00377782812029331,0.0,0.0011634316517882622
2025-09-02,0.003949203183798715,0.002137518494191236,0.002078145835125292
2025-09-03,0.002019529871361233,0.002019529871361233,0.0014362997088863344
2025-09-04,0.002919066980898561,0.002919066980898561,0.0020760549840534515
2025-09-05,-0.0022401483108520854,-0.0022401483108520854,-0.0015932046425093682
2025-09-08,0.0020082936715325062,0.0020082936715325062,0.0014283084675722792
2025-09-09,0.004892582954668632,0.004892582954668632,0.0034796293796616196
2025-09-10,0.005645482164552863,0.005645482164552863,0.004015095049822061
2025-09-11,0.006519251282618,0.006519251282618,0.004636524001038769
2025-09-12,0.007144229293520854,0.007144229293520854,0.005081011476985376
2025-09-15,0.0025676450704207633,0.0025676450704207633,0.0018261219700023536
2025-09-16,-0.0017057985244568362,-0.0017057985244568362,-0.001213172411480442
2025-09-17,0.0022438081852189846,0.0022438081852189846,0.0015958075633981765
2025-09-18,0.006262955307832643,0.006262955307832643,0.004454245026514455
2025-09-19,0.005253703548778039,0.005253703548778039,0.0037364601458451355
2025-09-22,-0.0003499718208234121,-0.0003499718208234121,-0.000248901703062344
2025-09-23,0.004212772487636868,0.004212772487636868,0.0029961447876573084
2025-09-24,0.003896822059138247,0.003896822059138247,0.0027714392683627588
2025-09-25,0.00286353790465641,0.00286353790465641,0.002036562428299587
2025-09-26,0.004944141421210421,0.004944141421210421,0.003516298018008961
2025-09-29,-0.004643184683279222,-0.004643184683279222,-0.003302256086167368
2025-09-30,0.001117025764927366,0.001117025764927366,0.0007944342907403
2025-10-01,-0.0015242442239658477,-0.004938298535687987,-0.0035121425287072496
2025-10-02,-0.0014015118615605027,0.0,0.0
2025-10-03,0.004170128855181791,0.0,0.0
2025-10-06,0.01971275074206853,0.0,0.0
2025-10-07,0.001436253202301034,0.0,0.0
2025-10-08,0.012762705659467468,0.0,0.0
2025-10-09,0.003458353161202553,0.0,0.0
2025-10-10,-0.04177697196876854,0.0,0.0
2025-10-13,0.021695541090722116,0.0,0.0
2025-10-14,-0.00396382820956466,0.0,0.0
2025-10-15,0.00010413186948866242,0.0,0.0
2025-10-16,0.0020460151681739014,0.0,0.0
2025-10-17,0.00896836163500266,0.0,0.0
2025-10-20,0.0046777555290580175,0.0,0.0
2025-10-21,-0.0028538547483323374,0.0,0.0
2025-10-22,-0.0014179377249886485,0.0,0.0
2025-10-23,0.011226808709794318,0.0,0.0
2025-10-24,0.006954258549655397,0.0,0.0
2025-10-27,0.004447219169508922,0.0,0.0
2025-10-28,-0.011230575423286558,0.0,0.0
2025-10-29,0.0108042106131022,0.0,0.0
2025-10-30,0.00765053278662776,0.0,0.0
2025-10-31,0.0034898266452757423,0.0,0.0
2025-11-03,0.006048656868211534,0.0,9.161642894427684e-05
2025-11-04,0.0008047597875995871,0.0,1.4489737581170405e-05
2025-11-05,0.003303693370548602,0.0,5.9483153514275205e-05
2025-11-06,0.0008964851959325958,0.0,1.6141257844422344e-05
2025-11-07,0.004381096401605142,0.0,7.88818454341732e-05
2025-11-10,0.011265976248434801,0.0,0.0002028444287983496
2025-11-11,0.0031200875276596865,0.0,5.6177321733383954e-05
2025-11-12,0.006259213606549304,0.0,0.00011269743347131107
2025-11-13,-0.011856674999073842,0.0,-0.00021347998740623515
2025-11-14,0.0018346320172322613,0.0,3.303263520037552e-05
2025-11-17,6.64397908190519e-05,0.0,1.196251538347121e-06
2025-11-18,0.007687905545606281,0.0,0.00013842109859505758
2025-11-19,0.01279476118553868,0.0,0.00023037027302915384
2025-11-20,-0.004281792222436299,0.0,-7.709386904787539e-05
2025-11-21,-0.011931650384268851,0.0,-0.0002148299227201793
2025-11-24,0.004137130201204043,0.0,7.448922259570943e-05
2025-11-25,-0.002195930959125534,0.0,-3.953783953222123e-05
2025-11-26,0.009217426533588107,0.0,0.00016596019545631405
2025-11-27,-0.0008512021470447889,0.0,-1.5325934433175917e-05
2025-11-28,0.0010842435940061732,0.0,1.9521856575457237e-05
2025-12-01,-0.0033855490601633876,0.0,-6.095696903080561e-05
2025-12-02,0.0007682131327665263,0.0,-0.00015628523244538015
2025-12-03,-0.0011473110312857093,0.0,-9.895795671687922e-05
2025-12-04,0.0066953405505685544,0.0,0.0005774870129728018
2025-12-05,-0.008281463078666902,0.0,-0.0007142933716699114
2025-12-08,8.72747782059008e-05,0.0,7.527630684851387e-06
2025-12-09,0.0009063001994655021,0.0,7.817027245933647e-05
2025-12-10,-0.0039912807458032,0.0,-0.0003442562448349276
2025-12-11,0.007845902917611633,0.0,0.0006767254041441369
2025-12-12,0.0007549801942095943,0.0,6.511860807001088e-05
2025-12-15,-0.000602876269083718,0.0,-5.1999328965541414e-05
2025-12-16,-0.0024156475460996914,0.0,-0.00020835461247355503
2025-12-17,-0.00099847003384061,0.0,-8.612011189430866e-05
2025-12-18,-0.0007551338471925602,0.0,-6.51318609585678e-05
2025-12-19,0.004990524535378406,0.0,0.00043044309476661727
2025-12-22,-0.0010619982199554451,0.0,-9.159954974544542e-05
2025-12-23,-8.407808395928485e-05,0.0,-7.251909174059967e-06
2025-12-24,-0.0008625195150418453,0.0,-7.439409759821222e-05
2025-12-25,-0.0005806017218580182,0.0,-5.0078103055442066e-05
2025-12-26,0.004141771544622374,0.0,0.0003572363884487719
2025-12-29,-0.007893843977416637,0.0,-0.0006808604200132239
2025-12-30,0.007092571149231775,0.0,0.0006117489762218469
2025-12-31,0.0008053048170062731,0.0,6.945921119218802e-05
2026-01-01,-0.0025715218904713063,0.0,-0.0007005011993939561
2026-01-02,0.0018738865705394043,0.0,3.068261682477124e-05
2026-01-05,0.0011911558829603493,0.0,1.9503730967517458e-05
2026-01-06,0.004038727865250502,0.0,6.612926390381096e-05
2026-01-07,0.004816841721282803,0.0,7.886993330506075e-05
2026-01-08,0.00355467009186669,0.0,5.820340573539885e-05
2026-01-09,0.0027853850741181396,0.0,4.5607297838739076e-05
2026-01-12,-0.002566032877672706,0.0,-4.2015672017294687e-05
2026-01-13,0.009295688828215224,0.0,0.000152205615282431
2026-01-14,-0.004997559478093692,0.0,-8.18289670976262e-05
2026-01-15,0.005648471712046483,0.0,9.248686441911694e-05
2026-01-16,0.0008045393546628672,0.0,1.3173354848508105e-05
2026-01-19,-0.0006856097854832537,0.0,-1.1226027588874223e-05
2026-01-20,-0.006761376633713524,0.0,-0.0001107093309284332
2026-01-21,0.0046299322379342814,0.0,7.580951751007062e-05
2026-01-22,0.0008332152938358378,0.0,1.3642888526569228e-05
2026-01-23,-0.01684223675886942,0.0,-0.00027577117263598056
2026-01-26,-0.005306791722412307,0.0,-8.689226954690997e-05
2026-01-27,-0.006980934776451098,0.0,-0.00011430432887029707
2026-01-28,0.005385023214555047,0.0,8.817321522141515e-05
2026-01-29,-0.0011144190356639117,0.0,-1.82472582871781e-05
2026-01-30,0.002194330265628701,0.0,3.592949316452138e-05
2026-02-02,0.014597075124841118,0.0,0.00023900937754678357
2026-02-03,0.0016141047074537933,0.0,6.882874674362066e-06
2026-02-04,0.001699135194945757,0.0,0.0003293930061978702
2026-02-05,-0.013292586187984741,0.0,-0.002576890254306316
2026-02-06,0.017725715074207095,0.0,0.0034362931170326197
2026-02-09,-0.005651088097614219,0.0,-0.001095515472988349
2026-02-10,-0.005872337069382618,0.0,-0.001138406623819527
2026-02-11,0.0028318544589011935,0.0,0.0005489810676083879
2026-02-12,-0.007521297249915527,0.0,-0.0014580727413727316
2026-02-13,0.0034418146922921143,0.0,0.0006672274764494477
2026-02-16,-0.0005111825562580699,0.0,-9.909744640839644e-05
2026-02-17,0.003645849979079708,0.0,0.0007067815959128818
2026-02-18,0.004277274657231571,0.0,0.0008291890850536183
2026-02-19,0.001976739894188656,0.0,0.00038320923382370895
2026-02-20,0.007703992858746236,0.0,0.0014934899677305309
2026-02-23,-0.0035095790801544366,0.0,-0.0006803642271315153
2026-02-24,0.006153257255979896,0.0,0.0011928655892039135
2026-02-25,0.0014298281659829593,0.0,0.0002771853583755295
2026-02-26,-0.008794968655843886,0.0,-0.0017049856736426113
2026-02-27,0.0024802274549616146,0.0,0.0004808149344881179
2026-03-02,0.012608641533988267,0.0,0.002444301284150793
2026-03-03,-0.009814368041186225,-0.012455921504361638,-0.011872109806236555
2026-03-04,0.0008955983059104576,0.0008955983059104576,0.0008955983059104576
2026-03-05,0.007413460138936583,0.007413460138936583,0.007413460138936583
2026-03-06,-0.00738439374870315,-0.00738439374870315,-0.00738439374870315
2026-03-09,0.003858599734933921,0.003858599734933921,0.003858599734933921
2026-03-10,0.009953429419532847,0.009953429419532847,0.009953429419532847
2026-03-11,0.0021785044603299442,0.0021785044603299442,0.0021785044603299442
2026-03-12,0.0011798266954766619,0.0011798266954766619,0.0011798266954766619
2026-03-13,0.004246490175897269,0.004246490175897269,0.004246490175897269
2026-03-16,0.002437912915996085,0.002437912915996085,0.002437912915996085
2026-03-17,0.0005392633019295317,0.0005392633019295317,0.0005392633019295317
2026-03-18,0.006461274679252225,0.006461274679252225,0.006461274679252225
2026-03-19,-0.009673152516878156,-0.009673152516878156,-0.009673152516878156
2026-03-20,0.0013866855388634273,0.0013866855388634273,0.0013866855388634273
2026-03-23,-0.002608886424654286,-0.002608886424654286,-0.002608886424654286
2026-03-24,0.007323962161646032,0.007323962161646032,0.007323962161646032
2026-03-25,0.008683026450977812,0.008683026450977812,0.008683026450977812
2026-03-26,0.0071227194391773494,0.0071227194391773494,0.0071227194391773494
2026-03-27,0.0014155581533722762,0.0014155581533722762,0.0014155581533722762
2026-03-30,0.0039516517420079686,0.0039516517420079686,0.0039516517420079686
2026-03-31,-0.00021800292649895884,-0.00021800292649895884,-0.00021800292649895884
2026-04-01,-0.001189859402333046,-0.001189859402333046,-0.002350289285311342
2026-04-02,0.008363233235853017,0.008363233235853017,0.004626353596300644
2026-04-03,0.0005819166694368712,0.0005819166694368712,0.0003219032879359814
2026-04-06,-0.0021910178117292853,-0.0021910178117292853,-0.0012120220549868077
2026-04-07,-0.00017185661962495808,-0.00017185661962495808,-9.506723868964292e-05
2026-04-08,0.00041587135363409505,0.00041587135363409505,0.00023005073256064396
2026-04-09,0.0011743029142818433,0.0011743029142818433,0.0006495981108531182
2026-04-10,0.005122095208894531,0.005122095208894531,0.0028334285224375366
2026-04-13,-0.004661899294042324,-0.004661899294042324,-0.0025788584338559727
2026-04-14,-0.0023597605463072393,-0.0023597605463072393,-0.0013053667621052987
2026-04-15,0.0005000374351528114,0.0005000374351528114,0.00027660952662265546
2026-04-16,0.004955520628066802,0.004955520628066802,0.0027412831894865256
2026-04-17,-0.0016121410199291819,-0.0016121410199291819,-0.0008918003593776896
2026-04-20,0.0003650536136784741,0.0003650536136784741,0.0002019394952712564
2026-04-21,0.005669489902521393,0.005669489902521393,0.0031362350253818757
2026-04-22,0.0030433529347444984,0.0030433529347444984,0.0016835147839842904
2026-04-23,-0.0012399908487867298,-0.0012399908487867298,-0.0006859352072200414
2026-04-24,-0.0011312779388759917,-0.0011312779388759917,-0.0006257976566404714
2026-04-27,-0.005450153911056945,-0.005450153911056945,-0.0030149032599876492
2026-04-28,0.008254835948697933,0.008254835948697933,0.004566390641171126
2026-04-29,-0.00012630261705694733,-0.00012630261705694733,-6.986778320836704e-05
2026-04-30,-0.01770198861377091,-0.01770198861377091,-0.009792344225664667
2026-05-01,0.0005060880601825285,-0.006219703944700577,-0.003440601128895328
2026-05-04,0.006691181429066646,0.0,0.0
2026-05-05,0.006306647316540106,0.0,0.0
2026-05-06,-0.0034587430756886166,0.0,0.0
2026-05-07,0.0027627242000737465,0.0,0.0
2026-05-08,-0.004013515770200937,0.0,0.0
2026-05-11,-0.004541354869406388,0.0,0.0
2026-05-12,0.003315857497474566,0.0,0.0
2026-05-13,-0.0027917446692492377,0.0,0.0
2026-05-14,0.006616171564798936,0.0,0.0
2026-05-15,0.002919253877147196,0.0,0.0
2026-05-18,-0.00454008417269223,0.0,0.0
2026-05-19,0.0033167574682571328,0.0,0.0
2026-05-20,0.00036469852031488417,0.0,0.0
2026-05-21,0.00952970664689383,0.0,0.0
2026-05-22,0.005042825955236088,0.0,0.0
2026-05-25,0.0016992355468792247,0.0,0.0
2026-05-26,-0.005039891942396589,0.0,0.0
2026-05-27,0.0019912160698809258,0.0,0.0
2026-05-28,-0.0013836864744321267,0.0,0.0
2026-05-29,-0.004812411342538894,0.0,0.0
2026-06-01,0.019420964632266335,0.0,0.0
2026-06-02,-0.0005520559668424057,-0.0018704413055011869,-0.0018704413055011869
2026-06-03,0.0034243029601226096,0.0034243029601226096,0.0034243029601226096
2026-06-04,0.0006740570379000927,0.0006740570379000927,0.0006740570379000927
2026-06-05,0.010894762964359888,0.010894762964359888,0.010894762964359888
2026-06-08,-0.0059041265627186226,-0.0059041265627186226,-0.0059041265627186226
2026-06-09,0.005155530541916833,0.005155530541916833,0.005155530541916833
2026-06-10,0.007859472067054282,0.007859472067054282,0.007859472067054282
2026-06-11,0.0033989715328585695,0.0033989715328585695,0.0033989715328585695
2026-06-12,0.012114749232014983,0.012114749232014983,0.012114749232014983
2026-06-15,0.0011295392411014799,0.0011295392411014799,0.0011295392411014799
2026-06-16,3.244223302320223e-05,3.244223302320223e-05,3.244223302320223e-05
2026-06-17,0.005868673838394939,0.005868673838394939,0.005868673838394939
2026-06-18,0.00630671805634227,0.00630671805634227,0.00630671805634227
2026-06-19,0.005354755204767018,0.005354755204767018,0.005354755204767018
2026-06-22,0.004780285840531811,0.004780285840531811,0.004780285840531811
2026-06-23,0.003492598036926895,0.003492598036926895,0.003492598036926895
2026-06-24,0.007331146731237525,0.007331146731237525,0.007331146731237525
2026-06-25,0.0014437759193906953,0.0014437759193906953,0.0014437759193906953
2026-06-26,-0.0025302207768131964,-0.0025302207768131964,-0.0025302207768131964
2026-06-29,-0.0008840714045418728,-0.0008840714045418728,-0.0008840714045418728
2026-06-30,0.0015789871921293194,0.0015789871921293194,0.0015789871921293194
