,"macro__g10_rates_gaps__('CIBO01M Index', 'PX_LAST')",strategy__carry_dispersion,"macro__em_onshore_rates__('THFX1M Index', 'PX_LAST')","macro__em_onshore_rates__('TRLIB3M Index', 'PX_LAST')","macro__em_interest_rates__('COMM1YR Index', 'PX_LAST')","macro__em_onshore_rates__('TRLIB1M Index', 'PX_LAST')","macro__g10_interest_rates__('CDSOA Curncy', 'PX_LAST')","macro__em_onshore_rates__('TELBOR01M Index', 'PX_LAST')","macro__em_interest_rates__('PRBOPRB1 Index', 'PX_LAST')","macro__em_interest_rates__('MXONBR Index', 'PX_LAST')","macro__em_interest_rates__('CHSWPC Index', 'PX_LAST')","macro__em_interest_rates__('CHSWP1 Index', 'PX_LAST')","macro__em_interest_rates__('CLTN30DS Curncy', 'PX_LAST')","macro__g10_rates_gaps__('CIBO03M Index', 'PX_LAST')","macro__macro_market_proxies__('CPI YOY Index', 'PX_LAST')","macro__g10_interest_rates__('BPSWS1Z Curncy', 'PX_LAST')","macro__g10_interest_rates__('CDSOC Curncy', 'PX_LAST')","macro__em_onshore_rates__('TELBOR03M Index', 'PX_LAST')","macro__em_interest_rates__('KWCDC Index', 'PX_LAST')","macro__em_onshore_rates__('GIND3M Index', 'PX_LAST')","macro__em_interest_rates__('IDBIRATE Index', 'PX_LAST')","macro__g10_interest_rates__('NDBB3M Curncy', 'PX_LAST')","macro__g10_interest_rates__('BPSWSA Curncy', 'PX_LAST')","macro__g10_interest_rates__('NDSOC Curncy', 'PX_LAST')","macro__em_onshore_rates__('WIBR1M Index', 'PX_LAST')","macro__global_risk__('DXY Curncy', 'PX_LAST')","macro__g10_interest_rates__('EUR001M Index', 'PX_LAST')","macro__em_interest_rates__('KRBO1M Index', 'PX_LAST')","macro__g10_interest_rates__('NDSOF Curncy', 'PX_LAST')","macro__g10_interest_rates__('EUSWE1Z Curncy', 'PX_LAST')","macro__em_interest_rates__('MXIBTIIE Index', 'PX_LAST')","macro__g10_interest_rates__('NDBB12M Curncy', 'PX_LAST')",strategy__carry_return_6m,"macro__g10_interest_rates__('HDDRA Curncy', 'PX_LAST')","macro__g10_interest_rates__('BP0001M Index', 'PX_LAST')","macro__g10_interest_rates__('CDSO1Z Curncy', 'PX_LAST')","macro__g10_interest_rates__('HDDRF Curncy', 'PX_LAST')","macro__em_interest_rates__('JIBA3M Index', 'PX_LAST')","macro__g10_interest_rates__('BPSWSC Curncy', 'PX_LAST')","macro__em_interest_rates__('KLIB1M Index', 'PX_LAST')","macro__global_risk__('CO1 Comdty', 'PX_LAST')","macro__macro_market_proxies__('CO1 Comdty', 'PX_LAST')","macro__em_interest_rates__('DTF RATE Index', 'PX_LAST')","macro__g10_interest_rates__('BP0001W Index', 'PX_LAST')","macro__g10_interest_rates__('NDSOA Curncy', 'PX_LAST')","macro__g10_interest_rates__('CDOR01 Index', 'PX_LAST')","macro__g10_interest_rates__('NDSO1Z Curncy', 'PX_LAST')","macro__g10_interest_rates__('STIB1M Index', 'PX_LAST')","macro__em_interest_rates__('JIBA12M Index', 'PX_LAST')","macro__global_risk__('BCOM Index', 'PX_LAST')","macro__macro_market_proxies__('BCOM Index', 'PX_LAST')","macro__g10_interest_rates__('CDOR03 Index', 'PX_LAST')","macro__em_interest_rates__('CORRRMIN Index', 'PX_LAST')","macro__em_interest_rates__('PRBOPRB3 Index', 'PX_LAST')","macro__g10_interest_rates__('HDDRC Curncy', 'PX_LAST')","macro__g10_rates_gaps__('HIHD03M Index', 'PX_LAST')","macro__macro_market_proxies__('CL1 Comdty', 'PX_LAST')","macro__global_risk__('CL1 Comdty', 'PX_LAST')","macro__macro_market_proxies__('HG1 Comdty', 'PX_LAST')","macro__global_risk__('HG1 Comdty', 'PX_LAST')","macro__em_interest_rates__('KLIB3M Index', 'PX_LAST')","macro__g10_interest_rates__('NDBB1M Curncy', 'PX_LAST')","macro__g10_interest_rates__('SKSWTN1Z Curncy', 'PX_LAST')","macro__g10_rates_gaps__('HIHD01M Index', 'PX_LAST')","macro__macro_market_proxies__('GDBR10 Index', 'PX_LAST')","macro__em_onshore_rates__('WIBR3M Index', 'PX_LAST')","macro__g10_interest_rates__('EUR003M Index', 'PX_LAST')",strategy__carry_volatility_12m,"macro__g10_interest_rates__('ADSO1Z Curncy', 'PX_LAST')","macro__g10_interest_rates__('NIBOR1M Index', 'PX_LAST')",strategy__carry_drawdown,"macro__em_interest_rates__('BZSTSETA Index', 'PX_LAST')","macro__em_onshore_rates__('SHIF3M Index', 'PX_LAST')","macro__em_interest_rates__('JIBA1M Index', 'PX_LAST')","macro__g10_interest_rates__('EUSWEA Curncy', 'PX_LAST')","macro__g10_interest_rates__('EESWEA Curncy', 'PX_LAST')","macro__g10_interest_rates__('BPSWSF Curncy', 'PX_LAST')","macro__g10_interest_rates__('NIBOR3M Index', 'PX_LAST')","macro__global_risk__('MXEF Index', 'PX_LAST')","macro__g10_interest_rates__('STIB3M Index', 'PX_LAST')",strategy__carry_return_12m,"macro__g10_interest_rates__('ADBB1M Curncy', 'PX_LAST')","macro__macro_market_proxies__('GCAN2YR Index', 'PX_LAST')","macro__em_interest_rates__('BCCDIO Curncy', 'PX_LAST')",strategy__carry_return_1m,"macro__g10_interest_rates__('ADSOC Curncy', 'PX_LAST')","macro__g10_interest_rates__('ADBB3M Curncy', 'PX_LAST')",strategy__carry_return_3m,"macro__g10_interest_rates__('ADSOA Curncy', 'PX_LAST')","macro__em_onshore_rates__('SHIF1M Index', 'PX_LAST')","macro__g10_interest_rates__('ADSOF Curncy', 'PX_LAST')","macro__em_onshore_rates__('NSERO Index', 'PX_LAST')","macro__g10_interest_rates__('ADBB12M Curncy', 'PX_LAST')","macro__g10_interest_rates__('ADDR1Z Curncy', 'PX_LAST')","macro__em_interest_rates__('KOCRD Index', 'PX_LAST')","macro__g10_interest_rates__('BP0012M Index', 'PX_LAST')","macro__macro_market_proxies__('FEDL01 Index', 'PX_LAST')","macro__em_interest_rates__('KWSWO1 Index', 'PX_LAST')","macro__g10_interest_rates__('SFSNTF Curncy', 'PX_LAST')","macro__em_interest_rates__('BCSWAPD Curncy', 'PX_LAST')","macro__g10_interest_rates__('SFSNTC Curncy', 'PX_LAST')","macro__em_interest_rates__('MPSWC Index', 'PX_LAST')","macro__em_interest_rates__('PRBOPRBI Index', 'PX_LAST')","macro__macro_market_proxies__('XAU Curncy', 'PX_LAST')","macro__global_risk__('XAU Curncy', 'PX_LAST')","macro__g10_interest_rates__('CDSOF Curncy', 'PX_LAST')","macro__g10_interest_rates__('CDOR12 Index', 'PX_LAST')","macro__g10_interest_rates__('BP0003M Index', 'PX_LAST')","macro__g10_interest_rates__('EUR001W Index', 'PX_LAST')","macro__g10_interest_rates__('SF0003M Index', 'PX_LAST')","macro__global_risk__('USGG10YR Index', 'PX_LAST')","macro__macro_market_proxies__('USGG10YR Index', 'PX_LAST')","macro__macro_market_proxies__('GUKG10 Index', 'PX_LAST')","macro__macro_market_proxies__('GACGB10 Index', 'PX_LAST')","macro__macro_market_proxies__('GCAN10YR Index', 'PX_LAST')","macro__g10_interest_rates__('USOSFRF Curncy', 'PX_LAST')","macro__g10_interest_rates__('SF0012M Index', 'PX_LAST')","macro__g10_interest_rates__('EUR012M Index', 'PX_LAST')","macro__macro_market_proxies__('USGG2YR Index', 'PX_LAST')","macro__global_risk__('USGG2YR Index', 'PX_LAST')","macro__global_risk__('VIX Index', 'PX_LAST')","macro__global_risk__('NDX Index', 'PX_LAST')","macro__global_risk__('USYC2Y10 Index', 'PX_LAST')","macro__g10_interest_rates__('JY0012M Index', 'PX_LAST')","macro__em_interest_rates__('MRSWQO1 Index', 'PX_LAST')","macro__g10_interest_rates__('JY0001M Index', 'PX_LAST')","macro__global_risk__('SPX Index', 'PX_LAST')","macro__global_risk__('JPMVXYG7 Index', 'PX_LAST')","macro__em_interest_rates__('PPSWO1 Index', 'PX_LAST')","macro__em_onshore_rates__('BUBOR03M Index', 'PX_LAST')","macro__macro_market_proxies__('CPURNSA Index', 'PX_LAST')","macro__em_onshore_rates__('THFX3M Index', 'PX_LAST')","macro__g10_interest_rates__('USSOC Curncy', 'PX_LAST')","macro__macro_market_proxies__('GACGB2 Index', 'PX_LAST')","macro__g10_interest_rates__('USOSFRC Curncy', 'PX_LAST')","macro__global_risk__('MXWO Index', 'PX_LAST')","macro__global_risk__('RTY Index', 'PX_LAST')","macro__macro_market_proxies__('BFCIUS Index', 'PX_LAST')","macro__em_risk__('JPEIGLSP Index', 'PX_LAST')","macro__g10_interest_rates__('USOSFRA Curncy', 'PX_LAST')","macro__global_risk__('JPMVXYGL Index', 'PX_LAST')","macro__global_risk__('MOVE Index', 'PX_LAST')","macro__g10_interest_rates__('USSOA Curncy', 'PX_LAST')","macro__macro_market_proxies__('M2% YOY Index', 'PX_LAST')","macro__g10_interest_rates__('NIBOR1W Index', 'PX_LAST')","macro__g10_interest_rates__('US0003M Index', 'PX_LAST')","macro__em_interest_rates__('MPSW1A Index', 'PX_LAST')",strategy__carry_volatility_6m,strategy__carry_dispersion_change,"macro__g10_interest_rates__('US0001M Index', 'PX_LAST')","macro__g10_interest_rates__('EUSWEC Curncy', 'PX_LAST')","macro__g10_interest_rates__('SF0001M Index', 'PX_LAST')","macro__usd_riskfree__('USGG3M Index', 'PX_LAST')","macro__macro_market_proxies__('GDBR2 Index', 'PX_LAST')","macro__macro_market_proxies__('GJGB10 Index', 'PX_LAST')","macro__g10_interest_rates__('US0001W Index', 'PX_LAST')","macro__g10_interest_rates__('JYSO1Z Curncy', 'PX_LAST')"
2012-05-31,-0.5834948899767042,0.7249640725902319,-0.5200199155136492,-0.31100009151209135,-0.6072874646307138,-0.24383581156899928,-0.2543160053625263,-0.17129665278445994,-0.1687758425635036,0.07982379923398993,-0.05379251776511264,-0.3974604087069924,-0.5653663772721106,-0.04780925681576452,-0.5389815390125076,-0.21844592712183217,-0.2002003263283479,-0.13602977576031602,0.1177598926897012,-0.26329194827772123,-0.029525003034318455,-0.10246198937403636,-0.10822031203819071,-0.2365200629532645,-0.08226110105843744,-0.4082217986331566,-0.02590391637230678,0.046093410219376525,-0.24766839296471238,-0.2357831270288284,0.19494422266545144,-0.13852879713337973,-0.34648413201577205,-0.41999154484589757,0.4957133757188022,0.307555661727719,-0.20033053849498025,-0.07132890204703458,-0.012138153930981057,0.15816235556530794,0.17435998092965604,0.17435998092965604,-0.2732090806556499,0.1369197437361947,0.03985320605664943,0.3321462447368203,-0.18473200181393276,-0.011543656371936712,-0.19541032321592255,0.11560258353692451,0.11560258353692451,0.34631069270717924,0.029816048505064523,0.1309234454829088,0.13261092372850178,0.2144489452705363,0.14336401069862983,0.14336401069862983,0.042175762316974966,0.042175762316974966,0.19203764638848284,0.24830271844047427,-0.1894617075889564,-0.014676797126724794,0.21701683458874022,0.13086805847383376,0.41432532799085986,-0.45939394205737843,-0.3911896651116779,-0.2062028333808143,-0.06347886416655057,0.08957946838977354,-0.1260688898647881,0.23041013638229044,0.08860303878570804,0.08860698892764246,0.09496294591593597,0.31923129965999864,-0.3049689084571885,0.19677082614312533,,,,,,,,,,,,,,,,,,,,,,,,,,,,,,,,,,,,,,,,,,,,,,,,,,,,,,,,,,,,,,,,,,,,,,,,,,,,,
2012-06-30,-0.5865010251266958,0.7394023172116415,-0.5363043494740207,-0.3309300102370822,-0.5327367007478696,-0.2692429550204071,-0.24959718411166593,-0.15459214666270077,-0.09414645531448596,0.11048453677722982,-0.032966320815768134,-0.38249879653650387,-0.646737947761096,-0.05959140503369356,-0.572284784366367,-0.20143380913621625,-0.21302140865496338,-0.12471348931573506,0.11267852931764864,-0.2826330729132273,0.10802881528697968,-0.08389389402034082,-0.11106081070330295,-0.2258906905667222,-0.09413186990945145,-0.3683990853010292,0.029155161079910088,0.04738956060636106,-0.287751394876402,-0.17444114259995386,0.19910705530233497,-0.28322390599429126,-0.3363942664663357,-0.3398747685375633,0.5191540218359786,0.2599008827939348,-0.24112055902901938,-0.03183990770503856,0.0008257095431537194,0.14451980169678466,0.06193100152521711,0.06193100152521711,-0.2654488073400365,0.13054432981434438,0.07647898649606484,0.283895652834624,-0.13265312771344015,-0.04263262426039959,-0.21447115907361472,0.1553968239246996,0.1553968239246996,0.30248807525556654,-0.010559295796818755,0.14026992700033014,0.11181939185725162,0.21105190237265878,0.13499893365243607,0.13499893365243607,-0.011791089007009732,-0.011791089007009732,0.17778114431006606,0.26811379021966575,-0.20307045250585593,-0.03791262234320874,0.15395928930265507,0.1529071372179896,0.43609605841608,-0.47545489659074464,-0.3870213525248343,0.08348549144534392,-0.09541052300690911,0.02346148742472374,-0.09946535854494071,0.26314171074410747,0.10245726668827629,0.10246077604011643,,,,0.18785694148478163,-0.20104061213871527,0.11433432137430102,0.3398132951832978,,,,,,,,,,,,,,,,,,,,,,,,,,,,,,,,,,,,,,,,,,,,,,,,,,,,,,,,,,,,,,,,,,,,,,,,,,
2012-07-31,-0.5773640594232036,0.7299810382199576,-0.5875956296178707,-0.35731920347859386,-0.6454495865204694,-0.23413455465154603,-0.3213191352059549,-0.1049406064374751,-0.17416195522430963,0.16891671506402645,-0.014442015724625747,-0.37661960699685537,-0.5672503666952544,0.010086804380178884,-0.523788158805504,-0.19015657193200872,-0.11615986483607267,-0.081294638447667,0.12619612744862255,-0.2868333522751781,-0.06895234678567784,-0.2550208912490587,-0.08770252794942604,-0.21749151038278353,-0.09531390962581524,-0.27033448568392393,0.023848710851530872,0.11030889572508254,-0.23232238107722983,-0.07754204442054478,0.2454839727563209,-0.20606870575369693,-0.3072213836639715,-0.32333068557611266,0.42256266023765615,0.28579272167242326,-0.11661578207333444,-0.023572518118515035,0.08110753628024406,0.18203628553247014,0.23336429036905174,0.23336429036905174,-0.26322630766757765,0.07930382435353611,0.053063595555476496,0.2908219692053206,-0.1487747041530036,-0.13092850056055697,-0.04811399973260906,0.22779420457208485,0.22779420457208485,0.40722386063691296,0.06682568486159336,0.07020408644220796,0.16264325295341564,0.24235089495342854,,,0.06245446682038628,0.06245446682038628,0.23125826268934865,0.1564635820254827,-0.17891628436251167,-0.0183726335370663,,0.13681257580738812,0.5211439330760186,-0.32778693129833414,-0.3976458935062923,0.052035756712301845,0.05126789635754166,-0.055270910156000705,-0.18117476972118357,,,,0.21932745306333662,,,0.14523911282237945,-0.04700071031943237,-0.002665501721560414,,0.0512448611789279,-0.5268458761380305,-0.23944654528957424,0.02950307263111142,-0.04578304415417321,-0.005174413479476916,,,,,,,,,,,,,,,,,,,,,,,,,,,,,,,,,,,,,,,,,,,,,,,,,,,,,,,,,,,,,,,,,,,,
2012-08-31,-0.543681686898715,0.7099701496833464,-0.561422602703599,-0.3479270966917312,-0.6267309500158948,-0.24576389336877527,-0.32309840888564106,-0.0692010322527692,-0.1799238502855528,0.16764758173784125,-0.009879022687832547,-0.3913432384643148,-0.5305400504172428,0.04590328954725575,-0.5510520077274205,-0.23470323015907324,-0.11705949850973646,-0.08513267366622432,0.07963133861624744,-0.12693707641772897,-0.0685438475066427,-0.27519176694351694,-0.1115850747506112,-0.2323273466049626,-0.07790132432958195,-0.4372342585028152,0.012689009290205255,0.1335022720362022,-0.24725025799392514,-0.1147626671562349,0.18292805976755414,-0.21611014739117873,-0.3112155920660094,-0.3168513368693793,0.43458002432531223,0.2950480791626058,-0.1606177314450453,-0.18774114190426228,0.0691805045465635,0.20391947532584176,0.29753615729714394,0.29753615729714394,-0.24060153974271875,0.06774035564317765,0.03417007743515928,0.3071527819399541,-0.12844319497113246,-0.13064710227090814,-0.10770787027294514,,,0.38172159551913787,0.04861767980126642,0.051843908628304534,0.1728548642206626,0.21832764562306117,,0.302379474183009,,,0.25372898696281193,0.1770673678040679,-0.19496322813773198,-0.007268848432525952,,0.16020814273612694,0.48711041629787105,-0.3617419168825054,-0.31281882029807584,0.027741030547877583,0.08980416121242879,-0.09225075570272048,-0.16687153770806815,0.19166296990299456,,,0.21273101680349227,,,0.13349556645800814,-0.017313687375805697,0.017051419749477326,,0.04991210582215032,-0.5340233920857387,-0.24214554701760785,0.09222746814407044,,0.005562369781888939,0.04882710198018328,-0.2566146502036445,-0.175678239891547,,,,,,,,,,,,,,,,,,,,,,,,,,,,,,,,,,,,,,,,,,,,,,,,,,,,,,,,,,,,,,,,,
2012-09-30,-0.5261938399205585,0.7011710976853904,-0.4433928125022111,-0.42535790391508677,-0.5982787003177003,-0.2993315689027733,-0.3341513883419907,-0.07467690787674659,-0.19053293620912953,0.10902405395087024,-0.13056893739697806,-0.40861346582874847,,0.02633580421109085,-0.5695195267246534,-0.2533646199265894,-0.1416963562619405,-0.11335436687698652,0.06370080177204968,-0.24389776768783555,-0.09726773085914908,-0.274831509399468,-0.12191439534639834,-0.21578625567595378,-0.12767833403094328,-0.2465060426709566,-0.03725352853231326,0.030888134897187405,-0.2470389060574417,-0.24871380454546618,0.27472149299702686,-0.26742781199141785,-0.35796786538679404,-0.26054967847827215,0.485100617702662,0.28155905693310057,-0.18673800476724617,-0.19120475462368045,0.04585334378032652,0.2721460141852889,0.2549666234977584,0.2549666234977584,-0.2862378559779328,0.054069618329542574,0.08555646670151425,0.3086489829195468,-0.08506236388322412,-0.13092550551342266,-0.08207569589869973,0.18224107755033994,0.18224107755033994,0.3993950647202663,0.017146661641236204,0.022524840846408573,0.10760878250258935,0.19349764071581493,,0.24190445841616837,,,0.2911269954533915,0.16970765577954777,-0.23722297933019026,0.006431768267817072,,0.12269903108991463,0.44695060527825836,-0.3184540250048919,-0.3054837217128949,-0.010490670805956734,0.08320491232504426,-0.12979710042750592,-0.16119429073537528,0.10860332236170202,0.2376604386797806,0.23766180432661538,0.11251063141603941,,,,0.04251627879066454,0.00781259917102905,,-0.0036062414467572424,-0.5872432602467448,-0.20174668222788525,0.08453627797844893,,,0.04446906465669912,-0.24854354584891006,,,,,,,,,,,,,,,,,,,,,,,,,,,,,,,,,,,,,,,,,,,,,,,,,,,,,,,,,,,,,,,,,,
2012-10-31,-0.6160238080357456,0.7711021745144545,-0.38962049372368074,-0.35820536368548406,-0.601096923518222,-0.0776669593125662,-0.3649075113476162,-0.06388283846178662,-0.21414941109255167,0.09365277398156141,-0.1545326586833907,-0.44351445900107767,,-0.042207232508290754,-0.5761069079087754,-0.2937438708608542,-0.16917718872644055,-0.16575520746944966,0.08405812162144097,-0.3011487773026436,-0.13979696906897113,-0.2502662211929833,-0.2140607067812807,-0.21782376554319477,-0.09333218534389034,-0.231956217279441,-0.08116175993002359,0.00021183084810684548,-0.20934241328695732,-0.2542302739431221,0.2412212345043832,-0.2070872797025134,-0.19718891048591544,-0.22551966353227856,0.5523954966967812,0.2556057813014145,-0.27116676701451775,-0.22598771651851418,-0.05227875710329454,0.21587171332763724,0.27228091955060263,0.27228091955060263,-0.2830258275728685,0.12713529892264155,0.11057042919689179,0.29439795156576126,-0.1256158069414907,-0.08248346711427283,-0.038808941221448096,0.2409027242251176,0.2409027242251176,0.4139048909944586,0.10142639740128172,0.03208244801179019,0.08506013606047595,0.20534137232972338,,,,,0.2458008673328333,0.28419537498688496,-0.23538017984916337,0.001577638912557462,,,0.48863984143506234,-0.39555328854589406,-0.3045162632562069,-0.07801605349751008,0.20646545939238886,-0.04640799989401538,-0.15200351509437904,0.04280136862850464,0.18436233557626286,0.18437123274137796,-0.0057503976525165555,,,,-0.009406094861645788,0.014680865958996541,,0.07378339902584483,-0.5242557604868023,-0.175185355152568,0.0788334167882792,,0.07675257801634704,0.027471826743131884,-0.19993340924097086,,-0.2197766112293929,,,,,,,,,,,,,,,,,,,,,,,,,,,,,,,,,,,,,,,,,,,,,,,,,,,,,,,,,,,,,,,,
2012-11-30,-0.6384494611834906,0.7142491484375548,-0.38134915130128516,-0.4561295832917511,-0.6649252054946708,-0.1106601726474024,-0.3759380053559539,-0.03831349685941254,-0.19421334012020544,0.0684158623971048,-0.1629202150417297,-0.44588676902221885,,-0.030258724580987176,-0.49699972280519317,-0.35381134480257304,-0.1396196658542242,-0.06772601339557398,0.004617701612187783,-0.3135407733585212,-0.15409945343110595,-0.2613697424039388,-0.24142635628271944,-0.21459312504615724,-0.17699187667953756,-0.33143017686011517,-0.10103519797502401,-0.03712853020644478,-0.19068919854214555,-0.2767527761424785,0.26611325818738035,-0.2249369853684215,-0.2248504405498325,-0.2882264262750099,0.5528434468561602,0.2182284444660512,-0.2407536826438458,-0.23519141914484498,-0.05657999451000919,0.1893576078689102,,,-0.29321664419499543,0.13811377208024225,0.11641813333605794,0.2964163409992255,-0.07739532314103728,-0.19665315855888907,0.0574342105262324,0.3460352605799268,0.3460352605799268,0.46660367481070025,0.12483618870464713,0.004092191388485065,0.05508556322928885,0.24248421114723845,,,,,0.2585240215595901,0.23440127238886474,-0.2905096883151099,0.006107934245742078,,0.16650903169183326,0.48866592422808675,-0.33342445929879233,-0.30758559240063355,-0.09263639344477156,0.11800519685775405,-0.026132730348207896,-0.16071145288745375,0.053219707154261275,0.20798031163196287,0.2079958800555403,0.0826059595491657,,,0.14307557011767666,0.06947686497568038,0.051237528749599595,,0.10134822149227814,-0.4783020133927913,-0.19015518046507113,0.04475539673814798,,0.09755815056784649,0.0562808083338091,-0.18990733929020734,,-0.27435661912629766,,,,,,,,,,,,,,,,,,,,,,,,,,,,,,,,,,,,,,,,,,,,,,,,,,,,,,,,,,,,,,,,
2012-12-31,-0.700368697718,0.6915326883680708,-0.48758956679433857,-0.43315795095924037,-0.7537691145484976,-0.08529032401054526,-0.3494700787855539,0.024849856218946906,-0.20996220894941126,0.08252301394094202,-0.051014706319776594,-0.4337612542836357,,-0.04300574355419932,-0.4130431546767255,-0.3846936270605398,-0.1492786629473527,-0.062146366611777575,-0.19825595789045894,-0.2322021557633809,-0.10594805367042327,-0.216738119178796,-0.2167878075098215,-0.1607091331405428,-0.2373324504141343,-0.6290537950657447,-0.11406202647063818,-0.1350196618282825,-0.1428932906500151,-0.33754329724900983,0.2801500941774646,-0.1957804585264426,-0.18969833304520092,-0.3056856649976287,0.5496898242914388,0.21632323314934407,-0.2586779204992178,-0.3245531888964513,0.004167227281656896,0.16583186399513855,,,-0.2900896062114193,0.1254708867094695,0.16311238936353814,0.25626500925919066,-0.06110816354020192,-0.2058547222461696,0.12198992397624119,,,0.35354789822031635,0.15449997004285698,0.018261143016221178,0.056250407777791916,0.2174323318368377,,,,,0.2767090334688566,0.3146150748222441,-0.20234506162062066,-0.010635802935242989,,0.13343893930279846,0.4982260825218749,-0.34028186423688034,-0.3183129320161593,0.00958629867515817,0.07693857646221051,-0.0874743280251246,-0.09723879437777637,0.0016407697691235563,0.24133820189330638,0.2413346620517059,0.1858814050167454,,,0.19671937329561362,0.05297973928536671,-0.04319150783620743,,0.1623359157096222,-0.39433256429637914,-0.1957301474865228,0.055335855323383,,0.030130972570774437,0.0018614328961025573,-0.1377526952723103,,-0.18860093490740185,-0.18933796732694944,-0.020696292500848562,,,,,,,,,,,,,,,,,,,,,,,,,,,,,,,,,,,,,,,,,,,,,,,,,,,,,,,,,,,,,,
2013-01-31,-0.6710308155355221,0.6217220552245641,-0.5069330806586893,-0.5357031922496468,-0.749685103413646,-0.049515049430671164,-0.3515752068203638,0.040225581552593453,-0.22346535420743255,0.09837717941361988,-0.05321951116655449,-0.444071203118358,,-0.03523052841194378,-0.475756424246407,-0.3919701210061902,-0.17752928984745828,-0.06452543649007215,-0.14928236056945016,-0.2355348676231875,-0.08900729737963839,-0.20829852824547962,-0.2339963333018003,-0.15369337534958102,-0.3089740147898783,-0.6309715233838554,-0.10272188349117974,-0.14491312708798906,-0.14943931561353113,-0.35743982856743217,0.3232897376579225,-0.20661228766179918,-0.08370773584998137,-0.3635275211348158,0.5104503416660697,0.22033567895973524,-0.23490360507566543,-0.31138906345754674,-0.004737207498399678,0.1650661455641641,,,-0.2569732555976398,0.09481367153879763,0.15098400449016228,0.25436403779046185,-0.07150975082630963,-0.16370788615404477,0.1967069472340181,,,0.3586208957949883,0.07391085709813852,0.018192838090017573,0.05943173081722106,0.2116353424228219,,,,,0.2708072338899689,0.28964357874873997,-0.1927933774702888,0.010252613439867709,,0.06559599290909127,0.5363716177947642,-0.31942054151356036,-0.450893953651154,0.08613171420604424,-0.06600499664603099,-0.06340468216019653,-0.03851750543321064,-0.033515374197231995,0.2519609077577415,0.2519581788156253,0.17341906146276728,,,0.2107699141853374,0.05139103579793754,-0.055082833486810014,,0.14331059408334573,-0.35680912734289744,-0.2022105060345698,0.07863026916606718,,-0.05323272924744403,-0.02949915233103481,-0.12173481552479709,,-0.13317110315070335,,-0.03323727175872887,0.2535749836821177,,,,,,,,,,,,,,,,,,,,,,,,,,,,,,,,,,,,,,,,,,,,,,,,,,,,,,,,,,,,,
2013-02-28,-0.6144266192017855,0.6614883137544245,-0.49193912638743237,-0.54252155328417,-0.6972699796779012,-0.037504062707592774,-0.36678119583837626,0.034737954924311476,-0.20428736831004216,0.07963709122846545,-0.160837015264448,-0.5071834521199338,,0.020559500957741863,-0.5142539386554265,-0.32076424931478126,-0.23906687183324116,-0.10296129482213018,-0.04547462585286292,-0.3462095999308055,-0.10316699505285581,-0.2252584234587803,-0.20175234572515913,-0.19998040782384105,-0.20209664953050374,-0.33671660097747513,-0.060718988842375754,-0.11108867435723432,-0.20368497892782783,-0.2508552267285312,0.3196758022143606,-0.2563075163504985,-0.1417383344096637,-0.34788555121013115,0.5539573990361351,0.24365007166035438,-0.18506170477353093,-0.22300424548308542,0.005320352963947025,0.22936802359802358,,,-0.2984640362664991,0.0752752310592001,0.12328987896184919,0.2703280617872539,-0.08222975048466248,-0.15020319979232705,0.16690970281590617,0.30832156918346393,0.30832156918346393,0.39433951999960853,0.08792786992663583,0.024991880666462126,0.08833781929812985,0.2706905519050679,,,,,0.2971429854504944,0.22829700639645506,-0.24720799931248685,0.05811465906789615,,,0.5746453910760427,-0.36928047032612665,-0.47674055716810604,,-0.019693649379972474,0.039893484478154835,-0.08445708091019685,0.00019502222335885855,0.19306830930932384,0.19308254352712073,0.16209601863942066,,,0.14240650612193292,-0.014971859055013298,0.01511223305511256,,0.10628232113748814,-0.4909252227243662,-0.1671506934465569,0.06061322106426449,0.022377191001326135,-0.010060440672715257,0.012073310833526998,-0.1418661808417173,,-0.13294984454963218,,,,0.25755063612472434,,,,,,,,,,,,,,,,,,,,,,,,,,,,,,,,,,,,,,,,,,,,,,,,,,,,,,,,,,,,
2013-03-31,-0.6108208677849589,0.5239856932117523,-0.4499775243058075,-0.5163832751560075,-0.6454371964873261,-0.023093910194129413,-0.3438081258576811,0.009135497940759057,-0.21805275306767224,0.187234242753033,-0.0960902900397575,-0.5284207975580268,,0.01862197842216392,-0.5446250053926259,-0.32398018018218455,-0.32204198080424545,-0.0672301717811169,-0.06197453947791648,-0.4124292915064124,-0.1008394742127281,-0.17176277144005406,-0.2235862703424508,-0.1907019186365612,-0.2649803812240998,-0.34260354872413246,0.025436912431839206,-0.07031479756646683,-0.16860665990883214,-0.18077510849252557,0.33567433666829233,-0.23003148107453888,0.01729097881479167,-0.4180693903127746,0.5555470168406017,0.28041523056395007,-0.15006297736977633,-0.2865546954503427,0.005777187010654009,0.2064656431951013,0.1864205586798762,0.1864205586798762,-0.33685303626453944,0.0699228286891689,0.14136746165968475,0.2751311356701944,-0.1024553604240136,-0.23623918981500058,0.167609767494386,0.23961462339186368,0.23961462339186368,0.3491661062814964,-0.02050242814546845,-0.016548273175215133,0.05661830808641565,0.3018715086071487,,,,,0.2488221122493244,0.2738054604673224,,0.06758280183905085,,0.10827605107958836,0.6562610266355215,-0.2615774991369641,-0.5192102509870048,,-0.034609273792569756,0.1410480619848789,-0.060058033294041906,-0.006837335334525086,,,0.1657528276301956,,,0.014698939022499196,0.0446886316315119,-0.018203510814219424,,0.06790463564166166,-0.4806803308990569,-0.25056488556132583,-0.005250599313661166,,-0.07992174860600229,0.027926780737539774,,,-0.1655267306813649,,-0.12006241423361208,0.22965926212615104,0.3169623852040672,,,,,,,,,,,,,,,,,,,,,,,,,,,,,,,,,,,,,,,,,,,,,,,,,,,,,,,,,,,,
2013-04-30,-0.5917760094608003,0.47114803107130265,-0.49185543210590904,-0.4722557402690355,-0.6902504578790145,-0.03704637597045877,-0.39903508627281314,0.0970471084571472,-0.2873242475023349,0.23464895842320208,-0.07182407307610629,-0.5539429073514667,,0.03965100030046188,-0.43901630274694536,-0.2460222766225114,-0.3323514084595,-0.09137982180757115,-0.07720250156862461,-0.474683351276693,-0.13267924048146235,-0.25433676645606235,-0.16152477910568697,-0.19109815602771196,-0.36380165356601124,-0.26888699109765646,0.0044483199145206025,-0.06624123119412371,-0.14747685640956584,-0.15215248808853146,0.2739736149453966,-0.2614536380655083,0.12909778830820237,-0.28059177863487167,0.5723293815081365,0.25191073064308434,-0.16300711358470385,-0.2880576467585128,0.019371797667479762,0.19788532909881643,,,-0.37209440465579424,0.10439284723761011,0.15568768527842206,0.24662269918264432,-0.07505878491806561,-0.17977968634765956,0.21055004661405632,0.3307987660276458,0.3307987660276458,0.33015378787527155,-0.06615592568051458,0.07832116890938015,0.0991351912550738,0.28974541947464777,,,,,0.2697186758446717,0.2749603565819086,,0.021165755917507786,,0.004767192863557769,0.6400882026049696,-0.06664258447309726,-0.5234305635437803,,-0.05078361552466962,0.1338476685600967,-0.09691818774992078,-0.007419550538326625,,,0.06948794294299607,,,0.10092736687453363,0.05959334487814215,-0.017030246749252114,,0.12127961205536097,-0.5759975288585647,-0.12548595112003577,0.04409911153799624,,-0.005547672781336578,0.015394372646886617,-0.07643618077973778,,-0.17853250365157283,,-0.06812741154599343,0.20604315241234628,0.32587732741099334,0.10754887791082532,,,,,,,,,,,,,,,,,,,,,,,,,,,,,,,,,,,,,,,,,,,,,,,,,,,,,,,,,,,
2013-05-31,-0.661690403365213,0.5457601602394041,-0.5046451915937856,-0.49564295612962195,-0.8150762935073207,-0.15504866554733585,-0.3919163632013926,0.1863584434679896,-0.3025109325003479,0.43324397586508373,-0.03690961054670784,-0.5439582811817455,,0.03639158299723965,-0.36297422182964506,-0.3507208839360228,-0.29573581087891443,-0.11203818444711769,-0.13300619295723046,-0.2823583984062818,-0.12559397966301114,-0.1877274245456997,-0.18675796932234698,-0.16586306520541047,-0.26535483588969894,-0.5243491541562857,-0.09532338296652894,-0.06996115859634493,-0.1422226555328751,-0.3529020901151086,,-0.23376309455560954,0.13265163218165257,-0.27739822622376786,0.5978876610060542,0.22478754257386382,-0.1649079677998828,-0.33993863136310704,-0.024058134395484612,0.15278966471263286,,,-0.257780543331899,0.10296254649011635,0.1560421357321138,0.23380854769760323,-0.06038560341371133,-0.14194170912183818,0.23776230029062978,,,0.3177655250937319,-0.07258858316799519,0.10075847796797453,0.14637054271343897,0.26768308328785756,,,,,0.2883374577674262,0.2598042456215486,-0.17036365842720835,0.004576715303478453,,,0.6022432870934794,-0.0792891503418068,-0.5155448146198972,-0.05328199017086476,-0.0489308785810673,0.04368822175156347,-0.055481105533682955,-0.018611481334950806,0.2105114007541678,0.21050823819394462,0.057416165289973474,,,0.2035839688414111,0.07320311630083942,-0.015412072401983726,,0.17007452707931625,-0.5421765642848971,-0.11283691777864102,0.0404460618684936,,-0.051823134575096776,0.006659246556405737,-0.045781955560401766,-0.13328941346946793,-0.14023090750155925,,-0.006561822153088065,0.20023307538083385,0.35614991741344515,,,,,,,,,,,,,,,,,,,,,,,,,,,,,,,,,,,,,,,,,,,,,,,,,,,,,,,,,,,,
2013-06-30,-0.6014351837595393,0.6191484619257147,-0.438910535932906,-0.38795625494631436,-0.6947763094101049,0.011349047296415785,-0.3026205305193011,0.0029389308112465692,-0.28720036015471123,0.40466296533855367,-0.19961047355232078,-0.3520026326782541,,0.04229423899290723,-0.27569882562524645,-0.23404517458496282,-0.35299808724306536,-0.27859392966156454,-0.04876066707978931,-0.34677509643060844,-0.049479608040527194,-0.20729327504649042,-0.2813199745970929,-0.2082600091876427,-0.2611489886661368,,-0.010541429651335896,-0.07824843311214638,-0.18747494436838408,-0.20563888024704738,,-0.226781125089028,0.019257237034196146,-0.17146691709255318,0.5909194554270283,0.3333552125132652,-0.23818286278968376,-0.28134592463636376,-0.08083272264099342,0.24294551633473516,0.26900169171699756,0.26900169171699756,,0.03770788903341764,0.1375503755654498,0.3630635690433267,-0.11635185691285335,-0.28060882014697086,0.21176239579750716,0.12659344733814745,0.12659344733814745,0.3754579358736394,-0.14785356875865582,0.03414006844745662,-0.019451392390041056,0.33733541746766055,,,0.1474209345751791,0.1474209345751791,0.2795322088599252,0.26375847828940957,,-0.019139446116463874,,,0.6130318289438086,-0.07643489700654656,-0.5684206074948288,,-0.04518286084464248,-0.016903792601155116,-0.029678355538749087,-0.01696990512166854,0.21150196135975996,0.21150763925908098,-0.051280625773398376,,,0.06786346257084992,-0.003943437180896577,-0.0928385581861319,,0.11543489027573159,-0.6221260845167305,-0.058506117332086355,0.052648492612007464,,0.014802107674538495,-0.02516776423167336,,,-0.09427055996114131,,-0.08637795068150006,0.08437576886039096,0.19165189895842416,,,,,,,,,,,,,,,,,,,,,,,,,,,,,,,,,,,,,,,,,,,,,,,,,,,,,,,,,,,,
2013-07-31,-0.6267202013700599,0.6242434116849209,-0.44555459092617145,-0.43333369052880755,-0.7565003093096201,0.0631830669010428,-0.29213951807602906,0.19066527621744447,-0.2738523595673316,0.35737718815763775,-0.2574109760059208,-0.3960351911640248,,-0.02211484732115438,-0.3603155755661937,-0.19831193116382712,-0.3784501238486055,-0.1622936845828196,-0.03053977374756836,-0.25139365991837664,-0.019676382021258782,-0.1928944705550036,-0.2511225561062621,-0.21571979030737923,,0.008508119049402938,-0.004556516821315016,-0.012837359320743019,-0.20147961990385577,-0.2295469697794986,,-0.27706737374299867,-0.012612528698988866,-0.23641705485711118,0.559198029672145,0.33821269995299047,-0.25249697697034684,-0.24985338640748175,-0.06833024538591899,0.16058584460845643,0.24965539823734184,0.24965539823734184,,-0.006092125591911547,0.1342495507640507,0.3267557451561143,-0.12623818723292224,-0.2758557290192158,0.08565070862016375,0.14548382827044254,0.14548382827044254,0.3446319162793004,-0.23924158307151988,0.09214912148243805,0.0639748438446446,0.38033525988992467,,,,0.16697348467983275,0.22658381520939067,0.20525123024576764,-0.24769883041370466,0.007181667179556059,,,0.6119294662171929,-0.02552390722616552,-0.4194149159290133,,-0.05640444485997327,-0.18659850159632743,0.062195335988391116,0.047915023262981214,0.2215184665973899,0.22153116915702875,-0.045777698122210365,,,0.060910465601292846,-0.15110351274816639,-0.04762718043551497,,0.24796610038932557,-0.5087319076721993,0.0024473715268526963,-0.026979335157494948,,0.12097189457660186,-0.05570387606657323,,,-0.05520958366643766,,,-0.01743521377243889,0.3309126676159647,-0.07911094961955256,,,,,,,,,,,,,,,,,,,,,,,,,,,,,,,,,,,,,,,,,,,,,,,,,,,,,,,,,,,
2013-08-31,-0.6519297168639816,0.6338000715939559,-0.4682996818109705,-0.41550462841006713,-0.690034162406713,-0.013850430019310226,-0.26736454133970894,0.12425158696369372,-0.2622166283031558,0.34106646342472696,-0.2501695968603703,-0.34066754380729686,,-0.027541555178334644,-0.38809127877597416,-0.20653643212209713,-0.4253801871084887,-0.1384895786629148,-0.07870814563333653,-0.2117391970820276,0.021950002761661657,-0.13671854473465628,-0.28093201240528803,-0.17160406847019005,,,0.03211733752595688,-0.08999159648206423,-0.1603047926507251,-0.18823746054784535,,-0.3155873973311731,-0.025075390047767893,-0.2723188931216307,0.552287197321203,0.35030914981800504,-0.32980754080488434,-0.22188142230749971,-0.07841269510089834,0.1407423590075668,0.2318356438410581,0.2318356438410581,,-0.0051945053736018095,0.1330132118446924,0.3424403800856948,-0.09407657637950848,-0.24419128737728296,0.08860362426944389,0.07548197687798285,0.07548197687798285,0.31354280345367336,-0.26768498328634555,0.09351834947735224,0.016021477029080272,0.3956428455487436,,,0.10506419065678078,0.10506419065678078,0.20623329265940635,0.15281903995021107,,-0.012241298313882277,,,0.6309426978678689,-0.17195103074829415,-0.48147055072600226,,-0.11252410631167625,-0.037270433120312696,0.04981650904441498,0.04779131651440538,0.21052464076461982,0.2105462753512495,-0.05305136396185792,,,0.030026124420052015,-0.32501006055505155,0.014818398664291323,,0.16635728990830054,,0.0386803926138951,0.004655982469895467,,0.10867632594808423,-0.07545468388357662,,,-0.11091085456293899,,,0.008455958058886713,0.31454252762456536,,-0.3754806914256497,-0.028902217609747476,0.05492658967296837,,,,,,,,,,,,,,,,,,,,,,,,,,,,,,,,,,,,,,,,,,,,,,,,,,,,,,,,
2013-09-30,-0.6914271386918434,0.6216941728554144,-0.5456739667487012,-0.41304734920586106,-0.6847812290504115,0.003060868850306543,-0.29691018375315675,0.17412070713102087,-0.28367642710575003,0.259731783681385,-0.2638793096956846,-0.3122633895913407,,-0.07867632928532385,-0.41507957321776445,-0.241683091524637,-0.3990609226324369,-0.14630897546873725,-0.10839654980279978,-0.059941109357368405,0.15511822835839192,-0.11999682221107283,-0.283040212025362,-0.14927746335663755,,-0.10129185450850592,0.046377765788056836,-0.10510517920872893,-0.14212716131880876,-0.20256532875311387,,-0.2838259681024831,-0.028344104128173512,-0.23123268169693006,0.56747937154861,0.3042766004646728,-0.34609254818120944,-0.24083376450886448,-0.06958742247569591,0.10698057316914042,0.2461946444939695,0.2461946444939695,,0.012643342297134869,0.15200690197531808,0.3406276495920009,-0.10569994304195061,-0.2844442784276689,0.12402035890434761,0.06117636249255564,0.06117636249255564,0.3531494443603262,,0.07942893618238138,-0.05905986040277395,0.37744116243413417,,,0.08479006991908591,0.08479006991908591,0.1774191873720931,0.1750924204611166,,-0.005350650160300103,,,0.6370173734272097,-0.15381128354317597,-0.4385878658525498,,-0.1798465504233906,-0.016968163021792538,-0.022426584897503356,0.02652882224704755,0.1857565091804368,0.18577893983554797,-0.07280377084337182,,,0.019999522128300393,-0.24841444066258747,0.04425060490931288,,0.16487508986016722,,-0.011579434065153712,-0.006225002742053747,,0.09849181876961675,-0.07134373516208616,,,-0.10487961325802654,,,-0.035299018634900876,0.2983864679089596,,-0.3898730973756317,-0.012801626419626946,0.07875078908015529,,,,,,,,,,,,,,,,,,,,,,,,,,,,,,,,,,,,,,,,,,,,,,,,,,,,,,,,
2013-10-31,-0.6319603791376576,0.6525358120744481,-0.5061938200834777,-0.4582082461203971,-0.753078274097974,0.005646637471925792,-0.3145661300478793,0.23826891558317204,-0.3019896799144673,0.28759250140438714,-0.25411925791489376,-0.31981475768691225,,-0.05795341511519902,-0.43663258883344797,-0.1868552379999345,-0.36576019795165554,-0.11265333623720955,-0.0889013118352781,-0.08760324060152186,,-0.1818427887380383,-0.23909911331079142,-0.17844866456230926,,-0.020031701148261437,-0.004908017820059743,-0.05790804695912016,-0.13788920896628276,-0.21544166029825995,,-0.2567929453105908,-0.06191740798854797,-0.20715893114762549,0.5474222896162911,0.2993756844692649,-0.29267252783134995,-0.2670257894723,-0.0032377057255609525,0.10632588319836632,0.2485976856607904,0.2485976856607904,,-0.00704906284578745,0.14147835503929915,0.3348578162204982,-0.14687654039794137,-0.33547203841648,0.15094258258532894,0.1188719725858321,0.1188719725858321,0.3852551364622361,,0.05623469755277845,-0.031237031185747284,0.3776679533780439,,,0.09820203435249186,0.09820203435249186,0.18586764580235182,0.19583538300344794,,0.019127729673789715,,,0.6012326255509618,0.03761394838145026,-0.4585806030065552,,-0.17720654689885526,0.026996092095621326,-0.08260007750605264,0.02514610004119925,0.20569002012935458,0.2057039314387382,0.019061718467093088,,,0.009155039973745999,-0.10061677136032623,0.00363434705070051,,0.20739852430553143,-0.4700802016043056,0.04767280438135216,-0.04183145241888295,,0.15423230895768245,-0.07641730448862373,,,-0.09077706721313748,,,-0.07099522031239058,0.2983866726028279,,-0.35645406417226455,0.005494837538677461,0.08882802546253118,,,,,,,,,,,,,,,,,,,,,,,,,,,,,,,,,,,,,,,,,,,,,,,,,,,,,,,,
2013-11-30,-0.5921843463595542,0.6291208034821403,-0.48225021612635965,-0.44843992277442674,-0.7798507428226817,-0.00036797876205079967,-0.33028045315970683,0.2109881085950962,-0.2943612785526754,,-0.1569318053110508,-0.3354288893377658,,-0.025803255270954163,-0.41316701386648036,-0.14190151026561104,-0.42223142134390906,-0.05801784785656321,-0.012743123339443262,,,-0.1879201837072494,-0.2643376359148673,-0.1819426104327982,,,-0.03317350326697783,-0.02609071351028457,-0.1289647491515536,-0.1875674494560977,,-0.25338758037042747,-0.024996952380064025,-0.24684318914833905,0.5674447173407737,0.2869169702306758,-0.24662675808285903,-0.2613672376699033,-0.04154682190739466,0.09636818171959691,0.2526513602556844,0.2526513602556844,,0.001318388116277139,0.14419527789750944,0.33355173791878256,-0.14810489609527164,-0.3289000344839213,0.14531984898332795,0.09683822404890623,0.09683822404890623,0.37176928832380235,-0.24932070548138213,0.0835212672350092,0.06901050182320245,0.3779738066597148,,,0.12764552077269017,0.12764552077269017,0.15963385158814605,0.21937048369768716,,-0.024390194955255434,,,0.58040485492403,0.007414539987480148,-0.5468931595487251,,-0.08787950340194683,0.06338156141536719,-0.04892894458084149,0.017884355926205832,0.2299408962607702,0.2299549857203248,-0.027799704959107396,,,0.0211248217945097,-0.16474206687079712,-0.028070960672941986,,0.25441816661123995,-0.4863266160189679,0.06876792270513146,-0.03932193865511543,,0.16112681819284083,-0.12495122642383535,,,-0.1379380459033301,,,-0.029892103986737882,0.331889526743804,-0.10759694158911622,-0.35580779099130666,-0.06260240644088462,0.06303253411696409,0.2771140406779193,,,,,,,,,,,,,,,,,,,,,,,,,,,,,,,,,,,,,,,,,,,,,,,,,,,,,,,
2013-12-31,-0.597608106690737,0.6334876044931731,-0.48482934867119865,-0.4578577012286092,-0.7966361521057398,0.009650532872718153,-0.337878583835471,0.19679466184256383,-0.2780738962749073,,-0.11235182943787238,-0.28769829767718524,,-0.042500973749665334,-0.4053807561513924,-0.14475543009420516,-0.434808268543072,-0.0363675661560295,-0.012621250719817016,,,-0.18202779938649075,-0.2825962388700666,-0.17698370353713486,,,-0.022445279678352976,-0.028050982303394326,-0.11647202471854315,-0.21051170958552626,,-0.25279458329234705,0.025893487653666624,-0.24932646613409584,0.5741997098621014,0.2764984394620576,-0.24382572011154063,-0.29378933407623453,-0.05497935884244335,0.10566096301024726,0.24340665409527873,0.24340665409527873,,-0.0011313143933785622,0.1372917366689102,0.33149745912193374,-0.14557748151734695,-0.34016693594937125,0.1992197407410143,0.10341937996029998,0.10341937996029998,0.3711568799862963,-0.25137291480368007,0.1015919640649298,0.017940654980036597,0.40299334133154374,,,0.12905077720686514,0.12905077720686514,0.16973778651918323,0.20327789902147247,,-0.017848464057607708,,,0.5985422692452567,-0.019029231273703238,-0.5743387117434255,,-0.046633523813350015,0.016794467231442744,-0.037100355435077795,-0.012271621925157161,0.22495608980618997,0.22497222364362343,-0.04037070292083504,,,0.015128761952629424,-0.1677075166296285,-0.013905277679144462,,0.22677877633843643,-0.5024759447566233,0.04600878408242661,-0.050076222352451474,,0.16533890762934994,-0.1335089769983814,,,-0.18979032082461278,,,-0.025115459871825906,0.30400107876672794,-0.10590269395596372,-0.30954374612065283,-0.0757311490187147,0.02161111251575489,0.30605579178358755,,,,,,,,,,,,,,,,,,,,,,,,,,,,,,,,,,,,,,,,,,,,,,,,,,,,,,,
2014-01-31,-0.5992820462074003,0.6425869529756423,-0.5283449322167832,-0.42201461533462814,-0.8282210574805159,0.024829551097546927,-0.3271624670544497,0.20426778313033236,-0.2708153675021949,,-0.15020036804565848,-0.2718257753382474,,-0.059623628798850685,-0.39796746209472694,-0.1326081646450262,-0.45691597746829593,-0.029245050488469666,0.0007882464698467348,,,-0.17139346113110485,-0.2779366790628031,-0.18319303359211464,,,-0.010818462399801975,-0.029458811239672845,-0.11177288761737342,-0.2123299186680314,,-0.23798363936683536,0.02384526053143354,-0.24957884643590583,0.5886565522100552,0.28425938373877335,-0.23504600182638133,-0.21793274504077922,-0.044206114457393815,0.09315393493407277,0.26890342341261514,0.26890342341261514,,0.009034201303817088,0.12624992832789747,0.32522982810116546,-0.16051749607018412,-0.34339031512730434,,0.09207646911685777,0.09207646911685777,0.3522426959988949,-0.25101204212584366,0.0839749729173108,-0.006470967115791241,0.41638198850620517,,,0.13046960459769125,0.13046960459769125,0.15251154100672537,0.19759184179127892,,-0.008864824441816353,,,0.6003592693506727,0.017018807053194213,-0.5792110486638334,,-0.07315265070503656,0.04245813227818229,-0.046043010668548746,0.01675409367124129,0.23049261165922105,0.23050643559631148,-0.020334229454422006,,,-0.00701065003462155,-0.15587306781514684,-0.014114537346009447,,0.22493497084424816,-0.5121926484144291,0.0419163416952388,-0.03421549300772308,,0.15138780660703516,-0.12139418640719699,0.05490336094620235,,-0.21621685679668853,,,-0.02129968708332521,0.31848336522546966,-0.08892872951219245,-0.32004513968681797,-0.06864510748608257,0.016231996599810634,0.3244975434908069,,,,,,,,,,,,,,,,,,,,,,,,,,,,,,,,,,,,,,,,,,,,,,,,,,,,,,,
2014-02-28,-0.6046938747203546,0.6464991387228092,-0.5048281125919657,-0.4645444012964805,-0.8254209101977404,0.04265710684861849,-0.3345029752817347,0.19377758598658495,-0.2753209387634345,,-0.15073409270204483,-0.25617789424285814,,-0.06705565632416341,-0.41927513615641443,-0.0975900058887025,-0.44836331887586395,-0.029646687171222073,-0.005973764516556009,,,-0.22548855333720272,-0.2765256884728922,-0.23112375946340685,,,-0.023422195999444905,-0.020916565208762762,-0.18562953273271776,-0.23572877213676652,,-0.13223564488840728,0.006718732514036803,-0.25850528048709553,0.609130719368561,0.28288516464870844,-0.2506787354787603,-0.21831747005368168,-0.03732271225909878,0.10190087989818428,0.27256206074190975,0.27256206074190975,,0.02594331012712622,0.13958840115393378,0.3249270822125215,-0.11968542954417277,-0.3026079036582146,,0.09834952059823734,0.09834952059823734,0.37070874082128347,-0.2567576849574931,0.0753024039190006,0.0021611894626287057,0.41002020208277906,,,0.1254349308777887,0.1254349308777887,0.12332295641008474,0.2277896826661899,,-0.020496264070895515,,,0.5838527125424565,0.057329409512935865,-0.5815701417216257,,-0.013098778540046164,0.03179482857143614,-0.12729914577895216,0.0015595298867525909,0.23767501205599292,0.2376896829731384,-0.025205606708878215,,,0.02300241898013401,-0.09858253013741135,-0.01910625539465577,,0.23533844991157765,-0.5339983890686278,0.04639707928086404,-0.039632069239222946,,0.1495507474306273,-0.06632041778638624,0.04973458989341521,,-0.23120802354422895,,,-0.062042567941250855,0.31203975684125146,-0.06828432730097378,-0.3421085213841246,-0.10220826555376585,0.04621192783703036,0.32740769740511677,,,,,,,,,,,,,,,,,,,,,,,,,,,,,,,,,,,,,,,,,,,,,,,,,,,,,,,
2014-03-31,-0.5297601638504078,0.6756378414819024,-0.4665769531888967,-0.42993302078843865,-0.7723040238944456,0.12166927385636044,-0.32324810586508734,0.11354288141997354,-0.1791183349623814,,-0.1997309435121174,-0.3460459002451436,,0.0015822285614304104,-0.4421026154934478,-0.035094912885420576,-0.4464350731231629,-0.019122051129255507,-0.03514989868687947,,,-0.20986983740387116,-0.271721349558509,-0.27527781593745526,,,-0.07392785626482926,0.04221648238662714,-0.2569176135996095,-0.2129108846151658,,-0.07170647763851334,0.0069807699665465645,-0.2670096300302508,0.5158711702027288,0.25759771066888415,-0.2104661762723174,-0.1735397894030628,-0.03852475193593616,0.06765126599995008,0.24937984615430667,0.24937984615430667,,0.05033453196918924,0.07339826119841658,0.3616835230679194,-0.1417928327087629,-0.3291378930636226,,0.285126455886002,0.285126455886002,0.41609817140267824,-0.25558602790188784,0.190927943453254,-0.01705166777907265,0.3884811040815143,,,,,0.08072876864768436,0.26291699189759055,,0.012489852914167642,,,0.5051957748654735,-0.16710248482787735,-0.5347280274529248,,-0.11227199174820782,0.1772550953231696,-0.1215347786975718,0.13262539650872024,0.24077980964944293,0.24079906770759746,-0.06941970239095725,,,0.01517265958166241,-0.2606653737953934,0.06541827384404071,,,-0.44591967190663556,0.11179341884077658,-0.027036926850753432,,0.21532099255105808,-0.1479109307883601,0.07279244584463172,,-0.2928746400655552,,,-0.20063519556596587,0.36949399945609274,-0.15336109194160294,-0.4304869802352363,0.037947492696151316,0.014696405642621395,0.35222893265523353,-0.12212368210084212,-0.1735987483403687,-0.1735987483403687,,,,,,,,,,,,,,,,,,,,,,,,,,,,,,,,,,,,,,,,,,,,,,,,,,,,
2014-04-30,-0.6315459652354857,0.6311701759286316,-0.4665903041345337,-0.39628973351810814,-0.7560068980115574,0.03687285966120996,-0.2842039226775429,,-0.17395810882288443,,-0.17094658679759625,-0.29322917782942043,,-0.06179749981155265,-0.34177475173440763,-0.04670087765611575,-0.46951475339747667,,-0.013433385881451525,,,-0.15776127091498562,-0.249281881739239,-0.31847891573545145,,,-0.054756652609721485,0.07826497686501223,-0.20615697232505256,-0.22296060420718333,,-0.10082130003456782,-0.06925896152811385,-0.3217667516229322,0.45494141906539154,0.3083796958611263,-0.26891033776214246,-0.11629921209553687,-0.024428934351457897,0.14932236359285223,0.1729801427939411,0.1729801427939411,,-0.008865200524891478,-0.14833390586135714,0.3773241027083356,-0.02002728172718821,-0.41093346292342253,,0.20862191886741557,0.20862191886741557,0.3494119644682098,-0.2710178284715581,0.14811274318530634,0.03243337662066626,0.3682763657113087,,,,,0.11387400322862207,0.16120675505701343,,0.012579649122203865,,,0.5085734759818625,0.06512488787542721,-0.5820931476251546,,-0.0003779290338219337,0.1567372436491936,-0.04848439965351967,0.18021897384007637,0.28179179148757794,0.28180477112530883,-0.08465723206946697,,,-0.020318932123245266,-0.09138965916828386,0.10255526093403494,,,-0.4921511628221818,0.15233603602100093,-0.00471914658415023,,0.20420384712739234,-0.09165814890753471,0.14089814612745064,,-0.27457999910358827,-0.2525089797830498,,-0.30027347449282005,0.3333221534193303,-0.13657891283163184,-0.4900393156510997,-0.04161512078496552,0.038905991685721286,0.3737498903503159,-0.12210878518440721,,,-0.02935039601510877,0.17623939482137765,0.3374943965877488,,,,,,,,,,,,,,,,,,,,,,,,,,,,,,,,,,,,,,,,,,,,,,,,,
2014-05-31,-0.6438977358623781,0.5970546602663908,-0.4091457409956915,-0.37413418985483854,-0.8099998384690764,0.020244017759726427,-0.322848330618085,,-0.22008179885259627,,-0.2289156343204821,-0.32958093950396183,,-0.027303622589481255,-0.2768230131598779,-0.07579423655337933,-0.5092990902653715,,-0.037534126845133,,,-0.1334226474734043,-0.26973471924503795,-0.2975427724797272,,,-0.04992464139522943,0.054293334334997514,-0.24797009331705452,-0.21322359325883006,,-0.11595377010919593,-0.03657132205530213,-0.3172466977815671,0.4714781106626769,0.28580920945964544,-0.267066830341267,-0.1716302091540327,-0.01717215517652622,0.0831201888101769,0.1902035721363727,0.1902035721363727,,0.00983032875938488,-0.10341854087788104,0.40092983844005453,,-0.33610272301843996,,0.14611087076383467,0.14611087076383467,0.37271150867921804,-0.33699780439432,0.11892191136690039,0.02491318992395556,0.37523596631630585,,,,,0.10766053707903361,0.3127576164617972,,0.02248388910591656,,,0.5501608200216516,0.022467294707268416,-0.659828387971172,,-0.040570202430662894,0.014106050198729781,-0.13267569533949644,0.16976768758178687,0.2654728694423551,0.26548627006403624,-0.06558264819298644,,,0.0036661293446833294,-0.21922969077461826,0.10527768414743992,,0.23879189598843545,-0.41890689158160793,0.11518549123865318,-0.014559300938780228,,0.1285634962091306,-0.07078790496039128,0.15110666647106039,-0.1759353023336936,-0.223276517428361,,,-0.25670615825644055,0.33599017187017055,-0.06432477934431437,-0.47141768829468,-0.036973911609167395,0.02398729520740114,0.4033660861149591,-0.05946036367835281,,,-0.03901106251358134,0.1817387853298404,0.33765982193272825,,,,,,,,,,,,,,,,,,,,,,,,,,,,,,,,,,,,,,,,,,,,,,,,,
2014-06-30,-0.6552246453776831,0.5596640404653426,-0.484317580820392,-0.2982695360492979,-0.8387555107669128,0.04421226372210937,-0.30160511825199837,,-0.21084928858919036,,-0.1797346188743742,-0.3122162953242584,,-0.0804373569064035,-0.33197963854926404,-0.05426683128656334,-0.4840093193359094,,0.01341787891788938,,,-0.13069940076631748,-0.26870104954157237,-0.30168370032131664,,,-0.05358303253726857,0.05350203481793307,-0.17063761622260695,-0.22374003349217922,,-0.2049699871141446,-0.09040294570067535,-0.31823395086520373,0.45835283616388584,0.30025678990288307,-0.2970067268532948,-0.12011018979640903,-0.023476093845354182,0.12403495975126412,0.19311617905033182,0.19311617905033182,,0.008549763493197726,-0.1566522021093,0.38064088769554294,0.040587721022888566,-0.398508506538136,,0.14538279593308012,0.14538279593308012,0.3861980680139569,-0.357454435379409,0.13113525727316155,0.03026384631089763,0.3612930863478443,,,,,0.048133046575843635,0.25733795754778704,,-0.0005881334057921352,,,0.5107342600346229,0.06342313392653551,-0.6679613289848532,,-0.0017440144212704943,-0.006941958319704182,-0.1293952083390962,0.14333294192418214,0.2923704030628065,0.2923841588477709,-0.12149359354346094,,,0.02094840628602675,-0.12175860548881079,0.08307158074696236,,0.18141984583513351,-0.36970037821456886,0.13218912096585422,-0.03799724994982965,,0.17513511628516543,-0.08961870094503624,0.14783442636814131,,-0.23467542112641207,,,-0.2891396052397987,0.2799171378522475,-0.06421544359382665,-0.46550275164573696,-0.02165838645712783,-0.001475367200626386,0.4121377295052039,-0.044493559680516624,,,-0.07346156086085885,0.1960968276406328,0.3077569613410256,,,,,,,,,,,,,,,,,,,,,,,,,,,,,,,,,,,,,,,,,,,,,,,,,
2014-07-31,-0.721178279644528,0.5317026260532148,-0.4478032366734271,-0.2629313546435727,-0.8117697488441574,0.03989976423685602,-0.2790904081087327,,-0.2593528144626078,,-0.11482633620914967,-0.2632277890125603,,-0.06920605901917554,-0.3213681117023788,-0.07519422168239573,-0.5269122854345005,,-0.0956037701152155,,,-0.07289728220845325,-0.2563445070441443,-0.26343601615088263,,,0.0081094973638899,-0.02765662447480118,-0.16183280373776104,-0.15889221129155495,,-0.360095078016609,-0.049162901895455496,-0.3377278968685592,0.4415482266386646,0.3420342720083839,-0.3839804208805179,-0.1979892193958558,-0.009193978422550668,0.12811380937977132,0.24979127399147202,0.24979127399147202,,0.009516386863632632,-0.07608555648642978,0.4155078969944956,-0.04753134579758395,-0.2663513762528623,,0.07604225494741387,0.07604225494741387,0.3891168343893291,-0.3021905954786647,0.11521334050581995,-0.004773651566132505,0.38301114994913127,,,,,0.17908073844586486,0.2577737485644098,,0.01924510813308308,,,0.5625968313034259,-0.03049510501781747,-0.6822836351187375,,-0.10468580952392528,-0.0027950293553246647,-0.16998645775517052,0.12275204488699834,0.23978943263849214,0.23981076721484665,-0.10153593121842801,,,0.02833377896995024,-0.20633946587606614,0.1467510300791204,,0.22709554890093683,,0.11522501150064941,-0.0007806347113429907,,0.11018895557132109,-0.06555343675223631,0.11835089136358169,-0.14584935647793631,-0.2587329717626555,,,-0.23961349226284961,0.24726020789977732,0.022397550314560047,-0.5376216066593222,-0.02355916978016637,0.016531530806485874,0.380212287874944,-0.11747799990268368,,,-0.17175953087736745,0.06699380244948733,0.3362110978726116,,,,,,,,,,,,,,,,,,,,,,,,,,,,,,,,,,,,,,,,,,,,,,,,,
2014-08-31,-0.7134052213177459,0.5510201486381631,-0.46213918023617756,-0.243661181674365,-0.7855455248015633,0.00040528485219746153,-0.36840261106208355,,-0.20842719941130092,0.09025038595534594,-0.1733342896734619,-0.23191851916925801,,-0.03085318647988414,-0.3280116791899111,-0.1756788138379275,-0.4853306575057889,,-0.09567011911233844,,,-0.07504895017097385,-0.3050566893693533,-0.2723921265551347,,,0.015124098430892978,0.016061875698963855,-0.1331179254937166,-0.2859159646906419,,-0.2293042987879041,0.09427718965105604,-0.2944309826227666,0.45969196681749586,0.351655887604708,-0.3980648357232201,-0.18229295456420438,0.024313790091091015,0.04768123497762729,0.337510985588526,0.337510985588526,,0.06370975114669751,-0.10257003243108265,0.365343755366968,,-0.3522332386227237,,0.044797145607474095,0.044797145607474095,0.41101334390538774,,0.14867824969380455,0.11921980879608958,0.3439603613849248,,,,0.15344607096862753,0.17698247288008873,0.3438830273602841,,0.0008268926367742505,,,0.6445989243898085,-0.12428714619856986,-0.5894727410531202,,-0.09589209360246846,0.020145198217304896,-0.2936156149185545,0.17027937703755558,0.2291105806461424,0.2291273618903255,0.055121775180401046,,,0.005973578030818305,-0.19581284493918077,0.17105370850306845,,0.21819319373642232,-0.3868587095730683,0.0594842339906931,-0.0684082369402253,,0.09901574648720383,0.09533554670652432,0.06760584899465906,-0.11355684168355214,-0.2360265616082277,,,-0.09710735888141968,0.25622143398463715,-0.17159403783478538,-0.4380437473507876,-0.07405789781751554,0.12444857840770648,,-0.22260676701656879,,,-0.11203277478993387,0.13643140556148953,,-0.11625219483693149,,,,,,,,,,,,,,,,,,,,,,,,,,,,,,,,,,,,,,,,,,,,,,,,
2014-09-30,-0.6705296876847688,0.5618036838699495,-0.448283171917678,-0.272431174528819,-0.8329644969312517,0.013870943866120375,-0.34883606347741686,,-0.181063727759159,0.0852352636192705,-0.08323628315778184,-0.2483140652370889,,-0.023567180284152736,-0.2999554836075534,-0.16959238489187473,-0.5081091934344275,,-0.05267095491934819,,,-0.061710227828977296,-0.32342185693248904,-0.2300297567473642,,,-0.026048417413970917,0.08785010775916574,-0.07771137866215747,-0.32050231820602393,,-0.1912650058808513,0.026618726574803606,-0.31225025235340514,0.447664572710441,0.35682004939549533,-0.41094303654318926,-0.1872121416710856,0.02146850618070225,-0.07259259162306556,0.36711711168644673,0.36711711168644673,,0.035806842487606565,-0.09652582283297532,0.36501786811218995,-0.0513687716854186,-0.31779252008001135,,0.06692885473096563,0.06692885473096563,0.3835819336867914,-0.20346610666947332,0.1427035007864836,0.2017848204940725,0.3094829086903944,,,,,0.249777745043723,0.3214503431028444,,-0.016852275436552606,,,0.5854111937686205,-0.12669315219461846,-0.6704794591550303,,-0.020292689996185425,0.03248079893785324,-0.3039913346986946,0.1245620202871254,0.23203857528114563,0.23205442500939533,0.04777642676777359,,,0.019781385885799672,-0.26206570802612417,0.13079401440814464,,0.19832883611886665,-0.38087036680632447,0.06546200720369838,-0.06959739833531028,,0.11294110673519903,0.12031381096988758,0.07112740477392512,,-0.2682691873403243,,,-0.09113538346502638,0.2970788289716574,-0.13652153801695377,-0.4736586387929212,-0.03981672517460112,0.10137813627401576,,-0.17906723392035004,,,-0.10426854224431825,0.1653677916303526,,-0.13379442211273793,,,,,,,,,,,,,,,,,,,,,,,,,,,,,,,,,,,,,,,,,,,,,,,,
2014-10-31,-0.717439132752513,0.5709063540456264,-0.49766172976137213,-0.1430603211400546,-0.7755570791733495,0.02476548686626939,-0.34378212902822747,,-0.19474626976753565,0.049852505106353334,-0.11958263046525261,-0.20747642892917312,,-0.04885539584659031,-0.37797564965102415,-0.1487049784453541,-0.5100717734186145,0.1420904343649765,-0.22040079128171194,,,-0.013989535859580722,-0.289920432141203,-0.24067301930552984,,,0.0034897605900142993,-0.11492747236906302,-0.09174908001683843,-0.33449987676679954,,-0.21834428913667703,0.09161767230184112,-0.29066300420306984,0.45154574899546795,0.4176767060286562,-0.5244005792051224,-0.21514351800057022,0.04946398084104486,-0.09254725478074052,0.3544076843681314,0.3544076843681314,,0.05247122993196404,-0.1245826955813958,0.3970468232373651,-0.05331281142853196,-0.22877744710853418,,0.06564489646847181,0.06564489646847181,0.40336403371973606,,0.0703699216842848,0.140272907668497,0.3126941339102909,,,,,0.33542664012185214,0.2905993632763248,,-0.03933507468731113,,,0.6048228450312109,-0.20596928098050038,-0.6494175398365518,,-0.17740004216765332,0.05374501999183401,-0.29289426022468906,0.13501048159496787,0.19260087900708278,0.19263619072840918,0.0017921958657832182,,,0.05047939034821612,-0.17901009647211844,0.1711555508888884,,0.19449769811501247,,0.05465347738812563,-0.04247050211003035,,0.11809762532450364,0.15928840486714427,0.007049079748892249,,-0.3050076028641587,,0.014634175037346184,-0.09936591635062342,0.2612489803194548,-0.04698307869127901,-0.5019003886295766,-0.09762826482208373,0.09644967684583511,,-0.11268579410219072,,,-0.20224842541251864,0.052191578534728826,,-0.05599028418667756,,,,,,,,,,,,,,,,,,,,,,,,,,,,,,,,,,,,,,,,,,,,,,,,
2014-11-30,-0.6720363407547832,0.6541643387903491,-0.48823839883045406,-0.07454454944874767,-0.7244500148861366,,-0.3904847127206131,0.2713584789127044,-0.2441354692056043,0.16990971231116164,-0.18004871573354445,-0.19930058702872155,,0.025914856655829998,-0.38860501955452276,-0.17378875530760227,-0.4733952530568925,-0.10985227540651551,-0.24660543610157748,,,-0.022940836098164136,-0.29436000585275224,-0.2628189888713466,-0.20709880765959754,,-0.04186942614936412,-0.0802784487204863,-0.12070768359549344,-0.30780955414173083,,-0.20258962417653018,0.14459477400769583,-0.4044385772426429,0.45479893375728947,0.38943372510356694,-0.47310830984807806,-0.0803166782054314,0.04288100440238682,-0.14460649225145306,0.284640180015599,0.284640180015599,,0.05266429750653993,-0.13550888922878324,0.35846110303747986,,-0.26834129044443567,,0.08576067612253939,0.08576067612253939,0.37769895985224283,,0.058280255581446505,0.17668657993813305,0.34171799628483635,,,,,0.32732701539600695,0.3625806371230346,,0.06523706645281385,,,0.584398723392834,-0.2207154601391616,-0.5956270354919043,,-0.17442985857693522,0.050027701003478,-0.36610568200856913,,0.2171791283958252,0.21720351529694482,0.04295076675422126,,,0.06394480990859035,-0.11132224636394768,0.11085176440806079,,0.14398591645012163,-0.32673212731941853,0.08648471576912362,-0.05958337611364896,,0.1001912481080284,0.1440523008686391,0.12271537008785027,,-0.24044491415177915,,0.09753774032270304,-0.08580669531368768,0.21991795442574535,-0.1328208113911067,-0.5063757026913526,-0.1341669985937577,0.08846809705016664,,-0.08689842324989189,,,-0.15253694259012732,0.09538157787316114,,-0.07733649729015296,,,,,,,,,,,,,,,,,,,,,,,,,,,,,,,,,,,,,,,,,,,,,,,,
2014-12-31,-0.6878441285397136,0.5828807316286485,-0.48954888649043715,-0.06832915014661572,-0.7024348774341455,,-0.37576839799383105,0.1847490232200729,-0.2564655047373188,0.14352349747530965,-0.1354028111059885,-0.19522213903123734,,-0.023556906111122926,-0.3802079144500943,-0.1723489021487088,-0.44342555642777914,-0.13251710032298653,-0.1705845172276473,,,-0.00772352988286874,-0.3441068343636921,-0.26700236472975253,,,-0.029568248907306287,0.08823965488078905,-0.11573420719092728,-0.36411516152032325,,-0.18584585359443426,0.15006707110117104,-0.4084863418279536,0.4099669478352526,0.3830379976129594,-0.5404618967474336,-0.08084451873249618,0.03856371024646237,-0.14507523632421393,0.2924324029263391,0.2924324029263391,,0.041230026086144705,-0.1513938036240102,0.36258662288771415,-0.03714736142668302,-0.18894041942787212,,0.0139191745663504,0.0139191745663504,0.39094880890425143,,0.06626310494820249,0.07267855210470334,0.3902117354258276,0.11503493557519975,0.11503493557519975,,,0.3057535722334508,0.3941675794575765,,0.16283513075756006,,,0.5490956798915757,-0.17833043253621486,-0.6110740494758605,,-0.16878506799330878,0.05605296251177827,-0.36790551604514365,,0.18875991766177236,0.18877841524780054,0.08529469143271133,,,,-0.1076143969595918,0.10970848087719996,,0.2126147476619509,-0.35667533104467636,0.07080189082900744,-0.08320285334259434,,0.09650943690491305,0.14608497342981655,0.12949212504431198,,-0.22824194255612207,,,-0.10044215189394974,0.2665399057257025,-0.14287802716793516,-0.5038701404374304,-0.13887923773813096,0.06817294557400383,,-0.09720972953513178,,,-0.13016107536030133,0.0944177044536523,,-0.10411373089846128,,,,,,,,,,,,,,,,,,,,,,,,,,,,,,,,,,,,,,,,,,,,,,,,
2015-01-31,-0.7028846677345834,0.5689122478625087,-0.4955710960337058,,-0.6933186871353868,,-0.3664161203610575,0.18565337144548402,-0.2604887436167653,0.13489414993140716,-0.15102835533672776,-0.17288120810439583,,-0.04478389405606427,-0.35746264595283617,-0.1518319969351714,-0.4535057533569353,-0.13603398744626352,-0.18794800899231454,,0.03059877085510417,0.011064780512963758,-0.34276408922945484,-0.27290273961895467,,,-0.014811709794489248,0.07219503102157551,-0.12410450304702769,-0.36130906829278736,,-0.19006886317837712,0.17520424947298976,-0.44543447405945874,0.37464339954489634,0.38394343225628563,-0.5341871772469731,-0.10580655898878956,0.027860628837680708,-0.1313752074562776,0.33079891175218684,0.33079891175218684,,0.01132223613954653,-0.1518054125354225,0.37950407718537826,-0.042464335271788244,-0.22197630377611235,,0.012138730339926946,0.012138730339926946,0.4027861085668445,,0.04017577844268899,0.1054793860187233,0.37200336997143874,0.11309964881900847,0.11309964881900847,,,0.28565937472422903,0.40122359400134733,,0.16584475083299224,,,0.5558959330427449,-0.16758769444796853,-0.6158840927593139,,-0.16063344848362215,0.09324306669057597,-0.363846796643538,,0.18115407719929683,0.18117366002003626,0.07525286792096826,,,0.06281428085936995,-0.13701370302923496,0.1080817513482399,,0.18193914036431097,-0.3337098182524399,0.07260334032526848,-0.10413209655235668,,0.09588669391997741,0.14540331890218086,0.1278009226542052,,-0.22795102076405643,,,,0.26009514994637184,-0.15930522098230715,-0.5003752806921817,-0.16607269356733617,0.05885742461692008,,-0.10482480770599902,,,-0.13788088596900439,0.05906329244387853,,-0.08979997186398715,,,,,,,,,,,,,,,,,,,,,,,,,,,,,,,,,,,,,,,,,,,,,,,,
2015-02-28,-0.7177386034113423,0.6616356831663176,-0.3909096420041557,,-0.7167970047903383,,-0.43342338451334483,0.1139103489257342,-0.2072521957847183,0.1364968001873122,-0.16686369094794978,-0.17987956971888477,,-0.043188952822070824,-0.43027115149009376,-0.2514138582028833,-0.4672094310254732,0.02921779188285564,-0.2562856642644072,,-0.0027167262934445317,-0.01245182196195412,-0.3543742756026077,-0.25348507206219073,,,-0.04268577570599576,0.08997807758801439,-0.10016780599633758,-0.3654817686714933,,-0.23909637825643348,0.27120885334813816,-0.4578291960687278,0.3924680037040324,0.4095262575872523,-0.45119124278909456,-0.0788012885436586,0.05313020724123449,-0.17747506871322308,0.31117138159493113,0.31117138159493113,,0.06521139592810794,-0.15262839718910445,0.36911449794796036,-0.05709653873877235,-0.13659584954953347,,0.029863741151261225,0.029863741151261225,0.40876561662270644,,0.043640658453235406,0.04866352671734037,0.36482998902036323,,,,,0.28741032633748553,0.3912706587873853,,0.15850603076670083,,,0.5470108269791732,-0.1938625616499774,-0.5929234992292638,,-0.2800144931091952,0.16225885211602348,-0.22637337584339545,,0.15409975999291992,0.15412094928527853,0.13880275160902927,,,0.05490292920273489,-0.03754403061825222,0.14937736856559286,,0.23960854879747367,-0.3804327586829509,0.08437057710432529,-0.028296717162815767,,0.09927432965715714,0.12572204400465128,0.1332688467510841,-0.137699780804226,-0.3069730094035845,,,-0.07410261804251617,0.2329224117033568,-0.07792374477687626,-0.5475012088764079,-0.3005380848544247,0.04026153741772599,,-0.11962287834158176,,,-0.07089097991627094,0.07183603543420379,,-0.07530578677597022,,,,,,,,,,,,,,,,,,,,,,,,,,,,,,,,,,,,,,,,,,,,,,,,
2015-03-31,-0.6941037121321748,0.6774712692248914,-0.3422062258243014,,-0.7372115627510155,,-0.4104436604847408,0.12727841562513267,-0.19643795983366388,0.1394317126988015,-0.20792276460293083,-0.16296124045163846,,-0.05311954166279798,-0.4152826116606807,-0.26810704530833795,-0.4383556636857573,0.03494175066883729,-0.24241025695820917,,0.013607219825221735,-0.018275900166519685,-0.35238570474829484,-0.25530382525092365,,,-0.10426455332153801,0.11984796559547527,-0.12241141920042296,-0.3739962152337769,,-0.2234196832367471,0.2810274341791143,-0.480563392124021,0.34383866022517084,0.4474507940116503,-0.4996947270893476,-0.07340626615413659,0.0674801597763744,-0.21051467830255238,0.30307970712822757,0.30307970712822757,,0.050832326242782756,-0.15037212815000592,0.37411043880750255,-0.051492614032318335,-0.16355798032054641,,,,0.38888679701718243,,0.09059740275187059,0.06127291582807833,0.33361153990110487,,,,,0.31176828400837003,0.4145743135410712,,0.18650582391807252,,,0.4474254216003942,,-0.5399539555228262,,-0.35636424922886367,0.3373620795252022,-0.14790001961215163,,0.18133796319674098,0.1813575254451075,0.16647713793812421,0.2973267615007804,,0.05968643479847094,-0.013382156773386476,0.17918734055626823,,,-0.4147976538741071,0.0649584048703545,-0.010222414079681089,,0.1477712014013492,0.09521946051886829,0.07338434755088057,-0.1399866992978908,-0.3132922170979724,,,-0.05871363627686074,0.2324329240612427,-0.14120849396124766,-0.5941400136778313,-0.2652304797287442,-0.11703934186709114,,-0.1717592051602114,-0.0505078253623647,-0.0505078253623647,-0.03045341043414855,0.08210976891558316,,-0.11250195946540034,0.24317941592071768,,,,,,,,,,,,,,,,,,,,,,,,,,,,,,,,,,,,,,,,,,,,,,,
2015-04-30,-0.6570943946739383,0.6601886427198621,-0.3833348667186977,-0.07029405551876948,-0.7956303115034421,,-0.3480437999722211,,-0.25439251268604623,0.09492600969340308,-0.1821977265553381,-0.1675961068941342,,-0.005124092291481231,-0.28965447332949584,-0.39441536823109347,-0.4414547527971826,,-0.21422431131679553,,,-0.0559529582849352,-0.4068353123588601,-0.2629900832457266,,,-0.14799479358816675,0.15841383467193504,-0.1485513239686829,-0.33947526630133984,,-0.2137005329516766,0.16873607881444766,-0.4827663778146718,0.2796773108436104,0.4183582091726685,-0.5329855658217605,-0.15661517389659846,0.07117701977398784,-0.2673575626795955,,,,0.028761440210976486,-0.171008354567943,0.3330590243955809,-0.029236825593733685,-0.12974837231385433,,,,0.3648073776376271,,0.08683172679540706,0.1447658102289574,0.34115577574719075,,,,,0.34669847919458013,0.34614396370612865,,0.12718841714442078,,,0.424871994619242,0.019431595686053946,-0.538386954419505,,-0.24658255231906567,0.34357158368706214,-0.09748414134737489,0.14510880293394182,0.22977900048519384,0.2297955293353098,0.2743042291041734,0.22292786897296107,,0.17452431710264435,-0.13270022885098012,0.18857300535574792,,,-0.44364724961602375,0.08010071332136626,-0.025262411462561012,,0.19522853124743278,0.017773201730318086,0.19930358884858987,-0.15958542724150893,-0.22060316598062432,,,-0.06794406093480669,0.21826792111652088,-0.11295915122338389,-0.6127878757909092,-0.285058673146275,-0.1228073372146432,,-0.11922263675564414,0.012156959708290503,0.012156959708290503,-0.0011812545649990953,0.31382550305910045,,-0.14590191747748482,0.2703661830530603,-0.02033250673856571,-0.02033250673856571,,,,,,,,,,,,,,,,,,,,,,,,,,,,,,,,,,,,,,,,,,,,,
2015-05-31,-0.6127204888922847,0.6939882616271835,-0.40170675134544787,-0.08638571086740927,-0.8012623529559638,,-0.3411034586735706,,-0.1991839923235026,0.12020487428346661,-0.17033667012190223,-0.2056064522499028,,0.03064960957588769,-0.24224452424249487,-0.4163002334183196,-0.48479248725546276,,-0.2726425444102781,,,-0.050708832209824764,-0.41817274737072024,-0.24870499414766511,,,-0.14276582528451254,0.007668362249709413,-0.14505205722168915,-0.33165329201637506,,-0.20617041515628848,0.15961518191387242,-0.48123419372329385,0.2927607362432816,0.43764008005540483,-0.4971146079965445,-0.1735433901076925,0.0666865086870803,-0.2750204528674382,,,,0.028172347864593845,-0.1473358874179486,0.33506869312428283,-0.03160809077693094,-0.11843625463400136,,,,0.3562565317196027,-0.06897883875211827,0.07105455759934691,0.12457560106960545,0.3825365100819612,,,,,0.3180994603339139,0.3465862941198376,,0.1562136058204681,,,0.45267485304380717,,-0.4964733431141426,,-0.2097447157430929,0.37089566911115335,-0.08675284127015342,0.1659220863094369,0.23038874259891864,0.23040510605815692,0.2664229604352238,,,0.17621327331040004,-0.12877781769786828,0.1314135747999898,,,-0.44906749667307955,0.12736240704034638,-0.06491956834280727,,0.17724783648931802,0.0030839588893711986,0.23354014957211783,-0.1654986365379233,-0.2315918055112802,,0.2056862624458134,-0.0536814157125114,0.2033527981540767,-0.19120270789521482,-0.6575231982050577,-0.282406614264158,-0.11548778639763657,,-0.12763800123957622,0.009538308792346552,0.009538308792346552,-0.013732872231224687,0.31224736942295467,,-0.1431173032757741,0.3198073956686203,-0.020594688235266154,-0.020594688235266154,,,,,,,,,,,,,,,,,,,,,,,,,,,,,,,,,,,,,,,,,,,,,
2015-06-30,-0.6122123225705357,0.6699832403411585,-0.43754686233495954,-0.011988564345876652,-0.8177748635504429,,-0.3037974895790794,,-0.26994481861660996,0.07396847704665306,-0.13074332571584366,-0.12633611304261888,,0.05874404452842753,-0.20177736308579128,-0.48044966138811984,-0.4845775939924124,,-0.19723801669381086,,,-0.10271312349875021,-0.4507544476876334,-0.23518558196789277,,,-0.19112477869270358,-0.04518330385154294,-0.15241187517034152,-0.3437564216863024,,-0.12519903230232832,0.12131387765527546,-0.5265131402833657,0.24217228453327633,0.41151344127465705,-0.4735344527686236,-0.09385727052506199,0.0780711195065626,-0.270195116850484,,,,-0.02442885101417977,-0.11506588130617074,0.3374423381794108,,-0.019629494154442543,,,,0.36975061636100726,,-0.0683967564047084,0.054824096763122124,0.41309227936161985,,,,,0.294234372875513,0.34407942551680587,,0.09393256065286021,,,0.43421875477463295,0.032307147730024126,-0.5041434285908355,,-0.19450358598199943,0.29927935110035164,-0.006255694548648557,,0.2652837079142483,0.26530494991253073,0.28713425203799475,,,0.2900799007577232,-0.15789124810229968,0.1240058572588502,,,-0.31721263573532776,0.09483696004186565,-0.04234952497548738,,0.18452662114147317,0.009195556727393264,0.19044473078618318,,-0.18110727334764762,,0.11788337803618977,-0.09612765850917335,0.1551941929664071,-0.2918057015737495,-0.7241628294023285,-0.24759685082592237,0.012390367802212676,,-0.020920320509121744,0.009257579698647904,0.009257579698647904,-0.007902966867324704,0.389236168509177,,-0.11968802515281574,0.2967188352562363,0.07772467233924464,0.07772467233924464,0.19718902188748752,-0.3218876896795264,-0.3240910280112174,,,,,,,,,,,,,,,,,,,,,,,,,,,,,,,,,,,,,,,,,,
2015-07-31,-0.6603065372804169,0.7094067499959742,-0.3364789299095355,-0.014754422652249466,-0.769060026598971,,-0.3127160547848815,,-0.24833269547637557,0.03728671179982249,-0.1313996245795945,-0.2102813433130343,,0.01740604125024436,-0.2882525362142102,-0.409765108449492,-0.5191112054296118,,-0.15747063467570344,,,-0.10260761507887763,-0.47042696865100564,-0.20960584352903083,,,-0.20138900181782987,-0.0781530646416056,-0.1474716948095096,-0.3690309001319809,0.0572488125189661,-0.08236008863718731,0.17946979248848535,-0.518725018681042,0.2734108606594249,0.3941265436960156,-0.5312111886508141,-0.10182530124632751,0.057515978057702415,-0.2483259698957333,,,,0.04636459833647265,-0.09330942690172433,0.31442924988723275,-0.10226700132137673,-0.03578217316220732,,,,0.2996194992505834,,0.0051368875475690445,0.07689096486269839,0.4222732383663602,,,,,0.3420237639662179,0.35264808671833603,,0.0779187646932209,,,0.4148663216545151,0.11912336126220936,,,-0.23128948363771815,0.35563245160501394,0.10441914697312239,,0.27561488478448304,0.27563630969292924,0.2827187981628225,,,0.2914234025411699,-0.20263875184622082,0.16513535975658725,,,-0.33074647469483986,0.023044137479156842,-0.06591763522218196,,0.08620327326310163,-0.005990025169265243,0.13270374921238762,,-0.2000274989264221,,0.05902362500908287,-0.15276595218334327,0.12743249999675058,-0.24133591145943312,-0.6740988697069454,-0.3138742574661119,0.03146863576794627,,,0.003271619684177733,0.003271619684177733,0.10540600893288211,0.3790243554392678,,-0.15088389268209565,0.2433839487760838,0.075840269169175,0.075840269169175,0.313434853139014,-0.33602842308819886,-0.32445487200877837,,,,,,,,,,,,,,,,,,,,,,,,,,,,,,,,,,,,,,,,,,
2015-08-31,-0.6543236863590212,0.6421549665907,-0.3711971947068308,0.01274914415268573,-0.8451419592307625,,-0.3156532015238615,,-0.2976288229570655,0.05122042724631378,-0.17508396258669345,-0.2218467196774546,,-0.024647199226741117,-0.27292061739077367,-0.3316257763098503,-0.44215190610610366,,-0.10479268313790478,,,-0.11381097328877465,-0.5140103023745705,-0.13922900083434198,,,-0.1927810557585741,0.1548949998704282,-0.08795864587260241,-0.39962355758718354,0.02046870003204002,-0.07020065477099545,0.14634928823504467,-0.4733284740054887,0.2898790424229222,0.29468633420285745,-0.574723267347593,-0.1553401898742588,0.049437487495457344,-0.326706302748995,,,,0.08315509095536766,-0.06723596295686214,0.17897303811185208,,-0.032175659014019274,,,,0.24271441021017245,,0.14823414688300376,0.08433057052681786,0.44115109356270915,,,,,0.29827710697721865,0.4352434402893355,,0.08701199544511273,,,0.42829371195675603,0.180577462814045,,,-0.153494026296214,0.18844803703445073,0.1034228973214022,0.08560386935472393,0.27125116111621334,0.27127395454160214,0.2599295211098034,,,0.25584876208558865,-0.1728702194046124,0.12272540779700021,,0.14558981540485463,-0.3421734692656886,-0.007938668889682931,-0.01796760591091697,,0.056649125897295045,-0.128341137271771,0.12910254527320328,,-0.19461200479860236,,,-0.26634749979295846,0.10904365933770921,-0.25717327065109746,-0.4894129184847566,-0.3044749393236209,-0.02607310983659041,,,0.0032287084842900623,0.0032287084842900623,0.2552381249899627,0.37013029082288895,,-0.1909636878695358,0.18712039191223873,0.04981591773856042,0.04981591773856042,0.2583272624729873,-0.4750284991756053,-0.2457645164330038,,,,,,,,,,,,,,,,,,,,,,,,,,,,,,,,,,,,,,,,,,
2015-09-30,-0.6966984848345326,0.6165661420443571,-0.42739168763685315,-0.009615123064664905,-0.8032909736232908,,-0.30209455472996444,,-0.2964495901439964,0.007814971737685313,-0.1705574229986431,-0.24354983185413204,,-0.04349901170479368,-0.2805477020940952,-0.2955908339046923,-0.35097064223937074,,-0.1470953941385242,,,-0.056340139812632556,-0.5100106054832884,-0.06470857490321744,,,-0.23519250189419677,0.1492225221827499,-0.07148711869602375,-0.4129030147210651,0.03547468794564854,-0.00037270826193264834,0.17504960061274044,-0.44933058070792126,0.2602320329336098,0.2478734728794396,-0.4922148598742761,-0.1381102087718427,0.039486259062723655,-0.3530544975092048,,,,0.07513704950091246,0.020315119133184095,0.28046225386466067,,-0.05762982687289646,,,,0.4291514265521915,,0.1300195953531703,0.03608086676477485,0.4256394847742687,,,,,0.38176835133676623,,,0.12298325322268729,,,0.46055910526318783,0.0975740510206547,,,-0.21101247638546722,0.18791275586335018,0.10710977343982736,0.08310325947755137,0.2552481556063237,0.25527099583048757,0.27218701405349316,,,0.22655520861901687,-0.17560238989716836,0.09252307323898577,,0.1889725129351382,-0.24576309380148517,0.01027125740579353,-0.06383378639088065,,0.03588124726250511,-0.059638725348379676,0.17036874550068593,,-0.2500571037754186,,,-0.36157497193480187,0.1088652267734197,-0.09033074908677177,-0.5509746690321154,-0.3990558114303802,-0.11333263996283653,,,0.0023642455676515716,0.0023642455676515716,0.4060709432493997,,0.24998250606812827,-0.19721644902217922,-0.00023715681030072087,0.010978584579269441,0.010978584579269441,0.21762076677493652,-0.4948267812444874,,-0.427203636162689,0.3683210762715342,,,,,,,,,,,,,,,,,,,,,,,,,,,,,,,,,,,,,,,,
2015-10-31,-0.6067003197546033,0.6456707240310333,-0.42677850457282157,-0.031643490290158165,-0.8446474962358951,,-0.3387786015871572,,-0.2701797479084642,0.03709686625832704,-0.15293603598907848,-0.12335318015590319,,-0.018592388181798567,-0.31310744844592053,-0.34069013853343044,-0.3067884974360392,,-0.15338807314760539,,,-0.10130866705781807,-0.5414696694630748,-0.10785137267851716,-0.1398344939788687,,-0.25319724044441955,0.24240959490598227,-0.02893784001267502,-0.3285701952433105,0.026008764622397054,0.040978359832429194,0.12943128975038706,-0.4202356163152346,0.30015555962547974,0.3404966602977251,-0.6884747311219377,-0.10740371773323294,0.017264146877475597,-0.29135459850441586,,,,0.04088323205578148,-0.016161030294225963,0.2579246150293982,,-0.02407165985430816,,,,0.3837061990013732,,0.12122259183573011,0.11043470462524128,0.4337984741946226,,,,,0.3707694204484283,,,0.15300711527339603,,,0.25557212214023517,0.08585506332447576,-0.39142035694688404,,-0.21363460231166204,0.25502520682606483,0.16387971359254744,0.08063001003393055,0.20597290498951346,0.20598708692348452,0.213922645382998,,,0.21885938722052964,-0.1976499127036586,0.1763950258072518,,,-0.3051465783954758,0.03637638494688759,0.012100483307966852,,0.1962120282861965,-0.05679629032804624,0.11285671500138487,,-0.23622173154568196,,,-0.2872957807945699,0.12066231640548129,-0.2900831947903181,-0.5786073849035009,-0.3534282296300848,-0.060370018255245676,,,0.042602314911863275,0.042602314911863275,0.2877572029301878,,,-0.2266075884041873,0.060312212070968936,-0.034849170058375976,-0.034849170058375976,0.20529679512741772,-0.5029620740377978,,,0.24309540500338994,0.6351706656049785,,,,,,,,,,,,,,,,,,,,,,,,,,,,,,,,,,,,,,,
2015-11-30,-0.6400466266266576,0.6748036157626263,-0.4564613102227902,-0.0328508591441871,-0.8107843576411373,,-0.2948426993419925,,-0.2946791939565864,0.018108710479171567,-0.12314924788962194,-0.2372779022828083,,-0.10973285128237828,-0.32090717424217985,-0.2805743338361001,-0.11404964573613197,,-0.24804675662368736,,,-0.22351816020723797,-0.49777424153529215,-0.1526079121182098,,,-0.27878389288928523,0.25021177701100594,-0.028250711367723228,-0.378919979738158,0.013566494066094486,0.09234445653759085,0.15212030621964662,-0.40454832950760755,0.2816450671491977,0.2204890392777724,-0.5364853671271945,-0.13724652092969045,0.027005554941779635,-0.3758219103931062,,,,0.095955327178515,-0.16462084893923146,0.331645363785629,,-0.07553355005847599,,,,0.5431405318353892,,0.18442918529706023,0.06384275493708076,0.42119496160649994,,,,,0.423938041939275,0.23084966373082424,,0.12240428020047073,,,0.2502923515029134,0.02322045814996128,,,-0.2384783004580997,0.20381441990250102,0.10505137301318934,0.07236914243523715,0.25308044290955395,0.25309657761643306,0.20105398336754243,,,0.196478496387782,-0.18871126599716267,0.10789527262405504,,,-0.27549008987888834,-0.010753027612576613,-0.05053574587469036,,0.07732035493884015,-0.10294655525136061,0.10619848687591527,,-0.2293994640754498,,,-0.3589381465726018,0.13256715904692,-0.2557431614010295,-0.5232612836684025,-0.3642665163763158,-0.09767266878952922,,,0.015514157274661072,0.015514157274661072,,,,-0.23259181856300748,0.14318832537441004,0.0046735300579619655,0.0046735300579619655,0.20182495951361867,-0.5105201812917554,,-0.5095865552919641,,0.6896701629580096,0.1333690206910775,0.1333690206910775,,,,,,,,,,,,,,,,,,,,,,,,,,,,,,,,,,,,,
2015-12-31,-0.6612570894329832,0.664933811940813,-0.5363915919795486,-0.0002966059376406918,-0.8887639724493203,,-0.30472249184273476,,-0.2902834682032673,0.009126969664719979,-0.19996559901577857,-0.274861512679679,,0.010568947805558138,-0.2830586180625316,-0.3308621725137686,-0.11902588767283613,,-0.16003324798754331,,,-0.27558370545029326,-0.4982171259573258,-0.08641200854649474,,,-0.22056130373476007,0.25608517549385,-0.019682265082600105,-0.45604634409052563,,-0.03838952493526692,0.12613138494313422,-0.3420747754999941,0.2952245138677326,0.222041949749595,-0.41307014432648115,-0.1886748333229063,0.052834848053444114,-0.41595580417328704,,,,0.19786366800851582,-0.02966035765040478,0.2893622165794756,,-0.03482325756290769,,,,0.501794711563846,-0.030797696457582572,0.256471429455697,0.00699657483313707,0.37171493976449616,,,,,0.5317914360648185,0.21353409833126052,,0.12260206309056004,,,0.47164233415917745,0.1316377852607203,,,-0.24112179181691176,0.22267304458296802,0.08867776830226248,0.11321365286827902,0.31611398588288625,0.31613788461340964,0.2137706545152946,,,0.291376755176201,-0.10614642185824465,0.11672403623664891,,,-0.2625694663018472,0.01707954676654589,-0.12805238608182165,,,-0.15007211555819572,0.19956008751700252,,-0.07137272137056139,,,-0.288524226664145,0.1841545495078707,-0.21741326300998615,-0.41303089146417177,-0.35150880775708354,-0.13322299091599207,,,-0.006291654209529865,-0.006291654209529865,,,,-0.15981807989427863,0.15680010126343535,0.1290656353492891,0.1290656353492891,0.22394511612306298,-0.5001039961048717,-0.2878324652093682,-0.49333177798157546,,,0.1017364111992093,0.1017364111992093,0.3165066293377087,,,,,,,,,,,,,,,,,,,,,,,,,,,,,,,,,,,,
2016-01-31,-0.6134794124692046,0.6101423090490969,-0.46857668881671627,-0.03114479045463169,-0.8755708851085708,,-0.3061179639859088,,-0.31972294858839506,-0.010535141264303603,-0.17999879822831336,-0.19767126839348642,,0.003839738402854516,-0.37537792459026115,-0.449764344258746,-0.2862744316231692,,-0.06833570682728393,,,-0.27615392950274054,-0.531887609648074,-0.11900788205930052,,,-0.24576360624643118,0.33185396606294537,-0.016427115062973167,-0.31916002324480386,,-0.05096747444405188,0.13371644343920217,-0.3024185860723993,0.2507185527435867,0.3160001102021445,-0.5595706951128862,-0.09643345393713665,0.05393922410711268,-0.3704195544444374,,,,0.0700186236569023,-0.058589809417361305,0.24597975696364005,,-0.03474460180806547,,,,0.2837558884452624,,0.22973185253477987,0.06783804442627454,0.34082783607196987,,,,,0.4574010481763179,0.22748689143062073,,0.12289902891825875,,,0.24426744140321674,,,,-0.29591762705252,0.22522165966011617,0.12163854436958144,0.1224704702662339,0.19812493911544657,0.1981411094201367,0.17107285664053498,,,0.24140899873108437,-0.12712712626417264,0.030377280731455552,,,-0.3024243612313722,0.04367859866919964,-0.08717894506790472,,,-0.12301081514277573,0.26252241211992267,,-0.06975745543423915,,,-0.38129193887648855,0.10122596875862423,-0.32001480046681535,-0.505453989186807,-0.3760387804981309,-0.1870447375638051,,,-0.015208114081051702,-0.015208114081051702,0.4868080794894671,,,-0.17065979642928444,0.019287958473638928,0.09042084739336247,0.09042084739336247,0.20459870854563578,-0.4320826852053375,-0.33661787708363744,,0.2951003828686803,0.6167442566628246,,,0.2934887416083761,-0.16087573666432067,0.1143244979078696,,,,,,,,,,,,,,,,,,,,,,,,,,,,,,,,,,
2016-02-29,-0.6786968954981343,0.5588524697229676,-0.4532254997637049,-0.0632513102087094,-0.8148122426881326,,-0.30378892150727516,,-0.30785269946191895,-0.07570557079163384,-0.1803064303864246,-0.1899336714521123,,-0.07934228767076379,-0.3031250962789869,-0.3053818454811372,-0.007440175589587306,,-0.2319088982837267,,,-0.34557448832347093,-0.5232408508467756,-0.04537644988744311,,,-0.27292039754319425,0.31084841488112247,0.0011196291721784245,-0.3516625352889413,-0.003387086381098513,-0.07256225173485216,0.10574774338731488,-0.27284937494652084,0.19151976647172153,0.26354187366744475,-0.5079134966083395,-0.10881365472495745,0.03346853380109678,-0.412687289921187,,,,0.1481723721848236,-0.01811939268476487,0.28217741220071585,,-0.07272241785096854,,,,0.432858513841455,-0.009968375653681461,0.26273866683690966,0.016690533322759354,0.2965484750762185,,,,,0.5138352246087555,0.18891070249539976,,0.12863493191516262,,,0.23450295930208012,0.08821557479905895,,,-0.258442920262182,0.22982190016002338,0.11262571213568595,0.09912227090297175,0.21025403198382825,0.21026523500932826,0.130733544413546,,,0.17051108537688842,-0.14521475926828362,0.07716007340100275,,,-0.22056177889754058,0.20415339638278243,-0.052908277747944495,,,-0.1515125312605529,,,-0.11041988724515585,,,-0.4968163283951621,,-0.1780594000375182,-0.6495785831719938,-0.42757866172020437,-0.3225507892984643,,,-0.005405343234708798,-0.005405343234708798,,,0.26343085139693445,-0.16903520968240415,0.033496765293557475,0.047758280626763336,0.047758280626763336,0.20524262058376377,-0.4712552569255712,,-0.5055656741980475,0.32857360404627745,0.6330682106597018,,0.1503543117707405,0.3353895329516029,,,,,,,,,,,,,,,,,,,,,,,,,,,,,,,,,,,,
2016-03-31,-0.6827067059284924,0.5093681123924846,-0.49727020674338157,-0.05427234765676313,-0.6246867714813261,,-0.37117639973826566,,-0.2819285563886436,-0.10225785622840254,-0.24688927584496556,-0.15167584420200486,,-0.05544513729726493,-0.18085596956617284,-0.2699947195645078,0.005744881046863618,,-0.25624224009081503,,0.09954806772657532,-0.38403232189758174,-0.4923459416784756,-0.052775464652263786,,,-0.28911828944212054,0.34342344129772423,-0.016275154759231587,-0.4084402303495737,-0.04106068810424343,-0.10590286222177439,0.1118944817054544,-0.14936360481123845,0.16369572198225765,0.25400749922935184,,0.11150659445631018,0.0003974377483283357,-0.48339644529012926,,,,0.1637033814366578,0.06889430980336289,0.28777895460312897,,-0.12149599760833742,,,,0.4863655276038508,,0.24429746339321753,-0.02431912718716735,,,,,,0.5120002414493181,0.1497969987702185,,,,,0.17140272335511686,,,,-0.22628832711458507,0.2149823538800166,0.16066723512150904,,0.20059055909066204,0.2006012474045271,0.08163245969117149,,,0.18974478255787594,-0.12094065219826573,0.04002941358090816,,,-0.19180217601492489,0.12935273738387107,-0.25143208905524894,,,-0.16570212918187113,0.3262719231222219,,-0.15631513587464907,,,-0.576174323409276,,-0.13887868832933026,-0.6889914777333277,-0.47836815386713966,-0.3224922869020858,,,0.01670211176933744,0.01670211176933744,,,0.33188752144758954,-0.08144083816223266,0.08458193417632827,0.10917478987244882,0.10917478987244882,0.1329346748245953,-0.464680363642493,-0.15789059074004477,-0.5366576223471468,0.33300389863551755,0.6081760258825077,0.048093633788146975,0.048093633788146975,0.24823414377349823,-0.11779534171759327,0.07142287309990344,,,,,,,,,,,,,,,,,,,,,,,,,,,,,,,,,,
2016-04-30,-0.6441464940699295,0.5102261133219873,-0.4880000391770783,-0.09064126897959736,-0.6466327595835127,,-0.3841572300413093,,-0.28417365958990737,,-0.28312725889784063,-0.18465644838597534,,-0.02071030855202835,-0.23186722901067733,-0.237836567875154,0.044969609852196765,,-0.24405768121861754,,0.06829913670281139,-0.41559402990536476,-0.5160665776676335,-0.060802569485854246,-0.20840153650166232,,-0.2870095122786263,0.3799673331102924,0.0006604196704938067,-0.4114548311171408,,-0.09273162398208461,0.06570527103363412,-0.23327616716751776,0.19241412889237575,0.23956442586281226,0.05500476368930889,0.13956295536337146,0.006150061935524184,-0.45855055185164284,,,,0.22414126675567783,0.03875796975365867,0.24187856061270935,,-0.08483225594001029,,,,0.4761427886142845,,0.28482605067746375,-0.1061059197710662,,,,,,0.5549585152301147,0.16816171210286832,,0.10196945300675556,,,0.1882937339124017,,,,-0.2106399506174382,0.21572316846682854,0.11890434766395122,,0.19117724961572416,0.1911865883941029,0.12244231695892882,,,0.23265627259833158,-0.14332037164170547,0.06847146019464447,,,-0.2227094133579017,0.1293462475498939,-0.2386440186816845,,,-0.1303353067385974,0.32121276406813254,,-0.1821572270427383,,,-0.3592115427493512,,-0.1168220877128943,-0.7254103441009243,-0.46187546931744666,-0.31935949027377314,,,0.027158416873091777,0.027158416873091777,,,,-0.0776737033973705,0.07923659195127969,0.0814568907076805,0.0814568907076805,0.12508527859389612,-0.4503733255849091,-0.1689880739780873,-0.5484282066030637,0.30241114388318735,0.6140575964441178,0.06116092253618838,0.06116092253618838,0.24249659000346624,-0.10727048418004619,0.11156562674201725,,,,,,,,,,,,,,,,,,,,,,,,,,,,,,,,,,
2016-05-31,-0.6594593305484998,0.5356298790231113,-0.5031407857140767,-0.11660812286589442,-0.7021989215484286,,-0.3818297135619124,,-0.30120940641500243,,-0.2734669400214273,-0.18866082718410362,,-0.018446275693330873,-0.22941619045617687,-0.22820577936275732,0.023631845074820305,,-0.2474532509992783,,,-0.3533698485657866,-0.5117126940082153,-0.007016324100400526,-0.19274889923692615,,-0.2585537053889202,0.3827271675301085,0.0028220567225784197,-0.39291735709380105,,-0.055604546162239935,0.06113650621798748,-0.288776795585081,0.12139257511450183,0.2651775310872143,,0.03832963770075165,0.02436425470293667,-0.4374798866452287,,,,0.22438513597893267,0.10717463470068302,0.2659077233628627,,-0.0630794664099899,,,,0.4514349682549074,,0.2575927475529321,-0.21915546734548405,0.3083927073049919,,,,,0.5656476759934768,,,0.06467657402451145,,,0.2080529883844748,,,,-0.19512373338940847,0.19469512164617078,0.11031705181146464,,0.20513861298146951,0.20513901974964813,0.1334752089573446,,,0.21696599325035817,-0.14900298486291585,0.018221826652091506,,,-0.2328764859922419,0.06800104070129835,-0.30135530928727533,,,-0.13608164425635177,0.26231605967455646,,,,,-0.47103612247424925,,-0.11288897655407064,-0.7213387228969389,-0.47770912490868056,-0.31918891075975514,0.015936674670310052,,0.0332235212906451,0.0332235212906451,,,0.3287854295220323,-0.0758907069980652,0.08471910611293881,0.05047568445376263,0.05047568445376263,0.23309092279909746,-0.45931506582744114,-0.1983528173502989,-0.5970991083841515,0.28391578812801493,0.6106120797623109,0.08526887938594498,0.08526887938594498,0.29996118752282086,-0.07738853945666163,0.06133843496756664,-0.2068462570812454,,,,,,,,,,,,,,,,,,,,,,,,,,,,,,,,,
2016-06-30,-0.6613192786738334,0.552764454659678,-0.4961969310789768,-0.11027772345341168,-0.7242960937369902,,-0.39185978506696234,,-0.32620313282871616,,-0.28561968835027784,-0.2577572981063861,,-0.009601182547695085,-0.2594423085155662,-0.1999799430562461,-0.0032702170078779597,,-0.1991031838400531,,,-0.3343212611926498,-0.47121165992103875,-0.015022972269026385,-0.18070035461299244,,-0.2617611514290091,0.37650090929768454,0.010060318184896134,-0.35715669815199674,,-0.06589906880008455,0.07555929303007455,-0.300643598771468,0.19964356451840634,0.2521150828470919,,0.06365813526985342,0.05543347690076626,-0.42823883890022474,,,,0.2171046132615447,0.08259490960228288,0.27195422150705095,,-0.02675588090671297,,,,0.4689363755953931,,0.31888956785272027,-0.29322974265632307,0.39829499404739804,,,,,0.5550912447426949,,,0.12179054039971703,,,0.23398791770832345,,,,-0.20651527816103998,0.2554439346733098,0.10247343865067396,,0.1646170609827165,0.16462046793826748,0.1315899277556746,,,0.22998200003046604,-0.16293089874476085,0.011416703595150441,,,-0.21829912596303347,0.029033702588732033,-0.3140802791622991,,0.11480350229418158,-0.08944783922250367,0.20587985594353847,,,,,-0.3459527774471829,0.20595516467610983,-0.12317237041598585,-0.7118386589675958,-0.4841463814976649,-0.3084352063948019,0.011941425004530846,,0.016364435971668846,0.016364435971668846,,,,-0.057390097623589084,0.08709889031912453,0.009185813921599444,0.009185813921599444,0.20498922703105837,-0.4999856665221602,,-0.6236303066597927,0.27547272377342363,0.5972594234434626,0.09299089768701471,0.09299089768701471,0.28435410590419835,-0.0898612933957922,0.0801087714571888,-0.1862822549797951,,,,,,,,,,,,,,,,,,,,,,,,,,,,,,,,,
2016-07-31,-0.6858949659359866,0.519678188668797,-0.468929181665446,-0.0977310050137435,-0.6640983327057137,,-0.4167787786837046,,-0.30861523917321426,,-0.35343647420088964,-0.2553552547876871,,0.02029830929399521,-0.2305099012537543,-0.1982552642860724,0.00711538614451687,,-0.16933117282096738,,0.10898000060994815,-0.3586300479715293,-0.46276812223556474,-0.012147246175672971,-0.20192575174489288,,-0.2709942038342086,0.3652440522295752,-0.003908129503918212,-0.35289283694245704,,-0.08346869818732432,0.1037341574167935,-0.33629277455535167,0.11385451200552787,0.2485141880403136,,0.05613319224307987,0.05684528126040001,-0.4621817432301487,,,,0.19131387692513246,0.10469044553978635,0.3023134051498017,,-0.05191842662976299,,,,0.4892613523726299,,0.27133306014221553,-0.36483840178059135,0.4713197589343364,,,,,0.5712729784506557,,,0.15848708929647123,,,0.22382021691897622,,,,-0.18132699084338813,0.2589672000950716,0.08973010991385871,,0.12588019399860906,0.1258900320533961,0.09780455534755046,,,0.1676938335638422,-0.18371764545542482,0.10482178382632545,,,-0.21559501319372848,0.09370428274756676,-0.296541344930451,,,-0.04605829627846209,0.23356727626811222,-0.1046422243686588,,,,-0.49955503060049566,0.2173232880587881,-0.1259803037071294,-0.7587105682462807,-0.518356489613181,-0.31073194356175254,,,0.04240894765787679,0.04240894765787679,,,0.3187911246740501,-0.005420574351458245,0.11823289477085866,-0.0030849650869233304,-0.0030849650869233304,0.25867098700776364,-0.47395470400562567,,-0.6548120712550516,0.2614275907779791,0.5686184766643273,0.09661940163046631,0.09661940163046631,0.2591540966799592,-0.11094584213061956,0.06323360091573355,,,,,,,,,,,,,,,,,,,,,,,,,,,,,,,,,,
2016-08-31,-0.6677308684031904,0.4856846811769425,-0.4827907424089703,-0.0791325015382762,-0.6414587548774995,,-0.3966366980656623,,-0.31736083021653966,,-0.3277761579313104,-0.24109403438342944,,-0.005526839802249393,-0.24944459984255862,-0.26987045849728447,-0.01599165830955134,,-0.20149690112344218,,0.12505292400005102,-0.31482082007831175,-0.4760858917001927,-0.002900620338579696,,,-0.27980576781309224,0.17799688828505336,-0.02989500793178998,-0.38607000226173077,,-0.10514887174875431,0.13204231987520104,-0.30788767638367426,0.13545521108048358,0.25802467978792193,,0.10453573646159121,0.04267049270621118,-0.5025006685452267,,,,0.1146686461665924,0.1459331778984291,0.3207704037656236,,-0.0986236278737108,,,,0.510434107270319,,0.2789266153028797,-0.19673579488392565,,,,,,0.5141101593014354,,,0.353256045388568,,,0.21248037678636733,,,,-0.2013337670448064,0.22579024274299084,0.11819899779149526,,0.16776957823877683,0.16778165807329504,0.0851448494532251,,,0.13893850015298534,-0.13885072186167408,0.0705600401953081,,,-0.16588440778331356,0.11423740410248988,-0.29787511233597047,,,-0.08322264363620091,0.25374300730297594,,,,0.2203739361504278,-0.5157516792371993,0.16765919261538986,-0.15696653046647532,-0.7565085943342887,-0.5182783984708188,-0.33583956391832825,-0.023474008532158055,,0.02095604421151672,0.02095604421151672,,,0.35164399174474953,-0.061439173090766894,0.10448899734955594,0.034704188664926874,0.034704188664926874,0.2530696743591377,-0.450039242467951,,-0.6635697227453454,0.3568447868477328,0.6008237736107988,0.07709818464649947,0.07709818464649947,0.28074058590340734,-0.1467565412507169,0.01901811894426154,-0.1906921419721282,,,,,,,,,,,,,,,,,,,,,,,,,,,,,,,,,
2016-09-30,-0.649152963329238,0.5116643133624387,-0.500684563557769,-0.043111900425138454,-0.5744214389109548,,-0.36566624165092904,,-0.4260360713643745,,-0.27110471454644824,-0.2835447042972616,,0.020187713234352624,-0.1933250053926069,-0.25582777470454576,-0.024234985202199796,,-0.1722469977029893,,0.10098044194811796,-0.25993702620908904,-0.6698020335385984,-0.08160397961719101,,,-0.2712691123516916,0.21292777834836063,-0.09804072093912491,-0.36711083197680877,,-0.01959938822480703,0.15832636139902567,-0.1336682362388413,0.04743905544965875,0.30216604353014265,,0.0880669339944193,-0.011995244670983249,-0.6443638637245042,,,,0.0932835881595692,0.1375401112966251,0.32380792183558305,,-0.07663906035204843,,,,0.5391719678070925,,0.3501244560749047,-0.2759621525889503,,,,,,0.27993480799566317,,,0.2871136788249636,,,0.21761083035598303,,,,-0.24337818131007846,0.2544581316409346,0.13199332224398824,,0.12315458901557265,0.12316827292463038,0.10514792446695717,,,0.1091530274023371,-0.07870293776156292,0.12167530279697784,,,-0.1991206456755132,0.10023491232859202,-0.37164631406489124,,,-0.05560028806297863,0.18014296509894662,,,,0.22574417274527714,-0.5901015102971858,0.16923717227627347,-0.31801250437266315,-0.7741911183944435,-0.4830750623394713,-0.3203320372663537,0.010853020579362351,,0.04408872540370791,0.04408872540370791,,,0.4118723306801763,-0.004774512110769174,0.16396666894165612,-0.03748836787799147,-0.03748836787799147,0.09393701549919227,-0.404067793911329,,-0.6013066083033516,0.38731097531908937,0.5201194202047223,0.1378347391431327,0.1378347391431327,0.23534387352257463,-0.10704677156163327,0.04175861059217251,,0.5893411122964801,,,,,,,,,,,,,,,,,,,,,,,,,,,,,,,,
2016-10-31,-0.6298888856024482,0.45772203740792283,-0.4945265971004772,-0.041207301308185056,-0.6027652183312501,,-0.3345950053524403,,-0.4538969062123512,,-0.22532523829510218,-0.29475138617267627,,0.023509855371313348,-0.18467413499859503,-0.3518503767457048,-0.013414226123519696,,-0.17727945055048533,,0.08595599153244998,-0.2805087613035252,-0.6658324322518109,-0.0978513447455022,,,-0.2592431175380892,0.19129589152428034,-0.12084074151523312,-0.34454012514354415,,-0.023862199325007553,,-0.16033071118049222,-0.05606228742470546,0.297243388240413,,0.14731743708508255,-0.01832291063924054,-0.6347480160661789,,,,-0.02805150984289371,0.10282703650501669,0.3390165973755717,,-0.06325671070020618,,,,0.5468620112089434,,0.3168659298754884,-0.2698333280027735,,,,,,0.30699429328532757,0.13169348167963635,,0.2980248395099731,,,0.21340197947508216,,,,-0.185388950131866,0.2604775303744304,0.11144263611372839,,0.12139896137252751,0.12141274861318638,0.09943302491742376,,,0.12586264829262706,-0.030119270488527878,0.09550961199821371,,,-0.18766988818292551,0.0618568407427924,-0.3785771619708299,,0.09379734050934194,-0.06613461971608463,0.1730788964470155,,,,0.22687350871906062,-0.5791738317100937,0.15708586360015284,-0.30111579045730247,-0.7533623518688969,-0.4711129520004925,-0.34799877836072446,-0.01431063740158773,,0.040077068568517615,0.040077068568517615,,,0.3783331340092211,,0.21110632220375025,-0.027281781573265947,-0.027281781573265947,0.057812515885017714,-0.45456564619588213,,-0.5716050396071638,0.3991732281245568,0.5064339648537246,0.1511322160445916,0.1511322160445916,0.23273391843436214,-0.1368287371395625,0.0524308114261029,,0.5806981206990199,,,,,,,,,,,,,,,,,,,,,,,,,,,,,,,,
2016-11-30,-0.6417628698034649,0.4660398340757199,-0.49107732815522137,-0.03544423962003712,-0.5792607078107271,,-0.3244881172156498,,-0.4626286629721245,,-0.22467154284826962,-0.29072614568573796,,0.008804968791485648,-0.218782673999417,-0.30142046184882554,-0.012201371043792491,,-0.18588632707462266,,0.10919748963804608,-0.26128829286878164,-0.699139741225329,-0.048504858564732134,,,-0.2597589063251159,0.18729418735167444,-0.10941915125762712,-0.3536808492005549,,-0.015569011435068322,0.12904812204781815,-0.14946212172821308,-0.005281037061503937,0.30430011341537194,,0.11963449819214532,0.014321293135716914,-0.6265097774015415,,,,-0.07849846055945219,0.08685661958179451,0.3508268711416679,,-0.06657104149364113,,,,0.5301747319311872,,0.34242289172636214,-0.26399451083906866,,,,,,0.31491479240089554,-0.0027118106998506725,,0.2612899103620221,,,0.2332784770852484,,,,-0.23300872001857678,0.27405457151238094,0.11217832258883757,,0.1259452140737464,0.12596044588046582,0.10598889416013749,,,0.1068916810458004,-0.11411352123697681,0.08574075620846826,,,-0.18229720075493652,0.08370598111996774,-0.373011390955928,,0.10456887461710555,-0.042324701162301054,0.13882587224291623,,,,0.21427645137223766,-0.5819683965450059,0.18118443771986742,-0.2614274759491659,-0.7568903655673047,-0.4727100739893355,-0.3522524074787849,,,0.05032782111333878,0.05032782111333878,,,0.4017476296255877,,0.21157021553563582,-0.002149221065169528,-0.002149221065169528,-0.019219523980433972,-0.4457054819562977,,-0.6003622190298239,0.41743447493485136,0.5323869713071706,0.15966960608459538,0.15966960608459538,0.23164614444191445,-0.1429672800956397,0.07299167797768799,,0.5640643060013621,,,,,,,,,,,,,,,,,,,,,,,,,,,,,,,,
2016-12-31,-0.6151827652273127,0.42230259222985805,-0.45388987374712725,-0.03162811296652941,-0.6178158740267815,,-0.3770697704014424,,-0.42751999927934814,,-0.2335316004164983,-0.2469536212676015,,0.02288447404396503,-0.2501157459392647,-0.32841465901258987,-0.014323525932074454,,-0.15852490563712426,,0.11598218236410403,-0.1418454905635378,-0.8339085261395863,-0.009110922136876766,,,-0.18867419914803044,0.18320845894933285,-0.06943081809367127,-0.3169897451722015,,-0.04727013942904675,,-0.004404518245851547,-0.058560814256898415,0.2883884851627041,,0.11129434533724082,0.035031781695020595,-0.6173223064685258,,,,-0.050423494701546806,-0.08784330845858658,0.4024539310429542,,-0.012339334416143342,,,,0.5378855561942044,,0.300603680669437,-0.3470449897867867,,,,,,0.3507261048138131,0.04987627003673916,,0.21838294376550915,,,0.20756511934021538,,-0.3270345976985145,,-0.17296105302990672,0.2448579180322002,0.17265167703789328,,0.09406286825160921,0.09407291127477659,0.21936496766850777,,,0.07182697612186904,-0.03124898145819662,0.1971644762147124,,,,0.15971371906951867,-0.28557137527421367,,0.12747665341387285,-0.12186272344646805,0.10598227864968596,,,,0.136990922125493,-0.5112927069822808,0.21391425463598748,-0.1352076985440591,-0.7844638513193216,-0.5295400977851019,-0.325148181457099,,,0.025615941569903777,0.025615941569903777,,,0.4780518462342226,,0.23481751346681332,-0.0764282606274282,-0.0764282606274282,0.30656216193255675,-0.40874022328642545,,-0.5528909940291034,0.3696211916187453,0.4781646602609832,0.08133130201388894,0.08133130201388894,0.2971536046510285,-0.21963668706045958,0.01812223200003546,,0.4731869329163087,-0.16007981565420779,,,,,,,,,,,,,,,,,,,,,,,,,,,,,,,
2017-01-31,-0.6588375636086561,0.4304489016303226,-0.4390496011927058,-0.032426285133510986,-0.6157290622217354,,-0.3137461447623958,,-0.4065073537315765,,-0.22635844614334985,-0.2249214300194629,,0.04038495810935798,-0.21126532622153954,-0.3019833333033996,-0.0013710441944248775,,-0.2140991757729514,,0.12453056589756081,-0.13879427527193708,-0.8419195330543092,-0.0008557764934195493,,,-0.2587856488747402,0.17432513114221002,-0.09117136220265003,-0.29759834190980244,,-0.07412189117110034,,-0.03404367554174645,-0.07908762550604537,0.2873989805733735,,0.13059772937067934,0.04591184557822463,-0.6369611361804118,,,,-0.08181901923223645,-0.08674380908524572,0.35665799620933114,,-0.0121741754639708,,,,0.48812733446020895,,0.2657725744868999,-0.32273621601122976,,,,,,0.3530132170283898,0.08201268948973545,,0.17666431188199477,,,0.19103096094617866,,-0.40838941638246257,,-0.15640846377504283,0.25966474546044693,0.19212059087757072,,0.07792181829477555,0.07794532635015623,0.22929023356182296,,,0.06951959581745011,-0.03973934559453224,0.22063054032276516,,,,0.1576659847962424,-0.27798287903868024,,0.12390408148819283,-0.11978017527997067,0.0933856138215291,,,,0.1661983279001965,-0.4885046760599538,0.1778599340856909,-0.1613393283286956,-0.7708676925443122,-0.530965697862234,-0.32126403666938047,,,0.0334547668858198,0.0334547668858198,,,0.4978251422159942,,0.2149828076745443,-0.1213328580377503,-0.1213328580377503,0.329840523999867,-0.4038885557213514,,-0.5425594909082593,0.4219040434561119,0.49504497476622183,0.07371660697232155,0.07371660697232155,0.427028699290344,-0.3239840243920194,-0.015395560896590587,,0.4518715482715979,,0.3140988968833306,,,,,,,,,,,,,,,,,,,,,,,,,,,,,,
2017-02-28,-0.6782687233354552,0.46149045219017937,-0.41999287842483685,-0.03228921966363026,-0.6388445474977477,,-0.32520435173553125,,-0.40796807069523494,,-0.2301787466481121,-0.25322026554560206,,0.024959168186370468,-0.2047291758927941,-0.3449069137154265,-0.0006796268086178408,,-0.20433855491895547,,0.12465367736050106,-0.12648786739834814,-0.8065664527483157,0.01337464317148076,,,-0.2664436209904492,0.13987956977181262,-0.07984273530039002,-0.3049754104419025,,-0.10475422187507517,,0.042454169147853306,-0.04115044932340932,0.2727429093220081,,0.13398165123039985,0.07223778493068686,-0.6466117398040769,,,,-0.08514465725901843,-0.0609763787122566,0.3734960925679051,,-0.009023368203939522,,,,0.5177070229432632,,0.26165096841065666,-0.24750326137944711,,,,,,0.34117126592969554,0.08224393526140254,,,,,0.18673860269949585,,-0.42962230325380524,,-0.13143110375093978,0.20253282303489634,0.20798786710682182,,0.08590556243815592,0.08592907207173983,0.2655660302818678,,,0.06086743440211151,-0.03344988441309463,0.2519233289174809,,0.1177015627613395,,0.13154402926882916,-0.2554273151542855,,0.09202087447014526,-0.11592640896880936,0.09867544638996657,,,,0.18937984494999974,-0.4921813652364487,0.19187867167941736,-0.16150987157688862,-0.7568800900104106,-0.5682976552073076,-0.3228980368167934,,,0.030732715385447848,0.030732715385447848,,,0.45819430146726253,,0.21439268828029165,-0.11559553855222844,-0.11559553855222844,0.2904338622585893,-0.3818495567093171,,-0.5505513104968942,0.43086045666096784,0.4771274216537499,0.06989952417445053,0.06989952417445053,0.4396085671949437,-0.32805952743050176,-0.018256457564623636,,0.43433191326390197,,0.325365062743321,,,,,,,,,,,,,,,,,,,,,,,,,,,,,,
2017-03-31,-0.6689000860115389,0.4622855249941211,-0.3880321210455404,0.04841501081105115,-0.566841206706707,,-0.42874524608612585,,-0.408841912014524,,-0.2798767766465642,-0.23310326543718843,,0.0451920442170709,-0.166762419365547,-0.1498388898735747,-0.03160523421114336,,-0.22079642533243485,,0.13220512568581655,-0.13816052689553374,-0.8355181148079046,0.03740489554493794,,,-0.25508703937942523,0.05024526369147884,-0.029781551374567544,-0.30519881680223454,,-0.06959287249452374,,0.006492395374948269,-0.05077970670012302,0.2909670114886562,,0.10067518931688116,0.03409147614148606,-0.625888386338111,,,,-0.08383358243094852,-0.010083954583216297,0.4239413036214459,,-0.0017225160499631975,,,,0.5314857838254662,,0.2720870240990257,-0.26836437940762425,,,,,,0.36960244449186397,0.010554824459272116,,0.07058245028275029,,,0.1912428396756966,,-0.40652297842201074,,-0.10961581431060782,-0.014764953420054128,0.2894000345388081,,0.09930722725907754,0.0993243634671764,0.27537051678522934,,,0.027678213115836032,0.04158337772822683,0.15009688040498095,,0.23762198712768398,,0.1296826022431661,-0.24715938868731918,,0.12337621123462696,-0.1418858605511801,0.14048612909849656,,,,0.20846835278754558,-0.47650312616828955,0.1936525668133794,-0.12099393337654213,-0.767214407868509,-0.5640823529995147,-0.2681356480396341,,,0.05266958843474415,0.05266958843474415,,,0.3935983298863312,,0.21864407320690604,-0.12599914679808155,-0.12599914679808155,0.4089381432652572,-0.47932804302928506,,-0.5387293684117526,0.40417549911887896,0.4646826714944299,0.07698038569357187,0.07698038569357187,0.2972076410034673,-0.13438574046438176,-0.05661560953700815,,0.3484133804075125,,,,,,,,,,,,,,,,,,,,,,,,,,,,,,,,
2017-04-30,-0.6712438064594266,0.45998265766492524,-0.4132154994619608,0.051619745107184936,-0.5555635196360145,,-0.40664499470429877,,-0.4056449543315141,,-0.3050452939657637,-0.24009790094617275,,0.05363444282647823,-0.18772759583083456,-0.1380988952408025,-0.043381025200302965,,-0.22318941882375956,,0.14828266495659229,-0.14613050088737808,-0.8273270869515843,0.030437154371339006,,,-0.27758878510895324,0.027783836136354337,-0.03866107959955016,-0.2971153747566466,,-0.06517711345243962,,0.06621937247133992,-0.08332197681624053,0.27288371323222604,,0.13789949507329616,0.022796652436836894,-0.6286177333841605,,,,-0.08566629489015574,-0.011322751694338743,0.4627602999960264,,0.03722028600889735,,,,0.5453541036581552,,0.27207492159478225,-0.23659738351123094,,,,,,0.3631935199601455,-0.013536584287624201,,,,,0.19462223136118934,,-0.404260582797888,,-0.09876988750636896,0.07814917728753318,0.26769098541709807,,0.0858631235862941,0.08588253435101126,0.28533566183258835,,,0.019657075926823322,0.0012998937293088586,0.14873763941522444,,0.18031079144757384,,0.13294475753768967,-0.23927701063374188,,0.12562893436463934,-0.1345381047629022,0.13038893954173172,,,,0.22258606291528202,-0.4264311416748633,0.19459292292984348,-0.13558203275305267,-0.7792420333675938,-0.5789982437418507,-0.28147411093732394,,,0.043638489258813466,0.043638489258813466,,,0.3499695711388113,,0.1930183193834482,-0.13882828408267625,-0.13882828408267625,0.4930319801341998,-0.5250059493271716,,-0.5628386904700922,0.41588662582058394,0.47366676086916243,0.07186385347017456,0.07186385347017456,0.3522327803120374,-0.2722386395830861,-0.03796511473679092,,0.3650933119292562,,0.24450549255522547,,,,,,,,,,,,,,,,,,,,,,,,,,,,,,
2017-05-31,-0.6830008357537392,0.513823045355063,-0.4287773826794958,0.003218051053715682,-0.5139631855256171,,-0.4045761983472545,,-0.3861312214476098,,-0.23054998357157622,-0.13762005846151038,,0.03684124664532604,-0.10882569822198128,-0.0810729093606586,0.11572547822128924,,-0.23657406280998236,,0.15331971274677142,-0.19974973487287825,-0.871575876653891,0.027874020860218746,,,-0.2276739954404943,0.008772332260209086,-0.009956620387989553,-0.280197469956012,,-0.07369690638140906,0.2275100051244187,0.05650778418904807,-0.07936902111615694,0.2429326927658647,,0.07073312754496594,0.02547050694226015,-0.5741932224988484,,,,-0.1371682229141637,0.012790542242375825,0.6831597994189317,,-0.022765759081105136,,,,,,0.2437857732940039,-0.11900089816237383,,,,,,0.4477506018283429,-0.10672076558316528,,,,,0.23575442082030446,,-0.3927727434967251,,-0.21345944952552354,0.14421983312221068,0.287646276475469,,0.0968736175964194,0.09688213283819193,0.2550315380647255,,,0.043415701253715244,-0.07578809966179573,0.10100629622041914,,,-0.18623057746507116,0.12960951301481793,-0.26190931632201225,,0.14958353074877215,-0.11104559584683499,0.11083854002888047,,,,0.24364373248905663,-0.4213052348799363,0.13936423619119012,-0.1742755078668766,-0.8210887851465603,-0.5289562518027363,-0.23649446921011083,,,0.08206790932846988,0.08206790932846988,,,0.46277116785286604,,0.23754124436150997,-0.15114352499944028,-0.15114352499944028,0.46786349897144336,-0.39548074181139886,,-0.5850891570413711,0.40942289297653456,0.5386035701351661,0.09295947328849948,0.09295947328849948,0.3749147659482448,-0.249722324040217,-0.12012522586763619,,0.3262724418428572,,0.3446124522545058,,,,,,,,,,,,,,,,,,,,,,,,,,,,,,
2017-06-30,-0.7343332465471345,0.5588008949650751,-0.35551783733199643,-0.017588288540804475,-0.5131971759605995,,-0.24836910505035356,,-0.3411196372103108,,-0.2257811003609753,-0.09078577302281642,,1.4316920448507306e-05,-0.10707574673266171,-0.0814725687016075,0.26207068142058204,,-0.18649262671179884,,0.1733953277466349,-0.19721674194370153,-0.9397860160544365,0.009166605252050927,,,-0.2237443741779085,-0.011435162538479893,-0.06361923289830985,-0.3127558259107996,,-0.08085177580036955,0.17396829360835742,0.07789540391286089,-0.06803922822110209,0.4086808848267821,,0.049155530047191094,0.015351125646222642,-0.5534560200034743,,,,-0.08278165432038309,0.04254795600186169,,,0.04847371273623422,,,,,,0.24097878654921434,-0.2055081156683763,,,,,,0.5182263243395232,-0.043489369564177954,,,,,0.19921411155035507,,-0.4973953030535442,,-0.28125451802010015,0.26104184865018004,0.34637695581699884,,0.09483002242911502,0.09483435949645241,0.3273719650291568,,,0.07420786547746143,-0.1261861968960248,0.06460880538273765,,,,0.14500328395165896,-0.22918404319043537,,0.1297022921438805,-0.060691909309923325,0.12188419592798264,,,,0.2868023766603574,-0.3598098735539864,0.25011703208854513,-0.1548408723219031,-0.8002080803946936,-0.538251605881818,-0.18656052313153643,,,0.08461611732962984,0.08461611732962984,,,0.39093265710296,0.04371451648329972,0.30865507105578255,-0.16899677490011253,-0.16899677490011253,0.5230371785087072,-0.3774631072737849,,-0.5113325222516834,0.4408011845363917,0.5051697338062379,0.04595719805443611,0.04595719805443611,0.27704601265944784,-0.21819392961725476,-0.14776161770553173,,0.4010669782574295,,0.4242443724125979,0.40664776907306394,,,,,,,,,,,,,,,,,,,,,,,,,,,,,
2017-07-31,-0.7543754944783007,0.5767801614352215,-0.390612793127836,-0.03228809214202122,-0.5455360899993587,,-0.3182358973237734,,-0.29994117533597164,-0.2658109556455019,-0.1238508340616911,-0.05934349789272585,,-0.03671201279576383,-0.04128920616199612,-0.13124542225557426,0.29029916501549435,,-0.11883479927767233,,0.21130413266906745,-0.21238579081787684,-0.9203152323171944,-0.03220132278545552,,,-0.18703108373198887,-0.012586996021706152,-0.053800791777268035,-0.25784779491449844,,-0.11461417967730338,0.18780379190306065,0.10270423223195646,-0.03526196514731321,0.41307569000050537,,0.04784170489447898,-0.038453107495854864,-0.5066111789003447,,,,-0.09364172624679996,0.035460942487076944,,,0.037990546167740794,,,,,,0.27754519639139685,-0.1823385569908027,,,,,,0.511884799659469,-0.015403413066702523,,,,,0.21974695716894355,,-0.5314439768417806,,-0.30784163571029016,,0.34976295734792656,,0.10837459523062619,0.10837713109996039,0.2333532125147556,,,0.06541800263177876,-0.1281433254925378,0.0814957085870181,,,,0.11514558990780166,-0.2344123962235192,,0.12418216740291803,-0.06418814104312937,0.10918023919275452,,,,0.2598580631231865,-0.3484197333406526,0.2714475628600754,-0.21686144108712707,-0.7995668575055543,-0.4570253673294116,-0.17527416016566932,,,0.08847666705200456,0.08847666705200456,,,0.4364402121763798,0.11404171262950774,0.27456010252438806,-0.15099397629748815,-0.15099397629748815,0.5164931475767485,-0.32656610626151267,,-0.5344937285684037,0.4200842146030989,0.5276425880418002,0.05147130161479667,0.05147130161479667,0.2810972460321014,-0.2742475205921416,-0.18551806045496966,,0.42872486163348483,,0.4557672264945264,0.4314353709634396,,,,,,,,,,,,,,,,,,,,,,,,,,,,,
2017-08-31,-0.778615353603559,0.5156719592251447,-0.36235824538214284,-0.0678138545537849,-0.51845667486597,,-0.20657259469312547,,-0.3307421963403285,,-0.2044039703612816,-0.09253599493856789,,-0.020760099861756077,-0.11818248365458034,-0.1286002722912132,0.3175398288591536,,-0.1758299253760192,,0.17090598774768925,-0.16833343155899613,-0.953914173096878,-0.006999302794809488,,,-0.22179248256150344,-0.01393628570423805,-0.06571503884629186,-0.31813523985552994,,-0.07683489846248989,0.17176562294086756,0.13109741045853973,-0.06717868562730747,0.3484101567583163,,0.06313803942917638,0.02265202805203981,-0.5628350971449494,,,,-0.09565350756373775,0.04554520744990246,,,0.056310396609141465,,,,,,0.2378283346562778,-0.26513969315161917,,,,,,0.5406058297552194,-0.044774703084771175,,,,,0.21729475320811997,,-0.5305216785014115,,-0.2447375080459139,,0.313642337478305,,0.10572489731303256,0.1057311292534741,0.3493125003148208,,,0.05462751968225944,-0.19159236446759692,0.06261850199624024,,0.2752656791393891,,0.12459873910853152,-0.22521001569647667,,0.11715726577638143,-0.04241360869952957,0.13509060020649555,,,,0.2247718727150106,-0.3056410132994014,0.26469963691020154,-0.12364500884358885,-0.7943812381013347,-0.5493240457525237,-0.17667264704962765,,,0.07778416161742555,0.07778416161742555,,,0.44973818169931196,0.03658750777282397,0.28086469601725844,-0.18650681218810186,-0.18650681218810186,0.5002644301169503,-0.3091522233532598,,-0.5864903208907274,0.4328339537099766,0.5144232553466846,0.06593259038678033,0.06593259038678033,0.27393606940838433,-0.2448171081177762,-0.13953820178960097,,0.39495535154060624,,0.455204743359913,0.43164550522259815,,,,,,,,,,,,,,,,,,,,,,,,,,,,,
2017-09-30,-0.791401425479382,0.5742423539666892,-0.35450782513554147,-0.049021084450488576,-0.5203563183171592,,0.07388847715952727,,-0.41768605329946196,,-0.18588343969930946,-0.14694665866464326,,-0.015829196333467473,-0.09748342640541369,-0.07843892253730073,0.4527581821972554,,-0.09024855752124256,,0.1725741582966648,-0.15795833562739794,-0.8532544514574486,0.012938768321894153,,,-0.21173209709190383,0.03492985669630241,-0.06588918443101305,-0.32158707551413634,,-0.1212867503742163,0.16424476072298658,0.022321845882277966,-0.08118532564765561,,,-0.076302659261584,-0.06276802509429322,-0.5485841048231805,,,,-0.09038128409773252,0.0455381137496294,,,0.05116254493962696,,,,,,0.2556954617580689,-0.1905207885041095,,,,,,0.5252531709815514,-0.012442996909958213,,,,,0.21157763458319082,,-0.47086446775916924,,-0.2653769421328459,,0.2642786984595425,0.10564079705791177,0.1129526107450335,0.11303800522788796,0.35365360850832495,,,0.10299811130943227,-0.1803439488108193,0.01776061004538185,,0.27995267112672884,,0.12150349504386339,-0.22921964578800383,,0.14870400778281306,-0.03260839298246589,0.11341266420629009,,,,0.12595357080528136,-0.3948663915713593,0.2784815476583785,-0.12881665258124095,-0.7785276080500269,-0.5428774811939708,-0.12156601550737484,,,0.08652944491045245,0.08652944491045245,,,0.4408547752650875,0.04917673627622606,0.24276476363924324,-0.19421654937991165,-0.19421654937991165,0.49646600467316393,-0.281468010156001,,-0.5755647713186494,0.37722236933714115,0.5504915400873559,0.0552193665051599,0.0552193665051599,0.275864322162218,-0.19417057670815538,-0.12280172482088325,,0.4092300929086357,,0.449897641874295,0.4865768923636079,,,,,,,,,,,,,,,,,,,,,,,,,,,,,
2017-10-31,-0.794608559638627,0.5737813000674215,-0.40525437376711115,0.0268649822190284,-0.5510190478970735,,0.004387686309708225,,-0.37405789337673234,,-0.23020103715685067,-0.2273525620702209,,-0.016720626640604502,-0.13485526318343435,0.04644032888418729,0.46988471764612316,,-0.01631807778687786,,0.1172701241142872,-0.1726712657052952,-0.7723638785822187,-0.007183767763448532,,,-0.22505203951446978,0.06703055934470721,-0.14209874918382137,-0.31976061698957786,,-0.03323157119337624,0.22847931740577354,0.05758565288083356,-0.18606327616826138,,,-0.055221114000037,-0.10704395917536308,-0.5129917497460289,,,,-0.08037433011178687,0.03937559772706956,,,0.08753217976575743,,,,,,0.2905897051192801,-0.2198363805917382,,,,,,0.48706234188802694,0.006385551293177299,,,,,0.19227502234485117,,-0.4535805263178101,,-0.2588581019263603,,0.2337585965984863,0.17437693672099203,0.14017962183914048,0.14035221185835098,0.3325070540741465,,,0.17683169040259755,-0.22656050904180133,0.01876937994016624,,0.31344578228482106,,0.15542407435615388,-0.30586556665596437,,0.20643311878860687,-0.017957897076275462,0.1329784699901499,,,,0.09766551269990799,-0.2990631030488289,0.3136837892834028,-0.176714939348454,-0.7315908009612787,-0.5260628203762251,-0.12563509195261663,,,0.055083829534229134,0.055083829534229134,,,0.39637392755485984,,0.2270134186900076,-0.1661710673807419,-0.1661710673807419,0.5083138984574157,-0.41071888735000533,,-0.5452589807454753,0.3358391283914899,0.5126400318566118,0.0667835357583425,0.0667835357583425,0.3595906199480116,-0.19034314574741873,-0.10494077421408578,,0.395715644547224,,0.4512795206424723,0.4983043265685616,-0.34854927434721833,,,,,,,,,,,,,,,,,,,,,,,,,,,,
2017-11-30,-0.739146416233556,0.45148224032509593,-0.39119222313488555,-0.006678962493253277,-0.5852809099168601,,-0.35946150318024994,,-0.3098925515140124,,-0.10702985217906123,-0.29123468117365603,,0.0020142027150210655,-0.14427289918887665,0.005146712840375298,0.3377232837826029,,0.018784382031622433,,0.00660432306022267,-0.187260401449204,-0.6482299106700581,-0.03236118315767123,,,-0.24030024255376511,0.12146626088596771,-0.14778200003071504,-0.2839919379161206,,-0.006969170070521634,,0.125599857983705,-0.14325503836251197,0.41969788622262616,,0.03918557539159047,-0.2950386504085483,-0.5229211982756493,,,,-0.026267323476042548,-0.004450894175632921,,,0.0713017203956632,,,,,,0.3165031047286177,-0.2837774384265485,,,,,,0.4964927355458932,0.08176395226608917,,,,,0.10846241167686635,,-0.39005922055630177,,-0.24253497057910944,,0.20396083934993092,0.16161356719537018,0.16083902670361047,0.16097277209892372,0.20867950900453786,,,0.1614600369815929,-0.2094319754554594,0.019295986058867665,,0.009589959968129017,,0.1754643548322911,-0.36841263391107065,,0.26870529152514483,0.01145065037920876,0.07405886636857463,,,,0.15406856840295835,-0.39225439379932947,0.29097926840301225,-0.2820488012352189,-0.6961363728623634,,-0.1387000952800727,,,0.07222778880330726,0.07222778880330726,,,0.3011401049057631,0.00040337834823584573,0.31377649910103855,-0.17763469572549614,-0.17763469572549614,0.4922989905353423,-0.35004144018096234,,-0.42290258456633656,0.4103194620272327,0.4318001331746644,0.11583665354426786,0.11583665354426786,0.3238124558219013,-0.23764806237462574,-0.13102757114734873,,0.48013055109036257,,0.41697388184531525,0.526880002924527,-0.3714589930578997,,,,,,,,,,,,,,,,,,,,,,,,,,,,
2017-12-31,-0.7312617370289695,0.4278978512408823,-0.45401686711333095,0.05709932302236649,-0.5619168988354313,,-0.33931191792654014,,-0.4302553455484918,,0.03761365383427951,-0.3553662904655984,,0.046753843345361326,-0.22766579842590454,0.027583173878577505,0.23830335264222735,,-0.05992459831110551,,0.02304648690644097,-0.13843251318776612,-0.039607294674840476,-0.06374836254546017,,,-0.1852902366913208,0.0982710712818728,-0.17534017184174372,-0.2784900091367252,,0.057861619015136215,0.2562431664602337,0.22803827422674627,0.20320568676122253,0.4620914620050348,,0.008311224508715234,-0.19920111653237366,-0.5676693670242721,,,,-0.1332862068855531,-0.060076488775101904,,,0.053166471033737346,,,,,,0.41654377361585804,-0.3524895807889387,,,,,,0.37944437021774124,-0.05657385651146027,,,,,0.25314414877838914,,-0.27266394623299484,-0.24660672192142566,-0.16784400406754071,,0.14886015627385918,0.08138373992700329,0.0665380748292762,0.06665708128624441,0.021039752455516755,,,0.047531718643308976,-0.34496869405904695,-0.019390750026424222,,0.04623978900070774,,0.21912051764169874,-0.3407232445978402,,0.3009543106929315,-0.08989589967313892,0.02241245456000307,,,,0.07813286198297595,-0.18076795424652747,0.2892197966289679,-0.015790450133675447,-0.7159363445327149,,-0.062278191766837944,,,0.05324081498918509,0.05324081498918509,,,,0.06952416952081422,0.19125967116417203,-0.04231962421655499,-0.04231962421655499,0.18686092161016057,-0.3931087347967766,,-0.4830578601103092,0.2921335988788151,0.4012715239578748,0.11279363395684458,0.11279363395684458,0.5139589342353685,-0.29622459602105294,-0.08047869546293203,,0.37283091690892006,,0.3351798943712591,,-0.41513441560562525,,,,,,,,,,,,,,,,,,,,,,,,,,,,
2018-01-31,-0.7490898814150303,0.4107636507531348,-0.3633536088878063,0.021863275215422712,-0.5225794866960216,,-0.3067001842801363,,-0.4380121268310887,,0.08085791796496199,-0.32195491570091306,,0.06737788132818812,-0.23648790341244702,0.03963616615270054,0.220153075128484,,-0.13428912703077184,,-0.002072607372525008,-0.12688508584037494,-0.015707010352109908,-0.06439108397228027,,,-0.1922036744237931,0.005750594623732685,-0.1870450291204849,-0.2808331587901835,,0.07557365970081256,0.25378019463575224,0.24174636404696973,0.03499012934875539,0.45737419145642627,,-0.03945650543105091,-0.2597548230989964,-0.5145174276282978,,,,-0.318389244778684,-0.06439700090265231,,,0.13984303002549747,,,,,,0.3816757114227508,-0.4190196576701747,,,,,,0.3994793899853166,-0.005192891559008265,,,,,0.2385227246359868,,-0.25091313165717843,-0.29483421565492923,-0.19760690421859076,,0.12638189601219463,0.08361187505923032,0.07808936178963137,0.0782151296577209,0.011899732251898875,,,0.04884518078619491,-0.35688357914301544,-0.04932445122931535,,0.05745036068400481,,0.21806369729950179,-0.35442329085156765,,0.3663836676050136,-0.07783163054695291,-0.003108144462027346,,,,-0.012779684856307046,-0.40720789351317693,0.26795830445690016,0.10401442597020223,-0.7327742463582794,,-0.06150889252601639,,,0.061231548367492394,0.061231548367492394,,,0.4758703024275975,0.0677946086622901,0.20469090866172743,-0.09008557086947915,-0.09008557086947915,0.19970881864295134,-0.3476345435112979,,-0.4582381386343774,0.3290310088984816,0.4209459390034134,0.14601180245397954,0.14601180245397954,0.44032735518288807,-0.28244222106074546,,,0.3910011178876194,,0.2603885562279148,,-0.38162515915287915,,,,,,,,,,,,,,,,,,,,,,,,,,,,
2018-02-28,-0.7572238436301216,0.41840305494135566,-0.3316376035411895,0.02621339165966307,-0.5051107498276581,,-0.3321426288121547,,-0.4825353126961797,,0.11157129410661165,-0.33826659710880147,,0.06450747164466528,-0.23881301525686666,-0.01857435926708511,0.24169351043551013,,-0.131665099879849,,-0.002982327522508998,-0.16084228692209265,-0.015623158329233782,-0.050814986294203716,,,-0.1648818504517151,-0.019450038361460566,-0.1497042236449597,-0.2251382933327623,,0.04890977193797561,0.2513627659324631,0.1946669877088565,0.06720716461575804,0.4329866033034108,,-0.048522253657322746,-0.24339820766211887,-0.49955694890471236,,,,-0.3063832821650207,-0.054865117951091905,,,0.22228521813687135,,,,,,0.3812164266227855,-0.38739865832506876,,,,,,0.3915135900482615,0.044317020008794825,,,,,0.21929577234772815,,-0.2616247488573858,-0.2907481492000191,-0.15370552268785112,,0.09453494523523763,0.09179857759818404,0.08034377126323364,0.08047887810353928,0.012928941050578367,,,0.051796277085777075,-0.3885141688882672,0.038981114707134036,,0.07824627871861432,,0.182795615946569,-0.3533211999947667,,0.3470920401114474,-0.03972346452531156,-0.037071154517733955,,,,0.002559259314427295,-0.4540044278618636,0.2762282525335624,0.10904062567885653,-0.7193469744733788,,-0.05583057710827168,,,0.0695025804544177,0.0695025804544177,,,0.49718011009515684,,0.21868648164406634,-0.055052771102414924,-0.055052771102414924,0.14537905826707354,-0.26900913406578786,,-0.4723689022704373,0.3268547309444289,0.376888455877647,0.14586975826244689,0.14586975826244689,0.41693589288695193,-0.32283079971620043,-0.09602211079563129,,0.38396538710229655,,0.26796725688519296,,-0.378791568137199,,,,,,,,,,,,,,,,,,,,,,,,,,,,
2018-03-31,-0.7601904863055171,0.3920122287111442,-0.3315001866242782,0.020859559034248545,-0.5183071654832724,,-0.37926852652868825,,-0.4482373894518192,,0.1201720993023295,-0.3073276044777447,,0.06665584029079138,-0.22499389342844456,-0.06179984271136288,0.2457790413795476,,-0.1117213054902072,,-0.0011518505311369047,-0.14499229047402226,-0.006158586728717283,-0.030662133301537997,,,-0.16132941640706389,-0.009420141187650829,-0.14125952313221443,-0.23900358498399213,,0.058342626064528655,0.2816987329893252,0.21259959768824543,0.08234236259531129,0.409384678640468,,-0.03418011715841335,-0.23087565058120385,-0.5308833288996043,,,,-0.30028503730950307,-0.04500218809910748,,,0.20509572385815936,,,,,,0.4157393633787432,-0.3901273432957234,,,,,,0.3200356725446311,0.018588947187761135,,,,,0.23363151850607172,,-0.2718691962257667,-0.32428684528723073,-0.19547837929584239,-0.12497307401080425,0.07309678018313295,0.07116082574124755,0.08675119250095953,0.08688479425044299,-0.00010765924391527705,,,0.046506044521181705,-0.37251290293395245,0.06054844347202831,,0.15342824904024524,,0.18160887081831115,-0.3578908645190976,,0.3399803720382816,,-0.017313175365606347,,,,0.024193885006878506,-0.45694930324176725,0.2924475217938481,0.09181550850438326,-0.7407179575569224,,-0.04266732008020228,,,0.056852874674614653,0.056852874674614653,,,0.5018347944036622,,0.20541251040059624,-0.08073493712710708,-0.08073493712710708,0.10462435618159835,-0.24350588545131882,,-0.49309268614665963,0.3268772045283262,0.4079163746691629,0.1581005678441691,0.1581005678441691,0.3672951067295701,-0.3418946203893245,-0.06114098359138127,,0.38845203382605303,,0.22887854046156117,,-0.383504025149355,,,,,,,,,,,,,,,,,,,,,,,,,,,,
2018-04-30,-0.7717994287389204,0.42797237050175285,-0.2896117936597439,0.03999530549361176,-0.49471686177579427,,-0.36883177273855017,,-0.4241713175787332,,0.06386178490888213,-0.30155421092165063,,0.08061873641270273,-0.2408168414125586,-0.02128456306514053,0.24361126533209707,,-0.14076759708631414,,-0.0018102982369904656,-0.13320806343328334,-0.008272571507932994,-0.06592943721996465,,,-0.21518991548214597,-0.056344040558389194,-0.15957939721061307,-0.28218451969794833,,0.10676473407222868,0.31366540680831656,0.1954492817848196,0.09706232945853925,0.3962481679704497,,-0.06584873738382731,-0.20005844372922502,-0.5842551649839368,,,,-0.3051001790847174,-0.05703744036388652,,,0.16143363736285324,,,,,,0.3830439987718636,-0.447733207287623,,,,,,0.3319413950002445,0.021451350078586277,,,,,0.19161449176761944,,-0.36710057524650275,,-0.16597632372327512,-0.1455728111467836,0.11849493290287097,0.03891772282249483,0.1142527091197,0.11439935520222476,0.0790603877174927,,,0.04557617972454395,-0.4312073028880472,0.10699216588511039,,0.1634566637994836,,0.16781298393755814,-0.38065975337787283,,0.3067774990992927,,-0.026808727385654332,,,,0.04250231862559565,-0.3238668158851485,0.30319390664561807,0.058283658340274595,-0.6620725152981385,,0.0013519655659356177,,,0.04328827595833117,0.04328827595833117,,,0.4740821262383526,0.07698532008258822,0.19470856823879654,-0.09489020518027808,-0.09489020518027808,0.06407696958044672,-0.23179852720560018,,-0.5020406416667618,0.29791290381555746,0.3985426835433133,0.15593647848999362,0.15593647848999362,0.39694943915327063,-0.2528653516708689,-0.053489755101860735,,0.36684284729354866,,0.14888127650898755,,-0.3770705279835093,,,,,,,,,,,,,,,,,,,,,,,,,,,,
2018-05-31,-0.7954404456574318,0.430555283707756,-0.3067530664558423,0.03223765211438462,-0.4969694342812388,,-0.338168722875828,,-0.3881454343008268,,0.09281389513723513,-0.324018961290434,,0.06681081823915222,-0.24196171125937688,-0.00419132991002008,0.2542252588137222,,-0.13300505542974064,,-0.007460398265277126,-0.12897356621773742,-0.014479347520504962,-0.03906000477048501,,,-0.2006023387514769,-0.036997312526276374,-0.15058098241024417,-0.3202188598019586,,0.07165565980761092,0.32290339761241954,0.16944485312827062,0.13282360179364477,0.3818462304262226,,0.019120799510509757,-0.22820644239272825,-0.6108955687157968,,,,-0.2579430559454507,-0.04015192598231331,,,0.15163382832146008,,,,,,0.4093099704896412,-0.4346742321684519,,,,,,0.34371838649740183,-0.049032389064280806,,,,,0.22318035351481313,,-0.32774163421204355,,-0.2073147070669441,-0.13937148056934842,0.14854040368804566,,0.1098583855147498,0.10999229135129536,0.10147676305591855,,,0.030538641174362145,-0.4012272405478756,0.03808547323713434,,0.15865165078256366,,0.2177799409802977,-0.5418293072903912,,0.3712685420846159,,-0.0005714997333159426,-0.007786848503721283,,,0.05272209258802236,-0.3036017780451552,0.2831850666044485,0.0667758220877199,-0.6659331026656259,,0.025821494237763348,,,0.044475377311405634,0.044475377311405634,,,0.36376990930318526,0.05957516538332389,0.18757768624462956,-0.112176633398884,-0.112176633398884,0.05843120116020012,-0.189589719476987,,-0.4858949848264894,0.2854428483897872,0.4242061656585776,0.13567342735299717,0.13567342735299717,0.4565606535344189,-0.21234918219104443,-0.006438282469323944,,0.37073813835977937,,0.16500133311513124,,-0.3746457332283983,,,,,,,,,,,,,,,,,,,,,,,,,,,,
2018-06-30,-0.7807639848516906,0.3534628583843595,-0.30597632472995717,-0.007378114089289476,-0.49467524775053173,,-0.36058182035586445,,-0.4062346790500043,,0.1259887956425543,-0.295385485913327,,0.02502586272970016,-0.23513628732501587,-0.07953813077013613,0.24678342097035416,,-0.10696471583844837,,0.0230762165991306,0.020758866755056758,0.07810487678864865,-0.04007683617269003,,,-0.16211026166855302,0.04703448854243645,-0.1997295936418789,-0.312108008239976,,0.05856855406066903,0.2657112922281954,0.17787486361075114,0.09136459600332403,0.3164571025478007,,0.061858589417291554,-0.35667384447442047,-0.5901095650831537,,,,-0.2549496291584666,-0.0015366621725978239,,,0.1127786700521438,,,,,,0.44141139679813507,-0.3810114291681584,,,,,,0.32483324502793776,-0.03139967729439586,,,,,0.22960292828669557,,-0.23716807301978904,-0.28815202891076863,-0.06922385575534935,-0.17567859496523058,0.07308489310121637,,0.10252145224651532,0.10265148166408147,-0.023135153777725875,,,0.02827199434882391,-0.4483914614440491,0.16720594480339274,,0.17326676198576585,,0.21188893549921092,-0.5704143154442028,,0.36713602114509164,-0.05794843327290538,-0.06831069163428226,,,,-0.026390201629458668,-0.3442196177643918,0.2575591343128643,0.04869744191831626,-0.7334901430083679,,0.038006309265392564,,,0.046619236562156496,0.046619236562156496,,,0.43142492791634524,0.09273158214051148,0.19001459718398245,-0.03430001467215427,-0.03430001467215427,0.010753535960448058,,,-0.4330733846434651,0.257017186906382,0.40372341861674466,0.12554022313746682,0.12554022313746682,0.3951917460289242,-0.3180328112858925,-0.09914505651091929,,0.3687179155474417,,0.16568796226301458,,-0.3543458800727041,,,,,,,,,,,,,,,,,,,,,,,,,,,,
2018-07-31,-0.78642124479214,0.3770851958544586,-0.33080460107761755,,-0.49946033297304215,,-0.3446254090366924,,-0.38955834379982457,,0.14299507021559602,-0.3386523472031818,,0.002461384678789398,-0.2295142428019413,-0.054140369046924396,0.27413081584665167,,-0.120088692942508,,0.0460416562027528,0.008124675791450939,0.013689443929430336,-0.045939687010395566,,,-0.12778293653124637,-0.0018437264609349802,-0.19076824503133888,-0.2738780131593854,,0.03518193376188079,0.2564417307719665,0.18046738777606108,0.07655914445997856,0.3464565553461237,,0.08499980816614895,-0.2767349464814982,-0.5810877534434573,,,,-0.21653506118734442,-0.005462185455703764,,,0.12046566389367792,,,,,,0.4330431314420859,-0.38064296651786367,,,,,,0.32146829382722747,-0.04871299630947306,,,,,0.27711393184808575,,-0.23936757497218256,-0.31374825783652677,-0.04947304898705989,-0.22394381677696443,0.0908574030903656,,0.11314794072613507,0.11326227666503222,0.046530431080549106,,,-0.02050795788153336,-0.4457509070529248,0.1174241396341689,,0.21689679102029133,,0.2604980083859949,-0.6174118814233964,,0.4001590801213742,-0.08601565905561852,0.020642376691867408,,,,-0.025024038909786894,-0.3240002973846537,0.2689021974513076,0.09914039126730383,-0.7484974201216368,,0.046735422338829866,,,0.033107152746303256,0.033107152746303256,,,0.36371660535829253,,0.16168826555584564,0.02368177073696558,0.02368177073696558,0.044623997078000306,-0.1689435498602125,,-0.42079138334395794,0.22639938649679167,0.3903842574676068,0.09875689571025245,0.09875689571025245,0.42684130499899087,-0.3171040603509559,-0.0894443018152468,,0.34951044693464095,,0.2086973533195805,,-0.36535012726668037,0.2589658619605029,,,,,,,,,,,,,,,,,,,,,,,,,,,
2018-08-31,-0.7735561004666022,0.3485242999622287,-0.3546588937892757,,-0.49004691028555064,,-0.3918019588884735,,-0.39111995038604286,,0.11457832928988439,-0.2950587562548744,,0.02164416706746498,-0.22421091608825802,-0.04212045708329183,0.2760763795149592,,-0.09578030455344919,,0.05732980893150087,0.07908556985451284,0.01996651639286604,-0.07682489225146177,,,-0.14933361864254205,0.032138712658531306,-0.20953470810768682,-0.34150821630877304,,0.01871563334501955,0.24515883701003102,0.04087912000607417,0.08568186079020632,0.3422730597401854,,0.07770544118050819,-0.37641756136362525,-0.5842230950593347,,,,-0.1987785644797809,-0.06357019679265492,,,0.08681879120605686,,,,,,0.4527401754822647,-0.38711846573668013,,,,,,0.3412300339030688,0.02268589701867131,,0.16647263469555812,,,0.25436944440943116,,-0.2270751773303253,-0.32970731436758716,-0.03581409895850035,-0.18216520405197414,0.08145970554570621,,0.09646893557044631,0.09658315601986746,-0.009043700063436301,,,-0.0030972154347501343,-0.4665937665229541,0.02856327971371533,,0.16940901219379403,,0.29705713506849823,-0.6157945387354352,,0.44819743656821137,-0.07450481681704525,0.019696848264967304,,,,-0.037999281585267206,-0.36859258087236974,0.27091880071758545,0.08860846217323,-0.7563697399376318,,0.05454963232425287,,,0.03863231240636299,0.03863231240636299,,,0.37162016307647133,0.08390025441272862,0.1600542046862055,-0.0037309929931817003,-0.0037309929931817003,-0.011642870574460605,-0.1654334681347054,,-0.40567386636339964,0.2304071089398274,0.4522936610569913,0.11782224285203896,0.11782224285203896,0.40176294841375276,-0.27749991129986196,,,0.34393242100310756,,0.13977317210921986,,-0.3507098013684528,,,,,,,,,,,,,,,,,,,,,,,,,,,,
2018-09-30,-0.7636329503902469,0.43747320321211064,-0.2873028936956676,,-0.47831674282845116,,-0.39503295519778736,,-0.3107155101220009,,0.09422322430047113,-0.27784023403741703,,0.05919453480396452,-0.2141066081344127,-0.011495496925816267,0.26209283599543887,,-0.10080056457745208,,0.04552414807016763,0.02045627541213465,0.06162794873266157,-0.02323042625456213,,,-0.18626610019650905,-0.029743740674747533,-0.10252851835704793,-0.3715885926096668,,0.0016957742057450824,0.3058946122903802,-0.013022862363604561,0.13603718617107133,0.40257689759793275,,0.027882018048554207,-0.35434161266806635,-0.6390022326929192,,,,-0.1862642436393353,-0.08292911224367037,,,0.03327001000435985,,,,,,0.40831542957755007,-0.4810838718608052,,,,,,0.3182066913549145,-0.036727568281753234,,0.19093171941182244,,,0.25448578118199083,,-0.2326339403238718,-0.32311150876924066,-0.011019712905994032,-0.15070884111850252,0.030236256905270376,,0.10414013545896811,0.1042599267864534,-0.0354589123533529,,,0.005192596151812745,-0.5400231567221461,0.010746858411841156,,0.1934825782828897,,0.34724496074208594,-0.5262284547400826,,0.465099921287157,-0.03697007144073013,0.11580389681461634,,-0.36325003676693784,,-0.03290159792696091,-0.3311353119019489,0.2516412949230795,0.15310514338697104,-0.7379922364406756,,0.02446250326734521,,,0.028516260216862478,0.028516260216862478,,,0.3823847572090131,0.04303661482592139,0.11540849763487464,-0.007808083294706383,-0.007808083294706383,-0.09404282736794445,,,-0.40934182209731385,0.21582456306480216,0.43856792805157624,0.11360320311284088,0.11360320311284088,0.36880973195419137,-0.33232200154831043,,,0.3222825578339614,,0.16419499317452768,,-0.3901671360590143,,,,,,,,,,,,,,,,,,,,,,,,,,,,
2018-10-31,-0.7272945483170681,0.5131894973801477,-0.2286736340592356,,-0.4703342813600388,,-0.41327543193691085,,-0.3375581855706239,,0.05046300200283426,-0.29709274890351667,,0.10509267738251396,-0.22544960113830376,-0.020592290535513175,0.30365310789078287,,-0.15522112405418534,,0.003962620608676559,0.008829079197835857,0.0858510769378133,-0.033836296924359514,,,-0.2320598674075204,-0.07948810770846346,-0.08047450762128219,-0.34670734254716307,,-0.04709529523377778,0.3335151423487819,0.0007183374422347054,0.20289830483762436,0.4018339950150393,,-0.010644110130061356,-0.317486925659636,-0.6442502172740493,,,,-0.20708823015433722,-0.10721199284951295,,,0.07307618961923153,,,,,,0.3511626950015516,-0.4707927221719346,,,,,,0.30820147055758945,0.009823118760445865,,0.17771008227427262,,,0.1932557841032837,,-0.29379532392623287,,-0.021732485044851882,,0.01785862302381043,,0.15935422809864666,0.15949550603049342,0.04004912522497148,,,0.009265526329690472,-0.541660474480862,0.04377853970180722,,0.10398399283664515,-0.15779103325507177,0.335375466838644,-0.5712660448994888,,0.49629998739209563,0.030124881288725713,0.11596685558048235,,-0.3356314495950657,,0.049241547024388634,-0.3703314116055523,0.26696637398379547,0.11739383601178827,-0.7004779454858736,,0.05019354669283667,,,0.023589137148029394,0.023589137148029394,,,0.34542879984068936,,0.15961529513623396,-0.008627574461006161,-0.008627574461006161,0.004613797208933691,-0.08679446067815008,,-0.4592201233357662,0.20354272765542042,0.4015850521630332,0.1278759965481769,0.1278759965481769,0.3158466827254476,-0.2827892711347373,-0.10887009101881664,,0.2895238761564606,,0.15258787303446952,,-0.3769867070361125,,,,,,,,,,,,,,,,,,,,,,,,,,,,
2018-11-30,-0.7272458785991497,0.5556668691543445,-0.21048650436768018,,-0.4669384216029728,,-0.41049546273606713,,-0.3310087052844244,,0.06675198431853202,-0.29116323076490586,,0.11023303524674062,-0.22803785948840216,-0.015430963165122586,0.2815118907113899,,-0.1803768937293213,,-0.00047866047354258427,0.02140087765812599,0.08481268590146866,-0.029069210309573854,,,-0.22398944918104727,-0.0781967376435487,-0.07358983996777761,-0.3388769948214344,,-0.05960935961090347,0.3494775972125353,0.001901489582400522,0.205428360657737,0.40596607618277447,,-0.032875424887762,-0.317427772165397,-0.6471167058534727,,,,-0.21122398955033517,-0.10717006657221786,,,0.07707537965652507,,,,,,0.34418415753368825,-0.48146650795716045,,,,,,0.3126089574592173,0.0022745055954962495,,0.20030763425389342,,,0.20273970353295218,,-0.2764918474916512,,-0.03825495744444793,,0.019759429851576877,,0.15002054046275118,0.15014257152940225,0.037859577701689316,,,-0.018826522611897836,-0.5569846191916504,0.04735266859069396,,0.10723558306149142,-0.1659639848703131,0.32879453985125257,-0.5768644963717163,,0.49906755457831925,0.03674563534184632,0.0936026819568811,-0.032895115795936375,-0.35193887163203363,,0.08383125503500932,-0.3735305025742186,0.2631750721101682,0.12038489257683048,-0.695807802355945,,0.0516696641451386,,,0.026844589951278315,0.026844589951278315,,,0.3546598306450338,,0.17687450173600325,-0.017001856700197937,-0.017001856700197937,-0.01712920239445883,,,-0.45791111240445614,0.19054433586602684,0.40121567329325913,0.12470885739243665,0.12470885739243665,0.307188827557983,-0.2825352261637668,-0.11849654334072629,,0.2965659683653919,,0.15450744060105656,,-0.3627535121599873,,,,,,,,,,,,,,,,,,,,,,,,,,,,
2018-12-31,-0.6935347471653308,0.3457875582467315,-0.3312410136065866,,-0.4715385510380646,,-0.4521750880875183,,-0.3355299840736432,,0.07491158906221144,-0.2593947196862889,,0.10198155819621918,-0.25606007371525535,-0.0734943976228535,0.17718835052638612,,-0.2172304139461032,,0.01878825526878603,0.02292030475117778,0.09355461606708883,-0.028731708414281968,,,-0.16913243602278155,-0.12136182898297812,-0.10469249371524086,-0.2979505604381089,,-0.08199943744286482,0.3461139439424518,0.26818630338316723,0.2335779181551603,0.392229154934121,,0.020672949918249927,-0.3251458404634345,-0.5547552805762321,,,,-0.20489904985528282,-0.03912320070199797,,,0.06361786291617862,,0.1031715239945715,0.1031715239945715,,,0.32132995570973,-0.3969551899107287,,,,,,0.32427562109855884,-0.04569328401642184,,,,,0.21109095506912354,,-0.273062233834771,,-0.007244585912871136,-0.11588087512474099,-0.07179487071566724,,0.1460877013300364,0.1462054969833418,0.014492684096592125,,,-0.015517602003007011,-0.4824912819391865,0.04403970503705822,,0.14791214769537045,-0.21362975935472195,0.2633030333435055,-0.6707368656186687,,0.517933949259621,0.08970945664624441,-0.08848839512681696,-0.014638403938653614,,,0.2385644441754974,-0.30448968912282776,0.28362134690708946,0.0981176820977859,-0.7534467133047832,,0.1189943380731851,,,-0.02090434256364308,-0.02090434256364308,,,0.27744052651593876,,0.22302735555156428,-0.1213657826892819,-0.1213657826892819,0.07219927564205912,,,-0.5007324134594062,0.21779817946487146,0.3583919247979267,0.18000087099738696,0.18000087099738696,0.23413952663725496,-0.14495655132796692,-0.1305287604791898,,0.21632694088635396,,,,-0.31299282835995296,,,,,,,,,,,,,,,,,,,,,,,,,,,,
2019-01-31,-0.6728929544677696,0.4074604123744169,-0.306106205136186,,-0.4609152790483397,,-0.47638102858748516,,-0.3479753165471609,,0.04988028931980642,-0.26350843327707857,,0.08129869817303935,-0.23243094759863042,-0.03338044186382578,0.19325855840332962,,-0.18180333656759154,,0.020729832032389924,0.047760076420790776,0.11096708612030225,-0.049676503203602375,,,-0.16569065319269743,-0.15740792305437085,-0.13237651646748208,-0.29616387988210907,,-0.06019591453764686,0.34187716117245964,0.26871039553188153,0.20035359612302356,0.406924817501083,,0.011724198561698715,-0.3186969780563068,-0.5583412894258166,,,,-0.24474290058046763,-0.057962720842134795,,,0.018436838270447793,,0.10294017090542357,0.10294017090542357,,,0.3037821111898234,-0.39458449090533093,,,,,,0.2957918573950407,0.006112371404101844,,,,,0.17188179980986823,,-0.24514760678010586,,0.019760865963516984,,-0.04406588508311355,,0.1557443231696438,0.15587940896658836,0.013839221831499281,,,0.03355404091936,-0.5010323532873505,0.03312055448483839,,0.06521695087986033,-0.1950756529311068,0.2685908268978864,-0.7079978821347996,,0.5173000333517025,0.06785936487381648,-0.097910148988162,-0.016592271538485276,,,0.2747158038867928,-0.2528129064162953,0.27711898915469396,0.10092069886618166,-0.7610504502154665,,0.10932139759756579,,,-0.012780521894073487,-0.012780521894073487,,,0.2904840712727919,,0.2585322233912195,-0.12910374341414246,-0.12910374341414246,0.08025007084729376,,,-0.4870896671951509,0.26022799369731886,0.339504722906987,0.1796144422464727,0.1796144422464727,0.1952141171150166,-0.18121140318937906,-0.14415536021787567,,0.24644169337484323,,,,-0.313625048793295,,-0.13625867752761905,,,,,,,,,,,,,,,,,,,,,,,,,,
2019-02-28,-0.7317421079090279,0.4652809078900548,-0.26250692516646523,,-0.48465216302463787,,-0.5099050539545176,,-0.37589511881504345,,0.012916213157849361,-0.23100395424835501,,0.03888107646519036,-0.2528954513037158,-0.03464359238090887,0.26033811330260015,,-0.17589401054415105,,0.0475183166837348,0.059812003559355086,0.1449825092568903,-0.03622169689611775,,,-0.21456012491678514,0.039818251982355876,-0.1553950861698103,-0.33453835450250885,,-0.08468767049968765,0.2676894583019564,0.256512528372932,0.18582971860126754,0.3504115866633717,,0.02979699821361764,-0.3504403066437754,-0.5812003021013648,,,,-0.2088736892222468,-0.01985120054860849,,,0.022943784562543937,,,,,,0.34400182033236243,-0.40420121408923043,,,,,,0.2774696390721328,0.05931712626050921,,,,,0.11330012443847592,,-0.3751115686525929,,0.038579979672316286,,-0.013756709258239939,,0.19824466770794982,0.19834678394259067,0.04695524071560565,,,0.08143129133598892,-0.5196885445756166,0.08956496372197831,,0.12709847482997094,-0.15215994484331222,0.2614487219699092,-0.6650925650756486,,0.4983530149408614,0.07636085790684775,-0.026646368526108848,-0.040949659506683535,,,,-0.2718013528412564,0.38522891320835523,0.1528837689826771,-0.6989784664297972,,0.10377982365759623,,,0.03921016797484532,0.03921016797484532,,,0.25812433970615434,,0.2498175581580726,-0.13985541651761985,-0.13985541651761985,0.17766879164521465,-0.10395715545831356,,-0.4666256340320107,0.2883263028868897,0.33194021822306014,0.16842491407145002,0.16842491407145002,0.09093498762108257,-0.21620963829319811,-0.14183209972802843,,0.3119368828054721,,0.20207192411097225,0.3530681276796511,-0.3280805451973644,,-0.08110206834693451,,,,,,,,,,,,,,,,,,,,,,,,,,
2019-03-31,-0.678026923921098,0.4274929855461129,-0.35107166711174814,,-0.4850175761024736,,-0.4705259130385658,,-0.37709713450238275,,0.071785364007177,-0.22946983665794463,,0.09344260134410945,-0.2532844393098967,-0.04631854533464567,0.16688844135360642,,-0.21780118746868488,,0.0879412606670743,0.015426884027731076,0.10850091750220511,-0.054191843828348706,,,-0.12848238907908976,-0.1675575743614812,-0.0960096353977564,-0.22133745379324946,,-0.051708518099141516,0.31164422819226445,0.21198042656341273,0.181481485997628,0.4325046783875955,,0.046177525439265066,-0.3167602746710753,-0.5279950449462831,,,,-0.25027403546041993,-0.1588496055865801,,,0.047367761369993266,,,,,,0.2816977759846613,-0.34725885666368383,,,,0.2118986495306176,0.2118986495306176,0.285551197165742,0.05159629478527858,,,,,0.1752579256967238,,-0.2695268095255597,,0.07307477811468785,,-0.07875197726588534,,0.13371035671726977,0.13385404875456558,0.06301335092469539,,,0.06478946894382018,-0.5779059820974769,0.008867260368702829,,0.10040584598687263,-0.16725327734685635,0.2768743705051169,-0.6610569392649339,,0.5592800863048766,0.056114624205015076,-0.08783333266624187,-0.0016246590340353452,,,0.21051542433641957,-0.23466160709683928,0.275799751936806,0.08219120685943881,-0.7839316074139132,,0.08778671824810777,,,-0.02849843667636542,-0.02849843667636542,,,0.2690808551935153,,0.22999886611384202,-0.14123073052592922,-0.14123073052592922,0.12518192759376065,-0.12731173630118864,,-0.4937196189147563,0.24137323143421408,0.3574372096789052,0.20080558167641835,0.20080558167641835,,-0.304511620442056,-0.19083437001788708,,0.21413496376062116,,,,-0.2753937981909071,,-0.11778172576159592,,,,,,,,,,,,,,,,,,,,,,,,,,
2019-04-30,-0.7049421389042438,0.45438463835256343,-0.2805380183371988,,-0.4955479373090089,,-0.4547336057879737,,-0.35993115958879224,,0.08080846215396904,-0.24612338716455476,,0.1262291586699445,-0.25858932966917597,-0.06189547074562865,0.1602184936366759,,-0.14151896608621556,,0.08738883233023247,-0.008545893736955565,0.06563540076257084,-0.0511207348195366,,,-0.11368430461968984,-0.09055593278724429,-0.0882233278130376,-0.24489101224208099,,-0.0630948150148495,0.32026716262348826,0.23178593665451172,0.18168380783177815,0.39274047889325164,,0.03736030219884526,-0.3338136358641138,-0.532905610711638,,,,-0.22447429427164287,-0.16978197825394103,,,0.023404869804737355,,0.02575693602908748,0.02575693602908748,,,0.2768443719522965,-0.4193819703357398,,,,0.2114375529450225,0.2114375529450225,0.2676931438228852,0.07615103598565912,,,,,0.3024012184077595,,,,0.08652426228394108,,-0.12328523662806443,,0.1644072151655091,0.16455871404279887,0.05498042519226301,,,0.12031820655970688,-0.6025425657313827,0.023163428845501207,,0.14390756312222566,-0.17675593052311003,0.24616311394149584,-0.5684076120408793,,0.42917148343610023,0.07464397149499274,0.009190865958851241,-0.0174986167098642,-0.28812431691886514,,,-0.2249178038754347,0.26764283926224586,0.1594108296183223,-0.7306006452107304,,0.012455184832548719,,,-0.050191492000366086,-0.050191492000366086,,,0.2713517961059799,,0.24306277302808382,-0.12959154586103752,-0.12959154586103752,0.10622481026405999,-0.11360951418182999,,-0.526721201374728,0.2838382578319539,,0.23332690131389497,0.23332690131389497,,-0.3166530665364928,-0.23553709377128668,,0.24223931201441823,,,,-0.3197982262607209,,-0.1332862794320904,,,,,,,,,,,,,,,,,,,,,,,,,,
2019-05-31,-0.6840433012060174,0.06807346724889791,-0.32131606500252646,,-0.431211628399153,,-0.5219652744873994,,-0.10296133576672016,,0.00519032088061003,-0.19960381279896608,,0.18858815841788984,-0.3080769782121659,-0.07456625701450506,0.11515742174223896,,-0.2731765754780829,,0.1329879896095867,-0.003913059060133881,0.15365940849168583,-0.03114407537989111,,,-0.09729283974198961,-0.1436914803902629,0.02800211137755616,-0.24087899010490005,,-0.09310931058388255,0.13021548597355648,0.15900507121372245,0.13466998761202417,0.4885291160755187,,0.14442738063562346,-0.33155979306081906,-0.5450566226389745,,,,-0.23669038431985917,-0.18948405375557612,,,-0.023217973945018226,,0.00808856978906442,0.00808856978906442,,,,-0.3265694086348413,,,,0.2149180102881544,0.2149180102881544,0.20202047434098977,0.006669335314139752,,-0.006573709275941132,,,0.32444991493715847,,-0.2767022708867413,,0.2719684845012159,,-0.14438177433795601,,0.1599063625493854,0.16006958555719902,0.00031693898940084186,,,0.12599660458003709,-0.5831861581372481,0.04227376842987772,,0.0763231172344295,-0.19222702821907986,0.2589472249953231,-0.6254065604964859,,0.4762853778358561,0.05165053643594268,-0.06176207185824528,-0.02450168796550029,,,0.23065017278647262,-0.049759909335906335,0.2162121178395012,0.03861842049977007,-0.8054297118660948,,0.08733743851416374,,,-0.004595316437899031,-0.004595316437899031,,,0.18252428967822804,,0.24081101605879965,-0.11560269371267455,-0.11560269371267455,0.1697231942665856,,,-0.4680271987748249,0.3555949144999199,,0.21370620459776948,0.21370620459776948,,-0.40474335714449033,-0.3347732142187571,,0.2242356966917762,,,,-0.23685373787732975,,-0.23106382828174463,,,,,,,,,,,,,,,,,,,,,,,,,,
2019-06-30,-0.677887138978298,0.10156221019428109,-0.2780850676761397,,-0.4282538786520147,,-0.5045436580104785,,-0.06489222648026126,,-0.007035102133556044,-0.2021324420687022,,0.18294768458558483,-0.30023312104277855,-0.07294162850029597,0.12283767064423248,,-0.2995189835965122,,0.14079910357722267,-0.01281193830767322,0.15301976417014979,-0.046224656891971604,,,-0.107829031400852,-0.1672444293114,0.06803319436431246,-0.2647864473605738,,-0.08365025860168403,0.1771370099708637,0.15841099836754335,0.1375117370698229,0.47859566503213485,,0.13467453723451872,-0.3473162266533267,-0.5804449240896793,,,,-0.22377079800150687,-0.24629133074870962,,,-0.0531457716770798,,0.006337044630044849,0.006337044630044849,,,,-0.37520328234405076,,,,0.21488100809385072,0.21488100809385072,0.19814292794461347,0.025709580727022598,,,,,0.3288898115753423,,-0.23787258143453546,,0.29883846430695676,,-0.13393685760996024,,0.15917589957234807,0.1593506499476866,-0.003990700632579991,,,0.11422956787928867,-0.6466457089647083,0.01491564967489085,,0.08963719638494282,-0.183305928065988,0.2580559279547109,-0.5207485057760572,,0.4619675423965601,0.05062728939294457,0.04250712217922338,-0.03300868055532488,-0.28046255436632467,,0.238253296487869,-0.009254644835100698,0.21903150410939934,0.07699160064715395,-0.8033766946913022,,0.03688562463058567,,,-0.010471126624093925,-0.010471126624093925,,,0.1617663974387554,,0.23998727741571754,-0.08860833190784227,-0.08860833190784227,0.18663437335846111,,,-0.5126523154540493,0.3435995629470115,,0.21014893730176842,0.21014893730176842,,-0.40677079537729516,-0.3499471470276418,,0.23843169107493623,,,,-0.2684042341754684,,-0.25692194264699203,,,,,,,,,,,,,,,,,,,,,,,,,,
2019-07-31,-0.6621723150929383,0.1375940399546063,-0.2594790131499956,,-0.3821814292630023,,-0.46293490947750743,,-0.024217765857674566,,0.007615056204115741,-0.24919309497302963,,0.10938915872003008,-0.31151643218494535,-0.054353721309830835,0.17961316880364062,,-0.311054831073266,,0.09323560029898285,-0.006097673041014468,0.1888738474854748,-0.009379457486083487,,,-0.21473216054284772,-0.13631483254574336,0.11066983934876788,-0.33957298057954605,,-0.11142473939702847,0.2060140656353246,0.14432113313746409,0.13294746240607874,0.42715434617652726,,0.09732968781841407,-0.3204368812958638,-0.6038370071792339,,,,-0.24472328689319658,-0.17233785158061365,,,-0.06728290935012962,,,,,,,-0.4068302780235609,,,,,,0.17398772569665827,-0.017263276190216937,,0.027563570452399707,,,0.14525480088043827,,-0.25349924043218997,,0.269371999491596,,-0.10344124199793905,,0.16868648962148078,0.1688272341151332,-0.03029245681653221,,,0.07534083139851162,-0.635423245390683,0.014292236710488453,,0.045078916872279114,-0.17777788747868384,0.25802219651438374,-0.5456393512418828,,0.4544854326694566,0.06956643010070157,0.06082865398042081,-0.050744140467290116,-0.25524534839182245,,0.2750833543733519,-0.08545959592120968,0.23925038573964907,0.06578765730681593,-0.8304645905181343,,0.09492352891521874,,,0.05868952076904325,0.05868952076904325,,,0.1891494769693666,,0.24601738571603585,-0.042126927525042004,-0.042126927525042004,0.19984830807478804,0.013041358640909655,,-0.5201797952277382,0.2908842429791925,0.44923761280106644,0.17079198643137564,0.17079198643137564,0.10552939109189932,-0.25836133008465895,-0.2113419712115993,,0.2684646544371601,,,,-0.292687780747193,,-0.2859474660759515,,,,,,,,,,,,,,,,,,,,,,,,,,
2019-08-31,-0.6946625455346238,0.14681996861386318,-0.32739835577018334,,-0.3932133890687596,,-0.41192038366249556,,-0.03314956133772821,,0.27014697770078827,-0.19142279585069544,,0.017077849601970903,-0.32235952663085543,-0.14889825162488027,0.05493158729133902,,-0.24415885117522992,,0.15528312805299896,-0.009107697759016101,0.23232459075474796,0.039178313022923995,,,-0.13330499016507744,-0.025505397207637538,0.04043555797991339,-0.3162403123335336,,-0.08535169562576989,0.15202549089842002,0.15441810699557593,0.07353482555946127,0.41339045168834604,,0.16035210377361098,-0.39022889140533645,-0.5534300916142013,,,,-0.21029449844383596,-0.2094554865276061,,,-0.10560008664374669,,,,,,,-0.3600456545500199,,,,,,0.17626084790617028,0.01565594400032043,,0.01968240908100182,,,0.21191245937238126,,,-0.3482730239653468,0.19710695983522267,-0.173722824859329,-0.044321725572371046,,0.1202186087356529,0.12031743850279808,-0.09159022681051238,,,0.09815034807281536,-0.5450552535905926,0.059860139303405634,,0.08980815741687656,-0.13089716636404766,0.5166411736944782,-0.5682304228183106,,,-0.05080862502130269,0.06002116207167323,-0.054738248306968246,,,0.14465130923357872,-0.08272787834013133,0.17389738355345052,0.0447320038838644,-0.8617329924448212,,0.12602219155745062,,,0.026340052657568398,0.026340052657568398,,,0.22201763541063418,,0.1851124261528386,-0.004782044686746157,-0.004782044686746157,0.18167638085210416,-0.04889114538283001,,-0.39271839717143164,0.3085508386931133,0.46253260932410506,0.11167799849565573,0.11167799849565573,0.20005755227357963,-0.3929541282696941,-0.2072273762471548,,0.2645667534723103,,0.19315293735376404,,-0.23049839521430426,,-0.21276004380811198,,,,,,,,,,,,,,,,,,,,,,,,,,
2019-09-30,-0.6864529474199909,0.07832050917128267,-0.2672469556764261,,-0.3751167198998423,,-0.3825414060766076,,-0.014657072597196046,,0.18422325135176001,-0.20882118028767166,,0.10593945346748553,-0.36003491329038206,-0.1931476019193654,0.07118052142839765,,-0.2878981042069344,,0.12942079353124994,-0.021393891012908194,0.2027293310429142,0.04355339458175395,,,-0.22654860086225348,-0.12633673442857218,0.1016543536838186,-0.3250576827057948,,-0.05905517265109957,0.11809471472793795,0.17889857020850683,0.046673648607411994,0.3943105764875249,,0.12021997449685175,-0.3882537562818542,-0.5858940131528739,,,,,-0.27538347499419236,,,-0.05443204113889116,,,,,,,-0.45856270642652897,,,,,,0.15660565618722652,-0.04131399456047582,,0.008939955276345177,,,0.15321220403950947,,-0.1695705103924698,,0.17576932538769605,-0.20486459149711903,-0.05507752802151905,,0.13292090746333313,0.13306951409016216,-0.05189493836801002,,,0.11062991586333798,-0.5696739829030789,0.046458565607143246,,0.1436640662191798,,0.2831038641959518,-0.5243984566781581,,0.6013041417187532,-0.003089854557200701,-0.002954481800601982,-0.028274531049690927,-0.24592990334426046,,0.17905535691638522,-0.08142652306015491,0.2186820766787247,0.12493663315141378,-0.7831793617320388,,0.128249291524877,,,0.005505202416979374,0.005505202416979374,,,0.11544607465535366,,0.17377537685122277,-0.01906632241334363,-0.01906632241334363,0.21623757914701985,-0.029154649432006706,,-0.45855241660699086,0.29471110345178814,0.44040593189351884,0.13371215962275684,0.13371215962275684,0.16610880127215874,-0.35193301979241587,-0.20603722540227837,,0.23806107139132995,,0.10421311463601309,,-0.25868138583713207,,-0.2086333859805424,,,,,,,,,,,,,,,,,,,,,,,,,,
2019-10-31,-0.5847885215053259,0.20638042220907052,-1.162090701077158,,-0.4349733400970115,,-0.5251237852349337,,0.04200666809923246,,0.1872654418205323,-0.1803646078464595,,0.09033055467832446,-0.3781943756383906,-0.14290433698221738,0.3001638472094105,,-0.2581440288698062,,0.11166842516527323,0.05648574672026972,0.05699595000717168,0.12071934207104565,,,-0.0220009330155543,-0.11053453939428508,0.18709776020756716,-0.3768853890668255,,-0.09828552060460005,0.06922058875375797,0.05304509725427625,0.07008390884005442,0.2621265143602636,,0.08428003975267026,-0.37351815381814624,-0.6786998233995358,,,,-0.07303303467286533,-0.21964168161461153,,,-0.3001852097792974,,,,,,,-0.4395053468208745,,,,,,0.22194237640622821,,,0.043293033357016654,,,0.44404221721850645,,0.10671911968911357,-0.39767592200728796,0.23313148588892155,-0.12414309366045918,-0.15500777510996228,,0.10283537824217617,0.10294943819899746,-0.13672696567356507,,,0.027901024370458133,-0.5549312178301771,-0.207437877738826,,0.16139644516690335,,0.3278350615884291,-0.4189851773515475,,0.41832613927795054,0.0640906295062988,0.15808476732299656,0.052277629603836404,-0.24484751604041788,-0.08267355242468799,0.24854155614139734,-0.28244418562909324,0.08534565212672945,0.2053301697984786,-0.852280130256043,,0.15711980118970775,,,-0.020748843902512856,-0.020748843902512856,,,0.26700202936942075,,0.1197526317912561,0.06176240681248624,0.06176240681248624,0.2627721182393775,,,-0.2705527098236253,0.18520205453496427,,0.025521652338405865,0.025521652338405865,0.31420915957640017,-0.3677406207241195,-0.3251597169595757,,0.09929649705828357,,0.1917918429815599,,-0.3046106147805248,,,1.166857354218839,,,,,,,,,,,,,,,,,,,,,,,,,
2019-11-30,-0.71889441168586,0.19309176168557785,-1.100491632788866,,-0.3920860524734809,,-0.5738081450059831,,-0.3384424633841962,,0.10590349226469688,-0.2166580031544757,,0.09664992027908718,-0.19465573550253662,-0.010933944025399999,0.3304616055209548,,-0.2575913385808955,,0.07547449686694163,-0.06515494488245888,0.09652901686367428,0.061471437902938075,,,-0.016858540958030837,-0.25747959932681946,0.18557616619123735,-0.3974350672238866,,-0.047367772027572905,0.08274102492243095,0.05978418891000284,0.08352763358104115,0.23392694835635058,,0.12231251451107267,-0.39503333903715804,-0.729717366943887,,,,,-0.036038519115101336,,,-0.16350577092846402,,,,,,0.405418594928957,-0.43397753799665173,,,,0.13172188942287677,0.13172188942287677,0.26146026429684266,,,-0.0703173347613868,,,0.4333409747461338,,-0.034327690096328634,,0.26099851678914404,-0.1969125307095192,-0.1729939383528916,,0.13542201007829663,0.13555782293611013,-0.03643586904042349,,,-0.0597636820887412,-0.48808216233246904,-0.046111570852001564,,0.21508680168244193,,0.11070534415445311,-0.4335974063438391,,0.062039464875677956,0.06613753641529092,0.20054260099962076,0.06528129406028844,,-0.039396912928502226,0.2560991872192368,-0.01691862727755673,0.07509850399252435,0.25013807334508453,-0.734888397402552,,0.35682513828796447,,,-0.05880642690940709,-0.05880642690940709,,,-0.021966212025943895,-0.022434616571433228,0.17526458156495422,0.010993537567788038,0.010993537567788038,0.2172752520373897,,,-0.28507402447522906,,,0.013159639869414735,0.013159639869414735,0.30591150287867025,-0.29448534069557014,-0.3715532758068183,,0.17105036541878174,,,,-0.26328616095319407,,-0.20477455886612525,1.0877647490273987,,,,,,,,,,,,,,,,,,,,,,,,,
2019-12-31,-0.7341980173989455,0.25672981393243316,-1.1469855510878768,,-0.380097737560389,,-0.5742227918360812,,-0.35409193375593184,,0.1659983943852131,-0.21039623550762654,,0.0034294256306462412,-0.20557974475064805,-0.04012690357920888,0.39276597614033854,,-0.20250463381570974,,0.09337259830726236,-0.01140643844548618,0.09470710963821097,0.07207535476928895,,,-0.04673612104605935,0.031082176474036043,0.12511373139908893,-0.4096792848146854,,-0.03964658341729965,0.12291619678975102,0.04608902421002906,0.03959605382820121,0.18238635608621911,,0.12218108064519977,-0.3742178180625872,-0.6807771543044064,,,,,,,,-0.23725928651555306,,,,,,0.4547791955062127,-0.45845505295660954,,,,,,0.25620827398829676,,,-0.00010390932540709123,,,0.32805989995111745,,-0.0036385565119534833,-0.3261920523701004,0.2575175336393666,-0.20915828430510933,-0.16927943638137363,,0.0904361314864905,0.09294670359208575,-0.09570225915792391,,,-0.10578103481949297,-0.5098317164233709,0.048420927939063156,,0.19087300958754622,,0.09863373371292435,-0.5255493973536347,,0.060459774439966724,0.03197494814660919,0.22472470940467493,0.05010625979088135,,0.04141977235901173,,-0.08252808943598795,0.09837922818700576,0.2580466662757791,-0.823376515599557,,0.36336813403742724,,,-0.008695863243591593,-0.008695863243591593,,,0.036271541663713734,-0.025654875371001657,0.1175794606978213,0.07926543939056248,0.07926543939056248,0.11978844573946312,,,-0.23890324713962416,0.1734518953621255,0.3718798586052368,-0.030127696992717088,-0.030127696992717088,0.3432190736924539,-0.4242348946431076,-0.28896541138681003,,0.22456471056094998,,0.22117545032534236,,-0.28201807754076597,,-0.2676834484500272,1.1000500448411021,,,,,,,,,,,,,,,,,,,,,,,,,
2020-01-31,-0.7777337328412445,0.1531338598124287,-0.3489556652501632,,-0.366763651463447,,-0.5515324181054131,,-0.4149854592051053,,0.22797558878860544,-0.16621942263947237,,0.03802226702859026,-0.25100945783816375,0.03252386022845748,0.09474343965142702,,-0.0266054360275599,,0.15894146582944635,-0.009400183849063033,0.09141866659460157,0.16408150469995972,,,-0.12587706842307678,-0.08772812978624518,0.07682300465215149,-0.4053638985991035,,-0.057703308155690886,0.15191967713976287,0.11121505581660908,0.0863725322930869,0.3564563216183331,,0.1811805616123583,-0.41422276525286944,-0.6276388107779618,,,,-0.13769471807977968,,,,-0.06254845626464775,,,,,,0.45032359538660444,-0.45744155970102945,,,,0.2096415214052749,0.2096415214052749,0.20467129629854305,,,0.08715686886764629,,,0.18906534259631846,,-0.23951553571588483,-0.33693438716186647,0.2884915578498225,-0.22792666465626052,-0.11713289486222078,,0.05960242423224919,0.06569999365668788,-0.09965412354096871,,,0.05769584328418158,-0.5425076342960177,-0.022911109843119996,,0.21359505462434722,,0.19801324932305212,-0.5102550555055237,,0.23061117717693946,-0.07624169559161789,0.05320416844353494,0.02221807745530702,,0.08112783544860089,,0.025088276719620103,0.12985632598407046,0.11132874919360045,-0.8305348780489452,,0.36540078766082723,,,-0.06440940559206111,-0.06440940559206111,,,0.08271456235904265,0.06746893947954437,0.12099688446723017,0.06557760903031144,0.06557760903031144,0.02841837450843202,,,,0.20684596635177385,0.4455932392781002,-0.04735021947976967,-0.04735021947976967,0.2392709670545425,-0.42435243821963603,-0.22380278819843544,,0.30205144522660093,,,,-0.2526025133847094,,-0.20167687781623306,,,,,,,,,,,,,,,,,,,,,,,,,,
2020-02-29,-0.7933481531208154,0.21133293218834448,-0.30624326783493183,,-0.2780791964902196,,-0.5019173329227778,,-0.45925958920235727,,0.17365101042803466,-0.21355477197506023,,0.07068763994115844,-0.26188774965096295,0.03866110240121179,0.12442277502286961,,-0.06578564901877865,,0.1402523569251973,-0.12943516715990946,0.14069100789741795,0.2235614019511657,,,-0.172986881634841,-0.19630951666661695,0.1465732970785721,-0.4583986683755484,,-0.057501647749477434,0.13159489060800983,0.09993748563982661,0.09766402819065949,0.3832024186623015,,0.14049512669411332,-0.41812930656273045,-0.6244066818808504,,,,-0.16741335995012527,,,,-0.10945803581966562,,,,,,0.4694082830174048,-0.42776168586212937,,,,,,0.17022428135633272,,,0.03473582094410647,,,0.16768471348007857,,-0.25936459720882155,-0.3151976939797879,0.29582570588845974,,-0.021863442777793358,,0.07925466198809619,0.08580697265798523,-0.05255289922601202,,,0.06631027885531715,-0.5206105667768304,-0.047615210265370876,,0.05000492241707514,,0.36412068277682347,-0.4394388145892871,,0.2197135841213462,-0.09676168403481172,-0.12938889752134194,-0.004218148544952194,,0.10139598273684342,0.11286657386484694,-0.019370029563102603,0.1447818093986776,0.18576845827421615,-0.8260750879858388,,0.3604996569926446,,,0.004035438051331957,0.004035438051331957,,,0.09832705105939253,0.05807681443832544,0.15464776602089264,0.1059695890558188,0.1059695890558188,0.016459785597937114,0.00788623624754705,,,0.2532786091968215,0.42259439856285835,-0.0665628582216004,-0.0665628582216004,0.18598965424762817,-0.5526789408243241,-0.20363331671294932,,0.3577815139321191,,0.22380961726002502,,-0.2577046218093308,,-0.17998908508131148,,,,,,,,,,,,,,,,,,,,,,,,,,
2020-03-31,-0.7601416560279532,0.19314694936856303,-0.3711194991143523,,-0.3494121773312457,,-0.5539782175149313,,-0.5040290983172666,,0.24340248602008835,-0.19704639477211125,,0.0649863718015266,-0.23867665721026915,0.058129745430964073,0.1251168211276584,,-0.02292933555685315,,0.15211300334039435,-0.15337121048024935,0.12271133779496386,0.15926526503545652,-0.10309701942737755,,-0.11739843444890252,-0.13579092298923093,0.0844296838940979,-0.41836717513492716,,-0.052319876338181026,0.10257536940540143,0.10909557959212815,0.00898492695044787,0.3873060532989622,,0.1949946375755143,-0.4384514876862836,-0.6417592861206916,,,,-0.140813255684191,,,,-0.1204425887218857,,,,,,0.4716071048037167,-0.4030034090004245,,,,0.21738199658902904,0.21738199658902904,0.28942710630283736,0.0924278687174222,,0.06017776460465649,,,0.16132839018257833,,-0.2723993867624324,-0.3288008865880977,0.3536910998423503,,-0.07516379777934952,,0.04781813568175775,0.055782137652372984,-0.031475361654012324,,,0.05873793277483765,-0.5778912161472262,-0.0546026893200316,,0.09518461546197103,,0.32089322294490596,-0.44790295024670645,,0.19400690104950316,-0.07422307020815486,-0.0443214951251713,0.03859173516851589,,0.03210541140173966,,0.02600020462131526,0.1686378389000843,0.21299147974798488,-0.8351104842707952,,0.33715102686972026,,,-0.06678714708702445,-0.06678714708702445,,,0.0948211926493868,0.09471441515166064,0.1338800366923586,,,0.08869837639262941,,,-0.2253078126436993,0.26324463765979356,0.3890966179098527,,,0.21611873674082324,-0.5323690941674079,-0.29859074084870457,,0.3323124615841885,0.029888044299915116,0.15102532738446067,,-0.2314481281532472,,-0.19977230099318521,,,,,,,,,,,,,,,,,,,,,,,,,,
2020-04-30,-0.7736886034485085,0.14859671597349916,-0.32716334538148495,,-0.3394442763774851,,-0.5548002031585788,,-0.47576385507803026,,0.2186365931150377,-0.21841402445517255,,0.05933752559420468,-0.2937848431182559,0.0029223610711023554,0.079159159830993,,-0.07053243890927856,,0.12225306769975576,-0.1562895652287096,0.14899919712154366,0.20656127697126359,,,-0.16276160831250888,-0.13726188432327877,0.11719709927207925,-0.3647516764614447,,-0.07880727940676881,0.11345314483144792,0.17421385861176952,0.027617431046828515,0.40388612196278445,,0.1891728731197931,-0.3964644403223711,-0.64370895961769,,,,,,,,-0.07297644007354201,,,,,,0.4225740870559852,-0.41776749242908406,,,,0.22193912875531782,0.22193912875531782,0.34515792197401846,0.05507793156932058,,-0.026693788123626327,,,0.12866900509157198,,-0.16034822366024842,,0.3112594249903347,,-0.1192647404517449,,0.0991391087357606,0.11720119308206858,0.022492151163992235,,,0.0742817203679925,-0.5569847102041436,0.06107219224150379,,0.1019757813359925,,0.20787047816624568,-0.3802895979075584,,0.1301676842340174,-0.014920684495941751,-0.14022222716912086,0.0543700098553966,,-0.05142835568057439,,-0.04553062949328856,0.22633089399898065,0.15501628893808383,-0.7921894768580209,,0.362967810180171,,,-0.0733707936341324,-0.0733707936341324,,,-0.015115464155372516,0.04356463989936672,0.16825795621169803,0.053553188153796144,0.053553188153796144,0.101286991066202,,,-0.36961392529248904,0.18702103681068502,0.35492405379496716,0.06223550474592335,0.06223550474592335,0.21407566478144516,-0.44837617154016624,-0.35291693609583097,,0.22845594012099985,,0.026475161005653898,,-0.23158350587925663,,-0.15536628204105524,,,,,,,,,,,,,,,,,,,,,,,,,,
2020-05-31,-0.8722718661380618,0.24938522716395517,-0.3132780702973655,,-0.31415434842455325,,-0.5219040695024058,,-0.4535785059853392,,0.15610976181522646,-0.24453383413757332,,0.11644282584816862,-0.2359021483736624,0.0015758485199914912,-0.2720128013530757,,0.03722714674652113,,0.0693579317935486,-0.04709327664588267,0.11870628081562552,0.1266024838509774,-0.13815417252178294,,-0.11712744820430691,-0.27059358079886076,0.10146750523864004,-0.4468837686922657,,-0.04667368121968441,0.08966401719763671,0.10155905171749612,0.0913999384092655,0.22948014200497482,,0.2510005476495194,-0.43212350034843516,-0.544039837423722,,,,-0.092590569851095,0.23685894525779422,,,-0.12282172431924818,,,,,,0.5203765284106762,-0.38974551091107984,,,,,,0.2972875023041613,0.062352540883978805,,,,,0.4557425893613081,,0.04907898157121064,-0.3745969727681528,0.23573807216213757,-0.20148564114937298,-0.12647582707078855,,0.19276524187535082,0.2128689452749872,-0.2368489154849981,,,0.22593913978060798,-0.508871098533946,-0.12634813096464861,,0.1657264129434165,-0.018142103120621565,0.20561445132228023,-0.39874324598580246,,0.09535818923338411,-0.11099581482750663,-0.1272299957498081,,0.04206004999173689,-0.017332299630627792,0.09682698348583521,-0.0489593808160606,,0.26907902889610197,-0.7905665778059011,,0.41969460265971564,,,,,0.6709033434701023,,0.05975292544372435,,,0.007335824401910093,0.007335824401910093,0.03593361488133085,,,-0.25346097206759477,,,0.02399112404002682,0.02399112404002682,0.23129222309945804,-0.4682150996429244,,,0.38143322294943516,,0.16318170230774287,,-0.2764494344287548,,-0.12353023793857533,,-0.13537629928382555,0.005178479690185183,0.115942165083076,,,,,,,,,,,,,,,,,,,,,,
2020-06-30,-0.7413454110312455,0.33268766811073525,-1.097240907413557,,-0.2840462002321446,,-0.5948840103105484,,-0.39285832471174414,,0.018940302473364066,-0.15026133999007343,,0.16817572360445104,-0.17145970053029894,-0.00013247142152584217,-0.06096485873884455,,-0.240303137545505,,0.0662632857414556,,0.06831272934889106,0.08230082424384244,,,-0.07803086997714165,-0.13094124278585909,0.363317875391199,-0.3907866260059937,,,0.07320722438047027,-0.05917329640462227,0.23686501154525696,0.139404017006311,,,-0.45976156804426793,-0.661771789086592,,,,0.06385381659568293,-0.03145434567804137,,0.17968420124056014,-0.31120858745858637,,,,,,0.3774051297350938,-0.4204604138313631,,,,,,0.2563934830070582,-0.040235574859150386,,,,,0.2541677995963216,,,,0.17885585902079115,-0.027346204557223083,-0.056725406219169223,,0.14857048943983037,0.16177357577706472,-0.020471745756669803,,,0.0017039957172052273,-0.44560291091332627,,,0.1317311650371237,0.01604168275380184,0.07296714979006151,,,-0.006666667358757788,-0.003919289297413657,-0.2425735016708356,0.03132794049358792,,-0.13849220170770166,0.16382887749019434,-0.09236972061772776,,0.3064128261210098,-0.6068389730782923,,0.3159172679127398,,,,,0.5504583748538412,,-0.08301860763514371,-0.005539575736724567,0.12878461399073465,0.09068404804957708,0.09068404804957708,,0.07954203726441336,,-0.09207394867191757,0.07991111744306599,,-0.0701875616306999,-0.0701875616306999,0.1798208242289923,-0.44943571976776164,-0.3605279259975859,,0.13861675395971843,0.06813004433040735,-0.002583269094798759,0.31374279439479236,-0.28073941407707603,,,1.2042706548286004,-0.20497355613331855,-0.025719241664091706,,0.0898853213838355,0.2086772756468334,,,,,,,,,,,,,,,,,,,,
2020-07-31,-0.7565321599727647,0.33865868071832517,-1.0723227327752494,,-0.286495394802922,,-0.5991907609830845,,-0.3879994701594966,,0.07927955842036218,-0.12393351614746177,,0.12121617448874573,-0.15280796751467493,0.0458056311928937,-0.06144379153228173,,-0.24153193916826446,,0.06239256010057753,,0.1329459687036053,0.08546392907153227,,,-0.13323760713237764,0.03783879029528515,0.27395206796549953,-0.3705975763504366,,,0.10577804828070508,-0.07052661897558384,,0.09965100689334148,,,-0.47313894797238554,-0.6107225512759442,,,,0.1697919118071417,-0.021037593100303124,,0.2219491425295788,-0.3153578298065123,,,,,,0.36124292705619115,-0.43706088059218373,,,,,,0.2633027094671955,-0.008583589766354066,,,,,0.13197742009391902,,,,0.16415792961487596,,-0.051130822682140725,,0.14784243434290362,0.15951577551553436,-0.037317521255875466,,,-0.02664043074564757,-0.43438737509789194,,,0.09723717491507544,0.006561706054647237,0.04845086107593792,,,-0.03760179086826261,0.0038191588399286137,-0.301092136803907,0.018863858390025457,,-0.13821279211992296,,,,0.3252407868180753,-0.6324841152605487,,0.35488340913555727,,,-0.016620581993264136,-0.016620581993264136,0.5834601635792965,,,-0.02888986325162629,0.14592653863233726,0.06308865167997077,0.06308865167997077,,0.07144198258541248,,-0.18044727173126204,0.02841044402224415,0.1669867317649007,-0.06268962846700592,-0.06268962846700592,0.1392695829664033,-0.4383704866379051,-0.3322601389080365,,0.14773753798702585,0.05487793299004618,0.009443801379606829,0.30206277714535684,-0.29692235977524656,,,1.206274129135245,-0.1295656226568504,-0.012500767152564414,0.031725118436259414,0.15984289854723582,0.213291609053191,-0.22803701365024445,,,,,,,,,,,,,,,,,,,
2020-08-31,-0.6963588511178616,0.3248502027373343,-1.1047396234297453,,-0.2862179590159778,,-0.6343791321699814,,-0.10857753569346201,,-0.05712905956651963,0.02600747515837215,,0.18179982816491955,-0.16559365334361492,0.012140160837447077,-0.11242882936349514,,-0.3167949101229975,,0.05959564001755693,0.1712924579987487,0.12416498376864041,0.04795156801092338,,,-0.1371299936956994,0.1338082411282301,0.2475600217898375,-0.3491096045663864,,-0.015073521769760448,,-0.07727475714326308,,0.1065978148312283,,,-0.4220097882899131,-0.5714971566269025,,,,0.1320678455359489,-0.053828786075707735,,0.20726113338457522,-0.3241340830451554,,,,,,,-0.3382976680906517,,,,,,0.26287526795483745,0.007582476828086106,,,,,0.25653856402011194,,,,0.24039405543489714,,-0.17204345281003974,,0.17448242699692398,0.19492623678603138,-0.03685000054452289,,,0.030101995697440327,-0.4024611565231976,,,0.05163318395548555,9.72696850413254e-05,-0.006451069659499594,,,-0.052997849411144854,0.030090709845200635,-0.20876006351666562,0.018622075352455913,,-0.15481585854035693,,,,0.20076662975637513,-0.6796618702853651,,0.33567273472144504,,,,,0.5827998445199071,,,0.0003525290557110492,0.14416322018518293,0.08691354751425882,0.08691354751425882,,0.07114012077077002,,-0.13607848824434268,0.10592155269923441,,-0.018888256938937913,-0.018888256938937913,0.10305187189250216,-0.5127526773202196,-0.3451515016665712,,0.12971248669381344,0.008419776787167592,0.05407002840439516,0.23751657565084855,-0.2798716906838687,,-0.13425060029679045,1.2821931571443863,-0.2655833074075657,-0.008766715158070745,0.07898705848664449,0.2255661689725478,0.16458843742011237,-0.14187281167796228,0.19633144567798888,0.10246501848556656,,,,,,,,,,,,,,,,,
2020-09-30,-0.707197579216308,0.3645093904971466,-1.0909803690258129,,-0.2943997560235075,,-0.6286680852551689,,-0.4068776411757236,,-0.014115884565414624,0.0072945966360205,,0.14710706126261663,-0.18688150524866404,-0.002140877106798055,-0.09917046988490834,,-0.23666667989758872,,0.060259869453894166,0.11959347221549683,0.06361388236423443,0.04569590952805016,,,-0.1267353798988631,0.09611958475085514,0.2670517925259532,-0.34999211914359024,,0.00962187339804661,,-0.04921667736445012,0.140887863341806,0.10493471705604772,,,-0.4709782726486278,-0.6533935975371896,,,,0.1074938540976258,-0.05480532642162259,,0.20888042290927647,-0.3252697819973577,,,,,,0.3480559555812368,-0.3812172265400732,,,,,,0.2565904664355013,0.006138648782973382,,,,,0.2681404583791886,,,,0.19454544575986762,,-0.15110386462857442,,0.15010251613753453,0.17113763746053873,-0.08456429282968936,,,0.021982727339903533,-0.36895375292416666,,,0.06769736094285293,-0.009191275928415106,0.010596197955381728,,,-0.06425126323325853,0.011529507192997597,-0.18187084222222835,0.02350922650101858,,-0.1209390579005819,,,,0.2555964479099873,-0.6731421074828298,,0.3640591983499946,,,-0.02788429736966047,-0.02788429736966047,0.5855854105001661,,,-0.004800092417683465,0.16012346123819704,0.038354547491464976,0.038354547491464976,,0.06019862272855219,,-0.12537798482588675,0.03100868574534311,,-0.03472188560588223,-0.03472188560588223,0.15687922293959916,-0.5298017466114898,-0.32213845011963993,,0.13897458489980274,0.06857940874522436,0.055705525180661714,0.3087456218019733,-0.2759467240163367,,,1.2458443362090312,-0.2349432352448744,0.003645064154850926,0.10796427206007479,0.16406608144092596,0.18022567844871215,,,,,,,,,,,,,,,,,,,,
2020-10-31,-0.7636985547060252,0.3575504294682068,-1.060330511755112,,-0.2988052102998649,,-0.6088560994450325,,-0.4143351049961337,,-0.04033403036171423,0.006140803425159366,,0.18147598758096353,-0.2005529780552172,-0.0167889615978938,-0.09883595937935545,,-0.32722116617742614,,0.05609523735760767,0.146546918078406,0.05183265363117713,0.04385847634739758,,,-0.11262873726704024,0.15916481480510847,0.276137329730154,-0.3369484652290789,,-0.05374604893862884,0.11242365647088746,-0.03449800647314666,0.173371857719474,0.10125642566840444,,,-0.4622161420310209,-0.6335789284107183,,,,0.10877140289055458,-0.05563151338884305,,0.1950735461176263,-0.3250988625746991,,,,,,0.38244755968315525,-0.363255031461279,,,,,,0.26586383852842627,-0.0024537076152555946,,,,,0.3675365037744172,,,,0.12102298870324732,,-0.1991919612953092,,0.1291564121791753,0.14625859040148342,-0.027174464565573313,,,0.06232869550984823,-0.42283785946813235,,,0.10705538142567719,-0.0020279762058508124,-0.017842840945393422,,,-0.09254996131337126,0.030202742004024286,-0.16537688641547982,0.0020518171364269757,,-0.12099860547990546,,-0.09005037515607198,,0.3213031237170417,-0.7167780749479331,,0.3986545278701004,,,-0.03503578623869446,-0.03503578623869446,0.6013767899096023,,,-0.03725292394472224,0.06666302566196727,-0.05828967369485136,-0.05828967369485136,,,,-0.058480597003495345,0.09791027543116626,,-0.018927662338009302,-0.018927662338009302,0.1908550830132682,-0.43869830313239594,,,0.13527965731035146,0.010975971904918534,0.047578544443138616,0.27056449669091054,-0.2623997785087492,,,1.2343107698532614,-0.19789008211907855,0.05109564096881806,0.12161917343138136,0.12538614500242476,0.14046578921783168,,,,,,,,,,,,,,,,,,,,
2020-11-30,-0.7504628978215692,0.3448106874767045,-1.028866751711799,,-0.30540698548117434,,-0.6121610589768112,,-0.4374180644361456,,-0.017801049072968853,0.022990061589888446,,0.1592578672744122,-0.21750284287479407,0.023640499164459487,-0.08168452502414353,,-0.28605817605307216,,0.04176102307837532,0.1593357201587053,0.06994708367009389,0.022535850128202556,,,-0.16346232642410055,0.14859309020997552,0.23901061348280886,-0.32093193038223455,,0.016130688314480373,0.14805581520412048,-0.012817010044653675,0.18250810004369344,0.06780170712851297,,,-0.35582894491314887,-0.6207025094800538,,,,0.04940594416285649,-0.09843314302461115,,0.17456628534555393,-0.29514860441413154,,,,,,0.39672139243684934,-0.3747499037475345,,,,,,0.28869893337266805,0.03462486453628403,,,,,0.23675344768460468,,,,0.08320612572661518,,-0.2214069614282525,,0.10940704147930451,0.12590967027286096,-0.08228297450181689,,,0.041594390399313556,-0.4465150926288494,,,0.07132387146756924,0.0007322806931196893,-0.08944387070016849,,,0.0524284129417693,0.044648845494881746,-0.2573251203021393,0.0039752478381507046,,-0.09136096636786442,,-0.24056393746990132,,0.28469728571666636,-0.716775366323668,,0.4140297841252153,,,,,0.6108703502931797,,,-0.045573121868822314,0.08632278673463994,-0.05345884156576824,-0.05345884156576824,,0.12355765776173958,,-0.0851644943243044,0.036809631228350605,0.35786623645755744,-0.010183528243020042,-0.010183528243020042,0.14331743968909275,-0.4932390147807214,,,0.17216121633890016,0.022041864482926,0.023482641022060425,0.25456339340468903,-0.25270927724136527,,,1.20060007801434,-0.20051699024563235,-0.10400469079813053,0.16402139746168076,0.11163275915398732,0.1221447782600787,,,,,,,,,,,,,,,,,,,,
2020-12-31,-0.7255180167205526,0.3218921083312583,-0.9674192678865011,,-0.2682159563430344,,-0.5582123222770673,,-0.5917257057010761,,0.13363819618637376,0.004887108861046302,,0.17348921130674053,-0.17728374257428287,-0.05599621265904893,-0.08768459886690155,,-0.33277118514655046,,0.10052308137289197,0.07864587485452607,0.016707426383257624,-0.1916306390231289,,,-0.13982549307151496,0.07680897675201816,0.3812705560364375,-0.31887804269964465,,,0.07029255603844892,0.007642649136393061,0.22374625517443542,0.07434700119451948,,,-0.466917962355889,-0.6675520553980756,,,,0.0016521138292332916,-0.04358606421658458,,0.10966110164653581,-0.2973535124653723,,,,,,0.44179100887114175,-0.3426465393844976,,,,,,0.32793912596374625,0.09097507997138259,,,,,0.2313966511977818,,,,0.15681987095528907,,-0.2525435876492127,,0.09386300308335925,0.12687043242689244,0.10213626801839783,,,-0.055986317716700276,-0.3774962582419421,,,0.030258142144748056,-0.06960014774087624,0.3647565410416475,,,,0.03662149216843861,-0.07704349423277239,0.006443959422015578,,-0.1834157069364946,,-0.2608543649220136,,0.3030443558864099,-0.8001194390527668,,0.43481054282838916,,,,,0.5783632091744293,,,-0.02453216251064317,0.1352565548795302,-0.012800151061401453,-0.012800151061401453,,0.036256587864518165,,-0.3455894767709894,0.029702454015894598,0.28513637140899567,-0.0172524701027405,-0.0172524701027405,0.009411931883422741,-0.5804082048699621,-0.21622567217645955,,0.25293538598624155,0.047083923783055134,0.0868907381328798,0.16028412082105672,,,,1.0644596781250057,-0.1715373650947351,-0.1634737047286418,0.01332212646624407,0.24190527302217865,0.04199031837346538,,,-0.017211482467194304,0.13141580884488877,,,,,,,,,,,,,,,,
2021-01-31,-0.707600919108379,0.33758387769608733,-1.004089662517274,,-0.37052513191865205,,-0.4585501499197414,,-0.5595535047487508,,0.11418237773607733,-0.07463730051420035,,0.10690961105880858,-0.2263376033530296,0.020297912918181924,-0.04859104380377663,,-0.35768600491937946,,0.04481819333297384,-0.1227942692518078,0.034959114696550386,-0.03398895621535055,,,-0.08366493403017818,0.07866083559312807,0.2516748418334201,-0.3332459400001499,,,0.1195126739353904,-0.01996549480945406,0.152870066827953,0.104010758592563,,,-0.40161960106966044,-0.6416103500546801,,,,0.05162358331709737,0.0671639277850651,,0.1211071554241232,-0.27147171525401254,,,,,,0.43080528772940013,-0.33846359024090045,,,,,,0.3535991833680033,-0.013528299300931922,,,,,0.3359256792203023,,,,0.07126769577073713,,-0.2360754758728876,,0.12267317904711467,0.1458838565813896,0.06680267267549087,,,0.01764005234447516,-0.3983179299889467,,,-0.05727358168800782,-0.0928346673527841,-0.020532293432904143,,,0.16137560791863134,0.056912605383960715,-0.30200122851786515,-0.00123755377329829,0.5611591766570034,-0.18633508921620212,,-0.2582431247648279,,0.2552207993201068,-0.8053619779455979,,0.3464328331021125,,,,,0.5928360980394491,,,0.08443530148022299,0.10543906364468338,0.005296137979644722,0.005296137979644722,,,,-0.26129377860577613,-0.055270062968629706,0.34947224818476197,0.06108279944171359,0.06108279944171359,0.20852287879046957,-0.43626184077849384,-0.013198229402199599,,0.19949102503183166,0.08032822674449815,0.0869779445733191,0.35453287355829277,,,,1.086291425528722,-0.19450879750193897,-0.15671649012415312,0.014787325599396222,,0.06752830311476435,,,0.010507664146476789,,-0.660185544904299,,,,,,,,,,,,,,,
2021-02-28,-0.7174134892367953,0.3257364532079067,-0.9905828083007204,,-0.34798407860605973,,-0.46405465840945187,,-0.5533399420134847,,0.11094713859327066,-0.05215856325229319,,0.10119565240453111,-0.2090722979840209,0.03733374460247993,-0.046843629577844895,,-0.38097089074241386,,0.05806710090051547,-0.14531189299987687,0.07517180855470237,-0.0014422825924421435,,,-0.06547833561200649,0.050369447125604726,0.2036432458898801,-0.3437499366771236,,,0.10196227755356962,-0.027545294382035616,,0.11167837640912032,,,-0.44137324777616266,-0.6642120772756654,,,,0.10607638078607838,0.09632589945396008,,0.11762993260062637,-0.2659480504080993,,,,,,0.40532672158915745,-0.3296348989371993,,,,,,0.3065106164366637,-0.006626873678967673,,,,,0.3384230462909171,,,,0.07584435055356085,,-0.17716354038483725,,0.128668915590374,0.13083610660336242,0.050511822006394126,,,-0.02371043450895731,-0.4034194636064389,,,-0.07433195671227409,-0.07750801497152053,-0.03086682864830927,,,0.1836528704989257,0.038041417147684414,-0.42360414826351644,0.006879849227858079,0.5586018183244335,-0.18003045276070417,,,,0.2578128977924135,-0.7982800944201915,,0.34957229473519347,,,,,0.622002056055009,,,0.09373835794945079,0.09131754447309884,-0.012684992634668074,-0.012684992634668074,,-0.03306720621746516,,-0.23697608620843225,-0.06540278481472872,0.3017984594727384,0.06872525900605506,0.06872525900605506,0.20004788741513826,-0.46006367586435243,-0.008902261842519429,,0.24126589794660977,0.06218997254854637,0.06086592333851317,0.392183593900845,,,,1.1087737074318182,-0.1825389472947246,-0.1342247549831638,0.023778305838765782,0.13200741986361625,0.021869902142279643,,,0.01690803031266455,,-0.6730647911918678,,,,,,,,,,,,,,,
2021-03-31,-0.7373688546758231,0.3704756120404365,-0.9669687634091992,,-0.36055450271852274,,-0.5098759068597419,,-0.5417403589483849,,0.04352328083926507,-0.08136376086027987,,0.15701207170393083,-0.16308099845910798,0.10590870453786413,-0.029405367333599386,,-0.19645427717866948,,0.02392817577708119,0.24148893670260818,0.13281459509149193,-0.1582616506494667,,,-0.07860799036534594,0.11399828503541257,0.2693510013518321,-0.41382834108956235,,,0.17838048996866335,0.14806898278250974,,0.07063683436412065,,,-0.4862587840630722,-0.6180351669893503,,,,,0.02508134910681187,,0.022688544120398176,-0.14646731793777912,,,,,,0.37693657374371553,-0.28973578311204407,,,,,,0.23075458418206976,0.05390115610950834,,-0.2575798595103942,,,0.2833337928505436,,,-0.28748305900024174,0.09332081626646263,,-0.19360952375241244,,0.18889463036831908,0.19918904634163892,0.012404188082054343,,,0.0015014072822023704,-0.42920486310057054,,,-0.04002646869212761,-0.08879053735246933,0.050022159792830714,0.21802278628988403,,0.40333596309098385,0.06581588884798917,-0.5443975995084391,0.015368227397852588,,-0.22811431773881177,,,,,-0.7654611900828912,,0.3098905780733052,,,,,0.6514776422496505,,,0.10905102968572597,0.05586995836241456,0.003876931337005555,0.003876931337005555,,,,-0.34264594083391725,-0.07911199909684132,0.2643418944514464,0.1157822916909384,0.1157822916909384,0.17505331622753476,-0.5543180339513507,-0.06810689094973069,,0.3771894196791101,0.05680015766428252,0.0005784689970692763,0.4894336573805721,-0.2571376776253721,,,1.0874844456799886,-0.023000932220927455,,0.007800474491751966,0.12091872577486695,0.059576848410846046,,,-0.1180143089080763,,-0.744878297081299,0.07039484840871889,,,,,,,,,,,,,,
2021-04-30,-0.6518588806735386,0.34134216982339977,-1.0249927318816086,,-0.38465728470220034,,-0.5352911055048623,,-0.5756661131283871,,0.07946996603339913,-0.10594393929354218,,0.20592375723162543,-0.2026122359758679,0.14286073135059277,-0.07212353888030695,,-0.36951913414424925,,-0.014547925699014625,0.12388053974191143,0.0590942656530338,-0.2018341578745714,,,-0.04498709399310356,0.06663285129004623,0.43078150857967873,-0.3603527274329183,,,0.15600066792533643,0.06579089007953993,,0.1675922095476652,,,-0.48094377044565934,-0.5886135018451223,,,,,0.0008652947162539505,,-0.06718122077679442,-0.2543439839889321,,,,,,0.44732766050484396,-0.3863408488637834,,,,,,0.3520868055262174,0.059066938758135096,,,,,0.3358610715987147,,,,0.09578597162572572,,-0.22406345473313471,,0.13200521562983417,0.13196057737331815,0.048110107433952685,,,-0.0315790508835777,-0.34247206277280795,,,-0.027466548457500187,-0.13631392528615033,0.12473911598530518,0.036703533314662334,,0.39434554064333555,0.03177499222276778,-0.34152614128490616,0.03245632716153705,,-0.19155889304986368,0.009138985404871805,-0.20538350196325555,,0.34300696862127056,-0.832042853443164,,0.35071857923139477,,,,,0.6173905122933985,,,0.061859453173167635,0.0896885504448981,-0.06579109203252008,-0.06579109203252008,,-0.09107663424369619,,-0.28247280151644144,-0.06837795928111554,0.27422166283432603,0.13817679140699993,0.13817679140699993,0.315844023381825,-0.49364639832786295,0.04246277342123472,,0.19217407930915847,0.025484905206597925,0.06516664807951612,,-0.19601662236352382,,,1.1485582142075477,-0.1495553772655602,,-0.02694634050266514,-0.059665323512363984,0.03648315313526864,,,-0.09136448342596228,,-0.6477481765696063,,,,,,,,,,,,,,,
2021-05-31,-0.7113351680235158,0.372288341845288,-1.047001220992795,,-0.38535135876936444,,-0.5115509623968069,,-0.4997868372580259,,0.05377103241896796,-0.1283369652723872,,0.21169952377446233,-0.18684813824923546,0.12098060580029271,-0.04224945340966597,,-0.11555966318068778,,0.007983944253027422,0.31911074172537124,0.09778586843032942,-0.24299195539192753,,,0.0007045018131767757,0.06125534449999742,0.34546706472056327,-0.3837628838801342,,,0.13616325587292882,0.057746305801524504,,0.16945017331957118,,,-0.4688780093870791,-0.5687590635544482,,,,,-0.05583425158725401,,-0.048384382305595296,-0.1387940918615912,,,,,,0.42738438293112063,-0.39446544939114725,,,,,,0.31357871050326364,0.04291573781307942,,,,,0.47739913690016045,,,-0.3391852031061505,0.10065450681317797,,-0.17995124649246455,,0.125313663795778,0.12763760096738,0.05912442274968216,,,-0.0015691396912027164,-0.3539168935577827,,,-0.02492248434313557,,0.06945263861151983,0.1658482323143219,,0.3963006212755376,0.014245299889066516,-0.48188389298378714,0.038592326757725545,,-0.21147929387433526,0.010028635456851159,-0.25522627563426775,,,-0.8261473788065693,,0.30782743808852636,,,,,0.5516819194178743,,,0.14439276714735566,0.06360246873958261,0.009160607994245739,0.009160607994245739,,-0.1002499694879209,,-0.3438624710860394,-0.009914727527081184,,0.13194921208406615,0.13194921208406615,0.31025100841797804,-0.4831495532512902,-0.025997160558173613,,0.32504709506662066,0.03232892929601274,0.017689870377370454,,-0.2050835134587311,,,1.107579303713934,-0.022933289924699785,0.048494919317744,-0.053235841844389856,-0.06410258147339029,0.058457614125303294,,,-0.16940351370554083,,-0.6531501233320058,0.06082083375240607,,,,,,,,,,,,,,
2021-06-30,-0.6419702215691394,0.3371482095519066,-1.0183772103063937,,-0.3889894680570459,,-0.5198275170052173,,-0.6169082873283344,,0.06870804596750928,-0.13740901677788206,,0.24350244958089723,-0.21383896640536887,0.11735795052491964,-0.04125950438197599,,-0.16777401309151152,,-0.044127373253242036,0.17653907518188044,0.037450467974392436,-0.1917119413785857,,,0.009165589275703878,-0.11104792266519868,0.2962583675875852,-0.4111192976412619,,,,0.02767154780579765,,0.14061277021611143,0.06563656837960108,,-0.44050299370354457,-0.5468697149644507,,,,,0.03265029402805355,,-0.0020251737413245876,-0.23572821587525028,,,,,,0.548910319758991,-0.45551413334204927,,,,,,0.35112214122168917,0.03703093947678998,,,,,0.4442704482778729,,,-0.42033463465645776,0.13665845037590899,,-0.19756974884038092,,0.1115107767379141,0.11345370492536486,0.04467514593675497,,,0.06852106885329115,-0.363370643376909,,,0.06159462329921713,,-0.0019208120219381538,0.08561053901363537,,0.42837448328411415,-0.003676918647664649,-0.4564925182280975,0.04319740701351927,,-0.1291777721839014,-0.06165865776911744,-0.27873575940961165,,0.4899744655087093,-0.8109386303754224,,0.2935574809708009,,,,,0.5802507872830398,,,0.11645128935481701,0.09688822053163886,-0.044945778622245594,-0.044945778622245594,,-0.10907425424195787,,-0.3329192649050703,-0.01565383259422564,,0.09245013694497323,0.09245013694497323,0.31982283278062007,-0.5450914565342675,0.009522580024338255,,0.232970698996816,0.02439923755256936,0.036867312044155186,,-0.22541394445262575,,,1.0627634972045765,-0.08142640311239878,0.002811249233554317,0.00977005425565243,,0.060067834242218364,,,-0.03420854746841804,,-0.646660478677809,,-0.4150472532661146,,,,,,,,,,,,,
2021-07-31,-0.6937782351603845,0.36695539884413464,-1.0709892016210587,,-0.39681535021309733,,-0.5533747576759892,,-0.5789590167084636,,0.07111702617195147,-0.2177762155677515,,0.21208069377364203,-0.15848619798676286,0.1270109969567186,0.003424943076815813,,-0.10410938424977617,,-0.011973046111319524,,0.05660357588696075,-0.19453909309915832,,,-0.009036192009133857,0.04057906959021961,0.4082497209351149,-0.37969425944257096,,,0.1709301759609852,0.051692168021431416,,0.13536520574901478,,,-0.4645792677820428,-0.5201605647136838,,,,,0.03739496703483655,,-0.04262362223010936,-0.22051824492958538,,,,,,0.5157916347228566,-0.41211413861626184,,,,,,0.3644506721330568,0.15679046272218194,,,,,0.353135168663878,,,-0.3041394946004724,0.11897308761887551,,-0.1967896949399656,,0.11653025671918786,0.1145923019389233,0.0661440560749847,,,-0.031384546478692266,-0.37417683257551987,,,0.015403831118167418,-0.13228602026733807,-0.2003003895131051,0.27766150429504416,,0.30761233868285015,0.0390939791420391,-0.2109098945295519,0.025142020509412204,,-0.1731605911391062,-0.12868720250975837,-0.28447475289567964,,0.2819229350517859,-0.8124962546984839,,0.3132634572017616,,,,,0.5969192281156248,,,0.09225893794100812,0.09043397261680555,-0.06280311435889391,-0.06280311435889391,,-0.15093012239973166,,-0.22268186997936015,-0.07793624981129353,0.19431771977648907,0.13343387272593743,0.13343387272593743,0.3538323769336829,-0.44758576825261104,0.052582849120862966,,0.28892232318645905,0.05246293224411991,0.08434668865508924,,-0.22467138613880108,,,1.18445257823265,-0.04254388705643907,,0.07490139221005333,-0.09125246311661142,0.01851534186169594,,,-0.18380600555269613,,-0.692029587904864,,,,,,,,,,,,,,,
2021-08-31,-0.7416947937207067,0.3543682991399095,-0.9272077493062467,,-0.34149399841805145,,-0.49081848996865324,,-0.5374150809984162,,0.18942331042840113,-0.070280133287,,0.2025443918432703,-0.09872085622341584,0.0722143579303527,-0.10435940876130577,,-0.11655016856264548,,0.001686686075059582,,0.17297552691590062,-0.10509686046102035,,,-0.01024669504444506,0.062044781797580904,0.3938360813930541,-0.39637107566103863,,,0.23665029604157822,0.034548727660376824,,0.12062553942448341,,,-0.4824896616593267,-0.6050662952855556,,,,,0.06362302874453221,,0.08915033153912467,-0.14255473943259991,,,,,,0.4163375261379351,-0.5083145461342483,,,,,,0.19380580301648234,-0.013335802133597757,,,,,0.34883985032750553,,,-0.37748207655474314,0.07646032454285669,,-0.14938743947246794,,0.1384298916297495,0.137127382906932,-0.10443362271436629,,,-0.1330851474228197,-0.4165893888115889,,,-0.03942935096186759,-0.16475106088174646,-0.22058245380923705,-0.012524299142081821,,0.3008136489818635,0.06296159834895992,-0.14492258148122772,0.02117680313483253,,-0.13817304913347897,-0.08487425651383192,,,,-0.8533185129860599,,0.36667843067932454,,,,,0.5769456328717752,,,0.07212798446353429,0.059785317118480855,-0.12573426157627704,-0.12573426157627704,,-0.08447773873212465,,-0.2758835342341619,-0.12686466784963846,0.16633564781150914,0.16184560953611,0.16184560953611,0.3080015763656512,-0.44789236458836096,0.09086826911385831,,0.4277259518388933,-0.010990121548236935,0.04546579493534279,,-0.22929683629842199,,,1.049498385984179,-0.23854742994749692,,0.11111647321266005,0.11358640163262267,0.001880599700191896,,,-0.06405890845524073,,-0.6267180580325161,,,0.1252076857238156,0.5153152133832829,,,,,,,,,,,
2021-09-30,-0.7035997675333696,0.33792236879220616,-0.9775462045584786,,-0.32420104356893065,,-0.5130612791987491,,-0.5284044756473509,,0.08138650690426052,-0.09266105073543354,,0.21077327858128586,-0.10150662470277598,0.13021443915145797,-0.11758630601807085,,-0.22977742900048523,,0.03279171187590198,0.350205234514735,0.16258887973686426,-0.3437878790875447,,,0.013270303243961532,-0.07260980789934844,-0.0230074358564325,-0.42091969791235506,,,0.23292758698990296,-0.015939984591941934,,0.0983027401388942,,,-0.4095399342913891,-0.616611440604615,,,,,0.03196603095372005,,0.2898612143458341,-0.21547216561331967,,,,,,0.4937954517934752,-0.5018456717518957,,,,,,0.2315451400295726,-0.12703278242333868,,,,,0.363797216311112,,,-0.3709340428514739,0.11689885780596887,,-0.14228944069064586,,0.11598133016613989,0.12297864700026603,-0.1785511364612713,-0.2516296640802112,,-0.12259065963025437,-0.4838818390736443,,,-0.002533391560129297,-0.07411583971697253,-0.2816061561349542,0.03309026496193159,,0.3451259705136152,0.02218967473480377,-0.020121054342638278,0.026236017655523053,,-0.09365034196858775,,,,0.3790598047006463,-0.8289230840222,,0.37425425550264074,,,,,0.6309327704262623,,,0.05827823996851696,0.06622847447195784,-0.01616287325329347,-0.01616287325329347,,-0.17074210040068602,,-0.17266694647561354,-0.12658872181306421,0.15043127714438845,,,0.32799051849415733,-0.5132789802998001,0.09853483980582717,,0.3465334706813167,-0.07907993245099623,0.051889796267252944,,-0.2516820344508512,,,1.0652175857617379,-0.26296188996173203,,0.12638448449968373,0.09414863262149226,0.04993475287755613,,,-0.023689837310005207,,-0.6050230436194475,,,0.13863134945142502,0.575226788182578,,,,,,,,,,,
2021-10-31,-0.682008033074528,0.32164810256472137,-1.0333837628143596,,-0.3430933003184496,,-0.4857574970171958,,-0.4939558994837275,,0.08888309813332343,-0.14396115822444253,,0.24191415193846,-0.1331740863187726,0.13568068703531427,-0.05599402308996329,,-0.15650388054563877,,0.025644436880860707,0.3583490195454157,0.14710626642208163,-0.34575514226780174,,,-0.021840731351949413,-0.12936163881024845,-0.046189474400632966,-0.43734569086578046,,,0.23014051151435438,-0.06251071906194515,,0.040001788189531706,,,-0.3285471923382758,-0.5879853619235414,,,,,0.03372494683709532,,0.29517402960860833,-0.27596313393138927,,,,,,0.4736684592410859,-0.5185318474365452,,,,,,0.33768081652859366,-0.0733385949901005,,,,,0.37426459202373424,,,-0.3779636342373344,0.14538241842023578,,-0.22277436693549726,,0.13085368738719338,0.12402757959400215,0.10469265138208074,-0.21430861955629354,,-0.08177840561188503,-0.49909604609519004,,,0.03474085310019407,-0.05844284190844381,-0.25291997394137405,,,0.3159630888334153,0.06016060216897548,-0.009563102076807817,0.02904888053965518,,-0.0968091924156373,-0.06015789165132942,-0.40075431284852203,,0.42119279882125865,-0.8139494984009229,,0.34594304589229097,,,,,0.6080158046057392,,,0.04918738663611211,0.061453463375404596,-0.08791079414992914,-0.08791079414992914,,-0.10922952808347876,,-0.2598806641851834,-0.09532420942451579,0.2137311100089672,,,0.29492951375473075,-0.5122906094511431,0.14959900825471814,,0.3099357804701798,-0.07034120673654298,0.06549639685265647,,-0.25621355009945607,,,1.1329198170370083,-0.23911109032156946,,0.07476504220582235,0.06948024418169206,0.009940057759317285,,,,,-0.6342926854879893,,,,0.6185724185673204,0.19368544089335293,,,,,,,,,,
2021-11-30,-0.7126015879428775,0.34633264603140823,-1.0734058125175032,,-0.3498458587442519,,-0.5614027309513691,,-0.5930129506424427,,0.049197364209023486,-0.08147972813848671,,0.21899581525326117,-0.14950464896282648,0.08777286014186003,-0.025734551065888376,,-0.1866139281650412,,0.015479767335626421,0.33380156391949634,0.14019078350307734,-0.522584721434917,,,-0.005063302649587345,-0.04604662476188439,-0.056122663478602286,-0.38414281624535757,,0.35552902247327006,0.18136096741964985,0.004881132207372099,,0.18563657203225092,,,-0.4046681954471108,-0.49308910727359506,,,,,-0.11342695482476,,0.15728287712608421,-0.28099802303075333,,,,,,0.5631988290339647,-0.3616947700146579,,,,,,0.39182965462779584,-0.12615616880162078,,,,,0.39970916022619063,,,-0.45988729437329956,0.14265897249371945,,-0.14574623403465994,,0.10907414604240866,0.11150839471584253,0.01795633050472801,-0.06950546735172025,,-0.03398305616653778,-0.4368693697046582,,,-0.001742346618421558,-0.10766826010217925,-0.2979986580853772,0.14792102216278694,,0.33753759570839414,-0.008940457139396259,-0.0211390556556502,0.011502066535862254,,-0.1378371351196302,0.011245644272178994,-0.38003774393315565,,0.27591066373421924,-0.888953365252229,,0.35300938982030455,,,,,0.6008636549542268,,,0.0888403152252505,0.1335086966693692,-0.03938004893395059,-0.03938004893395059,,-0.1427495191166424,,-0.22966214365181392,-0.09951604945513336,0.23913834598844438,,0.28297426949521465,,-0.5277272864698841,0.024670354582422012,,0.24820816498966394,0.0400804052378379,-0.13386507601113312,,-0.22848037601751203,,,1.1505163704005918,-0.12426905947287038,,0.11841235465507949,,-0.03621859820333884,,,,,-0.6102468139507929,,,0.011883156000153152,,,,,,,,,,,,
2021-12-31,-0.6951153273743264,0.3088607411207583,-1.0586294348940315,,-0.3553713843908125,,-0.5683123451484565,,-0.16870698915432303,,0.009705921868188529,-0.021814408996725383,,0.2727427675895598,-0.20159854842349145,-0.07694320977246125,-0.057408830181415745,,-0.23999730577938524,,0.05447128572009977,0.3531963377069622,0.03694793542894892,-0.5399085808947455,,,-0.03634944807140002,0.014027083579656322,-0.00018992655549588582,-0.35691694489396897,,0.3790821605150168,0.1238039259811152,0.002794479951805379,0.326378760314137,0.22782727943948256,,,-0.36112701546681386,-0.4379855821820293,,,,,-0.11431472544628285,,0.1302434380031554,-0.24101899626501141,,,,,0.018157042429329112,,-0.32640338441561423,,,,,,0.3612750986334581,-0.149716022504087,,,,,0.3766386942476061,,,-0.45111869809790134,0.13302209469591905,,-0.16336544217732385,,0.09238563985851674,0.1181403185630166,-0.018073900508478194,-0.1072204984954402,,0.008771098547903526,-0.4333406097975654,,,-0.021311928935672204,,-0.3506523534708466,0.07360568863666177,,0.395873716905219,0.027961402872189085,-0.01062725309657426,,,-0.14947991684509812,0.007190803072431659,-0.4867411633567429,,0.18706064427554978,-0.8706831035182789,,0.3463764621745645,,,,,0.5648068548652234,,,0.13808106868445735,0.09824275409049515,-0.03389851034646263,-0.03389851034646263,,-0.14290354573401065,,-0.20345246934280653,-0.07516628683008646,0.2734335469604586,0.16118224281062213,0.16118224281062213,,-0.5066022845777112,0.056582194019462025,,0.17606882691315628,0.007412611622011068,-0.17778570737309554,,-0.209536280053786,,,1.140707676374366,-0.1682962562195853,,0.23968575329178732,,-0.03180078581352897,,,,,-0.6100834386190983,,,0.03403098854876124,,,,,,,,,,,,
2022-01-31,-0.6576612506852483,0.3345984464529704,-0.8530675314621391,,-0.3734879490280869,,-0.4810987088551245,,-0.18460068826755896,,0.06603275166995734,-0.07929853715494514,,0.2539502919251476,-0.10252895886429937,0.022895258743681684,-0.16245378241115868,,-0.19132488953132518,,0.0016794459125242718,0.1931690417668374,0.029090774668388025,-0.5121700910403871,,,-0.040691350166495686,0.049844300205688134,-0.06056467444960689,-0.3600485958701164,,0.2391002516886873,0.19307591525734652,-0.09655373800143863,0.14925593561073053,0.08371969905625264,,,-0.4617207274686404,-0.5394615766532007,,,,,0.039847206090740585,,0.4682023294515101,-0.2310647819829975,,,,,-0.0047243231020718205,,-0.34189538420680016,,,,,,0.3232951618511104,0.026868019215780612,,,,,0.3430112628719743,,,-0.39472198275843745,0.09952626744129778,,-0.16885746190212586,,0.1681664892394726,0.15784592386412044,-0.0007776616908610663,-0.16779509296886613,,-0.02245925948680059,-0.4317769499133237,,,,-0.18317108498677853,-0.11218465778430262,-0.2446468113611223,,0.4645845453551738,-0.008046082571138083,-0.24070164540655453,,,,,-0.5518987740745686,,0.21859118722355336,-0.8242729604725526,,0.32491642057722825,,,,,0.6407471154517217,,,,0.045136574769345975,-0.07421662590832998,-0.07421662590832998,,-0.1505848894419582,,-0.12408232560243843,-0.09167307333932448,0.19750588263499186,0.15454400401373963,0.15454400401373963,0.27576956875574626,-0.5216671173212521,0.15263800826703566,,0.24878935812047456,,0.02069260400413596,,-0.2380546768139155,,,0.9907378781948306,-0.38262138382919864,0.10288335833806946,0.1244801983450633,0.10658520837958255,0.0005324912840477019,,,,,-0.642697049933554,,,-0.0463894434406472,0.7006671901353546,,,,,,,,,,,
2022-02-28,-0.6734237837199143,0.35660259556693413,-0.8406977835462156,,-0.36606289320617036,,-0.5192840847860423,,-0.5204945764857677,,0.04157803735108246,-0.0982048034360764,,0.2233778951997493,-0.07300751439162272,0.12002287829146108,-0.12299214751258669,,-0.15580452658360092,,-0.005226872028224555,0.17072761495649597,0.07176254619995939,-0.509808851781847,,,-0.03471696741878407,0.04752402326180492,-0.07577001007382102,-0.39848292616095043,,0.28313968345129575,0.20656565005111624,-0.08313275613821314,,0.0712445134632173,,,-0.46697375202130087,-0.5237852624629583,,,,,0.026807727137957742,,0.5144709079617523,-0.21935426247596568,,,,,,0.45883760108469285,-0.36530775075321875,,,,,,0.3419548537404975,0.03417631752210896,,,,,0.34538115470883435,,,-0.4227154144271509,0.09993204406493586,,-0.14310710183419484,,0.15636214788584687,0.13570541204086004,0.011973388870482236,-0.12265511023399558,,-0.03836560995879157,-0.41454401392265444,,,,-0.18570681701191732,-0.06045432303323581,-0.2344833244533251,,0.3761726671694266,-0.02497501239763069,-0.24025690062213811,-0.01113866938230135,,-0.07137241421763689,,-0.5459842753281424,,0.22640638720556355,-0.8721500203996386,,0.35586255564005626,,,,,0.6307226847005797,,,0.07185215992741067,0.1345948839542817,-0.0916819471831853,-0.0916819471831853,,-0.15425087967157217,,-0.2472591830422135,-0.14193117293058197,0.19321357295888295,0.138470290002876,0.138470290002876,,-0.533156213156385,0.15633556037954324,,0.28856088887603404,-0.04666767900941676,-0.05304280758255604,,-0.2460829231825136,,,1.0242711769814075,,0.1408881365826816,,-0.0029206739379151214,-0.053756890712352796,,,,,-0.5915467697099884,,,-0.09088215933409285,0.6407070529578548,,,,,,,,,,,
2022-03-31,-0.6761468596804827,0.39317423257674944,-0.8741523256820689,,-0.3741557300872923,,-0.5690700450146133,,-0.4949903593418806,,0.07111757604832793,-0.14484012374721889,,0.2323721642657156,-0.03593625380057302,0.1723659891963947,-0.0815802928075925,,-0.13519006379885387,,-0.039144970280848866,0.18694238377744982,0.10454616947564474,-0.48529116289961954,,,-0.026693173154156372,0.0480649794443059,-0.1390164472220244,-0.4380581706597319,,0.23215632470427808,0.22282610619322274,-0.12387310722887017,,0.04205958480775281,,,-0.46070874965492276,-0.5245443284293647,,,,,0.04764567862951614,,0.46497880159673416,-0.1887089868950962,,,,,,0.47668693100506343,-0.34892056078001915,,,,,,0.3164980045804391,0.07073927257384874,,,,,0.3085216724946542,,,-0.4018573905854385,0.010949887291462576,,-0.15369160627787756,,0.1560655932973313,0.1387241793872757,0.0029671531798302246,-0.12448339739719089,,-0.03358360946816468,-0.3801869587552382,,,,-0.08885606200943216,-0.08686263620978281,-0.2683840402145745,,0.4319897792311187,-0.01572700806775577,-0.0559908759328023,0.038715439421587915,,-0.10599855829882615,,-0.5713901878549372,,0.2817623792909944,-0.8239345464541311,,0.34045009481335803,,,,,0.7058182860912414,,,0.08248530313800838,0.06165657206599166,0.03264930817984397,0.03264930817984397,,-0.23539905457040436,,,-0.12120567163843331,0.19071796513218706,,,0.2967131508665357,-0.5471801938208948,0.1254085677502316,,0.29202765177767626,-0.07898858273209433,0.05684661668512387,,-0.28813623011739975,,,1.0663868925689055,,0.16487472292268662,,0.18937771007822196,-0.03942308360214752,,0.2882758100027898,-0.2301465129864225,,-0.6524771208898206,,,-0.11562598466189401,0.6391294880506901,,,,,,,,,,,
2022-04-30,-0.663213458683343,0.41127448413196416,-0.912737451347483,,-0.3933679223327541,,-0.678848439624238,,-0.5286969618115266,,-0.02808704229540712,-0.09083842886532148,,0.2710914541440131,-0.172508608134597,,-0.06135702941075315,,-0.0625982862701418,,-0.0330996189918172,0.21662978200982988,0.14677823352955932,-0.5112535138623572,,,0.012708449619092807,-0.030214805102369312,-0.1553535566379112,-0.35516939131910225,,0.23100115412728986,0.1848792374998558,,,0.03440174323450066,,,-0.37522412357464824,-0.5389615594882067,,,,,0.058713249947844694,,0.4512581375194132,-0.1589026350494817,,,,,,0.3333907992610587,,,,,,,0.31362610062165164,-0.003378686346833706,,,,,0.29699502235264236,-0.28629195144093655,,-0.44046282545639454,0.010120791759430085,,-0.07665558309961165,,0.09668623953777261,0.10052995061685174,0.008030721203403642,-0.04222567239816809,,-0.01937849601617862,-0.4521019070013061,,,,-0.07722620674120755,-0.10475668328618526,-0.33069282621031554,,0.3082287473220199,-0.1247398737421949,0.058653269351587184,0.01094943545079394,,-0.1283529469100422,,-0.5846440478620861,,0.2426451982979555,-0.8637889007110919,,0.3779639085089803,,,,,0.7158633902670026,,,0.1328286882373396,0.039430135535036465,0.022280313767511467,0.022280313767511467,,-0.26492288636584016,,,-0.16480656555030257,0.26847852681471057,,,0.29805671461011507,-0.5737536612069138,0.2408111129329077,,0.279499979673094,-0.07817154632229548,0.03669940991763999,,-0.2799880205475723,,,1.010909293361183,,0.2202241994909708,,0.27658741548190113,-0.053014524571448965,-0.035230754752886534,0.2958256258947717,,,-0.6814032232667718,,-0.312042514941329,0.008306293401400202,0.40840252036991276,,0.2928484652527234,,,,,,,,,
2022-05-31,-0.6726716585086555,0.569448638121711,-0.868681840685452,,-0.41960046384031513,,-0.7209468793321508,,-0.4796751579948291,,-0.0074309960977268115,0.0021033183271820313,,0.2818035789051802,-0.06924614123665564,0.14801306275386153,-0.10490882958720704,,-0.08538264100545334,,-0.038069105837898715,0.26864860774194177,0.10527705310722821,-0.5093215275962991,,,0.008813495898396717,0.0021218385875036846,-0.16520149235235365,-0.39044725668033775,,0.25331384532173706,0.1752223591214215,,,0.06925870543824601,,,-0.4667119110764868,-0.48822580064662857,,,,,0.04422297931762599,,0.4561892938954575,-0.14447074890764108,,,,,,0.30100456590680963,,,,,,,0.36044428646187887,0.03310702941555325,,,,,0.2748192696583576,,,-0.38077407185523854,-0.020335329588843768,,-0.11280339450095848,,0.128547072387379,0.1329880060939369,-0.04509332330146086,-0.03979379181054332,,-0.012301254945760991,-0.3437434966112159,,,,-0.1468695084041019,-0.24246318321252375,-0.1955599749226658,,0.4657072057114122,-0.10251057924627816,-0.16212730042466114,0.0022069745437151567,,-0.17735855083667892,,-0.5234751486496029,,0.2288313632720506,-0.8223349415281478,,0.3368839274931148,,,,,0.7484442149751548,,,0.1749494408151709,0.020497228509279285,-0.1017067614720572,-0.1017067614720572,,-0.1719382680555671,,,-0.13428887748036605,0.17417724898690137,0.12575447886487953,0.12575447886487953,0.3263436883112066,-0.6048762362015232,0.2869430263392414,,0.25886162756963765,-0.09148319083983664,0.047533407199402446,,-0.2379461422985863,,,1.0647389416170725,,0.1957021913573924,,0.22215429682534557,0.008644766390066854,,0.2979303719687179,,,-0.700583709643034,,,-0.1405307651862416,0.45460081260806556,,,-0.3615867764876563,,,,,,,,
2022-06-30,-0.6910592511111223,0.43366612059762794,-0.7614194675016509,,-0.43054915313961706,,-0.688653532392247,,-0.43831350676152386,,-0.005724157708863473,-0.017260202889613663,,0.24336013562774203,-0.14773878013246103,,-0.10808565132255252,,-0.03138494722446548,,-0.04704729929937977,0.2600376193859104,0.15587817013893812,-0.5206679921623644,,,0.005591694791379245,-0.0016438293954861097,-0.15650751809984845,-0.4360251432449253,,0.2422776873261008,0.14848624098407873,-0.17697442919413203,,0.13235065256260217,,,-0.37519138174194283,-0.5344615383181955,,,,,0.16469668573526144,,,-0.14918202343985953,,,,,,0.3156193664335142,,,,,,,0.34591401725789434,0.18587245572726013,,,,,0.32105959449787164,,,-0.3918998142518384,0.10210473408980325,,-0.1491866317307984,,0.14190750754983084,0.14756512185183285,-0.014619576874006692,-0.10615432722477103,,-0.009035816455160243,-0.43853675387319163,,,,-0.14788009022719126,,-0.3744132970247629,,,-0.05937119096850673,-0.010105491404855926,-0.0005853816079236669,,-0.11046684053169015,,-0.5278458757022364,,0.16996634698067475,-0.9096429931280224,,0.35973659479461356,,,,,0.7266604613208818,,,0.20294923449398675,0.00043330213606366987,-0.08359559868901904,-0.08359559868901904,,-0.27623194516370253,,,-0.08207821031215276,0.18926695205531566,0.1405905195636939,0.1405905195636939,0.31584011325779926,-0.592791306487326,0.3273152981123886,,0.28675934898133393,-0.049574548141124254,-0.009403103364909569,,-0.21877224997771988,,,0.9323140755800327,,0.25762622239153765,,0.27491479640391814,-0.030988345052236643,-0.03571731614730325,0.3202478303845231,,,-0.7785254121068954,,-0.28971245690601705,-0.09625118738899148,0.45736481707821536,,0.11619528450583523,-0.2294776945049546,,,,,,,,
2022-07-31,-0.7492224005664568,0.5502143582243569,-0.7744073833164942,,-0.4238038139192246,,-0.5790290503101313,,-0.49927619363411724,,-0.00951369926153741,-0.04555938555943783,,0.2746003080257273,-0.16560998114226125,,-0.11475116214542432,0.017027938638813148,-0.02882259781702936,,-0.03620450817753191,,0.18397760632992516,-0.4666521118893365,,,0.04997519984358887,,-0.15499644632161078,-0.4257704867061357,,0.2983482767590291,0.20968999093106666,-0.182522568495596,,0.03977036370124326,,,-0.3468804152838715,-0.46983252239760664,,,,,0.20080149584561025,,,-0.11579532710470136,,,,,,0.34697840423278375,,,,,,,0.3480466729988739,0.29770740039694554,,,,,0.45058151309220656,-0.2677704589196831,,-0.3787360514505117,-0.0016978271965465506,,-0.13438999021394624,,0.12402064592130518,0.1352521268822366,-0.027612575970544246,-0.06741619620254995,,0.0169730494026886,-0.42754715018958345,,,,-0.11246811152505701,,-0.30068146229057185,,,-0.06744260767629533,0.03933303390640387,-0.013873865203039425,,-0.12039518058177925,,-0.6357860999519516,,0.19736314212504463,-0.8657518123192588,,0.35962278237583767,-0.017181634888124242,,,,0.6603961927604698,,,0.18861531659353029,-0.009109988295427394,-0.09463450346730924,-0.09463450346730924,,-0.2786845041483395,,,-0.061031525362740854,,0.13702523636990327,0.13702523636990327,0.34143839391418085,-0.5769512167100033,0.37366901352492077,,0.3310317941667551,-0.0640669200043366,-0.04636059745093784,,-0.26046112069144955,,,0.9271623278062195,,0.23301673644858678,,0.27492119090375433,0.02108950741235021,-0.03243949321595268,0.32606681125990056,,,-0.788051028750163,,-0.2592501789346396,-0.12499974473583679,0.4426562152077088,,0.24300492051054545,-0.20448556693499942,,,,,,,,
2022-08-31,-0.6465774613877326,0.5506320570110541,-0.8310977859690025,,-0.4009325650080232,,-0.7941106957875058,0.2151372888384818,-0.4226093565813467,,-0.17438156395170099,0.00399947819633612,,0.3556676701259125,-0.17804231428398143,,-0.18170382366671764,-0.12288574671487772,-0.11638656743399334,,-0.01865327033789874,,0.11286312888616297,-0.3906718977550492,,,0.027200637660125718,,-0.1013175735124211,-0.43675174475791895,,0.22110594605501804,0.24715078132690055,,,0.12356442825846323,,,-0.38568487243216465,-0.17541858608398397,,,,,0.34999439491047907,,,-0.08377999252725207,,,,,,0.2405663726200336,,,,,,,,0.33175613778685475,,,,,0.3705443480546081,-0.21851271406128994,,-0.48711878259969715,-0.07046688264023332,,-0.09577000126338145,,0.05254448715132353,0.1494170634095043,-0.04906612645131966,-0.05055361399289899,,0.03922311925849418,-0.4440356931200556,0.5781277083040822,,,-0.10739626903946346,,-0.602205996299324,,,-0.10871660944805366,,-0.030686216883382387,,,,-0.4532451500953922,,0.3553495706490409,-0.4389130251892852,,,0.03730269875599659,,,,0.7883692501307367,,,0.16339891872408482,0.015873357159945554,-0.04353716169712637,-0.04353716169712637,,-0.28824652565761094,,,-0.11903516005461018,,0.12706481461726024,0.12706481461726024,0.28248255729983857,-0.6220320085395292,0.23658564916087513,,,0.0012707162475353493,-0.05355597643660447,0.2964421144482742,-0.32354571570978796,,,1.0021423528824371,,0.297759145400556,,0.23255998663730754,0.0810683783191164,0.17910125448330577,0.3512051852280381,,,-0.7919639644584844,,-0.22287737605469302,0.11122837225666028,0.4106730842285791,,0.15175341219295055,-0.24360699238541397,-0.11952948788534276,0.22093719143783552,-0.05843711914695109,,,,,
2022-09-30,-0.6783706498773975,0.5702481912355684,-0.8797859694642445,,-0.40833724723893605,,-0.6936806180756161,0.17886422642809652,-0.4330200016276474,,-0.11811079124491267,-0.04321300550880609,,0.3199668382819349,-0.20354564860502994,,-0.07877868359815864,-0.09180108236445082,-0.04554889628474129,,-0.02379200814354626,,0.13407500200575292,-0.3057402622519719,,,0.09440633754215752,,-0.093028207072139,-0.33917282512884084,,0.2345984839328081,0.2459737739994421,,,,,,-0.3845396824294168,-0.22192530164292903,,,,,0.3531766885482983,,,-0.10355283170468285,,,,,,0.2992957694611423,,,-0.08394678527433437,-0.08394678527433437,,,,,,,,,0.4280020459677956,-0.17854468718548092,0.7084914723686856,-0.48544950014268146,-0.053388369754749615,,-0.0862116281151368,,0.031076362467207134,0.18757313280415966,-0.07354261169417653,-0.04666719429581187,,,-0.5011414174159511,0.3740086050242709,,,-0.09453695222467769,,-0.5791632313388914,,,-0.10439138925656757,-0.26601814197007967,-0.023449324230372645,,,,-0.44669832234203105,,0.2910983710541357,-0.539493197959409,,,0.02872628522765537,,,,0.7710491127171092,,,,-0.002060441917692657,-0.007831877666513798,-0.007831877666513798,,-0.19585530049937372,,,-0.10235738454324113,,0.1345691467104693,0.1345691467104693,0.2776500558879895,-0.5694580305712486,0.20530987566867925,,,0.037734295469047885,-0.04994516349765581,0.25877001205599975,-0.3301327124823155,,,1.0851015397667092,,0.3423938923671939,,0.27399856687424196,0.04610517950159456,0.14576792474196376,0.3008886601650412,,,-0.7914125285290027,,-0.25148020036118407,0.09483773542274915,0.3992797384429394,,0.1311122100076256,-0.19216183742505144,-0.17252718304397657,0.21962714222107493,-0.03549028975347376,,,,,
2022-10-31,-0.6944354276525874,0.5804652997530657,-0.9114343531763659,,-0.3618499649425241,,-0.7034913480348046,0.16127706169224854,-0.4239893077719456,,-0.07911978788401032,-0.08201751385881262,,0.2816279681925665,-0.13125022718209894,,-0.15203807970342154,-0.06823242372833298,-0.09880212968344894,,-0.013134046615158636,,0.17843865223163333,-0.3401360191828252,,,0.16943792367846627,,-0.14821032433049133,-0.30500394900064715,,0.2749918602381305,0.21314795999649083,,,,,,-0.3857484477214096,-0.2553431299778415,,,-0.009864692501057284,,0.43896756013548416,,,-0.06800099990173573,,,,,,0.29543608267926724,,,-0.09956220984846158,-0.09956220984846158,,,,,,,,,0.5147337045127567,-0.1494220053246468,0.5955620289830406,-0.35394466352379955,-0.031240930598276602,,-0.06900976513727512,,0.039334451392192965,0.10972567162760152,-0.10823154882573476,-0.1527102368085583,,,-0.4745056593006063,0.27994442201772096,,,-0.07545003174012979,,-0.6450490572741682,,,-0.11452805107956181,,-0.02242306782189352,,,,-0.3423782230724456,,0.2527364388065951,,,,-0.013131282186415717,,,,0.7806235179198727,,,,-0.029835600695806614,-0.038649989011781724,-0.038649989011781724,,-0.206331527402596,,,-0.2612929695222536,,0.0616299084328662,0.0616299084328662,0.3404154331990933,-0.6270456513465785,0.21860165056382103,,,0.005367472833380611,0.001734405433069959,0.3348214156515401,-0.3678018261778076,,,1.1107702214084487,,0.23038490592425903,,0.22427710662397896,0.1873849907772539,0.07578499253259131,0.210019770653692,,,-0.7161385004805244,,-0.23322679220744882,0.10719066997036157,0.3900556106423141,0.05791230142191132,,-0.17443661963346888,-0.24674609609014808,0.17407685211833065,-0.09950753245137126,0.1731546100161933,,,,
2022-11-30,-0.6919035753593176,0.526266382556439,-0.8859595653073326,,-0.4052631004202894,,-0.561370470044069,0.1880419523893373,-0.4503449215535426,,-0.16997501483920724,-0.01688925833328159,,0.3468828127601781,-0.19027953709832693,,-0.14225623645932226,-0.04769607932561591,-0.08191466404502477,,-0.022815803032157904,,0.1386691575861232,-0.3116615735879834,,,0.10289438588833949,,-0.16239203358913232,-0.2835973425485014,,0.16687146577319945,0.2998798677239966,,,0.03233985913006047,,,-0.38248698794216923,-0.250274718183301,,,0.02918171164350998,,0.3771458800921658,,,-0.34378794225905895,,,,,,0.2482750508506963,,,,,,,,,,,,,0.4900876586814097,-0.24162145600387452,0.7388709721972289,-0.42427241175336666,-0.08279852931643529,,-0.09813468108741331,,0.034561615503114436,0.208121827956059,-0.09314577234865941,0.019972422436868677,,0.09457619359011998,-0.482678172420191,0.3133460368278109,,,-0.14924227950314978,,-0.6155843654524676,,,-0.09269732228462227,,-0.002309918661432908,,-0.17960421250506306,,-0.43789641772149335,,0.2773692006498033,-0.6370553507727515,,,0.028588181205633386,,,,0.7420629457991915,,,-0.07809088999973471,0.052926072529313355,-0.07864784831504547,-0.07864784831504547,,-0.18179875652700123,,,-0.10559882308859028,,0.1487760349446989,0.1487760349446989,0.31694163874474274,-0.5688022419348834,0.2762839082741246,,,0.009951243945920969,0.02127112054111376,,-0.3180784135515107,,,1.0904254893399488,,0.23173589576447853,,0.23125372868696842,0.07074647989509007,,0.38448302094931386,,,-0.7302143267553258,,-0.2947687531650457,0.08823341101230772,0.3569063200662109,,0.19411552245353142,-0.23385801049711563,-0.15890032422210953,0.17488741609811007,-0.032407647210925546,,,,,
2022-12-31,-0.7199256277828282,0.5039542967404328,-0.8282002017590272,,-0.35300794420635334,,-0.7171625452651653,0.1714774513523262,-0.46549144262972336,,-0.1822316157419619,0.045498233780265455,,0.35949760096103245,-0.14487486023160404,,-0.1436958932717878,-0.015034306740771622,-0.1271202831282638,,,,0.13732829340323374,-0.37906827713112173,,,0.04938519302410081,,-0.11044336441402218,-0.2676617583341734,,0.12045076457982674,0.2791703289591453,,,0.13451106512551106,,,-0.362432144844763,-0.49139409602511674,,,,,0.33206944886100404,,,-0.2523390633347903,,,,,,0.27648125725387745,,,,,,,0.41509304065674835,0.3585782505164687,,,,,0.43394922614432285,-0.24853409763830317,,-0.4964043193655381,-0.0587326663105552,,-0.1540548138026179,,0.2725046929627599,-0.2671226118094663,0.004102841807935204,0.08047013326903407,,0.05523976198484907,-0.474265155002345,0.572453120458132,,,-0.12318718946538187,,-0.5599727625121361,,,-0.0948174809332487,,-0.024488025870047846,,,,-0.4654934397465881,,0.38105528998918964,-0.42605125664257915,,,0.048755145559443436,,,,0.6910874475747197,,,-0.11495153790777819,0.001547764109247334,-0.10733130271855727,-0.10733130271855727,,-0.304501322222029,,,-0.11108489352466368,,0.1304694531720481,0.1304694531720481,0.30528610244289506,-0.5332399244174739,0.2762182970287168,,,0.06153338527445616,-0.0666341402548301,0.3460041994578656,-0.3278974187283748,,,0.9903825465089883,,0.3020085680500125,,0.24031376413469804,0.03750803868818364,0.25314900099291293,0.298462383229513,,,-0.781379040798918,,-0.18279712249812852,0.06680944608320828,0.3982485934304274,,0.2208563255613429,-0.13894111501908862,-0.12458978956994028,0.35207394185956203,0.006540917817709422,,,,,
2023-01-31,-0.6757558557631622,0.5399253316714938,-0.7459004507332573,,,,-0.7373021509443364,0.24610865472002805,-0.5280902563187648,,-0.23427895731656012,0.04076309078615431,,0.4030051429145715,-0.19110982157253162,,-0.08694339331614256,-0.03642299079605011,-0.23971293798368307,,,,0.12555714529710355,-0.2784326710229382,,,-0.006320592488021325,,0.09552749362080172,-0.2347292900835073,,0.10982253385077641,0.3256414579628377,,,0.1447648392661216,,,-0.3357094940739355,-0.1478409944654455,,,0.030673370060123557,,0.4871402899680016,,,-0.10432666386935505,,,,,,0.2058651263885356,,,-0.0498635634279506,-0.0498635634279506,,,,,,,,,0.3259250848988479,-0.30908057831230246,,-0.4456780017214431,-0.09059081005030338,,-0.08020992785227432,,0.18010635190691343,-0.13854482794851472,-0.012015153459471337,0.00871757488732185,,0.13249491933558213,-0.4416928952222362,0.6380725625731626,,,-0.20438117490082622,,-0.6184536780595317,,,-0.07568620630106639,,-0.04969509063447604,,-0.1279240748574529,,-0.37256749492637886,,0.21227244230638806,-0.4367040624468696,,,0.08492008342758801,,,,0.6868388191811038,,,-0.06119632955987519,0.013292158779775604,-0.10381450267434293,-0.10381450267434293,,-0.219637489724439,,,-0.06929688760586729,,0.15790215554441114,0.15790215554441114,0.21927909499664267,-0.5547739874690094,0.2168611830202234,,,0.03372024165169697,-0.05510001920483299,0.2937715818624107,-0.34572542737971845,,,0.9084445772953565,,0.28187457167536406,,0.3799999005826852,0.0782928213262548,,0.22627213338953456,,,-0.6865223616416825,,-0.1823406360751352,0.2232320722065693,0.29977758927549825,,0.18610279470995744,-0.11419654783291373,-0.15839971512523862,0.3315974570908745,-0.04466459724142698,,,,,
2023-02-28,-0.7494075563342455,0.5100109776654715,-0.8845096453133676,,-0.3349154156318105,,-0.5016922100813298,0.19140562166828132,-0.5175643650841456,,-0.06437909343653345,-0.08031815248569725,,0.23412619151931693,-0.1848890743405297,,-0.16534455854001268,0.00043159444901883545,-0.1967144923900988,,,,0.3038032558474489,-0.3632751343303412,,,0.19500479337156054,,-0.18578670435128192,-0.18381774197011308,,0.18767900652906977,0.2783744881429524,,,-0.014562816129105255,,,-0.3332483669450542,-0.31900234457841903,,,0.10226111532163677,,0.42063283451903455,,,-0.09508675276621134,,,,,,0.291638170989848,,,-0.07172657605190666,-0.07172657605190666,,,,,,,,,0.49030618076351556,-0.455382475191834,0.5110026841224868,-0.2891589235655894,-0.13005175869636187,,0.01618548663669988,,0.22707448190984164,-0.3387518247064044,-0.1555849098924711,-0.016555392905779513,,,-0.39874890705201566,0.2185131899259909,,,-0.17027633182535945,,-0.6269234082960042,,,-0.14061620149183116,,-0.025591821955474724,,,,-0.4208992930599111,,0.15834143315102847,,,,0.022489566343934817,,,,0.6434066218190069,,,-0.0704102982310403,0.03931208101090131,-0.17260977937337652,-0.17260977937337652,,-0.14153233616423666,,,-0.17526577655176145,,0.12345616708442286,0.12345616708442286,0.461884411500187,-0.5670941177421631,0.27020147881444945,,0.2516698927384187,0.031352137399297576,0.03435080545814256,,-0.35041832368198733,,,1.0100642166943807,,0.19933920808395741,,0.3396057945516257,0.12599384516028125,0.10787830395309751,0.22305881662406507,,,-0.6436807674666358,,-0.2663106026793657,0.08162493057124014,0.3992493123550978,,0.32588679630781825,-0.13486455609000123,-0.21601503558974322,0.1783686931281682,-0.1454951502821847,,,,,
2023-03-31,-0.6731981217283257,0.4945702451239566,-0.8011667388824731,,,,-0.5780967529632078,0.20822153014639602,-0.55552823906781,,-0.1248331638516053,-0.029388723391701614,,0.25647982860630697,-0.19487204819971962,,-0.11716530073883617,-0.004492132038915796,-0.2789508788755288,,,,0.24657711519674652,-0.27915177545909375,,,0.1931831853155992,,-0.16324246510225604,-0.19081928442017215,,0.15223014897786408,0.2454181098718192,,,-0.014228949322565366,,,-0.3549478075203451,-0.3684679912389096,,,0.024701422667847462,,0.43157635128240507,,,-0.11910249550628474,,,,,,0.25815644479785405,,,-0.04623516852902433,-0.04623516852902433,,,,,,,,,0.46340375701955605,-0.4721090489193323,0.499876542994325,-0.3104960561532673,-0.11251209250171557,,-0.020985270038815597,,0.13704225061807238,-0.2081698089427707,-0.16653652297267932,-0.010087368999413425,,,-0.39329154755255685,0.25909543539202107,,,-0.17130160026440358,,-0.6641874144364978,,,-0.08047672879550316,,-0.053064986139891517,,,,-0.28894686155747296,,0.1306628195422171,,,,0.043272131650606664,,,,0.6486923481848444,,,-0.1399336627532145,0.03301992132301151,-0.17440939959653778,-0.17440939959653778,,-0.16500266645851625,,,-0.15850688088913492,,0.12735810030972422,0.12735810030972422,0.4261709155758757,-0.580539579531536,0.2439035411015298,,0.2508320254472017,0.0663587582796271,-0.0377765733544636,0.3259955629652965,-0.3849940850367199,,,1.0127101483491556,,0.13763335981443506,,0.4733206853631465,0.14721243183331528,0.29684415781078566,0.1712802254196073,,,-0.6226469860898008,,-0.22781830251276786,0.18517903974814617,0.37040422807449275,,0.3122764176204919,-0.09808777437237366,-0.12822557094152398,0.21099348092226405,-0.12160507985943846,,,,,
2023-04-30,-0.6905080450015897,0.43689554459461155,-0.8575866711083292,,-0.31315773443931155,,-0.5164702532728928,0.15284116647127838,-0.49816663479377543,,-0.10157625628522222,-0.047046613882969594,,0.13760006364038216,-0.15720154117058957,,-0.1710779690482456,0.03741609014847918,-0.2581610249857139,,,,0.3115027784223647,-0.3215291744202362,,,0.1190703449661922,,-0.20595489111647686,-0.22194268249996324,,0.16299191723908663,0.2737444442795253,,,-0.02510560716145977,,,-0.33281938810985995,-0.2527269756865412,,,0.08299071004811909,,0.43458728611931774,,,-0.11190602665140578,,,,,,0.22575530744310823,,,-0.05471511510000029,-0.05471511510000029,,,,,,,,,0.4629492714498431,-0.5512909152416974,0.5363566784329333,-0.24186578738127593,-0.14720234108919555,,0.0021091046185804604,,0.04660785004866277,,-0.15727324359040068,0.0159975387684268,,,-0.4117500817300779,0.2370008596922881,,,-0.12972126404491263,,-0.6850136551846863,,,-0.12551327915836924,,-0.020072916948267277,,,,-0.35221002212252417,,0.12265399011939593,,,,-0.09310134428422653,,,,0.6608191114098948,,,,0.10397739007622359,-0.21830500941244282,-0.21830500941244282,,-0.16005029694934306,,,-0.24629084673559526,,0.0919473334386855,0.0919473334386855,0.4591747539894266,-0.49153897256719165,0.32314114788608334,,0.14780232956241254,0.0431292824084055,0.00934291892286227,,-0.3584587009169135,,,0.9933953113241903,,0.18931782795195276,,0.3627273682401389,0.168862494205668,0.03300195658388972,0.3030489662327251,,,-0.6460783787207414,,-0.22103127195131445,0.09076292413899967,0.39338942891752243,0.19545852511053138,0.4124489048732583,-0.10083894883578676,-0.1984369999744915,-0.048377648961023985,-0.13755321743492438,,0.35967876362282336,,,
2023-05-31,-0.7172612027458595,0.5120725183450132,-0.9264693625827002,,-0.3292809119512468,,-0.4623956457046088,0.17838483369681335,-0.49663237617205874,,-0.12426433653623613,-0.023992844560716573,,0.3057465561533928,-0.1857443751179137,,-0.20597846515940502,0.038916448008077,-0.29226180206648666,,,,0.28338363276700845,-0.28774609746602264,,,0.42913456326096655,,-0.18787698298687666,-0.2819901492681138,,0.15210858418152925,0.2557930445815331,,,-0.043298568842816625,,,-0.33483647049219983,-0.32171600236896936,,,0.1208674918129552,,0.44839194221793033,,,0.00035776003331039615,,,,,,0.23980787980321733,,,-0.06417052131940383,-0.06417052131940383,,,,,,,,,,-0.5420985942218052,0.47671771796988177,-0.3211111476127922,-0.13851882922878947,,0.03649410437093906,,0.07008218182175198,,-0.1492785660246311,0.008219063700277404,,,-0.3669312846734628,0.26482200586457166,,,-0.11836568768708489,,-0.6485697211547713,,,-0.16230740856880624,,0.016277592830880594,,,,-0.34883823195155167,,0.21318487786280257,,,,0.027027990392511272,,-0.01228187299229718,-0.01228187299229718,0.5975244362639358,,,,0.0584120970459777,-0.14475824272263565,-0.14475824272263565,,-0.13044194236212395,,,-0.11779981348211654,,0.11682990154721382,0.11682990154721382,0.46560826839374064,-0.49136869841792274,0.20355017553578938,-0.15175677094686552,0.20273896855642648,0.02011079150563775,-0.004854033942053272,,-0.3673944047637347,,,1.024965151000316,,0.1884313324110755,,0.41360059017893097,0.14085021431429245,0.0519100060942149,0.3018978149936114,,,-0.6425430107493284,,-0.23587849119260654,0.10787366460806254,0.4039247769559986,,0.3967434177333734,-0.14632676029065583,-0.25650521742815696,0.14413304936235938,-0.19058900207964377,,,,,
2023-06-30,-0.6835856000912389,0.057623131743555045,-0.9216704733878347,,-0.34048809205419794,,-0.43955802651353854,0.22179183192311475,-0.4338571634650883,,-0.1473462798894007,-0.026207804041599544,,0.2644213788871529,-0.24967101916124118,,-0.1958020325819477,0.07337256907469122,-0.2361842858252627,,,,0.27087949469024675,-0.3485117254125622,,,0.25103087274410935,,-0.24254751459387913,-0.30650738000706124,,0.12938456884911187,0.24439448518157686,,,-0.08059047008651396,,,-0.2803498007435001,-0.2578170563378632,,,0.1733783987483716,,0.5097507197495789,,,-0.1332525115345924,,,,,,0.17830988354057023,,,-0.036316855984669126,-0.036316855984669126,,,,,,,,,0.41239052070444177,-0.4270056471161425,0.5592708811609928,-0.32201176030720363,-0.15700977072689878,,-0.04122783826453868,,0.09854666140379763,,-0.12326826889679184,-0.03299257631205087,,,-0.41768753944881487,0.21227084810727728,,,-0.11280121518592544,,-0.661916975677352,,,-0.08860873913685256,,-0.0360573856466865,,,,-0.35551934787228145,,0.2473247983960573,,,,0.12670039672530567,,0.0073371006336843195,0.0073371006336843195,0.6382072029909719,,,,-0.00994118864235453,-0.13756039693409008,-0.13756039693409008,,-0.2040834567219179,,,-0.1508176852807178,,0.12227152538820896,0.12227152538820896,0.3473410188043867,-0.4253540101651328,0.2575889372584362,,,0.029905682349519198,-0.10504381121540499,0.26448795077456355,-0.3579037970051198,,,1.0937797670693001,,0.1419939553938502,,0.34509300016145694,0.06450573033685295,0.14303868445622,0.1940731650509552,,,-0.6829325974691122,,-0.3096085277698135,0.14757024321047546,0.34611569967013267,,0.3367745157148955,-0.04687671752363577,-0.15948379732541568,0.15000579501082506,-0.1366166995688884,,,,,
2023-07-31,-0.6640925338637214,,-0.9656833071639805,,-0.33825488440436763,,-0.44116489105690937,0.23604697446228026,-0.42260044319222506,,-0.17503520394039263,-0.02020227236919596,,0.28267447448578253,-0.25818448359457113,,-0.18618868075985076,0.08681074114822786,-0.2450984263550598,,,,0.28969421092971437,-0.3321214380555895,,,0.28329341452502627,,-0.2232097959329361,-0.31391846970864384,,0.13414979608991542,0.3519580311752613,,,-0.0960377821964616,,,-0.28801063306519126,-0.28747423195393357,,,0.16744915117986156,,0.509933980130365,,,-0.128779303303744,,,,,,0.16284741653667953,,,-0.030194846690828264,-0.030194846690828264,,,,,,,,,0.4196408442440937,-0.406283736823769,0.5505284001448598,-0.34399914497406847,-0.14117277275740736,,-0.03940323819826302,,0.10033913165903215,-0.0908391126964635,-0.10740211562987192,-0.016641880424455732,,,-0.4385823267865382,0.25486083711168406,,,-0.03444655193091493,,-0.628039625704421,-0.22661748632329312,,-0.08254830880329783,-0.1272186732325471,-0.032116066279282623,,,,-0.3594724292249917,,0.2859038625709803,,,,0.14483901897201432,,,0.024028788606592077,0.625313339282156,,,,-0.0066986273333138795,-0.1649850716835751,-0.1649850716835751,,-0.1939717195197479,,,-0.14963881227103695,,0.12720815115591977,0.12720815115591977,0.3175449035682089,-0.4626703423487616,0.2754210016554591,,,0.02762597586583373,-0.07657747232753934,0.3000949434847797,-0.3689789092297397,,,1.1078915697447649,,0.17749032059320932,,0.37263350623069086,0.03628207309025361,0.19670012621140567,0.21306885256723085,,,-0.6880043667568918,,-0.3348068541677221,0.14791024849701664,0.3998243946554356,,0.3511650396658172,,-0.15144344632646475,0.21667297458769727,-0.13537632997420404,,,,,
2023-08-31,-0.6699604791202705,,-0.8974975781303106,,-0.3064785625122743,,-0.47719739901886143,0.1484572100457415,-0.4208876995147617,,-0.10350707374077185,-0.04086955227617909,,0.20275758832355464,-0.2566175241536429,,-0.15838865659252346,0.08715757744051508,-0.19929498648174457,,,,0.31637151217753384,-0.28934621269991356,,,0.2770192301839808,,-0.22263671049669362,-0.2866961912106953,,0.0898356869674158,0.2741657666996824,,,-0.0679475274745379,,,-0.2801086284378687,-0.2591251004893308,,,0.1538071511238564,,0.4766771750654981,,,-0.16302770427950244,,,,,,0.11758630271095698,,,-0.028303023030623205,-0.028303023030623205,,,,,,,,,0.3963315211998166,-0.4679063273683896,0.6477450557137152,-0.3255226416387524,-0.11462837003626258,,-0.06109709848609568,,0.043290855007948936,,-0.1226713332683283,0.05876452050002984,,,-0.4796398268242961,0.1998591523528619,,,-0.13813397948247358,,-0.6659140326267156,,,-0.06324242726037946,-0.13682639215405593,-0.03585896457939599,,,,-0.2775499001212267,,0.13268765009706693,,,,-0.005256642615026306,,,,0.66556477982428,,,,0.06296057712233914,-0.2202218107024736,-0.2202218107024736,,-0.1583637157145007,,,-0.24176217637866199,,0.0864226955818849,0.0864226955818849,0.3564791489193474,-0.4328795365999942,0.3484156247424337,-0.1196857052944687,,0.02916692882797718,-0.03870226557824659,0.2861145866037194,-0.36335785748907085,,,1.0641286684702875,,0.14303212277800276,,0.39953480709020356,0.07573161847382597,0.08364198284521068,0.22911936391799728,,,-0.7261846422205644,,-0.2871978963796733,0.11315772304558899,0.4120844027449635,0.22403530505032587,0.4041831089524344,,-0.18538210946227343,-0.031197113968304976,-0.11357239966192631,,0.45558291177404076,,,
2023-09-30,-0.6334234235014777,-0.0402725983240002,-0.9484672884880323,,-0.3226914334673835,,-0.43718409572485367,0.17202327657368513,-0.4230091266622764,,-0.18251937522557402,-0.09471686158338517,,0.28354612720346783,-0.26632265441035896,,-0.15930205667411523,0.10498746601576768,-0.24376043763244165,,,,0.26035937828341826,-0.3241475233879698,,,0.313852906972497,,-0.2251466405758641,-0.30187164585472914,,0.10319667431704695,0.30575772414294944,,,-0.08500953664983636,,,-0.2574659109213161,-0.2624521284643439,,,0.19652768061130255,,0.47261772545839587,,,-0.11397533817184147,,,,,,0.1375004975951146,,,,,,,,,,,,,0.40831389773570886,-0.4451718860682532,0.6162423582338943,-0.3803467092640089,-0.14612250085713313,,-0.08692994041567645,,0.09430262523725617,,-0.09141833731048649,0.05999738707741072,,,-0.41304146393050767,0.23848135504463505,,,-0.16137046385739448,,-0.6891862873173816,,,-0.07054250118343149,-0.12475085968723804,-0.03575526591531376,,,,-0.29583467379075834,,0.26365329630838097,,,,-0.020831339502717556,,0.013090677798218375,0.013090677798218375,0.6127257237694865,,,,-0.003976156364299628,-0.16466777398836285,-0.16466777398836285,,-0.13342709608974965,,,-0.15928597703694766,,0.10622553753821097,0.10622553753821097,0.36492261363654527,-0.48167063763619516,0.26012020061799157,-0.1375481582466772,,0.020178361790968505,-0.09392639092254831,0.2274713135642912,-0.35406274312677377,,,1.0758218123543506,,0.1327001223682448,,0.3755721880677003,0.06457994673156035,0.18044736857980959,0.14843792306746675,,,-0.7161831200213878,,-0.3103684103684147,0.15429112529163433,0.39996053156697786,0.23520432299913177,0.4269362560162722,,-0.18854618473982043,0.11757824598575192,-0.1567535628650428,,,,,
2023-10-31,-0.6506759157596635,0.007695077955567599,-0.9802730829970805,,-0.32019107336936736,,-0.41720386854541164,0.1960173508877308,-0.41660826282156643,,-0.2483251250046193,-0.06609462762201895,,0.3992669436218308,-0.2532725754969902,,-0.16743195840764555,0.09566869718080231,-0.2593626689273294,,,,0.2659425281167488,-0.29973517449986764,,,0.5426882795583723,,-0.20673949405059333,-0.33789344433174745,,0.0749086993495049,0.42141368440130045,,,-0.09897083459316024,,,-0.26444195423427097,-0.2613706445073721,,,0.20473790694044625,,0.5078867824397022,,,-0.09189669097375158,,,,,,0.12369572247383381,,,,,,,,,,,,,,-0.4142335843923865,0.5673238741654533,-0.3802500457078111,-0.12674788426705313,,-0.07557597427601627,,0.05859591044740383,,-0.10327862425758359,0.07350012420828839,,,-0.3989958305805332,0.266531375564001,,,-0.06619038188872503,,-0.6832088027733686,-0.26030830636787855,,-0.07386406273407646,-0.12731027427663574,-0.013835420404827159,,,,-0.28615470380881486,,0.3251977180526063,,,,-0.038851385693778696,,0.013548497571298546,0.013548497571298546,0.5821222264599922,,,,0.025550320390056946,-0.17736283117550217,-0.17736283117550217,,-0.14375676801607487,,,-0.12290172273947969,,0.10341770068686236,0.10341770068686236,0.3264963937440312,-0.4869263165642474,0.260831497973429,-0.1293750501992304,,0.005459896578815273,-0.06377714517378172,0.2841908564424029,-0.3747859738192421,,,1.0895682782817673,,0.13542957235297906,,0.39679860577491305,0.0394668391931345,0.17774911032999738,0.188683812904247,,,-0.7149405140604789,,-0.3102942625190321,0.1572430570578117,0.4407352750980897,0.2445340567419947,0.42381783309694876,,-0.16088449073253902,0.24616245744266674,-0.17699905919240688,,,,,
2023-11-30,-0.6699000565145197,,-0.9567748304384167,,-0.31652035298320086,,-0.4365716029384977,0.21622645616001732,-0.42636864233868693,,-0.22747123252855087,-0.06956325838577805,,0.29970028096815543,-0.2553858813307099,,-0.160480860536598,0.0934715351906087,-0.28938108092242976,,,,0.2471178294349905,-0.32600979912147815,,,0.2882788381641468,,-0.20920617834123226,-0.293981411091892,,0.08274533493281211,0.4129281486563722,,,-0.07693485040277148,,,-0.2537527435633476,-0.27060784034158214,,,0.22223273474406102,,0.48894453216804934,,,-0.19315211709857244,,,,,,0.12224753135353575,,,,,,,,,,,,,0.39817659765000674,-0.42735208306194117,0.5878183828436261,-0.3697393894603153,-0.1290184402993395,,-0.08561737241290147,,0.07427021689793853,,-0.0551352784627826,0.0857194267479056,,,-0.41539501277424784,0.25333951986943737,,,-0.10907332410841153,,-0.6885005318413586,-0.23523489559807817,,-0.06450754270701062,-0.12388307784783446,-0.038173704828284104,,,,-0.30543752474219193,,0.29523514369806114,,,,-0.015215041784301575,,0.022997730598850796,0.022997730598850796,0.5950731559701706,,,,0.017532142466499607,-0.16136966885207776,-0.16136966885207776,,-0.17209369125414203,,,-0.13427957800859827,,0.10314605111515848,0.10314605111515848,0.2933871589417424,-0.49413220755843085,0.23796710514711245,-0.12335463909445636,,0.04741269030256705,-0.0473943951487125,0.2746020886945738,-0.35464267250430825,,,1.0975303107369945,,0.13433711579422475,,0.38520391010071037,0.048203727100140724,0.1733853309962216,0.1853686505780334,,,-0.6986031838472441,,-0.3306634465746274,0.15696256928489194,0.4132342283328217,0.23353752028890007,0.41843342778609643,,-0.18362818856604168,0.17655049396867056,-0.15693308768879066,,,,,
2023-12-31,-0.6933683729939033,,-0.9476484844180595,,-0.3129673777817031,,-0.4035498854733789,0.19169818093139443,-0.4899702298550251,,-0.1874800415976181,-0.0834844878118799,,0.3078058762563887,-0.21958195025700344,,-0.15490753951728295,0.11566560170281368,-0.28949200909012807,,,,0.24568122616544397,-0.3037061606786474,,,0.27264250371222065,-0.02801633591942492,-0.2911307009228167,-0.29126596258742343,,0.09788846099281798,0.40277256629604674,,,-0.06253560262407037,,,-0.2719280595440318,-0.39831155984343547,,,0.23852678293037355,,0.5155456391515416,,,-0.13126710473693,,,,,,0.15559742216088934,,,,,,,,,,,,,0.41662436032157374,-0.45737243757004337,0.5625657574963387,-0.3776953432685684,-0.1397316382590532,,-0.10391272587021697,,0.0616991415752937,,-0.053792106485647126,0.12331175742173495,,,-0.4006398376008859,0.25074668405885314,,,-0.09798381109984725,,-0.693541805322989,-0.25738314096696907,,-0.05742726668997755,-0.13368593761251088,-0.047489378375307006,,,,-0.31525038066801875,,0.2383696630755206,,,,-0.01605792917813441,,,,0.5863951425207001,,,,0.02281223539236548,-0.1877906445879693,-0.1877906445879693,,-0.19094660693120483,,,-0.17479796438802522,,0.10116197526059105,0.10116197526059105,0.332435404154324,-0.5062553137644686,0.22851613268881385,-0.12206031916050585,0.3006824935031419,0.04155691875664193,-0.03702851763395655,0.29911322338965224,-0.35956050254043304,,,1.0738674499627268,,0.1126409800874732,,0.44095231764391324,0.06344937467303152,0.17979843564990938,0.18479644928556382,,,-0.7041577723850382,,-0.335177509357927,0.12935947044766105,0.4159789569382631,0.20937843041106685,0.4394768977055865,,-0.1827996031256014,0.11946615176519339,-0.14040660042549058,,,,,
2024-01-31,-0.700467755747445,,-0.9904955649617171,,-0.33730686213689903,,-0.40799066345145013,0.17803263328683588,-0.515168354478741,,-0.15140477802198654,-0.09928402525808562,,0.2978121855880224,-0.17708839520244768,,-0.22044116272484857,0.1406614270066587,-0.32494383987232683,,,,0.23771368629935632,-0.30479265271181677,,,0.2665031950145723,,-0.21808998133309776,-0.25043724745030843,,0.08387384216995206,0.3423750353430337,,,-0.011691119821495781,,,-0.2642519652939939,-0.34850132009132534,,,0.21573687644172643,,0.4365984064257983,,,-0.12159375953009662,,,,,,0.1566848084844672,,,,,,,,,,,,,0.395009306304509,-0.4243604417024444,0.6251263330359044,-0.335467208113794,-0.10112943270358833,,-0.09921239670791651,,0.05148497824587002,,-0.05869026177301353,0.0677344928504021,,,-0.3202306109546965,0.2221814908034198,,,-0.15524488286121021,,-0.6410793787813341,-0.23012994236166226,,-0.06200322465532935,-0.08931236486004288,-0.046445739296545746,,,,-0.3326443011930935,,0.1745797948964343,,,,0.14984309818273078,,-0.007957467403735418,-0.007957467403735418,0.556173203112255,,,,0.008611150562508591,-0.15846914659988948,-0.15846914659988948,,-0.1575603965547908,,,-0.12313192035066131,,0.15717750181072115,0.15717750181072115,0.35173202698415107,-0.527216586115299,0.18912924849744836,-0.12097263074402152,0.20507986047868185,0.022065644792401286,0.020082006759060834,,-0.3172770396272887,,,1.1014826449581006,,0.10767492686641422,,0.44371902117427253,0.11266748535991968,,0.21287376643546368,,,-0.6098196672676377,,-0.3253540434499565,0.1453669464970882,0.3996115745364661,,0.42195192004404913,,-0.17040089633867248,0.0827475673708174,-0.170010470627315,,,-0.19027784823681718,-0.10238094999370041,
2024-02-29,-0.6429568534990308,,-0.9610163056103672,,-0.33464025819386345,,-0.40955727924145807,0.14654371128280802,-0.5024294856192798,,-0.1671322410512944,-0.09857436203006996,,0.2940289954545276,-0.15165908017921056,,-0.18893786947198282,0.17100833200898144,-0.2833339515355423,,,,0.24929915538566685,-0.21611349134576283,,,0.2554644470066247,,-0.26156751775653475,-0.25464333766485436,,0.02366524397257455,0.2948908259454844,,,-0.06582602751539257,,,-0.2810726608897089,-0.3683881935727089,,,0.20046124521161632,,0.5349934152863446,,,-0.131878163956547,,,,,,0.17317858252818724,,,,,,,,,,,,,0.3141506597657203,-0.3517618454103709,0.5912346979560861,-0.3350330141403574,-0.11199661735822618,,-0.14328193738739728,,0.05602569318354988,,-0.0725084964099915,0.0327907437181494,,,-0.23882280911608122,0.24410927980981442,,,-0.13656381247381164,,-0.6283179892097054,-0.27265205088158767,,-0.02420559566362125,-0.11483281376100302,-0.07443347518857604,,,,-0.3026298488807724,,0.20755670761097583,,,,0.1401109028637742,,-0.007806310817951594,-0.007806310817951594,0.5620510318858931,,,,-0.002469629020940189,-0.19421854727786958,-0.19421854727786958,,-0.19267218777922127,,,-0.13077974142774337,,0.1613760049769833,0.1613760049769833,0.2824185267056659,-0.5435133062600388,0.2101378775153249,-0.07651437058089877,0.23222948770982646,0.009405882267559423,-0.03642764893370307,0.30921226325643686,-0.3191196672863056,,,1.1211594982800583,,0.07397846870745263,,0.4590070830440299,0.1972736436784051,,0.09940629862689515,,,-0.660028590917731,,-0.27846242071307026,0.15677905239559037,0.4096781860049726,,0.34618094256167314,,-0.21163626510023165,0.11671150151770826,-0.14605733891818193,,,-0.18013665139842788,,
2024-03-31,-0.6630493977045454,0.1497066804582526,-0.86437496411621,,-0.3697102280402792,,-0.48531618513753,0.16841779949407815,-0.4411099277546378,,-0.102941687191718,-0.06356639209881294,,0.2909400503307583,-0.1604855258002437,,-0.13717035749672435,0.1460008909002919,-0.31222195598349384,,,,0.2405291515352581,-0.24528582125854143,,,0.31161746053827344,-0.0009362458625751543,-0.3296388967381631,-0.22043068655720144,,0.058493274109286314,0.3049219590607326,,,-0.04659437389226655,,,-0.3204007209097209,-0.44066333367060256,,,0.17804291410209214,,0.5370514657516483,,,-0.20094771249476895,,,,,,0.23512245039713292,,,,,0.4031107970496153,,,,,,,,0.2277102235587364,-0.14837855730371435,0.5457384109587942,-0.3804413543382642,-0.13139459491275304,,-0.1677266724647435,,0.08521482703130405,,-0.13020956956403157,0.015617398810495035,,,-0.22820386711175725,0.2981663325857015,,,-0.1474868307872847,,-0.6204222201527616,-0.22992475386011083,,-0.01570789421469383,-0.10922261356299079,-0.023482533376991223,,,,-0.21624430424578003,,0.2312408926742154,,,,0.06596368481785184,,,,0.5577031806184848,,,,0.013094876678267316,-0.22654331380960122,-0.22654331380960122,,-0.22407870339580416,,,-0.1342711049317487,,0.18260020174171873,0.18260020174171873,0.25433577866443136,-0.5176782959034906,0.09953725226473292,-0.02595926800697045,0.21569002010763486,0.02745281417323655,0.07486444454555259,0.3747428367957347,-0.2974768866863909,,,1.043592572753355,,0.08002023406222827,,0.3223109769289631,0.0605809309557786,,0.18236271253130515,,,-0.6539966201318634,,-0.22945982923694494,0.17025253479975233,0.4963697856092486,,,,-0.20264778584222298,0.1086189156410233,-0.15860837116831625,,,,-0.11036697173577462,
2024-04-30,-0.688013505727038,0.14178784495501648,-0.9194223523192518,,-0.3225316705334752,,-0.46410456259342897,0.14529010181190138,-0.5099363030000745,,-0.13905113346493378,-0.1158153477268409,,0.285607104231519,-0.12061321994621009,,-0.15818605034503988,0.16189256275539857,-0.3695699461601344,,,,0.2312033637165502,-0.26550492842826945,,,0.23692440088574845,0.04776769374187453,-0.21454385427410855,-0.20558297316442992,,0.07302141038859519,0.27544829523321324,,,-0.012597475121290601,,,-0.36239722095480725,-0.4089915792455894,,,0.197087319346466,,0.4963090713475554,,,-0.15477672241143253,,,,,,0.22934284983323674,,,,,,,,,,,,,0.2964460716302111,-0.1438591814844278,0.6197783571088459,-0.27367311290792146,-0.10912071331884458,,-0.13879558457182337,,0.05610122153598176,,-0.09407209948761584,-0.021767932126356374,,,-0.17010149969695607,0.22178746191881174,,,-0.215684198141634,,-0.6200225567811802,-0.2106264534275721,,-0.04433918741043162,-0.050730385989056416,-0.0511196281766036,,,,-0.25102696864620616,,0.18380065944152413,,,,0.10748535666417465,,0.0005237402593789825,0.0005237402593789825,0.6075985129437814,,,,0.02575499765092097,-0.1825470911366739,-0.1825470911366739,,-0.1523953981237019,,,-0.08871855447646639,,0.14723713019543852,0.14723713019543852,0.35850885988941666,-0.4915710108843655,0.18031925457073705,-0.08131581683801484,0.20824895480590652,0.0740287195622631,0.3063075375605026,,-0.27551653929128755,,,1.124442280242582,,0.06722872539412107,,,0.18445826895120923,,0.10995347238080558,,,-0.5768665337404557,,-0.23623717198655386,0.15200965706362338,0.42863069260165376,,,,-0.19568204364075542,0.1263029561708042,-0.21561115097406616,,,-0.15765609559874558,-0.09446793719926969,
2024-05-31,-0.7147069347899345,0.17883831387027946,-0.8535055332962072,,-0.38886742462435175,,-0.4881626712105356,0.15206925163486934,-0.47494386657540233,,-0.11364468526999905,-0.034202671469596324,,0.2712378912084724,-0.0924413408436831,,-0.16512931258597274,0.15586698648644104,-0.34074664086671735,,,,0.2582363884794432,-0.2819340692970998,,,0.3061567223715947,0.026859344532642805,-0.3169305206799515,-0.1500429922885343,,0.06386301429984928,0.23085947352830827,,,0.017242728832901462,,,-0.33462876286535453,-0.44204087655536434,,,0.19115662412415896,,0.4801808445544539,,,-0.17231903627890513,,,,,,0.2596698835073786,,,,,0.25413670884886574,0.25413670884886574,,,,,,,0.30375585392915955,-0.15033242260838306,0.6015592457651405,-0.3635925810505076,-0.1473067594188669,,-0.190520350310957,,0.10337658317388462,,-0.1327457872738303,0.01644194704756311,,,-0.1769588391106337,0.28119688452963437,,,-0.26054581448619624,,-0.6133345343571067,,,-0.046916927640861396,-0.06037193728895014,-0.0009389023948976126,,,,-0.19081361862801163,,0.15545047106662435,,,,0.04203511849731523,,-0.051273716371076056,-0.051273716371076056,0.5384258447179696,,,,0.011708150728672916,-0.22115278145552866,-0.22115278145552866,,-0.19966256026944515,,,-0.1470087096664964,,0.17233052564458282,0.17233052564458282,0.36803531193388517,-0.521145811544782,0.06494968386643578,-0.058468399504792185,0.19253071293596488,0.04882907132105256,0.2769168129669779,,-0.2521890707903626,,,1.0141986313662061,,0.07920054111133272,,,0.11429813901675419,,0.17358380072100468,,,-0.5712305680797167,,-0.16801219859195757,0.19514533190277517,0.4735531676257669,,,,-0.22113201365111498,-0.001871803029919287,-0.19696718170917232,,,,-0.10440551319214744,
2024-06-30,-0.6757110251095481,0.14597646590954705,-0.9446566434561717,,-0.34710802531272084,,-0.49428394152983085,0.1416242573218049,-0.5063196577680577,,-0.15138166206036488,-0.08598887171588755,,0.26923132619198603,-0.08879395952057911,,-0.18141610994693452,0.1667527508091002,-0.34443218452964863,,,,0.2353495151991765,-0.33969173192567426,,,0.258923418199033,-0.0006380594510716652,-0.2319901643120925,-0.22621743437476324,,0.005517067120091557,0.26582824264495003,,,-0.006868730416996475,,,-0.3530880990441061,-0.3931647193077523,,,0.1987289665013106,,0.341843429810748,,,-0.16132221034727195,,,,,,0.24616897367482737,,,,,,,,0.3745650510768091,,,,,0.27951479762286136,-0.13975253213688932,0.5763288061101421,-0.2773799175002314,-0.10024818063786743,,-0.16100418037881853,,0.05873236820745457,,-0.0910900619851508,-0.00604822745530486,,,-0.14713542359951565,0.23242932022716278,,,-0.22831438921785893,,-0.6338391904675358,-0.19418687560876427,,-0.029785439948314434,-0.044022147734601835,-0.03871953155608665,,,,-0.26795245749814717,,0.20646350072373018,,,,0.09634910188693147,,0.005449256333083085,0.005449256333083085,0.6327177796336854,,,,0.03047719517482451,-0.17439847337827363,-0.17439847337827363,,-0.17670967828350637,,,-0.11436406827694419,,0.15821235809754303,0.15821235809754303,0.35332308683963926,-0.4992529792948263,0.19196880307631997,-0.08405361410299193,0.21183573310495982,0.046564105821639945,0.4541958510912415,,-0.2674485084080837,,,1.1522164758753939,,0.055468425126608024,,,,,0.08770736863682087,,,-0.6096699851326631,,-0.17498847930763417,0.11495970401824673,0.41088309189569133,,,,-0.15507162290616014,0.12243139873853177,-0.2126212752779546,,,-0.16832848544167284,-0.09699522113354767,
2024-07-31,-0.6160736495857732,0.16143691201059923,-0.9581433778363398,,-0.3438308162363611,,-0.4375826715136379,0.11795561040203911,-0.5258782307089471,,-0.16415020727154098,-0.06450197927992667,,0.25592406678859536,-0.07833547572043213,,-0.2038671584779587,0.1772017504705527,-0.3665185002996915,,,,0.21719101462972012,-0.2669740806671314,,,0.29800124617806834,0.022515765695634214,-0.22823050002742182,-0.21815141573367458,,0.05980677835662782,0.23327325067575774,,,-0.006761938841280281,,,-0.35517392287183974,-0.3852131317441242,,,0.20787173473686107,,0.5048860748477672,,,-0.11527202525982197,,,,,,0.23017710427581867,,,,,,,,,,,,,0.24170016319806978,-0.1233785403139406,0.6007162871651419,-0.2524508808374082,-0.11104427129777467,,-0.16457679421697988,,0.03480163792733175,,-0.10000489203480403,-0.004197493080344525,,,-0.14040497001189375,0.23833860657951356,,,-0.19148780989036643,,-0.6283743066332831,-0.2392179830527941,,-0.022336922527657482,-0.08492759008185681,-0.03990971378569281,,,,-0.25637341191876084,,0.20505305237714389,,,,0.09750223058103553,,0.002803094405150764,0.002803094405150764,0.6284454619614401,,,,0.02378693347941606,-0.16887904403596063,-0.16887904403596063,,-0.18320542666151765,,,-0.08862855343260331,,0.1565561411276937,0.1565561411276937,0.3837261978728499,-0.5060704417241894,0.20225062201332866,-0.07769031325247669,0.23056727967724194,0.04646079441887064,0.44353529725897006,,-0.2607264193502505,,,1.1523295506903415,,0.0859228144164393,,,,,0.05337472258096566,,,-0.607977292804258,,-0.19054241110283604,0.10602366627612879,0.4185800636363178,,,-0.05490906458832774,-0.13617639293264974,0.13756133640412432,-0.2486507624887723,,,-0.2395404155993961,-0.09026819630292489,
2024-08-31,-0.6249161744035511,0.1196366457483527,-0.9521925481994293,,-0.33864599522103844,,-0.38702408152632795,0.1358640945375174,-0.5108522691392057,,-0.16995455433406623,-0.11365084482637243,,0.22138885770715544,-0.08703732634031741,,-0.17773630358888126,0.1432619820000221,-0.3548257434828639,,,,0.210765372940104,-0.3562967769460792,,,0.33837158770120807,-0.001151494056496377,-0.2447598641731816,-0.2686387268530717,,-0.006304930844948773,0.215864914898442,-0.27630190049835857,,-0.06239894117570772,,,-0.3033062387357398,-0.39024456845763233,,,0.19862883458185218,,0.3318255356819427,,,-0.10912565636031338,,,,,,0.2794083348062286,,,,,,,,0.39028978390645763,,,,,0.25969733009491,-0.12636591244572096,0.6436911853377791,-0.30100018780609306,-0.07241449114274946,,-0.22015365339438733,,0.04303709296322567,,-0.07899216918003746,0.022153230744870356,,,-0.15680454183139836,0.2222870386982655,,,-0.17165593197867227,,-0.6489616798140976,-0.2294405771154899,,0.04175998180225906,-0.07563442158642265,-0.03258302199190027,,,,-0.2905574728210221,,0.26101950220759246,,,,0.10468018513087118,,0.0037299502493296026,0.0037299502493296026,0.6200862339300046,,,,0.02101616063132925,-0.14615767086169365,-0.14615767086169365,,-0.2069028538111422,,,-0.09037483773288377,,0.1494814453407375,0.1494814453407375,0.3932430351141668,-0.5236286173397661,0.1886193582678653,-0.05562482920806459,0.24109155294932277,0.03192387325537413,0.4258788189245744,,-0.26372033404589745,,,1.1812509637978432,,0.024193006419913895,,,,,,,,-0.6028622537359202,,-0.17808915594321473,0.060187616378247474,0.4560061515884051,,,,-0.14944932762640814,0.11103346422819863,-0.24318844356813565,,,-0.2639782922796167,-0.08758596988771145,
2024-09-30,-0.6265355383211967,0.11284361392402414,-0.9815691980236505,,-0.3349999606137318,,-0.4571258029593434,0.12302055203528783,-0.5131038612423883,,-0.1471903553694833,-0.10638543956821545,,0.2853750418017149,-0.08710149778353479,,-0.19444624636086894,0.1777237244061488,-0.34068824910190637,,,,0.20305011366016237,-0.35136212714473614,,,0.30550402318629133,-0.012066147069466765,-0.22694953207326538,-0.21905195749991316,,0.02800825308058465,0.21205349808681323,,,-0.04291467837287831,,,-0.35310888474262764,-0.36076125493946976,,,0.18091628077473437,,0.3565631551172054,,,-0.10354457620138365,,,,,,0.2667738535994512,,,,,,,,0.3593826927246564,,,,,0.2390256491650286,-0.13658761447606538,0.5969452931400727,-0.28722621580476004,-0.07446323622657043,,-0.16760878493068287,,0.03245940751645083,,-0.09075699427644263,-0.01502225539990227,,,-0.1626304485059551,0.22099854948874378,,,-0.16432508727790687,,-0.6669492971130692,-0.23515820597494866,,-0.03634200465003574,-0.062204829976199916,-0.05179126059260527,,,,-0.2702855469112575,,0.22708889900447612,,,,0.08871955523327325,,0.001560228830509769,0.001560228830509769,0.6377839512886337,,,,0.061641470293283165,-0.1543836882326034,-0.1543836882326034,,-0.1768857076445734,,,-0.1101447960331026,,0.156418475350139,0.156418475350139,0.3881182506795806,-0.555048250855166,0.18293988410524398,-0.0857266795267444,0.22429925578434193,0.04802007807580996,0.4583517063859967,,-0.26230026419329205,,,1.1509547734693877,,0.046875010285878115,,,,,,,,-0.5914774508894505,,-0.19438225281557664,0.10101388525308597,0.40803010398514195,,,,-0.1230350347347857,0.09792817344363787,-0.32284700845578157,,,-0.24200200719924359,-0.10892309058582754,0.219128170623841
2024-10-31,-0.6544724508576899,0.13217295641160848,-0.9994334302847652,,-0.3415899630798463,,-0.4012412880273314,0.12698505045627304,-0.5414918759846923,,-0.18480263504962935,-0.12235859191245577,,0.3005824720695647,-0.09237374845754079,,-0.2137996049416316,0.1890653096135293,-0.3430048053496928,,,,0.2019572366317828,-0.29050529770673944,,,0.2907635312796323,0.0097124494308788,-0.21753013866021612,-0.19540442216238593,,0.06509180419802416,0.25503958489766265,,,-0.038226082071544695,,,-0.30877876332322785,-0.3613136691151328,,,0.1659991183512951,,0.5040257597366143,,,-0.11075157793114555,,,,,,0.2470578589845347,,,,,,,,,,,,,0.27908678750440435,-0.30917247495119,0.6359104258475757,-0.29526773197758144,-0.09421873951637016,,-0.15717042505382023,,0.02102591262935526,,-0.07286569184375158,0.02708493157187349,,,-0.1800145907484561,0.24389537700957667,,,-0.1322511032614552,,-0.6865492842633495,-0.2878842311236032,,-0.03572110099128726,-0.10185657664774393,-0.06503641784855953,,,,-0.2965988858930237,,0.21558710146100066,,,,0.10267678177047121,,0.0002922132863857366,0.0002922132863857366,0.5815712948188377,,,,0.07396729543145662,-0.1535921377949426,-0.1535921377949426,,-0.20021062758810182,,,-0.1072286255245211,,0.1627302540037619,0.1627302540037619,0.40343885088783515,-0.563252885391495,0.20560837648878097,-0.09852599240481195,0.2757127427393539,0.06326818461917406,0.48390542682626947,,-0.2788935213934363,,,1.1289523943126856,,0.08732619970883394,,,,,,,,-0.6184482669661526,,-0.22019747458197098,0.13583005681277996,0.406769130707807,,0.2834915258091221,,-0.11942965919436496,0.07278123583821115,-0.32222695780720795,,,-0.28986912168724066,-0.09590399073027257,0.23669070154047783
2024-11-30,-0.6345707627817968,0.1478224020623378,-1.0072625032276872,,-0.3475556376203597,,-0.4030326571556276,0.13664267219533546,-0.551298921392729,,-0.18268575402756157,-0.1287347052001855,,0.27587256889672174,-0.08407008477635156,,-0.21789856353449744,0.17867644767602373,-0.32257089321998395,,,,0.21574856913348678,-0.36850031401528294,,,0.2915401292512291,-0.019143318421399082,-0.23235783894169004,-0.1936823958322617,,-0.006388930825079183,0.23857849842670373,,,-0.029424316329527113,,,-0.30776474062519993,-0.370606328588508,,,0.17280404168165558,,0.3496555868692628,,,-0.12402362536499904,,,,,,0.25730765320125915,,,,,,,,0.36079735610395697,,,,,0.2618980310252754,-0.31143383585555867,0.6158123741944301,-0.2848907053964354,-0.09512773203013643,,-0.16737751802948891,,0.01514598507704692,,-0.0737141396680688,0.029561421269409284,,,-0.15346409513834966,0.21086009392083416,,,-0.12924339041652919,,-0.6749059815699114,-0.30216542953821196,,-0.043452900395614676,-0.0701350937995889,-0.06198279991005012,,,,-0.3052290092358171,,0.23439530937230318,,,,0.09207565090132436,,-0.0009593100787170402,-0.0009593100787170402,0.5702924047610198,,,,0.08923127312978775,-0.16026734524979544,-0.16026734524979544,,-0.19552885398439626,,,-0.11332669420736385,,0.16654189310415665,0.16654189310415665,0.41051187996387967,-0.5706358817698142,0.22831832033448157,-0.09440231313053049,0.3177086484368775,0.041402859728528064,0.49846182405081696,,-0.2708648781026896,,,1.1415661745992578,,0.041964442422921765,,,,,,,,-0.623470080893901,,-0.19878744365344134,0.11011624297928234,0.3761932723243184,,0.29558304274691016,,-0.15137949695903255,0.0699184653212957,-0.32488490685758786,,,-0.29398575251240455,,0.21773555078860782
2024-12-31,-0.5987876722476544,0.17309345873783935,-0.9776764862521974,,-0.34155973797326994,,-0.43521808425046327,0.20755320044806314,-0.5570861248050621,,-0.22201434037792692,-0.0955027390533588,,0.3240557909159813,-0.14529229648852812,,-0.20281028237226748,0.13205425345930777,-0.3009916140993807,,,,0.1417697192806735,-0.37688358879758116,,,0.2710491616502017,-0.07410941808756973,-0.26972370858913935,-0.19072404180117677,,0.011964336334601085,0.1994594216485422,,,0.002262461665895984,,,-0.2951632344326008,-0.34537931602668914,,,0.19269264065110053,,0.3632788668734887,,,-0.12783574100617984,,,,,,0.2702374218554552,,,,,,,,0.31594819910646565,,,,,0.21390729901244648,-0.2477483166210262,0.7346363189138139,-0.34702237572534633,-0.11889974015855996,,-0.163528025324665,,0.012022111442591054,,-0.020998914434882828,0.05570425297419118,,,-0.14431744667556703,0.2542022370241334,,,-0.10415187840100787,,-0.7182067616836106,-0.31597140813592317,,-0.04204811251917622,-0.07825348465462892,-0.0570584707257054,,,,-0.3597119380552587,,0.2564880734816818,-0.33296550740201464,,,0.10250920204130425,,0.007868843729949261,0.007868843729949261,0.5322620017252614,,,,0.10152925578646918,-0.11496169100289345,-0.11496169100289345,,-0.17364042112205355,,,-0.057035198393781766,,0.166281989962551,0.166281989962551,0.374017327349419,-0.5787794273915235,0.143681005389923,,0.3057112011133497,0.04611845504772605,0.4376526868063996,,-0.2516592436144923,,,1.1225746704829929,,0.04468892818935631,,,,,,,,-0.5953363753046895,,-0.2662114808772444,0.16500493011620165,0.31211073294455244,,0.24840701215972943,,-0.123149260071393,0.11125331938947017,-0.24129738406983514,,,-0.2703729436342085,,0.18724901443216774
2025-01-31,-0.5942214453985629,0.2059310972290379,-0.929944078123416,,-0.3222245888172458,,-0.47907849822835813,0.20106229485600852,-0.5465963930363804,,-0.1821766419585366,-0.07727647870781085,,0.32550906718518147,-0.15151003582512465,,-0.2015782717322991,0.13489024258009996,-0.334304506509259,,,,0.10837791342607112,-0.34059739568345376,,,0.2726659040588225,-0.07274580313687425,-0.287805946543526,-0.18625813253355541,,0.030017140060314338,0.13792625112485193,,,0.04578863671264975,,,-0.33054631450967076,-0.33914320160436595,,,0.2198782620984754,,0.36451881467143793,,,-0.23201852565587486,,,,,,0.27296696117068014,,,,,,,,0.2516101545084233,,,,,0.19935804934469803,-0.08508383384291895,0.7329566902789233,-0.333093231693362,-0.11025017343231044,,-0.15773736392654064,,0.04286740540882321,-0.03954092004131653,-0.012586711265278234,0.04492757292251866,,0.10183891257243134,-0.10728928160312588,0.2319810594658029,,,-0.15018212149934623,,-0.7138383642387315,-0.26276891122016516,,-0.03653650415771784,,-0.05034570646562122,,,,-0.331330068056759,,0.21575478826126532,-0.3879412146851177,,,0.07448561845737237,,0.002917389912741026,0.002917389912741026,0.5614464276060203,,,,0.09677670224819311,-0.09997391864388307,-0.09997391864388307,,-0.17777762002338912,,,-0.053497711379530924,,0.1553602052020675,0.1553602052020675,0.31078148714982756,-0.5942935632914338,0.11023590109293634,,0.28026801054638284,0.05803080302498622,0.3927930662341088,,-0.22456842605246122,,,1.1138792624094889,,0.02714994054344624,,,,,,,,-0.611680426594564,,-0.27459096028205027,0.168517097661923,0.30074312271152925,,,,-0.13461333621749344,0.13899318692692944,-0.21910299953963308,,,-0.22144746442035604,,0.1650891921188918
2025-02-28,-0.6174732002335168,0.19324319380190874,-0.9434662841210623,,-0.3113324672682135,,-0.4485611915883507,0.18099748057465154,-0.5386228069562401,,-0.17301569292841998,-0.0733843423459122,,0.340450833444535,-0.15035577314658383,,-0.18896674472107844,0.15849515955558238,-0.3727614388577195,,,,0.12371665060101737,-0.31791939320137963,,,0.28512034023410104,-0.026949978672863657,-0.2658187016322893,-0.1949409417283263,,0.06918569913591634,0.19325108626307683,,,,,,-0.33581854339490413,-0.3477698926558644,,,0.19798585638193583,,0.32543422865666694,,,-0.1996399638584164,,,,,,0.26751656894990355,,,,,,,,0.19956919864454578,,,,,0.2586948555753539,-0.08355618553312688,0.751774744647068,-0.332769803955963,-0.10666036051958568,,-0.1304544035721379,,0.03223482296817114,-0.048368503028133135,-0.025338301160507705,0.04022340337823653,,0.04192391799810517,-0.1510900171858436,0.23928324270503837,,,-0.1479427117900534,,-0.6879621097789931,-0.3129962328446769,,-0.03859183260013717,-0.07902905558964644,-0.05827165431170748,,,,-0.30766283780729975,,0.19156681409048074,-0.3583242880247437,,,0.08360479986774716,,0.010172522440829529,0.010172522440829529,0.5657901470810595,,,,0.10062154103170244,-0.12315303353230199,-0.12315303353230199,,-0.12799099509730275,,,-0.0656846620774782,,0.16464971330365907,0.16464971330365907,0.28010675392621737,-0.621430168334391,0.06495320632456458,,0.2659491683773638,0.05910075088191103,0.44083962462365806,,-0.23228215490200332,,,1.1182431982643446,,0.05689464146593927,,,,,,,,-0.5835707741762081,,-0.26180183753363234,0.17981854729566574,0.3192645902733965,,,,-0.16013185955386602,0.14484987445384218,-0.22906288501422162,,,-0.2202963895766821,,0.1862232885922677
2025-03-31,-0.5714177855963676,0.19770400634603072,-1.0048668101507785,,-0.3440885316169142,,-0.4105751662432011,0.13838240544589178,-0.5629692474872678,,-0.18156565920421316,-0.0601028143966409,,0.14830920339130363,-0.059003900530608784,,-0.24951765986321078,0.18232488485023188,-0.2842151607899393,,,,0.22773636752666473,-0.3379564570616001,,,0.31390805023547264,-0.0962987735485596,-0.27986764617124077,-0.1820290912508761,,0.06394742159055976,0.1930945702108803,,,,,,-0.3250020597531633,-0.3708597623238011,,,0.1745099684624322,,0.2662363796198104,,,-0.21521783932727556,,,,,,0.2574743571506387,,,,-0.03241446103736664,,,,0.30241737780295636,,,,,0.25510619687586455,-0.2549933166490903,0.6544922599915061,-0.30177305874829013,-0.10079096919418859,,-0.11207160301613053,,-0.01283321137030014,,-0.06257617646500328,0.06749088179597393,,0.027812230653931923,-0.10341798610568759,0.23296896531753727,,,-0.12620496229467199,,-0.6450461151805582,-0.35527532896770725,,-0.07951077572827057,-0.08542530822448356,-0.04162715292416158,,,,-0.28212163616128294,,0.22037521898918688,,,,0.06808015273500918,,-0.0016214496859981605,-0.0016214496859981605,0.5481397861942071,,,,0.10185130667343242,-0.14306430191766126,-0.14306430191766126,,-0.16723294207568531,,,-0.1221292297963213,,0.1531396449365507,0.1531396449365507,0.35105608557538115,-0.6254448152040336,0.117651374367456,-0.08878619927493876,0.31305836886050714,0.051119149232433825,0.557949943277659,,-0.25932836762725575,,,1.1488478537863829,,0.05242933785060815,,,,,,,,-0.5725323816193844,,-0.17294905100079136,0.13315227746549513,0.34418674802344057,,0.2614006274230569,,-0.144435654249703,0.12595520772842209,-0.230472372487694,,,-0.27723953987063427,,
2025-04-30,-0.5684480150545316,0.17854089011612706,-1.0267955365365564,,-0.35594140269060864,,-0.4114837596877957,0.1372967436623564,-0.5520785392468258,,-0.1934282117193558,-0.056230498027466005,,0.15383830351893488,-0.053270596942292484,,-0.25540220161191896,0.1819486845384739,-0.3345447314452174,,,,0.22177498397172216,-0.3529281770942929,,,0.34431361471058497,,-0.27392065040889885,-0.18900364815727536,,0.07493727609127443,0.18722277925789302,,,,,,-0.32115069298110205,-0.3592627230352781,,,0.14691485134308982,,0.2582797501074065,,,-0.20103068212615555,,,,,,0.24602007593145406,,,,-0.018938818558565725,,,,0.3242155282319929,,,,,0.2503238996018585,-0.278139206753623,0.6649616601430821,-0.3082251294421235,-0.11250811844285429,,-0.1407777200427937,,-0.018956900294285053,,-0.06589928515178936,0.07322197976344394,,0.007199932313195191,-0.09709372427099712,0.23679268200083475,,,-0.1102542139669512,,-0.6360052333062456,-0.3559339117839061,,-0.06371508150159247,-0.09875599762870525,-0.04147821376089918,,,,-0.28551458959646775,,0.21257130041424244,,,,0.07809758802755618,,-0.005529806408415133,-0.005529806408415133,0.5374616150224208,,,,0.08784941369226228,-0.13934326811594508,-0.13934326811594508,,-0.17200166275528286,,,-0.11566785746262294,,0.15909472377474548,0.15909472377474548,0.3526831496113702,-0.6055265898088421,0.1346926123249127,-0.08857196179350177,0.2827929124706061,0.04793769184747373,0.5364558388140344,,-0.26379350281517655,,,1.1718889468272267,,0.07942054713881615,,,,,,,,-0.5817147178777059,,-0.15170397739401753,0.12822940602379665,0.34515923858972586,,0.28933187518287323,,-0.09603177906572839,0.13069848822831012,-0.23569917686442046,,,-0.3083456422191448,-0.07091733593638967,
2025-05-31,-0.5490417206200938,0.22508052490362954,-1.0206582765890488,,-0.363051739875288,,-0.43762815237531194,0.13524674999016684,-0.5426829624529819,,-0.18103367727371175,-0.05227577375670511,,0.13293099956473703,-0.06740088719907535,,-0.277004314447159,0.17688362544548272,-0.33205584595387644,,,,0.2191865772659947,-0.34916918646132866,,,0.3375813684958166,,-0.2666972492261288,-0.19517172827661428,,0.0777665632728442,0.20225184971775678,,,0.03931850320850121,,,-0.31842371101754247,-0.34351704753732104,,,0.14773776739003316,,0.2594788009648813,,,-0.19600987999539424,,,,,,0.23035475117661972,,,,,,,,0.3123646874071743,,,,,0.23198232245767855,-0.26756959082342663,0.656439547800547,-0.3027618149020509,-0.09956695717888141,,-0.14109924571933904,,-0.01570126292818893,,-0.07021292120041103,0.06832111028152521,,,-0.11787348809545699,0.23757628214932305,,,-0.12325029219329203,,-0.6274947825263816,-0.372939046622881,,-0.05800527390814327,-0.1245962553818575,-0.039284084893600524,,,,-0.28782247590068627,,0.2218150513045999,,,,0.07791882819008047,,0.004687350910074017,0.004687350910074017,0.5416178190609504,,,,0.10522125750836119,-0.14682138977635734,-0.14682138977635734,,-0.16944160413819573,,,-0.1076290475144231,,0.16845763016303605,0.16845763016303605,0.33541418128801564,-0.6311160742496772,0.1395087881151934,-0.08559378605931475,0.25778480714055035,0.049159020254648515,0.5058491889389586,,-0.2609867709286954,,,1.1685813555772497,,0.0812108014863001,,,,,,,,-0.5927583401548101,,-0.15751346473590433,0.11338240202939327,0.35960791827739064,,0.27434003225198733,-0.0652988852313112,-0.07332856944154799,0.159564263648761,-0.24247850782752145,,,-0.30362854827761465,-0.09082058277562474,
2025-06-30,-0.5467846350483493,0.17992949821301116,-1.016482085805073,,-0.372006853878143,,-0.4054046618562493,0.16403625110982262,-0.5645611411065838,,-0.2418968855090498,-0.07904174329230874,,0.2526135317827783,-0.14444641201820677,,-0.2060932221942134,0.15402926033756914,-0.34650158387135055,,,,0.13271181730768392,-0.31202984062823846,,,0.36356120236205414,,-0.23416693043340858,-0.20576650973170282,,0.06976659286875377,0.22846651902497073,,,,,,-0.3080799606875702,-0.3337305392319146,,,0.17321341105224722,,0.2703371689595168,,,-0.13338600225342206,,,,,,0.2509811978150906,,,-0.03440881406574809,-0.03440881406574809,,,,0.236687506451331,,,,,0.23239280659506542,-0.22746328088136583,0.7435190495282066,-0.37044679709743705,-0.11175033386448993,,-0.17346846657148718,,-0.014682582353157222,,0.008151141440558073,0.08854954692853544,,,-0.18095939804713115,0.26051159618140224,,,-0.12124489863569962,,-0.6462395447141704,-0.37307058691873873,,-0.049416163678470945,-0.08623780288110239,-0.04931877608193771,,,,-0.33546700171973753,,0.245406601827429,-0.39006877352656294,,,0.10129649345393332,,0.01006112030036357,0.01006112030036357,0.5365920512077639,,,,0.08486526947224066,-0.12048649915896413,-0.12048649915896413,,-0.16145287455776328,,,-0.04410632555506627,,0.18803726376561788,0.18803726376561788,0.2892182953854751,-0.6021213591924081,0.1477392054110675,-0.059813893758537504,0.24451916766286402,0.03424519641016605,0.3980996248869832,,-0.2523060635966453,,,1.1456426824436914,,0.07452301717174507,,,,,,,,-0.6562190627471522,,-0.24286207699571816,0.1513373517529097,0.31169451372122164,,0.248987304613333,,-0.14285849713312315,0.17869755519382927,-0.2007195715499543,,,-0.2987799340137616,,
2025-07-31,-0.5812010803596158,0.1998358791701888,-0.9680317293744067,,-0.3659501608063339,,-0.3851693426368112,0.19063191265416346,-0.5490736853774785,,-0.2280636014775104,-0.10901448464440323,,0.23949049939551745,-0.16843194694392677,,-0.19451509234217182,0.10671839914191544,-0.3328411287784224,,,,0.10729535792880734,-0.29427425674541857,,,0.3759584765775431,,-0.23711865378383215,-0.2745513349180066,,0.02277033186384594,0.2541203623230597,-0.08127139521710061,,,,,-0.30043542854239075,-0.34914407085677973,,,0.21307517572988582,,0.3183617172947022,,,-0.09561410253498272,,,,,,0.32035422196658764,,,-0.038282913020943075,-0.038282913020943075,,,,0.21429636782902564,,-0.3315199305776658,,,0.2045558823121904,-0.09762302546478717,0.8101925513214214,-0.3664858061059513,-0.11110251054143934,,-0.23440298818295618,,0.014722337086056912,,-0.04405752937499988,0.08369368378737452,,,-0.19096307605249538,0.27039128761269615,,,-0.1223658847476765,,-0.6133387274850772,-0.37645456990790976,,0.07208693760339105,-0.07590090262701382,-0.031368423078614156,,,,-0.36327842323154774,,0.2679872355172482,-0.4335871075671277,,,0.086484973859524,,0.015316173862806497,0.015316173862806497,0.5699855762955377,,,,0.10114314595582018,-0.08051495049160047,-0.08051495049160047,,-0.17973511621168015,,,0.004109207800685014,,0.17951396821599916,0.17951396821599916,0.29500870267827095,-0.5746626330091831,0.11226274400172685,,0.2004807363062258,0.05896344859307248,0.3436045359290069,,-0.2524078691470262,,,1.1631324043479647,,0.08522045452328278,,,,,,,,-0.6527750832833961,,-0.2573341916791331,0.15370778768773288,0.39552995953313136,,,,-0.17498872447444744,0.20864948414922002,-0.21530495977266814,,,-0.3229933272753864,,
2025-08-31,-0.5003762977686184,0.20986053526019352,-0.9433961475512905,,-0.32178403588351095,,-0.3552150594843196,0.14275225665786997,-0.5529146172354839,,-0.23009602050897357,-0.12214209871078277,,0.2300519758195718,-0.1776257309531983,,-0.19163254127406978,0.14897456356341338,-0.3516642539567241,,,,0.17989650910901087,-0.2785986759558794,,,0.3255047889075008,-0.016050426858557655,-0.2542042146436144,-0.333254135692136,,0.029729344793266117,0.22795132822410147,-0.0608578133806743,,,,,-0.3353973398188565,-0.343636974704843,,,0.18935761907062718,,0.27343441839383,,,-0.20047990474722235,,,,,,0.3616458960387126,-0.444589254013272,,,,,,,0.3214770832497845,,-0.07855247794000167,,,0.22416153808999034,-0.08855608347293281,0.8535817945033188,-0.3306986656007096,-0.02443940548008132,,-0.24977990999944774,,0.028749101627007913,,-0.04390454554378978,0.051625449575809126,,-0.023605598779094,-0.1958802298287792,0.404043550850931,,,-0.11217331248477616,,-0.8746358212011401,-0.41918164278289066,,0.09425813682085546,-0.1469986340276025,-0.026980862739367045,,,,-0.38540201995675405,,0.29488802086689486,-0.422949452849056,,,0.08681366510691467,,0.007677392445759138,0.007677392445759138,0.5278804755561314,,,,0.16867916913821285,-0.12079175218215618,-0.12079175218215618,,-0.15665300935828205,,,-0.025854754480188903,,0.18161719777797136,0.18161719777797136,,-0.5734227624199841,0.0724673270581219,,0.21415141935302784,0.01852016451622856,0.14941188571818967,,-0.2425135691890029,,,1.1643252499927865,,0.07991804538282182,,,,,,,,-0.5406131157410115,,-0.2312807167533875,0.12014825193537028,0.5319486516470598,,,,-0.16769998726331567,0.24149982972735862,-0.18245151303905321,,,-0.310746801638004,,
2025-09-30,-0.48784432741279476,0.2216152857505468,-0.9445657639953611,,-0.3139304567218913,,-0.3530678415260675,0.13663934042652642,-0.547739569683689,,-0.23427684926074388,-0.1229736135745811,,0.22001851796660735,-0.17773271108110902,,-0.17992562878196267,0.14389759675722633,-0.3585610943086977,,,,0.1796551630383782,-0.2829716413653586,,,0.29349928116901375,0.0014466425189607276,-0.25863308771433074,-0.3278060496248512,,0.044998498768477536,0.20537187175168978,-0.07147690179942573,,,,,-0.3510973239272434,-0.4121652731350152,,,0.1911059836949792,,0.26106208945762843,,,-0.2153182964934421,,,,,,0.362188019473884,-0.4870011086987346,,,,,,,0.32817701871056454,,,,,0.2652697358250286,-0.09803632930413075,0.8655854160975786,-0.32595918022041676,-0.0006950250471174514,,-0.24107883105751074,,0.028451246806158473,,-0.03787161655587894,0.045634601645152977,,-0.011459512295270584,-0.21277893344715373,0.4109228527183191,,,-0.12233001062566926,,-0.9006406029748303,-0.39374303046610865,,0.08133414940819808,-0.14702273772002858,-0.025976462548218855,,,,-0.35879027008713876,,0.2700840490822545,-0.41732533144114076,,,0.09009068041897138,,0.0035897385553315996,0.0035897385553315996,0.5352950994467494,,,,0.171309552884668,-0.11712885172762375,-0.11712885172762375,,-0.14701715655987505,,,-0.0474760683938243,,0.18067378648858207,0.18067378648858207,,-0.5752503911804844,0.05202083082501774,-0.018206457862891302,0.22505977729326948,0.024132574232309554,0.15598533169563722,,-0.24358377897654895,,,1.1722280831449616,,0.07329937312869263,,,,,,,,-0.5427024662401135,,-0.23438417326890265,0.13037622865156742,0.5157421059629315,,,,-0.17529009669501844,0.23578595764661137,-0.17328891271036942,,,-0.28557266578406215,,
2025-10-31,-0.5233504893918717,0.21523000614772358,-0.9607802138472602,,-0.3573151922779038,,-0.47801502675369034,0.12361273246534385,-0.5302893537721688,,-0.21622908461564844,-0.06923943086387625,,0.24839175734817734,-0.09796823126016872,,-0.18738788141474727,0.16903729697352599,-0.2914413899886033,,,0.475352646178078,0.11788297207452182,-0.37805290002458203,,,0.30010086270562103,-0.08618978449383843,-0.25752070517281306,-0.22214252686040345,,-0.10445106989909841,0.15127258313671485,,,,,,-0.3514162990859302,-0.37322907487963025,,,0.18542164088717683,,0.2438662286069509,,,-0.2071099606477933,,,,,,0.2661032895097368,,,-0.06126690601087844,-0.06126690601087844,,,,0.1715697911436366,,,,,0.2556160318245417,,0.7477364663297457,-0.3560120739377124,0.0306425075481197,,-0.19683101049638113,,0.0040342437925030596,,0.03539489486294998,0.015772399709441602,,0.006018279635758186,-0.20495988412054406,0.25525238036826176,,,-0.16242443950515215,,-0.7404778766910783,-0.370999251549976,,-0.03518587834703189,-0.09972680300575877,-0.047222074275346825,,,,-0.28775362198837606,,0.25103094072988763,-0.3931769954797873,,,0.09163158941417812,,0.02578381438035325,0.02578381438035325,0.6165639224941317,,,,0.11523256970518603,-0.1503350681180665,-0.1503350681180665,,-0.08845143060357508,,,-0.07985393508041057,,0.1707307283527951,0.1707307283527951,,-0.6055792167148074,0.1277249616372409,-0.06621877922232569,0.15990016405680535,0.022154043628254315,0.28157696463249765,,-0.20100752698960736,,,1.103800071707675,,0.07204046497022083,,,,,,,,-0.5663175128345701,,-0.24706242409399884,0.16075696394240246,0.341625000275803,,,,-0.15889234476708294,0.24832252708006106,-0.1793204157076989,,,-0.23634664900297647,,
2025-11-30,-0.5539021106898014,0.2115515759123735,-0.9607903505109782,,-0.36007325101662757,,-0.540544752590136,0.13671774183568752,-0.5302364933735877,,-0.18313143651132918,-0.10004330796149999,,0.2443397276842594,-0.09410965670481511,,-0.20356296089485965,0.16046598624989394,-0.27440805762054854,,,0.45893646887208805,0.11569684211901873,-0.41454210136239766,,,0.3839938319582796,-0.0672278832347084,-0.2778402182343086,-0.24298799701809976,,-0.11099503803830048,0.15943074138380478,,,0.097711796593367,,,-0.3405504649981195,-0.3832124808794717,,,0.20509491548198353,,0.2295898831679456,,,-0.21369887656343844,,,,,,0.2785738754571226,,,-0.05414710493709684,-0.05414710493709684,,,,0.17835227853290783,,,,,0.23916391713274815,,0.7494755098636031,-0.35949510148833613,0.009480992356627619,,-0.16719264058671898,,-0.0019628751926405686,,0.010637316341269834,0.023623149515323315,,-0.07801188475512269,-0.18879066769784872,0.21095848891798702,,,-0.12711016394756158,,-0.7259467449085546,-0.34743505778886147,,-0.034229567837266585,-0.09850347284915228,-0.043965689448626895,,,,-0.2957587051080515,,0.2739736077682285,-0.3946269090270496,,,0.07963646918019686,,0.05523499324864433,0.05523499324864433,0.620655933509026,,,,0.130921785806772,-0.14008138018430652,-0.14008138018430652,,-0.10089506960068846,,,-0.09429863011220893,,0.1660564247518023,0.1660564247518023,,-0.3898815904136315,0.12463528173597695,-0.0642624916616919,0.20495463085015247,0.016166469486544814,,,-0.2064916843768243,,,1.0892704084190978,,0.08316308142645229,,,,,,,,-0.6098640669015648,,-0.25037803244013623,0.13479725687820218,0.3176629743877379,,,,-0.12415882077776765,0.24472945154819536,-0.15750337275423507,,,-0.22653127061232003,,
2025-12-31,-0.574594052135068,0.2156800454737443,-0.9622390388354208,,-0.3748067052164189,,-0.5158298585820277,0.17178501917195765,-0.5207743805499285,,-0.16047410286104186,-0.12972824086759494,,0.25523976561348555,-0.09628897006711663,,-0.20061139222463456,0.12093309189064927,-0.29587306595624946,,,0.3933525144555967,0.13508580853300053,-0.4422464634643899,,,0.38196577342452015,-0.04185192248853949,-0.2590181180107342,-0.23899731524124532,,-0.09206996701021004,0.1939352151226145,,,0.07805225332408393,,,-0.33194089964063844,-0.38619803113057616,,,0.21808958235480394,,0.23155846579109657,,,-0.1777464148884772,,,,,,0.29039269675994744,,,-0.053533926503232694,-0.053533926503232694,,,,0.1006249488643178,,,,,0.2519679572884081,,0.7618380106996511,-0.3260956231877903,-0.05222359021704252,,-0.14988173637160543,,0.004934332633714528,,-0.02638070350342276,0.01849388935932368,,-0.07392597093953109,-0.1893286171726872,0.1837903182485269,,,-0.09872044896133769,,-0.6790661412964348,-0.3064654248434082,,-0.0424214365779551,-0.09309473286241671,-0.039014556495347845,,,,-0.30045366223578923,,0.30129656600191174,-0.39355849501951673,,,0.08123760950337541,,0.05257927038665851,0.05257927038665851,0.628461799408711,,,,0.09532771743173311,-0.13826107039743898,-0.13826107039743898,,-0.11542393400229599,,,-0.10489622613498444,,0.1712406941184299,0.1712406941184299,0.2237698228689235,-0.2843617053018155,0.16544585378717666,,0.20043045952590824,0.01213115176083744,,,-0.2213063171132775,,,1.0931689542291638,,0.10593228427107114,,,,,,,,-0.7077230813081437,,-0.25519114173374624,0.12035190153480953,0.3026575194807816,,,,-0.11807064757054052,0.22770811602419472,-0.14192097421723013,,,-0.24017605275761567,,
2026-01-31,-0.5675637952371233,0.241019917529973,-0.9657240938355212,,-0.36674818566911355,,-0.4999163567792376,0.14618024171460886,-0.5179841097410373,,-0.15768620778239095,-0.11361254349304173,,0.26115662912426435,-0.10779013543262712,,-0.2132819340186038,0.15281270258930846,-0.33920168008509355,,,0.3915054934007206,0.11858183434864424,-0.4623592940601464,,,0.3735327146162781,-0.025789901470294526,-0.28179480394398737,-0.2406341364268317,,-0.0900650129489423,0.17722967916987872,,,0.07764099172321352,,,-0.34180659035436073,-0.5227931269211477,,,0.2083949503916496,,0.22410607639321456,,,-0.17524935305990824,,,,,,0.26508840473290574,,,,,,,0.2375421380206232,0.14616203771490802,,,,,0.24626844184545957,,0.7174590875564932,-0.3288498987321988,-0.019580523888242527,,-0.14688944145380078,,0.000613803028290327,,-0.007375424421768936,0.04259876915381298,,-0.09838566135314915,-0.19776029307049314,0.15878866576180303,,,-0.087356841663447,,-0.6580957178253714,-0.33621769273209273,,-0.04140178476113466,-0.05044470236222209,-0.03370242363366419,,,,-0.2819106352906615,,0.29638365261831373,-0.38187061840181946,,,0.09047335703405189,,0.03539717350225577,0.03539717350225577,0.591654057869495,,,,0.08512351248141656,-0.1194931812459073,-0.1194931812459073,,-0.13592149378054977,,,-0.09936535643229172,,0.1635078114113055,0.1635078114113055,0.2433899275887463,-0.2785799021864384,0.13662863867934003,-0.05414711256563437,0.16043654428156875,0.019558983275245915,,,-0.2128990561092763,,,1.1005536725323757,,0.06232117495350032,,,,,,,,-0.7073635764447024,,-0.24884839069115125,0.09506543813024926,0.3159006994104512,,,,-0.14502541689647008,0.2254223243692118,-0.13227524485156877,,,-0.26540125354290406,,
2026-02-28,-0.5854776904422319,0.2194232165789619,-0.9651928085456829,,-0.3801896148950294,,-0.5151744519452853,0.16056711778464097,-0.508870252988146,,-0.15218379379145103,-0.12302952250110011,,0.2555593572035233,-0.0886856981468315,,-0.2078257081226534,0.12664327503122577,-0.33599137202787843,,,0.4415103991733855,0.1307826545428544,-0.4515036854958983,,,0.39036085033103896,-0.01563072221789649,-0.27442535707270066,-0.2467022254145592,,-0.10409361999334263,0.2239466834520788,,,0.08302169840948369,,,-0.3347649983200729,-0.40022228645418023,,,0.24126277830923443,,0.22967781445582075,,,-0.15433080690762893,,,,,,0.271411343055605,,,,-0.11812635595082933,,,,0.14517339394697998,,,,,0.22989659646606606,,0.7331575942831569,-0.3522714863352511,-0.03559799949345327,,-0.14197759464282816,,0.00828976474704772,,-0.020751339547374476,0.026259078786694437,,-0.06747687776483628,-0.19857594931827885,0.16806378653022241,,,-0.11981431828005999,,-0.6733252615411803,-0.31635226565580987,,-0.04668770884119694,-0.07113818311002817,-0.035974921955955134,,,,-0.2716940525348782,,0.275702147619323,-0.38045264798150674,,,0.08322663311366761,,0.04507271379357076,0.04507271379357076,0.6357511110266523,,,,0.08711326334276621,-0.12856441441066568,-0.12856441441066568,,-0.11905545869399885,,,-0.10832394108259166,,0.1655047044853965,0.1655047044853965,0.22425737801808854,-0.2757076163936916,0.17829968105999827,-0.07625377203311742,0.21921204022160598,0.010627895212842877,,,-0.2192043864298,,,1.0957321972663256,,0.08107361710912743,,,,,,,,-0.7289557932480991,,-0.22841813521171087,0.11228357224196285,0.3073465106564695,,,,-0.13042390227544254,0.22000424188930995,-0.14674039344259174,,,-0.2123891499154835,,
2026-03-31,-0.5829845714519578,0.23697821494164534,-0.9502180315317341,,-0.35996127590338167,,-0.5071346309622555,0.14604794160037438,-0.5133714991370651,,-0.14546628976741188,-0.1214360513022724,,0.2655095567946552,-0.1101708545602161,,-0.20249509220134673,0.1514629928256301,-0.3490507098738159,,,0.4171057336208091,0.11125391237056766,-0.46332015451192243,,,0.3861060836988186,-0.012491324726643672,-0.29995665623630746,-0.24932407159147574,,-0.09192671732202216,0.25416935403522223,,,0.08587154454665115,,,-0.34363348250243114,-0.5322896393150858,,,0.22340035461084778,,0.23138047666562417,,,-0.15780572507710183,,,,,,0.2673138982448685,,,,,,,0.2140307064438179,0.16019326166336023,,,,,0.22869118674586172,,0.6995350249655126,-0.344882426706144,-0.039288001691883456,,-0.1456224979907508,,0.008012468875232945,,-0.012959083798078828,0.03024044574923366,,-0.09936028029908973,-0.19044142963877836,0.15701707720179614,,,-0.12032121816280755,,-0.6566698817651873,-0.3343918459979676,,-0.04150165862847874,-0.050646893714847034,-0.03504162631696049,,,,-0.271836206440703,,0.2990859406369772,-0.3815594506825591,,,0.08512714487422467,,0.04788312085773378,0.04788312085773378,0.5974120989154542,,,,0.10060095182974439,-0.12802944271506783,-0.12802944271506783,,-0.1447491132627769,,,-0.11022407858087481,,0.1646524118414081,0.1646524118414081,0.23944694912926684,-0.2879971979046274,0.1563036652769125,-0.06576644880766865,0.18102945626157582,0.011023769923410552,,,-0.214347767328737,,,1.0862752599158292,,0.07098463567755305,,,,,,,,-0.7250013953797521,,-0.2266969885546167,0.10957105227476073,0.32926378530879974,,,,-0.15109753889691532,0.21323947745229277,-0.13069199710890397,,,-0.20734551461481732,,
2026-04-30,-0.5805601722492262,0.2901218490719208,-0.9659402326030806,,-0.33487971786729787,,-0.49604903720274884,0.13194657905129212,-0.47585054008845595,,-0.09077449230357346,-0.10096080822678875,,0.3002038721370713,-0.05789292464639102,,-0.24592664071261927,0.16928344294691797,-0.29035445474425237,,,0.37710591354806666,0.06423342337575369,-0.38313838204036355,,,0.4579399599363768,-0.05948503564000946,-0.2823520825726004,-0.21473416059988618,,-0.1505393758914967,0.23999543532760684,,,0.10565495673227591,,,-0.3691173746891197,-0.5810767907691267,,,0.2201329068100645,,0.22483195466505054,,,-0.19491315204573983,,,,,,0.25396930508860815,,,,,,,0.1874460548714967,0.15234846758543347,,,,,0.20938127970906234,,0.7312793248598628,-0.3952307314423562,-0.016583473979139868,,-0.1530486873198509,,-0.02130089613227426,,0.002622445597963462,0.025841869594605313,0.5858041690958071,-0.12363509183133405,-0.15602494323553673,0.0932611496554444,,,-0.19824792445499775,,-0.5847571519848029,-0.34291529426395023,,-0.06907379879574573,,-0.003922623374194207,,,,-0.20909367625681766,,0.25102319736955375,-0.3649324327610991,,,0.06078858363141372,,-0.02726315179159923,-0.02726315179159923,0.5378575388852658,,,,0.0607225762928219,-0.08536688611290472,-0.08536688611290472,,-0.21134370922592652,,,-0.18256519997014578,,0.1485505874880194,0.1485505874880194,0.27199297129438527,-0.5578792019396288,0.0825203898910626,-0.07104720387684059,0.2027198781949238,-0.04572617661397351,,,-0.18162681478182302,,,1.0869617784408212,,-0.015391027563646145,,,,,,,,-0.6492656914834212,,-0.21245368732930253,0.149618276807335,0.3800776566014726,,,,-0.15135086979522505,0.11454188095207987,-0.03873873917342968,,,-0.24782529396257308,,
2026-05-31,-0.5325361812504261,0.25049631713589854,-0.9054855030119745,,-0.3327354934527451,,-0.5085524717150531,0.1966044583111235,-0.5384969347380254,,-0.10704281985821287,-0.10093661142274607,,0.2969946365453716,-0.03685322191359845,,-0.1464016438677349,0.06737056539947701,-0.32953043097730755,,,0.41302685716432674,0.12086840405832591,-0.40130850020902475,,,0.2794666628236174,-0.07412484582521336,-0.32634358685970316,-0.22465788954845875,,-0.06142139334034583,,,,0.06214436277953864,,,-0.3480693490048699,-0.4533798124610337,,,0.24977660834768275,,0.25121959526230425,,,-0.16899365723194393,,,,,,0.2797748207313157,,,,,,,,0.2343589541080676,,,,,0.1772427117167947,,0.7024027540703185,-0.337482574047162,-0.032972589506241504,,-0.1711460073664993,,0.007418594365175026,,0.038720230867306075,0.058855856098019056,,-0.0012206570819893467,-0.03427130053536388,0.2942897723364169,,,-0.14598387832527454,,-0.7240468655243384,-0.23326422615932194,,-0.05614052547891387,-0.004277251633411722,-0.0185766621205478,,,,-0.36370091156736395,,0.32408407524640087,-0.3038970747411726,,,0.07806416288844079,,0.01701986992024667,0.01701986992024667,0.5936637502785106,,,,0.1305665012417115,-0.1840886660280417,-0.1840886660280417,,-0.19722105908045282,,-0.5262560028734949,-0.1662938065818515,,0.207464612834926,0.207464612834926,0.32961968881882875,-0.5709542078026862,0.06261184102555285,-0.09337357878489612,0.3271423794885332,0.0035969071035154726,0.4525657842131163,,-0.20705075414633348,,,1.06380660890563,,0.10767361028289235,,,,,,,,-0.5937317586207872,,-0.1509408108410458,0.05983561232460992,0.312234270460787,,,,-0.08700396885492193,0.20667045024738448,-0.10784865066258949,,,,0.028053420873667797,
