,annual_return,annual_volatility,sharpe,sortino,maximum_drawdown,calmar,hit_rate,observations
static,-0.05952352050490495,0.08418075456177403,-0.7070917909297788,-0.7750609659692241,-0.7194723346920571,-0.08273218806999957,0.38461538461538464,234.0
binary_filter,-0.033290843599738884,0.059749823145562764,-0.557170579712606,-0.466013724499436,-0.4342867092800381,-0.07665637213473227,0.1907514450867052,173.0
probability_scaled,-0.03301030212004119,0.05905629013820274,-0.5589633558557594,-0.47287800594536133,-0.4191469650464301,-0.07875591349297864,0.2254335260115607,173.0
