,global_risk__BCOM Index__PX_LAST_change,global_risk__CL1 Comdty__PX_LAST_change,global_risk__CO1 Comdty__PX_LAST_change,global_risk__DXY Curncy__PX_LAST_change,global_risk__HG1 Comdty__PX_LAST_change,global_risk__JPMVXYEM Index__PX_LAST_change,global_risk__JPMVXYG7 Index__PX_LAST_change,global_risk__JPMVXYGL Index__PX_LAST_change,global_risk__MOVE Index__PX_LAST_change,global_risk__MXEF Index__PX_LAST_change,global_risk__MXWO Index__PX_LAST_change,global_risk__NDX Index__PX_LAST_change,global_risk__RTY Index__PX_LAST_change,global_risk__SPX Index__PX_LAST_change,global_risk__USGG10YR Index__PX_LAST_change,global_risk__USGG2YR Index__PX_LAST_change,global_risk__USYC2Y10 Index__PX_LAST_change,global_risk__VIX Index__PX_LAST_change,global_risk__XAU Curncy__PX_LAST_change,em_risk__JPEIGLSP Index__PX_LAST_change,macro_market_proxies__BCOM Index__PX_LAST_change,macro_market_proxies__BFCIUS Index__PX_LAST_change,macro_market_proxies__CL1 Comdty__PX_LAST_change,macro_market_proxies__CO1 Comdty__PX_LAST_change,macro_market_proxies__FEDL01 Index__PX_LAST_change,macro_market_proxies__GACGB10 Index__PX_LAST_change,macro_market_proxies__GACGB2 Index__PX_LAST_change,macro_market_proxies__GCAN10YR Index__PX_LAST_change,macro_market_proxies__GCAN2YR Index__PX_LAST_change,macro_market_proxies__GDBR10 Index__PX_LAST_change,macro_market_proxies__GDBR2 Index__PX_LAST_change,macro_market_proxies__GJGB10 Index__PX_LAST_change,macro_market_proxies__GJGB2 Index__PX_LAST_change,macro_market_proxies__GUKG10 Index__PX_LAST_change,macro_market_proxies__GUKG2 Index__PX_LAST_change,macro_market_proxies__HG1 Comdty__PX_LAST_change,macro_market_proxies__USGG10YR Index__PX_LAST_change,macro_market_proxies__USGG2YR Index__PX_LAST_change,macro_market_proxies__XAU Curncy__PX_LAST_change,g10_interest_rates__ADBB12M Curncy__PX_LAST_change,g10_interest_rates__ADBB1M Curncy__PX_LAST_change,g10_interest_rates__ADBB3M Curncy__PX_LAST_change,g10_interest_rates__ADDR1Z Curncy__PX_LAST_change,g10_interest_rates__ADSO1Z Curncy__PX_LAST_change,g10_interest_rates__ADSOA Curncy__PX_LAST_change,g10_interest_rates__ADSOC Curncy__PX_LAST_change,g10_interest_rates__ADSOF Curncy__PX_LAST_change,g10_interest_rates__BP0003M Index__PX_LAST_change,g10_interest_rates__BPSWS1Z Curncy__PX_LAST_change,g10_interest_rates__BPSWSA Curncy__PX_LAST_change,g10_interest_rates__BPSWSC Curncy__PX_LAST_change,g10_interest_rates__BPSWSF Curncy__PX_LAST_change,g10_interest_rates__CDOR01 Index__PX_LAST_change,g10_interest_rates__CDOR03 Index__PX_LAST_change,g10_interest_rates__CDSO1Z Curncy__PX_LAST_change,g10_interest_rates__CDSOA Curncy__PX_LAST_change,g10_interest_rates__CDSOC Curncy__PX_LAST_change,g10_interest_rates__CDSOF Curncy__PX_LAST_change,g10_interest_rates__EESWEA Curncy__PX_LAST_change,g10_interest_rates__EESWEC Curncy__PX_LAST_change,g10_interest_rates__EESWEF Curncy__PX_LAST_change,g10_interest_rates__EUR001M Index__PX_LAST_change,g10_interest_rates__EUR001W Index__PX_LAST_change,g10_interest_rates__EUR003M Index__PX_LAST_change,g10_interest_rates__EUR012M Index__PX_LAST_change,g10_interest_rates__HDDRA Curncy__PX_LAST_change,g10_interest_rates__HDDRC Curncy__PX_LAST_change,g10_interest_rates__HDDRF Curncy__PX_LAST_change,g10_interest_rates__JYSO1Z Curncy__PX_LAST_change,g10_interest_rates__JYSOA Curncy__PX_LAST_change,g10_interest_rates__JYSOC Curncy__PX_LAST_change,g10_interest_rates__JYSOF Curncy__PX_LAST_change,g10_interest_rates__NDBB12M Curncy__PX_LAST_change,g10_interest_rates__NDBB1M Curncy__PX_LAST_change,g10_interest_rates__NDBB3M Curncy__PX_LAST_change,g10_interest_rates__NDSO1Z Curncy__PX_LAST_change,g10_interest_rates__NDSOA Curncy__PX_LAST_change,g10_interest_rates__NDSOC Curncy__PX_LAST_change,g10_interest_rates__NDSOF Curncy__PX_LAST_change,g10_interest_rates__NIBOR1M Index__PX_LAST_change,carry_volatility_3m,carry_momentum_3m,carry_momentum_12m,carry_drawdown,carry_dispersion
2012-01-31,0.01167893350105314,-0.409661051994168,0.06558392702384777,-0.3191952039750894,0.0746161174206221,-0.28148759740186735,-0.027039593758038577,0.13501761441470572,0.1628749780752409,-0.8155970022833972,0.10648850401216671,0.10593856204574224,-0.22438133497059823,0.2510439698816154,-0.11789253956836254,0.3488068846970664,-0.3412971532597192,-0.4111264457977098,-0.289716565556432,0.23902551972973424,0.01167893350105314,0.3045198866560678,-0.409661051994168,0.06558392702384777,-0.18033704165745143,0.39539451834452627,0.6070153242733571,-0.21264766595114348,-0.5418472418112531,0.04232087745192041,-0.1272285380994975,-0.31155941090297534,0.19064883015761044,-0.2245492456986639,0.01360191048919292,0.0746161174206221,-0.11789253956836254,0.3488068846970664,-0.289716565556432,-0.09883899953307597,-0.27432436886982486,0.07522575834556744,0.7020345987302054,-0.03925088848604344,-0.06275510253150753,0.2299399418667442,0.20821665560198246,-0.15630298831558095,-0.303919499008824,-0.10335492599694183,-0.09208436432403233,0.33903628872580666,-0.6541520446954128,0.2045105927793366,-1.2205085129528626,-0.21859020257524067,0.15817616181006317,0.6423473618049201,0.03606582989844113,-0.006586303327217792,0.22787080654789404,0.33658382947982746,0.053191393277816454,0.016072524248975064,0.21853020839787338,-0.06774018211896855,-0.24105138108388835,-0.38077698338792604,0.2504581571854707,0.012850415035604558,0.25125513246652376,0.20347876339146534,-0.8127100531454016,-0.38225121744650437,0.24348449794446292,0.019520731908551546,-0.08682994325305035,-0.15668434792190833,-0.05235795310886294,-0.5089326183628377,-0.16901030970682626,0.30477549212417115,-0.008602606177269956,-0.6828004551180132,1.1024165956088712
2012-02-29,-0.03350796704022238,-0.5077015767480489,0.06830279923559303,-0.27954396193339753,0.10941288473196319,-0.314046087815625,0.047187958585768644,0.1818310598255201,0.19135661449849625,-0.7153307919608846,0.10725356424368074,0.1968831648159707,-0.24397251904394338,0.21925170952119818,-0.1468509483422772,0.39049969974310045,-0.33930142712724953,-0.564656506070586,-0.19336123854147272,0.2974478996547395,-0.03350796704022238,0.33898281898753413,-0.5077015767480489,0.06830279923559303,0.15286463386587695,0.5049447963150073,0.5292623028518938,-0.28392246233434765,-0.5623152755390142,0.052746908992870316,0.12633493388435071,-0.3559109761163207,0.11415122345239005,-0.22988501131985853,0.07452174154197018,0.10941288473196319,-0.1468509483422772,0.39049969974310045,-0.19336123854147272,-0.0900927736419505,-0.36947390663890106,0.02555098818066046,0.8097857747301829,-0.008204778734269723,-0.11806015549594638,0.2301925414598774,0.3090091203582081,0.0021714492511232526,-0.1321029555895825,-0.06342135099194104,-0.11857631345640579,0.26442671775432874,-0.6548363939428545,0.16091872406033325,-1.2454778637758275,-0.2205545351167292,0.1315887018828066,0.6059194606345325,0.07011621209731324,-0.004465828715943087,0.22653697096090084,0.21081922197764877,-0.06725830771827017,-0.05622224683596371,0.20209230076212492,-0.07363163037210967,-0.08473713568987662,-0.21259882402783023,0.16919815167704394,-0.014503934849142117,0.23162672223547284,0.317513684117829,-0.7709113096839224,-0.24218388325825907,0.3295506450374842,0.03193309355722401,-0.059230678328501825,-0.11947397956089463,-0.041652786550436555,-0.6754241751582658,-0.06223241658088862,0.3776739365745774,-0.13294815899247456,-0.7512793443520649,1.0439845621910397
2012-03-31,-0.04645473034141985,-0.47588760903197336,0.04709720701391254,-0.22372165300734512,0.2143414616415798,-0.29389506120181574,0.010682129697468299,0.13183460545963396,0.14824936991873716,-0.6872166396823609,0.08576080889122949,0.24377452248370907,-0.17849831931342913,0.20334118981546023,-0.12365772470320675,0.26783965048705477,-0.30041945245217266,-0.5685599372803617,-0.19541558103442785,0.40926859754389117,-0.04645473034141985,0.2881313399112017,-0.47588760903197336,0.04709720701391254,0.15234012548496936,0.44420800558322593,0.4409933437122307,-0.24366508810360543,-0.5382546410928218,0.15807024248163412,-0.0017534919928713138,-0.2594353780914014,0.18308037196729435,-0.3565421430911506,-0.0007035433294524907,0.2143414616415798,-0.12365772470320675,0.26783965048705477,-0.19541558103442785,-0.19566970666931863,-0.2995902182551537,0.08003481043773944,0.7935830402567907,0.01107552992572823,-0.13726204434224787,0.16526212738384616,0.29565313198932514,-0.09100153375842267,-0.030334889765364914,-0.08236685232297677,-0.14674676916674279,0.2920270321801938,-0.7068679082422394,0.15543098467834948,-1.320531165128294,-0.189363888600928,0.1685529567785069,0.6334398856351319,0.08619045488812234,-0.023211239818284372,0.23976468446935006,0.26563720865035056,-0.1305706284957186,-0.027147638512119994,0.3371215311066499,-0.06798196400338605,-0.04780747987039954,-0.16586254504175965,0.18659348344132803,-0.08707607856784433,0.17561787871315354,0.336262001646341,-0.7910880852616472,-0.2720263828824518,0.28315733115696123,0.04166990535855008,-0.03924247387977888,-0.1089818831782395,-0.04138028854813171,-0.8009239935160217,-0.03603634476019749,0.20958317787336825,-0.06823713955886335,-0.5949624517264261,1.1063562175640527
2012-04-30,-0.06803806461525327,-0.4273339810415027,0.08157451046326297,-0.21264128298535764,0.1556727385538321,-0.2878505012287015,-0.032403932963938564,0.10720102858374199,0.11568567549965848,-0.5677535707268643,0.1486410300082579,0.26319401718979946,-0.13956949099109778,0.20635213572940697,-0.2644885337299398,0.24770321426582118,-0.29142085583547034,-0.4342171409321081,-0.2333162718536824,0.46891688463461006,-0.06803806461525327,0.21011977686478212,-0.4273339810415027,0.08157451046326297,0.20418445420529427,0.4912874778600779,0.5771918036478545,-0.2818697443009475,-0.48570161509562915,0.2063115505691234,-0.03452477579588601,-0.26059917501324015,0.07293209243702083,-0.31018124164358435,0.04479361202893821,0.1556727385538321,-0.2644885337299398,0.24770321426582118,-0.2333162718536824,-0.14656200317057813,-0.37670024591199286,0.07878263196775216,0.8452131115025002,-0.10109271504830047,-0.20376871895460946,0.13541907710297663,0.3743385364468692,-0.08794154845767391,0.008817936706556137,-0.08610913219208792,-0.2046256623416375,0.3010698205818286,-0.7850836065278424,0.09803551707916393,-1.3515497686194193,-0.20502633896092565,0.13824405523181574,0.6648927402013685,0.10834579277025469,-0.08125586994017603,0.1586130688051683,0.3235664753968735,-0.2177860692790704,0.15828723075495504,0.43792057817128344,0.012763186231650776,-0.05220044144643192,-0.22077157386793625,0.143851893465741,-0.0857052552646597,0.1952498594616583,0.33013703998002414,-0.7916074002604324,-0.1819357620964698,0.23821312994743266,0.05857282441730627,-0.0799736045242625,-0.1634187202020176,-0.05483684791962562,-0.7482092239249393,-0.1954684467313596,0.13640180565321358,0.1262603608886686,-0.5548803435160296,1.0274921650240383
2012-05-31,-0.06609427885160275,-0.4417188687798303,0.09475509581466783,-0.21364063125649382,0.14633461984384383,-0.2853879254105834,-0.02889536722692885,0.11291498383233507,0.13205121922904625,-0.5719674209680611,0.15499776914590643,0.25560748653956433,-0.1404348280887755,0.21616897688520229,-0.24357322814790397,0.25018777499372297,-0.29463342421691546,-0.4561680717996956,-0.21293089598407755,0.49147830189553554,-0.06609427885160275,0.20368569773014128,-0.4417188687798303,0.09475509581466783,0.18777686100688998,0.5022128080449583,0.5965899035961838,-0.29445325619009505,-0.5337120438135592,0.19037609351760473,0.03765698167103997,-0.23602159961356134,0.0657031588048067,-0.3298190703165128,0.0004867469019496992,0.14633461984384383,-0.24357322814790397,0.25018777499372297,-0.21293089598407755,-0.129596751756576,-0.3565106938769275,0.07061691493553557,0.8543326612159786,-0.11374730678039295,-0.20318489937687229,0.1352956157093378,0.36638416584884753,-0.0677485296313556,0.0005419575314966564,-0.08771948350808027,-0.2160520390374592,0.29128624255634206,-0.7913044917632087,0.09833560332868098,-1.3500575621100577,-0.20007800581199767,0.15318661200241743,0.6777695992216483,0.08748098219666761,-0.08250578795000306,0.16965488705995538,0.3111015164946863,-0.2367261401924992,0.1648635708034888,0.445487685416727,-0.01146733752169835,-0.0454489332608509,-0.2064353442826041,0.14427159388227176,-0.06995224951128096,0.2242062490961578,0.33599067000813454,-0.778430734640218,-0.17932259778075738,0.24575051527216538,0.04341352636137782,-0.08571566431641581,-0.17100763706407004,-0.05011515040428106,-0.7885456260989424,-0.22735674109360843,0.13721038597163596,0.17282669035467146,-0.5580331925743198,1.023836735169659
2012-06-30,-0.042941354327799136,-0.4421258743663704,0.09322530187394662,-0.21784712851316174,0.14643075198523556,-0.23814919580304506,-0.00035295383187098055,0.1422099796691398,0.14425124965889685,-0.5391619253006468,0.14681074692503873,0.2770441407057519,-0.09575290871066292,0.2227500383829738,-0.23354714658807668,0.33930120697538085,-0.290695142174503,-0.43825977883348255,-0.23199482247299894,0.5047430676646345,-0.042941354327799136,0.2289086107741705,-0.4421258743663704,0.09322530187394662,0.2493115300702753,0.44462458857586323,0.5939359731308202,-0.32696919362033927,-0.5692389010980283,0.17572900913129422,-0.05218111462929561,-0.21210929798990633,0.08727740989838126,-0.37259059305987335,-0.031083869160439887,0.14643075198523556,-0.23354714658807668,0.33930120697538085,-0.23199482247299894,-0.1932778459475098,-0.3975183431921086,0.06569179915208036,0.8911124353969457,-0.11225432430268638,-0.2105898942313138,0.12067137641144826,0.35407228729075546,-0.09007786034115166,0.01009774584283874,-0.07724114054129382,-0.20349368283151853,0.2754206704275245,-0.7804487435967815,0.13585101404096692,-1.3407734383290826,-0.21073258809159182,0.1267161286465773,0.6723426729120954,0.12911318919734321,-0.0739916812109151,0.22243798502015658,0.3203461892487227,-0.20176350277472743,0.12347212473726031,0.44170016678038126,0.012716024493408853,-0.04410332455336907,-0.21713482519529045,0.19509892024898523,-0.06292466461133604,0.2389042060494282,0.29706244262692044,-0.7883891060965555,-0.18299596969398085,0.18084615293363868,0.07286166404762853,-0.05659502387036257,-0.16120496816421467,-0.06720472927282552,-0.7407745410564022,-0.2935259791893342,0.14553488128908598,0.12639676701086902,-0.5848161927188997,1.0138032688175722
2012-07-31,-0.03241533888941304,-0.44501261184817825,0.06569424629769678,-0.19845492363359118,0.14308486589407887,-0.24585291651012917,-0.009466754225579683,0.12726612462206816,0.14424216848484583,-0.5349957297222893,0.13564518094574424,0.2525579142263285,-0.0950443723832117,0.2090490332045057,-0.2456788027326053,0.3559317512207218,-0.2813010618250549,-0.4513007407670772,-0.21512465579746223,0.5038784901612353,-0.03241533888941304,0.22331221748086091,-0.44501261184817825,0.06569424629769678,0.22556006482361815,0.4172990605442333,0.610294298600311,-0.3490631211095024,-0.5806581990599111,0.2579821412659069,0.4028149670243727,-0.23627576981799026,0.1273475393974704,-0.36056308624538114,-0.03217550049635343,0.14308486589407887,-0.2456788027326053,0.3559317512207218,-0.21512465579746223,-0.20526336495510228,-0.41086730554868023,0.06322225492083249,0.8788388724366495,-0.12923121264384443,-0.2007686384257279,0.145562644090158,0.37908904616621203,-0.08348446833619697,0.029403270278280602,-0.06224258054378037,-0.20031612899527382,0.2794462583158534,-0.7816456513602992,0.15240020046691566,-1.3529203204557372,-0.2087280558132865,0.14415376319151885,0.6797659846005746,0.10414602493407107,-0.08708179908643193,0.203949795721948,0.31832503080523084,-0.1947670992380159,0.1320376564568772,0.43606730409083694,-0.003047299348867474,-0.05226166947006361,-0.214894709195587,0.18203999239265833,-0.07207360302800564,0.2372650029598041,0.3009896156448451,-0.771791408658797,-0.20937301781760084,0.18469663511404152,0.055642767537989225,-0.0559735462769646,-0.14884283100449242,-0.0404802712840163,-0.7303379923869723,-0.2891171812036678,0.135506208884111,0.0977044563797893,-0.6372964828140802,1.024467666270148
2012-08-31,-0.042468709359786715,-0.43599553481887177,0.05824059458495698,-0.1994175350938398,0.1532951043167266,-0.23823640834641335,-0.01027896807574287,0.12551255389649618,0.14765557162428733,-0.5360404473843372,0.13636239449310206,0.24850036171194514,-0.08822246297195868,0.20938684205768082,-0.2501496915035531,0.36732072264838206,-0.27754470333228387,-0.46526054836469255,-0.2103264105856018,0.5202164372590724,-0.042468709359786715,0.2273606497667675,-0.43599553481887177,0.05824059458495698,0.22595509089963095,0.4040201361484156,0.6101200206276784,-0.365989019134179,-0.5872122283767857,0.26293035551070865,0.4011900825806177,-0.23153425559984162,0.11958670541309112,-0.3538080738160153,-0.006614181013365774,0.1532951043167266,-0.2501496915035531,0.36732072264838206,-0.2103264105856018,-0.2005125123238569,-0.41674968659514183,0.06940117850469477,0.8676732195681921,-0.1371837597542862,-0.20416021230350864,0.14675636090947278,0.3859536721729104,-0.07477343721398798,0.03220734306074678,-0.06115410310886688,-0.19641521398461934,0.28917190199351844,-0.7839535798604077,0.15312969156539888,-1.3546989959711535,-0.21275803519471378,0.1453326514495292,0.6789764714215899,0.0964318128113024,-0.01383717393945267,0.2210914674670055,0.3225213464331263,-0.17797791222320505,0.16071910729266753,0.44238080943927016,-0.0010744442967742839,-0.05563648220743599,-0.2034302588496002,0.17675823909952956,-0.06402264023783906,0.23688341169478422,0.30142187068545,-0.7722327878020397,-0.22361057283640054,0.18905348548119486,0.05942329889488125,-0.05299553711279161,-0.14866422148190148,-0.03369801555779805,-0.7312183220340894,-0.29722782931855796,0.12298218665310841,0.0846920206852871,-0.6281689469646058,1.0259717391671626
2012-09-30,-0.05676891647233602,-0.4206504969090888,0.07186471616243399,-0.22598244985659185,0.143751427420841,-0.24658916803427303,-0.011705245471016826,0.12516861072645494,0.14558943808161473,-0.5552313205419669,0.13788131791776903,0.26042451343834105,-0.09124172711350138,0.19458720574815314,-0.24596988130758535,0.36939633790630977,-0.2708102395161773,-0.4786010133656261,-0.20773578182878172,0.5331447529924315,-0.05676891647233602,0.21941221419856735,-0.4206504969090888,0.07186471616243399,0.2318246238969833,0.39072082131662506,0.5889873780065321,-0.3363116035785798,-0.6049570296801906,0.29606435898137456,0.392289848920597,-0.2300792287297168,0.11046924023443981,-0.3663605177055948,-0.03402108587667769,0.143751427420841,-0.24596988130758535,0.36939633790630977,-0.20773578182878172,-0.18535738846282365,-0.4233329719517351,0.08289717709561187,0.8588122641929729,-0.14979604093755278,-0.2090853228499891,0.14927918245225635,0.3890179202873983,-0.08201923876956872,0.034571164827411696,-0.048455993906001006,-0.17304867500199556,0.31685920772942666,-0.7727427015684782,0.16507707335570249,-1.3572809495727616,-0.20988410902288976,0.14437816360733843,0.6800574506710069,0.5098933064073311,-0.03863197114337172,0.20990632175759658,0.35034343374216653,-0.1439806773365101,0.11147756988542237,0.41626247058909815,-0.017543245106280952,-0.04881497899291706,-0.18569198727035224,0.16675309646902256,-0.05055982683414397,0.24070947023406783,0.3023950594550807,-0.7808010563991686,-0.21933098767025785,0.2004603626339115,0.0551695661195072,-0.062211219192016345,-0.14672135763302382,-0.04016785620444613,-0.7081025965135198,-0.31310705790436566,0.11216790648567285,0.09771236474089563,-0.6569224042059023,1.0129319212602548
2012-10-31,-0.050143197391171755,-0.41983632891167205,0.07939682032290508,-0.21222324897943412,0.1431366893119276,-0.23607841195621704,-0.013563557551907907,0.13299316369076652,0.1399593753877222,-0.5761929764843842,0.1345317109183066,0.289121105396702,-0.10978959227427396,0.1944263262348265,-0.25460977210466745,0.3788964600841758,-0.27093911927665565,-0.4894812267777854,-0.2071922671329131,0.5373584087323768,-0.050143197391171755,0.23643057567880205,-0.41983632891167205,0.07939682032290508,0.260826873949713,0.42117793829602695,0.5768930147142565,-0.32084237356502177,-0.5920829583411784,0.28831147928788353,0.4258454579131868,-0.20664010256279886,0.09035290996210642,-0.4187175112354705,-0.16525486203275716,0.1431366893119276,-0.25460977210466745,0.3788964600841758,-0.2071922671329131,-0.16388107866516455,-0.41343123448169516,0.08163360897472252,0.8665120406526156,-0.15993265291568398,-0.21103841309403565,0.16234677741273787,0.3856375195419114,-0.07623260030525916,0.028476632594611074,-0.031783815976338343,-0.1595143032300648,0.31812756139546783,-0.7833619488028418,0.14371526049943098,-1.357499235463685,-0.20144074415357463,0.13047951828539844,0.6955627191648635,0.5225973054912382,0.04002067743632069,0.2083484578419609,0.3396634302880416,-0.1647735314856173,0.1294731220835693,0.4170944191526264,0.019409626168463975,-0.059855248715620264,-0.21966674299546335,0.16380131077597854,-0.0507496852400727,0.24132877586565224,0.31462081232689526,-0.7907518469173972,-0.20065764791127003,0.21026100851089374,0.05798906550289085,-0.06354570852799239,-0.1567324104458221,-0.05785142365217509,-0.7197777791752689,-0.30683686655924036,0.1036200266680803,0.06972834612812692,-0.6114191690830253,1.0036782460335758
2012-11-30,-0.05314180507976271,-0.4224997857629344,0.07998421531220824,-0.21756838399519884,0.13679352647751147,-0.24720543105888873,-0.00985157575829176,0.13470661662082592,0.14105379757839193,-0.5781521217097434,0.1399048506812144,0.27238568272846425,-0.1085149406838251,0.19583523567916253,-0.2579397788005851,0.39001541845100723,-0.26429680998518645,-0.4853971970724044,-0.20897913307544155,0.5322829409656871,-0.05314180507976271,0.23212850986493702,-0.4224997857629344,0.07998421531220824,0.2856810472289225,0.43316220795550425,0.5907894412701321,-0.3186781249327392,-0.5958396241349545,0.2874453513477396,0.41818053693440105,-0.21431346231841733,0.1049345549608438,-0.4170007383895695,-0.1523872969032179,0.13679352647751147,-0.2579397788005851,0.39001541845100723,-0.20897913307544155,-0.1570464622193306,-0.4237506421091344,0.07503936847269992,0.8680825016852521,-0.1609773598471134,-0.2130879168331002,0.1623813936584281,0.38758747620552514,-0.08785778130728956,0.02852953774354283,-0.024488892558091516,-0.14839634595032022,0.33039000386633555,-0.7862440404191041,0.14691927106330793,-1.3585647533756773,-0.2038301868054873,0.12712679542642996,0.6948207883589791,0.5171078780881603,0.24906038152784526,0.151572931873337,0.34962152012730685,-0.15335223451190363,0.12915442418051426,0.4105118643518851,0.022282146653379,-0.05190436847641002,-0.215085967730297,0.16327924719974124,-0.05549085841939334,0.2379307026128826,0.30814522563068203,-0.7893607689547472,-0.19816287785108755,0.2070187415217082,0.05991460596939275,-0.06154635146532443,-0.15674216363091956,-0.053376579755329404,-0.7146372106013846,-0.31730211999377783,0.10179389634096025,0.05209577226445977,-0.6241255541866151,1.0070111372093569
2012-12-31,-0.07743411948345459,-0.42541161784690396,0.09803919458233135,-0.23672016451701244,0.1252068387055338,-0.25970045458064656,0.0018166289420713272,0.14091583982261455,0.12552610667078262,-0.5788459117992292,0.1497198669580474,0.26380059779766507,-0.1187588820527124,0.18290675104076898,-0.26666666365001895,0.39693595642493285,-0.2595762085940044,-0.485090470995979,-0.21267890629122896,0.5224602134362336,-0.07743411948345459,0.19552686616885506,-0.42541161784690396,0.09803919458233135,0.3224486044932862,0.47407478053505453,0.6149018159450569,-0.30336840922615804,-0.5835199773091837,0.29542035475194545,0.4041029839411595,-0.24982436028971775,0.1473651653207601,-0.4249939929890478,-0.1594493784891935,0.1252068387055338,-0.26666666365001895,0.39693595642493285,-0.21267890629122896,-0.14081364511955222,-0.4316636084850427,0.09848790792653637,0.888987569255757,-0.18029003459029228,-0.24703849857154855,0.16050643867371295,0.3884533376397299,-0.11299737618924878,0.037119685920526405,-0.01877259720611526,-0.11435765223579772,0.3778110582805635,-0.7887659407247917,0.15803449528779853,-1.3617767685862145,-0.20264908064938247,0.1258680706370093,0.6833154752196271,0.473436924497502,0.08226402575125032,0.5010578211532144,0.3836191178979366,-0.11432758210086857,0.14536633874768704,0.385510182751425,-0.007507411563111909,-0.03807883853935841,-0.19349944589391666,0.14799094900392382,-0.04739229663668156,0.22685831841838527,0.2771870140275061,-0.7994953063290692,-0.1833021217092455,0.20644696247004354,0.053727105509145306,-0.07646715283782868,-0.15679685066588436,-0.06599059612722992,-0.6793356945899047,-0.3425220667363499,0.11891362060916877,0.04516798447418136,-0.669602210341959,0.9985544006290779
2013-01-31,-0.16111416469169693,-0.33069202298793554,0.08465207128669563,-0.3787202495444213,0.2053878359826674,-0.308044509408407,0.12347736727110056,0.27468409446273884,0.19605550153397514,-0.38247995308956795,0.17858862540353213,0.1174548311028239,-0.1307058223153306,0.11316713364178929,-0.17715463603615417,0.2561782511414095,-0.4344995295960291,-0.20160170914645412,-0.16797583692507667,0.22554897614456682,-0.16111416469169693,0.9691848944964935,-0.33069202298793554,0.08465207128669563,0.16435140677555377,0.49089252721396087,0.5145715527324699,-0.1114365961286524,-0.7248769308210277,0.03276418947674267,0.49784684088682196,-0.019246827034028094,0.18513133209785593,-0.3123421468715601,-0.24053064726188703,0.2053878359826674,-0.17715463603615417,0.2561782511414095,-0.16797583692507667,-0.11325940633366544,-0.600208071769449,0.07039495108392554,0.697906667212546,-0.12293672143346285,-0.2929784607196272,-0.039490969971996866,0.11119232193238177,-0.12443003605772307,0.014179400714023394,-0.06275842321043114,-0.10494714536397501,0.38436562753453735,-0.8186617516082659,0.1008652582371003,-1.3029900770936316,-0.11957085586783642,0.294781397931618,0.7021845536179813,0.5566291052830576,0.06588647129367442,0.48118123304788785,0.32492790924076254,-0.1983221800736105,0.2632568783112273,0.3426340639216676,0.08902398287630675,-0.1336846603585985,-0.41722431556399797,0.20611862708903053,-0.21686471270873456,0.16549827489919483,0.19389504508268957,-0.5643975532403329,0.023854671003099005,0.16351075438376192,0.17200369528179663,0.03727290881097617,-0.11662763974548089,0.009332548563650421,-0.6081018169878866,-0.22508791981386564,0.4502586303535139,0.396514926379657,-0.8140113725087863,0.4747696593559059
2013-02-28,-0.1570998499236925,-0.32551344614518996,0.08047102208651366,-0.38514332751096514,0.20905464005556745,-0.31413624974676435,0.1219647409927884,0.2730146421370021,0.18677397339050797,-0.38218181819937397,0.17271888261124893,0.1272616418318663,-0.12230874021415922,0.11026938367079712,-0.17587306121053592,0.25728903931394975,-0.4324397697210308,-0.18983660496726323,-0.16850949515077646,0.2280171233238896,-0.1570998499236925,0.9823475162120229,-0.32551344614518996,0.08047102208651366,0.15003084348755938,0.4885726059663451,0.5166519373212245,-0.11959899904702773,-0.7250702584221016,0.013972098289368268,0.5303802529992704,-0.016825836495489993,0.18476834293733727,-0.32058642113949815,-0.24306304527540146,0.20905464005556745,-0.17587306121053592,0.25728903931394975,-0.16850949515077646,-0.11320688475147661,-0.5986576268900905,0.07899320385644047,0.6905527367386752,-0.11764626324261888,-0.30237985267468864,-0.03737645229687888,0.11618186740723073,-0.11548280682637789,0.02376513059011064,-0.06006644503434291,-0.10822630194620848,0.37771599903249814,-0.8124752673524335,0.10409721579940179,-1.3013318297169778,-0.11251813062916133,0.30489071100787274,0.6940665094144801,0.5725389725838826,0.10615050642959545,0.5309323955389859,0.3367759999010835,-0.18077142640754992,0.23877749562839554,0.32600898123496974,0.08875823820255552,-0.13767330652831783,-0.4082789744050707,0.2049182821504488,-0.2169176538083972,0.178073197263499,0.1977783451519215,-0.5644182233078062,0.027582331065225753,0.16020720822323428,0.16297291192174124,0.03609024945672959,-0.11856423802566873,0.0073262736208781504,-0.6126080293537235,-0.20980487224845418,0.43675553423213953,0.42197142068177984,-0.8018942446502314,0.4822520597490654
2013-03-31,-0.1388362360255823,-0.3518276776954127,0.09713792387191945,-0.33362704385755726,0.2110400148157623,-0.3588327834641683,0.11364824184859763,0.2572500150345811,0.15558804690607442,-0.3605078966025524,0.2109354261459439,0.1107315109116102,-0.0979510735177824,0.13661782391650318,-0.160552089879394,0.28195363599524303,-0.4425527699578338,-0.12567972041317405,-0.18552487087677252,0.24144358717527806,-0.1388362360255823,0.9790432335824326,-0.3518276776954127,0.09713792387191945,0.13625264517540564,0.5612249216782605,0.4587771079665894,-0.1663429515746714,-0.8029474779456988,-0.019121474073206777,0.549526737361631,0.012658217694519878,0.08340228986192415,-0.3085928227618976,-0.29518126336895384,0.2110400148157623,-0.160552089879394,0.28195363599524303,-0.18552487087677252,-0.11968663809026517,-0.6053814838076081,0.10885352510638283,0.6935432145237512,-0.11932394020793147,-0.3047043886147488,0.011499077969133159,0.11869569926008348,-0.09022396786025098,0.05213429653541395,-0.048164630305637765,-0.12527002251181152,0.33650053848090594,-0.8110771735549986,0.10376274394971781,-1.2877875671674022,-0.12058083750595529,0.2973424525674536,0.6923039346999008,0.5134190116030655,0.043886036960657994,0.46049228458938046,0.42629467577144065,-0.1164120064789323,0.20883765806332966,0.23686525888006832,0.14331890132292274,-0.1565707297905256,-0.3929962847863876,0.2211997775126773,-0.12942364820227042,0.17534874375851653,0.17858007257769884,-0.6006036890374592,0.03613963465837326,0.12453187229321594,0.15848212606662104,0.0423683742468389,-0.12586627451289684,-0.015913212537348568,-0.6582375424658566,-0.15829926843062386,0.48941246505713326,0.4634064372821457,-0.8647252736788977,0.5396918622373663
2013-04-30,-0.11496507616370433,-0.30765885446696895,0.03992666808854366,-0.32990166153743705,0.12879713768680495,-0.35155718854607837,0.07445559656979221,0.21003120011322912,0.13484500453315837,-0.36855961642041735,0.20557776000805097,0.24351746826121246,-0.14351959233979147,0.1646798295251212,-0.16840069379112133,0.29876506442054196,-0.48447415594339965,-0.13142827481814498,-0.1429530176686619,0.4131528893991203,-0.11496507616370433,0.9464872543440086,-0.30765885446696895,0.03992666808854366,0.06246363330713931,0.6663218425852936,0.4636246652569507,-0.007725229133035041,-0.71626778988424,-0.1531622898041991,0.5540969139698778,-0.3251999111464581,0.21519688749160495,-0.3866232612559567,-0.33254240093469684,0.12879713768680495,-0.16840069379112133,0.29876506442054196,-0.1429530176686619,-0.07724530836918926,-0.6564696076348745,0.1875110535374338,0.6834675811223159,-0.18568080939841655,-0.3584354559301666,0.01800004962138324,0.19729955551328945,-0.13957445138381835,0.1050030764748994,-0.058223296438277894,-0.04542979012158642,0.4472237696307396,-0.8049334773030922,0.03173759010920668,-1.285732457783014,-0.10356978744728824,0.25556155355277926,0.6582050665317305,0.44742955946109525,0.019612430600840426,0.32565261407179985,0.44890274811195985,-0.06900529034986756,0.20130384404312332,0.14522535549589705,-0.035219463514056255,-0.294734144747621,-0.2714816992196195,0.1938179718256248,-0.23963675400938705,0.18328872631430282,0.3164319785332544,-0.6788580382164109,0.06877860238338064,0.137066718448644,0.12379210344483718,0.08002416140747941,-0.08797677595717054,-0.012107596464349847,-0.4731726942857943,-0.18458705074571952,0.45094872035981465,0.5511147984938423,-0.8339122627902797,0.3273394351448187
2013-05-31,-0.2021789090060277,-0.3203414926136781,0.1346106321434162,-0.30255309151424753,0.15821376874763696,-0.34469631752805535,0.05325638122582615,0.19211992949783738,0.016908103474992265,-0.3237396235940919,0.148119124194603,0.19596688866165696,-0.10040309361603315,0.0970343797531801,-0.13507368316233484,0.3220563845235468,-0.5056543773027583,-0.17101252352631263,-0.11630173660270846,0.4797892758695215,-0.2021789090060277,1.0068099325096904,-0.3203414926136781,0.1346106321434162,0.07001406998582059,0.7699658832410768,0.5021330674538936,0.04712967300688771,-0.7018266334018199,-0.23933934785378536,0.6416690526716785,-0.1880275691409692,-0.23692950182449926,-0.49693475795276254,-0.26533338828592307,0.15821376874763696,-0.13507368316233484,0.3220563845235468,-0.11630173660270846,-0.03156751882795787,-0.6684157573173488,0.281329311337411,0.5952179280593626,-0.16424199669564138,-0.3632569425117773,0.007011487898368418,0.20475076293353375,-0.20138235296285495,0.03711352637844425,-0.0857715384884717,-0.03023052109944945,0.5283971829051868,-0.7913935401743032,0.08128347116509063,-1.314085832263051,-0.18102819345182894,0.2493414509744284,0.6180197085426753,0.4223768150622297,-0.18571718602313403,0.026507486781546945,0.538187643625501,0.07832752400255769,0.147481843497389,0.16744206923725288,-0.009399684902446007,-0.3609494728785479,-0.22781542226211576,0.19787817828397242,-0.11905057256818657,0.16689744088846714,0.3321329618979194,-0.7799375328189455,0.11611317742379672,0.16514621031542712,0.16373824604280116,0.09914549007725112,-0.08797672752369833,-0.06126183155410691,-0.4339601307046502,-0.13225205324530584,0.3195595680268922,0.49474475959888453,-0.8285924966094953,0.35052747885501745
2013-06-30,-0.2085213445428367,-0.3210234157158245,0.1387698453151689,-0.26233495165789616,0.13749524208375372,-0.43519561487292835,0.06033544450617019,0.17986088518326462,-0.07648156947434026,-0.2838209499542691,0.15919057786841062,0.16496623424837942,-0.1334649820996314,0.06061231976741919,-0.129790166772578,0.33349901996991027,-0.5202287089090147,-0.16863061388800793,-0.10581660154001095,0.4521645594724288,-0.2085213445428367,1.057044536446847,-0.3210234157158245,0.1387698453151689,0.053722158971622684,0.7821607763637544,0.542858143526547,-0.037046467881627,-0.6718417797539282,-0.2760804530454924,0.6046790150956463,-0.3333504846926494,-0.1935220963206007,-0.4682057567338088,-0.2916535657440155,0.13749524208375372,-0.129790166772578,0.33349901996991027,-0.10581660154001095,-0.048573129384517015,-0.6383612335085679,0.21061167062442224,0.6009155154789312,-0.09335052100156183,-0.30372561053435965,0.0265338939935833,0.16755893868985558,-0.2579822802218913,0.035972109694014466,-0.08837212229649681,-0.02498844428310462,0.5334544980416468,-0.7928987356741811,0.06487091974663631,-1.332159516370156,-0.1761240975281021,0.22485052242691123,0.6452363660629701,0.4565662103833509,-0.18821444348613578,0.005732639915568985,0.5781136549996737,0.04697387628145264,0.18334140401012144,0.21645766219541063,-0.1077411107712911,-0.30957225943875977,-0.24923144867693436,0.17700122155714632,-0.09166845046836383,0.17506043222275897,0.3335288441551632,-0.776700086609275,0.11686222046938553,0.14195527099565927,0.14463581179796872,0.10789115137603164,-0.0865264309606104,-0.05837077409704358,-0.41626720012163754,-0.10586649947204263,0.3154565142579701,0.39483468143001593,-0.7992693581053801,0.3256400450988709
2013-07-31,-0.16453254696305486,-0.37418628851429914,0.12582147739556976,-0.1824551444039446,0.15646899447992585,-0.42031065630963865,0.07543612214928747,0.20005448724712027,-0.08327793944821492,-0.27208042780960534,0.16376367985481205,0.21043355565074148,-0.16316198125687717,0.0607660082991006,-0.13827685353916333,0.3244629700761038,-0.5557016273504112,-0.1455699518001137,-0.08284095591695158,0.3570437626544424,-0.16453254696305486,1.039161344010067,-0.37418628851429914,0.12582147739556976,0.04701339420169526,0.703820309757222,0.6488845410467317,-0.14910673986511375,-0.6737107840942473,-0.2202041008054933,0.5690919486059455,-0.22639576982398293,-0.2566531331452584,-0.5720243863479484,-0.25248079272422524,0.15646899447992585,-0.13827685353916333,0.3244629700761038,-0.08284095591695158,-0.06655401419548243,-0.6305959798098687,0.21281394546331922,0.5664799021575487,-0.1385055065345615,-0.33635194138722213,0.03819581986537171,0.21437491983135773,-0.20310500590176328,0.041984723400462005,-0.12381834452682053,-0.012748381210594798,0.5752303584435745,-0.8158513579051467,0.04174184460566795,-1.33176855027235,-0.18887336738524854,0.24276534904403863,0.6658857815327541,0.6078652277937353,-0.13237569655985645,0.05589193948370707,0.5720591346486595,0.06274266429103094,0.20270707142650785,0.16736677359171634,-0.1389846980170989,-0.3661704018297374,-0.22821721729189376,0.1979556834329764,-0.07844515722557749,0.14631506428600455,0.31014764068518574,-0.8761654252531031,0.11306698113511815,0.1449462494621009,0.14285493111577788,0.1146242821057353,-0.0651357998806725,-0.04960343886730104,-0.3668913744646406,-0.08664443354813013,0.40951575637837423,0.3319412116938303,-0.7377531713802189,0.27893610110676204
2013-08-31,-0.12337875892532192,-0.42426539313495715,0.0839193303327089,-0.13946407982152179,0.20678920730301803,-0.3468314127725481,0.09255806852372651,0.22586813440983297,-0.021731766432257806,-0.20950540280690044,0.1281026818165626,0.17728189158238664,-0.19066001624593643,0.05216521274455612,-0.20704166241928088,0.3236089131242498,-0.5629365516900031,-0.1349512237351643,-0.11370809907274582,0.26086911315580685,-0.12337875892532192,0.9961681798813524,-0.42426539313495715,0.0839193303327089,0.07353867413543182,0.7475348905696021,0.7238952741605742,-0.18301107851205609,-0.6467288282265997,-0.20425625166588407,0.5553425164717244,-0.19341237499491218,-0.1762910507774281,-0.60732586636905,-0.1907549167863425,0.20678920730301803,-0.20704166241928088,0.3236089131242498,-0.11370809907274582,-0.03368427610849112,-0.5926366198677547,0.21915765233848428,0.5477377515395011,-0.1394373454848014,-0.3226753444028905,0.07219907478198585,0.2245251017706377,-0.22824392895018478,0.06445212297932675,-0.07702067893420154,0.0006294948641583433,0.6352746462006892,-0.8633975420959523,-0.010578348347553937,-1.2865164011407229,-0.17567073977587935,0.29027934864945754,0.6514769996296119,0.5753405785957187,-0.16970300701559804,0.0156828468448566,0.5745853338916241,0.09350175408836929,0.2012947019587057,0.15631250243502018,-0.13680055044279177,-0.3624323333789133,-0.23872154518046634,0.2149082615572156,-0.07715086357910227,0.06139700407159594,0.3205192398544568,-0.9324936496205664,0.11322793236764672,0.09977225561085759,0.16472377920289943,0.07640291882090049,-0.09220637269995999,-0.052456411572005146,-0.4110653473211774,0.00807614053578375,0.49982481509576315,0.24884458387056746,-0.710556956037626,0.3145480181261738
2013-09-30,-0.12521749137962337,-0.45268721827686903,0.09702376024912265,-0.04792253838385013,0.2593459151463689,-0.24051934633876768,0.029435159686110397,0.17956149694000034,-0.03627590202703996,-0.2207010920916801,0.10913241633953118,0.2043298194434197,-0.20338166718671,0.026915856097776265,-0.21999391590160014,0.3764645055592245,-0.5443228341582268,-0.05718207865205219,-0.04605694818194418,0.2899574667409859,-0.12521749137962337,1.026184103866374,-0.45268721827686903,0.09702376024912265,0.03651918716981449,0.7496165472017836,0.7669129828145925,-0.1442633239859076,-0.717749568474394,-0.16613288059742026,0.4736856285929774,-0.33422951237163795,-0.11575929273017123,-0.5149566184616873,-0.24658877505357465,0.2593459151463689,-0.21999391590160014,0.3764645055592245,-0.04605694818194418,-0.06757229780832401,-0.6181965834342902,0.22280360484379994,0.4253358568548009,-0.23820876127772925,-0.2868849165516065,0.1067532034094127,0.29510894558709516,-0.2149182816277973,0.09847777761616143,-0.03750061882784407,0.027645211186401866,0.6728130861525591,-0.8483578460965023,-0.01266673228743516,-1.2492506042015386,-0.21346112053975833,0.3179318453941079,0.6339964082706153,0.6016045427600153,-0.17325889561152255,0.052149839584359786,0.5617121535658279,0.08966013433760114,0.1852891123597586,0.1972080963234109,-0.15013545034621628,-0.3790525623481257,-0.256877219704802,0.1645068054919592,-0.09258033610925473,0.0426420342518776,0.33300949593908247,-0.8725318576984613,0.06625714748383615,0.09914324277380117,0.14217853541451952,0.09548109956232122,-0.08958133989076002,-0.006682268286098862,-0.4171804101137731,0.019566253946639772,0.43355244660787173,0.3028100719548784,-0.8191207520785759,0.35677180957681087
2013-10-31,-0.12013158249604329,-0.4760923059979271,0.08027740998389114,-0.08052194678313053,0.24809694176459576,-0.2756635512851578,0.013203568594711624,0.15731192439771724,-0.06325560828177244,-0.15656661612882694,0.13208218575355618,0.24790792537943085,-0.17702503613701415,-0.020083486322408913,-0.23680496141273896,0.3416242369475913,-0.5311570726928275,-0.006418346560569782,-0.07910006681183261,0.3044912463554357,-0.12013158249604329,1.008288375700707,-0.4760923059979271,0.08027740998389114,-0.009856382597930233,0.7467396716431213,0.8122723578737258,-0.1334446169521718,-0.6727792238728052,-0.14903398687584213,0.4647074036882909,-0.3383043591625912,-0.12294987059348249,-0.5138845132174736,-0.2231042141392697,0.24809694176459576,-0.23680496141273896,0.3416242369475913,-0.07910006681183261,-0.08844462004903751,-0.6270075703556225,0.25587646771794886,0.4636405866386534,-0.23584127187034393,-0.3158752386772952,0.10325037139693954,0.28811073822718997,-0.17227517836293615,0.12063404386293428,-0.04386773863614199,0.0025438860278342796,0.6744927396949909,-0.8636912049424181,-0.025175850216533933,-1.2593604730967312,-0.1881783328315691,0.33708207602844004,0.6208763656796251,0.6111191685469144,-0.14440699484304567,0.024140816980711518,0.5478200423933746,0.07038349322121917,0.2034017899814576,0.20169262902909962,-0.14705632944389477,-0.4221541387768211,-0.2399202675744845,0.16325861863148167,-0.07698668339840972,0.02702377071535867,0.32273748179224776,-0.8734295546770745,0.03931508121453393,0.13766464159049,0.14950601117854206,0.06598390115053418,-0.10535963638425601,-0.03912428863945573,-0.38512313468626164,0.010812467778411767,0.4213514245079447,0.3439569043046437,-0.8903851039326979,0.3481217551349836
2013-11-30,-0.13458281301000488,-0.19161629019806992,-0.03365431329289047,-0.24363761501161643,0.26398561027570994,-0.1610839444205805,-0.04152284321473585,0.19066100684085804,0.08466269869169894,-0.34407031779378805,0.17435421244361474,0.09841959017137905,0.09652216102334343,-0.24559382822082343,-0.23447527046916303,0.32106689101539293,-0.4893956183346439,-0.06722672005988171,-0.09275763015556425,0.2175072410685254,-0.13458281301000488,1.0539001897545122,-0.19161629019806992,-0.03365431329289047,-0.012829427971995074,0.32446957159649614,0.5728379220280011,-0.07700654289311556,-0.6284546027507703,-0.08266811634528733,0.46494963561672903,-0.1664607627409042,-0.13250103380243106,-0.41673418663556916,-0.30832722379384003,0.26398561027570994,-0.23447527046916303,0.32106689101539293,-0.09275763015556425,-0.06693643707509632,-0.5794048324160592,0.14979106342060475,0.44831641581228254,-0.3343176551768207,-0.2775139517758042,0.12319189768589095,0.35352276324807946,-0.06306877696209759,0.11732566060581798,-0.02972074859807276,0.043292715231108454,0.7675226309465802,-0.8113566915716762,0.05408365223818447,-1.2710047204520232,-0.17239278600826605,0.2898400340196003,0.6397836715735707,0.24792986273451895,-0.1771402019391984,0.00222475823340925,0.5507651230802558,0.013131368462933233,0.05146201984757556,0.04146284786019053,-0.15100642895696154,-0.669681322427403,-0.24642585960950097,0.032166101736329736,-0.20880163867101953,0.17483529052918667,0.4701763141222228,-0.8231371430924798,-0.03976205842529699,0.2018485549040386,0.1341631890486109,-0.015590796803659242,-0.05220058632605473,0.05556602183585929,-0.31759684174220576,-0.009331194786008792,0.41689125056221,0.16748421109270828,-0.6396161136192899,0.45342025104421557
2013-12-31,-0.18245741822583295,-0.12677091650906838,-0.10972980160392204,-0.2975003482712355,0.2741334307369689,-0.17817200838560152,-0.005840342524891804,0.20914835590618963,0.05348169682560017,-0.3490249284803697,0.2008980238108146,0.03627761047627962,0.030060915834609712,-0.24526446289806758,-0.24806308170914973,0.34614378291742026,-0.4822733033535153,-0.03468059813829187,-0.04358871581157014,0.09176457187528968,-0.18245741822583295,1.0629306096718796,-0.12677091650906838,-0.10972980160392204,-0.037524179558527215,0.29113546757333636,0.6015973158070039,-0.11512188552863074,-0.6225853553463574,-0.0021480654390805196,0.4650081555750677,-0.1927754225391267,-0.11078947794686102,-0.48069348049838456,-0.28024412202484483,0.2741334307369689,-0.24806308170914973,0.34614378291742026,-0.04358871581157014,-0.05290502228109912,-0.6498876169173579,0.17560390705283813,0.4427117917913589,-0.3308796178030486,-0.34430483221184977,0.10117835133581611,0.3521015103364435,-0.021746580204407794,0.12060382452427118,0.019183536046170575,0.03909361319736474,0.7773665976405776,-0.8051770930612466,0.04047667124267799,-1.2966255217881377,-0.20595536745810247,0.32562405604665695,0.6493843917547379,0.1967875782069315,-0.2032536149500357,-0.002556791005373935,0.32900187633770667,0.0506055318487312,0.018069394555376688,0.24133785199570576,-0.1452366750127683,-0.6800403577183878,-0.32172829677354725,0.004598861789483233,-0.1806029596606104,0.20552420299686694,0.48639384397467245,-0.8828854660901144,-0.035940618629233076,0.2727456344815383,0.1336184500914377,0.03605689102587133,-0.010134621386334667,0.019826696380840166,-0.3773795020691802,0.00927950416925754,0.3999906166271896,0.1867777226936489,-0.5723896113174133,0.4662517737482416
2014-01-31,-0.1791975048713189,-0.11279737609911197,-0.1278642385088295,-0.27703640803966956,0.2719510095885551,-0.17679795618482824,0.0024954657059059904,0.22260529029412185,0.035658850257307265,-0.35803388159896893,0.1949178568669688,0.044838372333245925,0.01557202835701166,-0.26377517086577346,-0.25845271406527975,0.38158155038596053,-0.4913114355257585,-0.049941327290403646,-0.028233081645490883,0.06285206996534616,-0.1791975048713189,1.0870389381155834,-0.11279737609911197,-0.1278642385088295,-0.027301328207643704,0.25176007237947545,0.5772972989406955,-0.09157272762292352,-0.6368011839074186,0.004168105845093111,0.4398999620184157,-0.14584122751642634,-0.1368083450752841,-0.45849838561484924,-0.2924704330026146,0.2719510095885551,-0.25845271406527975,0.38158155038596053,-0.028233081645490883,-0.03691696786894826,-0.6281366753736007,0.18006010352489804,0.4210523885602755,-0.3175587298737215,-0.3202789105090731,0.11231540569238246,0.3674503434776492,-0.04611744209222136,0.09063550391638325,0.01898129299632765,0.03257043489859899,0.7634493025197557,-0.8173828005435914,0.04436970556187036,-1.305336301678753,-0.20271470773893083,0.3265484072920537,0.6518577762663067,0.18879805686467652,-0.18589242650925913,0.027691817436698667,0.3372701492273272,0.08660858414352723,0.06959888043264698,0.2615309183707156,-0.12193175390790893,-0.6824277318622878,-0.333354053691068,0.012396963409044174,-0.1673721165837731,0.20644556172079545,0.47440061214285567,-0.9990590033881,-0.03420499213592455,0.3258704528471035,0.12902630231997145,0.02113457404134056,0.03419694125131412,0.08590224881745231,-0.3951190807910583,-0.0004034242290792905,0.4073420749411157,0.1444691254487995,-0.6280585927582428,0.4564187553317797
2014-02-28,-0.21159943170851683,-0.17626157822557104,-0.05195136867554477,-0.3005910364531233,0.2982632596996983,-0.2503850641281787,0.09345897531061988,0.2873301576561523,0.04775622806100469,-0.29894598421830854,0.22766049679693384,-0.03758949736498985,-0.06385258984396981,-0.2359635744674679,-0.3179735628692803,0.3520854257663131,-0.4574473536590499,-0.2329711951996428,-0.05683947659872701,-0.035329682741108925,-0.21159943170851683,1.0948056257073588,-0.17626157822557104,-0.05195136867554477,-0.006751021884922369,0.22889124411423584,0.5022879351133088,0.14930703293159495,-0.6282961037268896,0.0036438455234509143,0.46022415095170643,-0.1572885992559187,-0.14718821990040165,-0.43067693870002444,-0.3042877222295391,0.2982632596996983,-0.3179735628692803,0.3520854257663131,-0.05683947659872701,-0.007298002725070215,-0.6726139712788854,0.23177240710646071,0.33041332770399223,-0.3035242067665243,-0.3191534807200614,0.08708111491033624,0.3925121887404641,0.004476900832292231,0.031872068385765354,0.04820373414270297,0.004398209418217943,0.7924052817765802,-0.8363973184443371,0.06978126404575118,-1.3384250684884555,-0.22204499365781213,0.36715291602760336,0.5662494187419191,0.18377008620953933,-0.17788808751259375,0.06929322662962879,0.2760475591425599,0.15424033175707924,0.011029795544348284,0.2034828742664493,-0.09653960205288462,-0.7051604551533288,-0.23923762483431668,0.07035527753838965,-0.18418439281720145,0.1987128679033686,0.4215633430279142,-1.0867756837334936,-0.03589022385711074,0.3022030050180389,0.1493893187486403,0.12933775792081312,0.026090181366266802,0.11713525651691388,-0.3885092064500968,0.006695750402096527,0.3628003213381303,0.2416697395636855,-0.5613972239083839,0.5377981679574003
2014-03-31,-0.14336466735195622,-0.1943376877332879,-0.11638387208424106,-0.28727070496560414,0.23043081866066667,-0.3237008036931133,0.0949330132777685,0.27144158764055315,-0.0017429431215948278,-0.3464876569856804,0.24663454979986785,-0.0438945602407505,-0.054260500430497856,-0.25025953982861193,-0.2985235751987176,0.3698640558356643,-0.4240703700816029,-0.2813147789589661,-0.013502197907259608,-0.05072630809651329,-0.14336466735195622,1.1202476106669255,-0.1943376877332879,-0.11638387208424106,-0.052819509181302696,0.19110030625707547,0.4544334516477513,0.25071090299321247,-0.5656149267683437,-0.053838791637588534,0.4359598084510858,-0.1501529236704535,-0.1499207771085404,-0.420265109911582,-0.3132590377176316,0.23043081866066667,-0.2985235751987176,0.3698640558356643,-0.013502197907259608,-0.03761138253269198,-0.6978363193707947,0.2742204251680722,0.29567632356819,-0.29193922559714197,-0.29630848292118234,0.10112534240330945,0.3993164814409731,0.07882903933218051,0.03239292588886929,-0.03317418024444945,-0.026827636504329226,0.7880856172854389,-0.8517284312302064,0.0489164963429884,-1.3566494715049542,-0.2545790987627576,0.3527934430173931,0.5756580804379233,0.18501938972270446,-0.16894972386043036,0.09675145711918973,0.25865987314112787,0.1209216404793167,0.043754182584588575,0.2650589438714186,-0.0553016552456742,-0.7081641803134602,-0.28469611080562496,0.07618718040387144,-0.17335840489871876,0.19507526299012554,0.39950991827451354,-1.0878279511535938,-0.027061222277520093,0.28382884087707044,0.06494385806084908,0.30551867088323076,0.11335594093055529,0.10441985418846382,-0.40755083200913056,-0.06428631435392945,0.40676854048109273,0.20940589296670295,-0.6519663441587662,0.6149921587218202
2014-04-30,-0.16895266420941865,-0.1445206671247522,-0.07419502761903111,-0.3062070131203362,0.29081666303995135,-0.2792702651816233,0.06371189432943893,0.2668977014184357,-0.0037049595499186664,-0.4791908332996736,0.2927366300146565,0.12267859535619262,-0.0583314394858725,-0.27608489794734414,-0.31333618777767586,0.29645332919967105,-0.4558497669043169,-0.2531453870102043,-0.03991085491235492,-0.027768214056933457,-0.16895266420941865,1.1400277426503933,-0.1445206671247522,-0.07419502761903111,-0.1012492735164078,0.19611960491860758,0.3969302213822494,0.2694799254516132,-0.727577975434136,0.0707460439135389,0.41771559630173904,-0.1802562963059269,-0.22724452198511788,-0.34665471109446205,-0.41511221238421825,0.29081666303995135,-0.31333618777767586,0.29645332919967105,-0.03991085491235492,-0.07390172831715357,-0.7382221952609102,0.30085279294518713,0.20010139825165282,-0.30090915535481766,-0.23063626166038542,0.12418271611229117,0.42251601357653473,0.11687839238474713,0.11530085518393555,-0.01122774175849436,-0.06294203795836513,0.8512647847726847,-0.8027841153140195,0.10126851088847443,-1.348629770660662,-0.18042767774840945,0.369047137196047,0.5947048378646096,0.09440506980912193,-0.10488008605329632,0.11866507793132863,0.21291175186847444,0.18363469259870535,-0.0487385063709772,0.09990106024506827,-0.1623433920575767,-0.6509840926348129,-0.21233463899791846,-0.0051743941931305755,-0.08342855819892159,0.17825471057804007,0.41189107611538267,-1.1586643600537911,-0.12305631284177775,0.2857171199515963,-0.10417938469855662,0.2911079956051184,0.12707703330078915,0.16055352462906713,-0.38468791796178764,-0.056199472623657265,0.2828469348905512,0.270004483362661,-0.5470039156120667,0.553468728485076
2014-05-31,-0.1463184426935721,-0.19228330106198543,-0.0691679983489733,-0.2721771836398238,0.34273830359804025,-0.19287690018419337,-0.05345323917134994,0.20185115127590367,0.01919913612178893,-0.5431034464154055,0.2775823761923722,0.14173085183783674,-0.18333667006752674,-0.27128696532086904,-0.2646890775156314,0.30754244857094876,-0.4397874767258614,-0.30498869922712596,-0.031321154864765555,-0.021931999693420436,-0.1463184426935721,1.1825287885869016,-0.19228330106198543,-0.0691679983489733,-7.300567760602002e-08,0.1562440956899898,0.34375122905281663,0.26899740488261925,-0.6750804304022477,0.018999905053059044,0.41316704303455376,-0.14602901950871494,-0.20345076029995382,-0.38732751073516597,-0.5055260755481878,0.34273830359804025,-0.2646890775156314,0.30754244857094876,-0.031321154864765555,-0.09391062578707443,-0.6842782457628643,0.3459726141823123,0.07609501114926318,-0.2748168008268563,-0.23675581029151502,0.1294036255668698,0.40989401831028716,0.09542329486322704,0.12942306641456255,-0.03142931470310372,-0.022461883534247006,0.9245746154421618,-0.8409556657238737,0.0269885737789513,-1.372418975533556,-0.2238155373008291,0.33945836786045636,0.6535158526859687,0.09166325494620271,-0.13640911830267574,0.11658100063013256,0.24429942137925864,0.1746180703493622,0.04806033905383542,0.11029249678169464,-0.1150707466950695,-0.6779100435312414,-0.20283100574697474,-0.056411763806792956,-0.2308328055345859,0.1786486821175495,0.39123292439755214,-0.9531491007764348,-0.14801696352929858,0.28801965829017867,0.03048783613192069,0.30605158235864605,0.10923649498632161,0.03920779266816142,-0.4078741198571974,-0.06469389479899113,0.38883405045735353,0.2283172161507291,-0.6344695096752776,0.6166121135183394
2014-06-30,-0.04828208130829277,-0.2528066643152435,-0.12090290228833848,-0.4148564955471614,0.32245341495788565,-0.10632653830821316,-0.07009898153680277,0.21148109382358882,-0.1632941610274763,-0.6544390356671889,0.2857450095868434,0.02432971652388787,-0.10075057804392934,-0.2353923712104881,-0.25154815957068616,0.3768265962520843,-0.4378573072898061,-0.24009757545881288,0.013434464424382652,0.08764303624397475,-0.04828208130829277,1.1362308757359896,-0.2528066643152435,-0.12090290228833848,0.021579076943746205,0.3152568882781863,0.40097634995627457,0.41901223974536367,-0.7055793359491498,-0.036413163958430646,0.39735502440197656,-0.07162448102222624,-0.3537649336951194,-0.5554194531651082,-0.47371866282102826,0.32245341495788565,-0.25154815957068616,0.3768265962520843,0.013434464424382652,-0.14071080126858285,-0.6555249672319874,0.278218054630044,-0.052826596665222526,-0.226154698264331,-0.1246101597877874,0.13809911077547335,0.3751060462873797,0.09965238509111239,0.06406911763191987,0.08436651731481543,-0.03916792583043886,0.8346795495669307,-0.7562108130116916,0.060384052476638334,-1.4241726046074943,-0.17359773668604123,0.30980921926982863,0.640776335212596,0.1472744612464373,-0.09019682813704274,0.3021744070484331,0.1895707786604409,0.07087785676342402,0.1533652087366055,0.17464775702837645,-0.0335776143385935,-0.7181122653502667,-0.23456595031634478,-0.026445942997910022,-0.27591660899001863,0.1961666531591334,0.48008368532856754,-0.6646674178570207,-0.15096350650036072,0.2235443250125173,0.13833785988267683,0.15483723185721404,-0.016296324814978502,-0.010618630698035083,-0.4731649569537509,-0.018840051772047773,0.25324728806976654,0.21039659125873425,-0.5075619400778116,0.5831525339687721
2014-07-31,-0.05246206810156248,-0.24546650002307846,-0.13389326182202008,-0.4400911770981003,0.3078078854535463,-0.14282537912174434,-0.06839861372709748,0.20044274245551394,-0.1534712143352182,-0.6665605922549497,0.2825494164758699,0.008748357906563312,-0.07192576459036244,-0.23084280325161036,-0.2486504247676977,0.3974775440283242,-0.4353248230515131,-0.24783032754250686,0.026916175014323303,0.120375485225834,-0.05246206810156248,1.1468677982531972,-0.24546650002307846,-0.13389326182202008,-0.0024246697922206567,0.29180020280365826,0.37534525665620355,0.4067013000447981,-0.7037735877666715,-0.034399299947805606,0.38155654201162503,-0.06073244251663673,-0.4543004130560975,-0.5322707781014704,-0.4741310328878172,0.3078078854535463,-0.2486504247676977,0.3974775440283242,0.026916175014323303,-0.15246459206894347,-0.6725443895690149,0.28478922547209085,-0.054981204744503,-0.22023903143216092,-0.12028720391183786,0.13567171821736948,0.3622247806184662,0.1421240369574884,0.059817476655283065,0.06534401214463494,-0.06462963844544789,0.8672191729700118,-0.751950586385645,0.047376480667171574,-1.4070001667326573,-0.18531630839129845,0.30030901276680627,0.6525337477225466,0.14091007406496428,-0.07439671841154816,0.5317027029141432,0.14962626279235436,0.05061088122938947,0.129771314459909,0.21627760662236606,-0.020072546153706676,-0.7398132492235672,-0.2642061895346695,-0.03993943215383547,-0.282141076382237,0.19881665588986197,0.5327289493168371,-0.6079249716060261,-0.1677346672702842,0.2293804874029634,0.17091871132964814,0.1564794222067956,-0.018001841188323663,-0.0018783994864816607,-0.4612244609405695,-0.012073463443064569,0.23772602382059047,0.20735907658576744,-0.49991931801033035,0.5913634693194126
2014-08-31,-0.05745474993858461,-0.24974348623175321,-0.1436028624148637,-0.4358484565884881,0.31806694474162805,-0.1330362786647652,-0.06652225500078368,0.20393828723067456,-0.16523460447165897,-0.6561411020922749,0.28875722914352964,0.0183998044388185,-0.08977529298591744,-0.22608329748252426,-0.23964746469368572,0.4026663128846502,-0.4368367191020565,-0.20493444393828786,0.03450522641536563,0.09721791131808637,-0.05745474993858461,1.1383186970555332,-0.24974348623175321,-0.1436028624148637,-0.010188600207369503,0.3069043717409716,0.3791315737827713,0.39958453116521475,-0.7045394054238885,-0.03262193505675751,0.3830657395383361,-0.07417489697186093,-0.44897376073778067,-0.5390040134499318,-0.48166837489830316,0.31806694474162805,-0.23964746469368572,0.4026663128846502,0.03450522641536563,-0.15558566484942443,-0.6741199398175436,0.2807480371543961,-0.06922347435744504,-0.20406537282763426,-0.11819493358538521,0.1386688289360818,0.365009381247511,0.14807924906557957,0.05432006745880986,0.05721951693913817,-0.07624856604264307,0.8758957613309835,-0.7565728494017178,0.04435178085028544,-1.398982646371741,-0.18462915453438616,0.2956153089922094,0.6509280696332328,0.14374402329130284,-0.07742179594265362,0.5340971313678321,0.1608929158343198,0.0447747059529862,0.13151616359949253,0.2220164967497839,-0.013105859792577832,-0.7610295883324258,-0.2586908439396548,-0.040429364532509136,-0.289037024460727,0.19178538063444384,0.5393944065846167,-0.626563041638318,-0.16263954981739104,0.22402793771167842,0.19387107213057617,0.18258600829258426,-0.023937400099750723,-0.008839120543222325,-0.46838518647977095,0.0015488548350488785,0.2446572927555787,0.20958129336188472,-0.5084653337803297,0.5965105840109305
2014-09-30,-0.09869637783652865,-0.24423077004724017,-0.12182929913006857,-0.4603357519442121,0.32617376857270897,-0.16160476679504215,-0.07744048923290713,0.20731585197173327,-0.23597336532112703,-0.6809423425864053,0.31253565808324363,-0.03989788490491124,-0.11786945585447133,-0.23418128497523205,-0.2508663519333842,0.4311028585743741,-0.41476956893817096,-0.10037719792829018,0.04862520583142747,0.006566084394981626,-0.09869637783652865,1.1908200157707076,-0.24423077004724017,-0.12182929913006857,0.034819195525282204,0.3184475670376098,0.41662817458376733,0.4303172040339261,-0.7614959104414029,0.10885491765471282,0.37882377907179177,-0.054545351107609455,-0.3970887969781052,-0.6160607116640185,-0.5393005711758073,0.32617376857270897,-0.2508663519333842,0.4311028585743741,0.04862520583142747,-0.13597943151765463,-0.6784765618505888,0.25940913493304135,-0.06514586755995724,-0.17719330153357216,-0.1376706286892737,0.1073429875752674,0.3483762703790007,0.1500467707015817,0.035847901538880296,0.08718071803218819,-0.08063712605012392,0.9455307845807013,-0.7565552128473243,0.0690169252780364,-1.4149430824288118,-0.18978392332789476,0.27989290841327746,0.6591338608271365,0.08633317420469837,-0.19483200758375913,0.468320029698632,0.2589735676802629,0.0698316016090604,0.12195400449679325,0.1335700309334821,-0.05364253111385316,-0.7518722415821254,-0.20662308048767752,-0.050949606291118485,-0.30878116074159745,0.22086962260291973,0.5089454235439204,-0.564581169984195,-0.13737477844942772,0.20496816361830072,0.20504210971218959,0.21101935563700366,-0.051905269025913,-0.03890283655196056,-0.5129299165526238,-0.030250724348437626,0.211881328469403,0.14562332184454413,-0.43223448410657467,0.5764014694004324
2014-10-31,-0.10106295656155871,-0.22525637141543825,-0.1694559729194297,-0.5207378551777925,0.32560934814631304,-0.12924973242023652,-0.0016485442724786085,0.25915585824663634,-0.3008637854622682,-0.7510522797566251,0.36500365992594896,-0.010214504752483415,-0.2230335337000438,-0.19398585491162965,-0.28495402203297365,0.4207313737899747,-0.42188904260106475,-0.052115223017748916,0.03509333636604801,-0.10241755060393253,-0.10106295656155871,1.133281782374109,-0.22525637141543825,-0.1694559729194297,0.012852439366154583,0.4343046242541626,0.3849725201152504,0.462182272862455,-0.8111875184138271,0.22706252621769993,0.39171811106354126,-0.050456179015267555,-0.3589589082478193,-0.643436928611227,-0.5712974868211098,0.32560934814631304,-0.28495402203297365,0.4207313737899747,0.03509333636604801,-0.14056623360553352,-0.6406192321378037,0.2891827911068276,-0.0240548678404675,-0.20137420685516777,-0.20496312703161482,0.07606151147700012,0.3127023755442765,0.24071276522337573,0.026272217529308882,0.11376806038143926,-0.08614378036170162,0.9656365019703002,-0.7129254107620788,0.09343624694015598,-1.366657356190869,-0.18544007153615547,0.27141281295834474,0.6890662975315639,0.09974839658825779,-0.15753356989853368,0.39872984526451466,0.18908048642055533,-0.13876782116007014,0.0909397947386548,0.20176741458009345,-0.0674710985920528,-0.7764364612720119,-0.26290889934675526,-0.13661192834038632,-0.27394221654153733,0.21249492872938847,0.5002359682597908,-0.5472455763230563,-0.19806638963075765,0.21818288425162893,0.20181820676475626,0.20361413893719152,-0.02524312199645748,-0.04341399661727286,-0.4438213693510241,-0.0446795502003391,0.2715374270659092,0.14330721462410537,-0.45722560743834467,0.5474709333263801
2014-11-30,-0.0717194997197051,-0.24054463147696437,-0.18491598795784303,-0.5301563981282681,0.3292704069601821,-0.1122770050525572,-0.005546123771364959,0.25530073286826144,-0.2827171205090235,-0.7701617869155531,0.35554543651345544,0.025915105980774088,-0.20828670865645804,-0.18670462865056217,-0.28436369576780485,0.4191293681713332,-0.4338235830582603,-0.04384294018263464,0.024857213781081976,-0.12997258588982755,-0.0717194997197051,1.1136322332734683,-0.24054463147696437,-0.18491598795784303,0.03304992081404306,0.40075771741046573,0.38250637911167285,0.4819018530530643,-0.8066087666620837,0.1983355774542929,0.4035021059407555,-0.040868080117413365,-0.4322750625461897,-0.6456400756687697,-0.5680459039172358,0.3292704069601821,-0.28436369576780485,0.4191293681713332,0.024857213781081976,-0.16372854348006402,-0.6113390920528289,0.3295074928206031,-0.0554781917104258,-0.2025180129945285,-0.19045276862941093,0.08072072927034743,0.3093781636189154,0.2234549960462437,0.026550352359060635,0.12384659865260991,-0.10037013680438858,0.9523867563805172,-0.7288485741537498,0.07364878149973508,-1.3704491878055762,-0.19994222752688087,0.2627936699785585,0.6910041085563311,0.09582358730472057,-0.14616376152203311,0.41271343829829604,0.32985999235944863,-0.2220817787294783,0.06582639248877352,0.20689888961559402,-0.11124171977364318,-0.7180286528500358,-0.24580179290044668,-0.15033484864858293,-0.28115937585117934,0.19363429748008398,0.5007640705536909,-0.5672937690758397,-0.1848278514818916,0.21047404269047368,0.2173291001561041,0.2075843729515898,-0.03136044262878257,-0.06512864956302497,-0.46642736827806797,-0.040162875113385926,0.2923413326739116,0.1814571706776679,-0.4782452426431915,0.5470479213794817
2014-12-31,-0.08152374442959272,-0.26205506309864496,-0.08839381331927011,-0.37675759360903727,0.4140510096602278,-0.11174317644402514,0.010374146140071323,0.26928193166613507,-0.17360093663305787,-0.7539550049459187,0.2115440304691583,-0.002674240069804911,0.01672373062853968,-0.19865047224162657,-0.3332662541261466,0.342528511573799,-0.44153395816387586,-0.043712250389677874,-0.022866415004574172,-0.16525608872086686,-0.08152374442959272,1.1211346566223888,-0.26205506309864496,-0.08839381331927011,0.1041856572835558,0.5053966421939916,0.4043364502856284,0.5842332586107738,-0.9934743397057514,0.17645576921417078,0.4095697896586718,-0.12712289540880603,-0.26777478620863737,-0.574730449471265,-0.45553133154686326,0.4140510096602278,-0.3332662541261466,0.342528511573799,-0.022866415004574172,-0.14013312605846032,-0.551719860257026,0.3526380806739112,-0.1680966879124839,-0.12675146203350865,-0.14356871937758314,0.02821881431831105,0.2582911975910042,0.21017934607793187,0.08684776811855303,0.15810458865365207,-0.09003309566629368,0.9094735497307328,-0.7432020036849146,-0.0245167966657413,-1.3244839767651133,-0.17195942144784349,0.25438569163678826,0.7471025611120904,0.1050100179843669,-0.17506075620422776,0.3904696810409347,-0.46774018586814714,0.3365297991118697,0.23274913404321104,0.1962958230181414,-0.16278911902863122,-0.6181589427207501,-0.15227043407029567,-0.2114360834462255,-0.19529628348529718,0.09213036675643684,0.3124614732891484,-0.582174466216668,-0.3364303132738358,0.2415258430550845,0.27118314299673085,0.16640610185666094,-0.031642594335415275,-0.06873573961315574,-0.418843314996149,-0.046786894113352316,0.2700857686400174,0.09160977636359562,-0.5020242383007649,0.5669903525328697
2015-01-31,-0.09948836791867065,-0.2667631470258642,-0.030079139503156986,-0.3285335097584794,0.4300596934696649,-0.16075581772551512,0.032464578549367726,0.2626069834843671,-0.16152560313378486,-0.7778521195027326,0.1365576490565151,0.016124221442858144,0.06729971861315581,-0.23855365425552383,-0.3089766175787525,0.31343595272843217,-0.43469547481617815,-0.07099657158409987,-0.02153927549880522,-0.18919264542957664,-0.09948836791867065,1.1063109477149213,-0.2667631470258642,-0.030079139503156986,0.09328374474621079,0.5378158784233446,0.3652350258157323,0.6192681015192294,-1.0211347400659523,0.13125702880744905,0.4140238977028687,-0.15117955786026613,-0.08826278616431847,-0.5359463535474489,-0.46467158429819494,0.4300596934696649,-0.3089766175787525,0.31343595272843217,-0.02153927549880522,-0.13142932147408107,-0.6046214034948562,0.3325422259536884,-0.19183663870718035,-0.13470017954486327,-0.13319241169020876,0.0515956485353973,0.2842242167714221,0.1786778612962552,0.1228747382791826,0.17400958967263852,-0.08906906384614968,0.9215920451143195,-0.7392140922243418,-0.004667581003142957,-1.3211606571676466,-0.18060400594271475,0.2859531173234011,0.7286086020720809,0.11883471104763356,-0.21227814958143282,0.3272719693696633,-0.36443346833429635,0.4902947154104398,0.33190186503181585,0.20153700144549425,-0.10739661612988886,-0.6357099107043775,-0.2340710646550004,-0.25229223889213037,-0.18108227634243637,0.09044962939986238,0.19011821885037192,-0.5495361878634237,-0.36265780759613414,0.24679607492442027,0.2514955736520027,0.1521183810062467,-0.02310472771602265,-0.04310403931347453,-0.3972464530406874,-0.048515870229012506,0.26623451719072067,0.0004571439242941296,-0.4943307002903804,0.5696813802593311
2015-02-28,-0.09805148055428921,-0.26357513988261644,-0.030070205071426957,-0.32610905553470804,0.4211185750329898,-0.17439846120638236,0.03431820137066888,0.27062852668528575,-0.14883605879042994,-0.7831031284844958,0.15906283529308599,0.008997188797429882,0.06649090100937338,-0.2265905773745333,-0.29775803569409603,0.3029137347380901,-0.4343292448369504,-0.06358094766783896,-0.018681667874999912,-0.18305157124184865,-0.09805148055428921,1.087806557120884,-0.26357513988261644,-0.030070205071426957,0.10555168593717437,0.5428525751656581,0.36188574053823913,0.5698339939162272,-1.0355230590441729,0.11245417987543546,0.4257675285825087,-0.1424072711846673,-0.11895979504573101,-0.5219621977777312,-0.459033486615209,0.4211185750329898,-0.29775803569409603,0.3029137347380901,-0.018681667874999912,-0.1226548792262227,-0.5916873811498612,0.328789718317877,-0.1876113347582357,-0.13455962136672986,-0.14118014045424288,0.03710252706375385,0.27992049134841546,0.17888790021807155,0.12865301624984685,0.1784698631158583,-0.09255897689223354,0.9200279857126656,-0.7410962759076553,-0.004566397259796662,-1.327940186435283,-0.19526143910775737,0.2930435846578884,0.7079374655304387,0.12128415896431988,-0.21453679923744776,0.31801791593749035,-0.4138338305055184,0.5193628365729545,0.3396423528799096,0.21070010604026584,-0.10482979209759435,-0.6402133054816996,-0.2112905441621213,-0.25522645649088443,-0.1701272176077818,0.07800243697466606,0.1822385171247027,-0.5501462520383374,-0.3717034592337894,0.24453507698469062,0.25911792843225656,0.15073684775006616,-0.017237935767350773,-0.03182241621671057,-0.3959048129274726,-0.060565303594114585,0.266337875285089,0.021068145970851684,-0.4892593412924032,0.567996151391891
2015-03-31,-0.1260856865411967,-0.25581950348792276,0.013385997277294392,-0.3126116432003006,0.4262742236590584,-0.17592523584333075,0.032541254672522245,0.2724017766783528,-0.14646623238860904,-0.7787926727907604,0.1597652030545955,-0.022854310140156556,0.08228630174747185,-0.21336202985128389,-0.3171273858860449,0.3123319616516392,-0.4369063617413085,-0.07240164667072307,-0.010351312052450976,-0.1864724992231154,-0.1260856865411967,1.043556358179861,-0.25581950348792276,0.013385997277294392,0.10686530365148075,0.5502593544913589,0.3375558838674505,0.5328237326275218,-1.0450799900038832,0.07784110237381361,0.4275832365245752,-0.13222617508381437,-0.03747236884982396,-0.4479011953644297,-0.495839189311827,0.4262742236590584,-0.3171273858860449,0.3123319616516392,-0.010351312052450976,-0.10582633582856107,-0.5862584093939128,0.31248602371438966,-0.19674244692071882,-0.1520074253932173,-0.1549775701750711,0.03181719611130227,0.2769273835600186,0.19967982928640585,0.12912532914997824,0.1686064243110804,-0.08961081330322569,0.9136329935779819,-0.7297367749772148,0.006508235986401213,-1.3387968389122245,-0.21840101042035912,0.29499743972374187,0.7039270742844547,0.11132606700746794,-0.2154035920320423,0.3020176308789614,-0.7508339777850059,0.4665710457965224,0.22249361735596546,0.1980439390596316,-0.10601979556598379,-0.634659141759932,-0.18581340521795459,-0.25259893731154615,-0.16353710232573468,0.08047136261131572,0.13255699175462518,-0.5482031496616329,-0.3592831270340561,0.25192355789325993,0.2703371597441347,0.15291396733892504,-0.01334686238646722,-0.028477934700636094,-0.38776519740142446,-0.09415842855235568,0.2644807053604566,0.017690032842381423,-0.4599310415957117,0.5388509011367919
2015-04-30,-0.12656388556592396,-0.2562853240881845,0.017359542843400553,-0.31224559124493617,0.4248989722600924,-0.17100411793841155,0.027532559946671614,0.26941107352886046,-0.14388477534226346,-0.7766210894340849,0.16017690237303714,-0.02080258829272725,0.07968018451781161,-0.2106402985626687,-0.31863140497233383,0.31353272226287177,-0.4366764748510896,-0.0713918613779804,-0.010478383763499223,-0.1851986048078935,-0.12656388556592396,1.0442404124978946,-0.2562853240881845,0.017359542843400553,0.10604221907048719,0.5527376338773218,0.3327926967429993,0.5256365216472993,-1.0491200432628403,0.09572158057997988,0.42379737729722355,-0.13715127178910766,-0.04674183499427435,-0.443767789021872,-0.49999798407485746,0.4248989722600924,-0.31863140497233383,0.31353272226287177,-0.010478383763499223,-0.10347527747774554,-0.5852537112741693,0.3186075165983402,-0.1980552801952706,-0.15892655227016192,-0.1536935617408967,0.029501757394567354,0.2732435526937945,0.1975599187917803,0.12869500337072476,0.1688951752747787,-0.09073636084048058,0.9118170485499925,-0.7279382085024471,0.008409747902724788,-1.342420816236825,-0.21810037395436027,0.2953461219692116,0.7047058094755728,0.1099056934485151,-0.21155058786822553,0.3044256487086535,-0.7773047802349654,0.46723602299839545,0.2348256487053499,0.19968406576129874,-0.10709310162441492,-0.6332582261680062,-0.187145101747178,-0.24835960088451758,-0.16445056195601868,0.08151452594907087,0.13138415877440812,-0.546936545516665,-0.3601830760595668,0.2526582761735649,0.2707156816968145,0.15378891411387058,-0.012776906741746202,-0.02757784695997363,-0.39406969689152993,-0.09273007790578532,0.2652498391740392,0.01821773803547857,-0.45865341159521245,0.5354835749157758
2015-05-31,-0.1517979629311733,-0.2526888448445439,0.052216911603302996,-0.3322474627158213,0.4094941763105414,-0.13019344387592188,-0.025216450840024992,0.242747667943986,-0.13833526109284283,-0.7241017969366111,0.12136828278808921,-0.033008982088451676,0.04655472276856389,-0.19564510009996788,-0.3757768951197237,0.3077058937540637,-0.41650074351509797,-0.08367284526957207,-0.027505109943202242,-0.18561056969314932,-0.1517979629311733,1.0488202980475807,-0.2526888448445439,0.052216911603302996,0.10287448826078206,0.5455231458208444,0.3304419669877207,0.5131744036099737,-1.0277006516851777,0.44434706868947893,0.3952846609494871,-0.17597263396401022,-0.12548162361005408,-0.44085440582629415,-0.5172166377502188,0.4094941763105414,-0.3757768951197237,0.3077058937540637,-0.027505109943202242,-0.07511579389679851,-0.5742771850618787,0.3022732838426153,-0.22106782655238824,-0.18384604054651532,-0.14922271221631936,0.013420855445453937,0.22504810695839333,0.2559550906492167,0.1332493486151208,0.19315005668145988,-0.07331449200222502,0.8474686901698881,-0.7288020344443039,-0.027892063495913246,-1.3650309250583383,-0.2139923702698246,0.3118606664042267,0.7206127050563078,0.09130209795937569,-0.18647338605512345,0.3024747756131666,-0.6558636776077045,0.5313360808962169,-0.11609538959784106,0.3262319451293846,-0.09133248330748384,-0.6293638886186796,-0.18727435953334776,-0.27662899998897317,-0.184431323421425,0.09598143742633397,0.13233878265941004,-0.5631225313620171,-0.38439780136564594,0.2728785300845799,0.31138405000018266,0.15430046893447794,0.018805063759431508,0.020584225390554982,-0.39086608279733653,-0.1574029967207529,0.2549778523674761,0.061491441552499825,-0.43504809300518243,0.4919447720987037
2015-06-30,-0.15326772408260342,-0.28011665163725974,0.05369064921235425,-0.365973319827074,0.4296217978180296,-0.04406114365646609,-0.042013995806270896,0.2636940492421875,-0.1171759893187468,-0.7343985047348175,0.11301513918015456,-0.03135815657554259,0.07278974553885653,-0.1953426268760427,-0.34919492708303507,0.2938840048026372,-0.4103602037898505,-0.08147155651117235,-0.030652733602364594,-0.21478761378866662,-0.15326772408260342,1.0517089408452924,-0.28011665163725974,0.05369064921235425,0.13891988868486102,0.5246189481152647,0.3633530016930774,0.5115212542104397,-1.0048584885547018,0.23814415682197493,0.4176181402789043,-0.22311181596184354,-0.04739092155524557,-0.3748421909544149,-0.4732683878878582,0.4296217978180296,-0.34919492708303507,0.2938840048026372,-0.030652733602364594,-0.11276467043341973,-0.49856522951945115,0.2891254930888184,-0.24502377506052792,-0.14748443146711657,-0.15793762806876874,-0.000875496321615091,0.17332635641626618,0.24520176813739106,0.12314033181164823,0.17786118153466274,-0.08286919531330715,0.8348055829145549,-0.7389733856614085,-0.05717089869282473,-1.3461478946911978,-0.18194594810772952,0.2881521512318678,0.7361738746995794,0.09353935107218464,-0.2004117600972191,0.2887362657324607,-0.6667207079877869,0.5116828333025019,-0.5340825088628477,0.5460254877655369,-0.060117496125485746,-0.6548537492103419,-0.18138459273427718,-0.33497941509773677,-0.1775935289986827,0.07609156915215698,0.14617487145108363,-0.5591614268276616,-0.401011931240837,0.28814382578503617,0.2523007081217439,0.16004795924154633,0.043925625452111525,0.06911137915540319,-0.3541992925511683,-0.14590585205438106,0.26973814036134186,0.023301953623909785,-0.412049139022525,0.4664114668342391
2015-07-31,-0.20363113223045645,-0.25835387488865147,0.11527403794496474,-0.35053809822224385,0.453234937631995,0.03557474020138609,-0.023154923420050526,0.2829560703901589,-0.13202636538603718,-0.758736153193259,0.1351897375333019,-0.024087544820134275,-0.0036676594984137796,-0.1715620184534586,-0.358552539543793,0.269523721125417,-0.41538851171270236,-0.19129135356951774,-0.04369231990728715,-0.20854639402973324,-0.20363113223045645,1.0581765967869456,-0.25835387488865147,0.11527403794496474,0.18772595676969253,0.48319873497139876,0.3301070545759507,0.5815319808286122,-0.9445389442896529,0.04464003832927917,0.4538784337401283,-0.23311866394204359,-0.2560182084318164,-0.34259108480473827,-0.4330887040930542,0.453234937631995,-0.358552539543793,0.269523721125417,-0.04369231990728715,-0.11295094296168134,-0.4966520994659511,0.2831035272557144,-0.29218371050733694,-0.1816956920677829,-0.16353072482519204,0.01601081210347222,0.17925053576863215,0.1991943433379364,0.12467809440565593,0.14719901485433656,-0.02173300970160557,0.8349485345790075,-0.7943283887119473,-0.12261969264485362,-1.358841283422602,-0.16560529654312275,0.34558453427905117,0.7642012564763363,0.08503032939895931,-0.16560522252922957,0.32672354741087484,-0.6554797897775527,0.5938227399227985,-0.5279024081508935,0.5520939203149412,-0.04567012095309235,-0.6383830127948896,-0.16907699485013053,-0.39405228766823547,-0.14544869149337444,0.06600691167944962,0.13882315675019816,-0.5550177578952111,-0.34611577394194115,0.2793961911008434,0.25714702272876466,0.16447519351838283,0.06929980626037188,0.10540798780972725,-0.29792069510523084,-0.168578416170101,0.24923816954223446,-0.005056957155200696,-0.3411425422779952,0.4280385744498045
2015-08-31,-0.2230095650011869,-0.24444663566741245,0.22001363732375978,-0.25253324395027565,0.45068133559414386,-0.03849308581049532,0.07650973883978225,0.30121830708328196,-0.1323749638276521,-0.5771117393669217,-0.029113491016896257,-0.1160746406827231,0.16066153655736917,-0.2161328689821448,-0.3580275874862662,0.20288695754464306,-0.4068578211155431,-0.08751808061705213,-0.032032052809910554,-0.1986713271536604,-0.2230095650011869,0.9974924942744626,-0.24444663566741245,0.22001363732375978,0.04613467654887318,0.5576575273699688,0.28251721767863824,0.6119567886594328,-1.118885447132715,0.0807534860617433,0.4347830513185957,-0.11627469723196152,-0.4144053672334457,-0.2630601026077546,-0.494178965062259,0.45068133559414386,-0.3580275874862662,0.20288695754464306,-0.032032052809910554,-0.06301959682860676,-0.5410910542370535,0.12915089053436912,-0.19245437835089133,-0.21791114148148633,-0.18593665825388822,0.08514344654773513,0.1726893958588066,0.15452917564472562,0.016995328916623878,0.06728947313906115,-0.030595574780937836,0.8217489699862378,-0.6399082147803109,0.09387259604354835,-1.176161129806031,-0.0531367842186257,0.32559378624184665,0.7768812531263026,0.07422070960552246,-0.11298017546144129,0.3871031850764978,-0.6923319615953578,0.6071374418772644,-0.8917641126633405,0.6871384806816068,-0.032471715529958776,-0.6692675796552728,-0.23055668217610523,-0.35627108221902276,-0.26748092633538256,-0.008223492620985304,0.3784294228285762,-0.5608884060821393,-0.38640434873644036,0.2533574506467467,0.33651172052033823,0.19149832295100594,0.07524337560607133,0.11069624900776118,-0.2201798213553055,-0.12005263810760981,0.25976800973258846,-0.07164162009378768,-0.3737798542882626,0.37464436400652545
2015-09-30,-0.2218965189897868,-0.24618291155623873,0.2185777712308013,-0.24626014165184867,0.4486670911912887,-0.04217066040056575,0.0786256063103316,0.30004446258836576,-0.12871879079365145,-0.571362265952421,-0.027353756989132942,-0.11107837286379761,0.1541349882151758,-0.22054193532637734,-0.3578465936195458,0.20083799347528755,-0.40440695860728143,-0.1200393895922326,-0.034539340593408144,-0.18949618032850754,-0.2218965189897868,1.004306428105703,-0.24618291155623873,0.2185777712308013,0.04943860099034487,0.5628511896620848,0.2847108902263931,0.6099497872579649,-1.1259183239886934,0.07797346094396292,0.43404344344525553,-0.10712792451290076,-0.42161932626468135,-0.25985403034310034,-0.5004150390338772,0.4486670911912887,-0.3578465936195458,0.20083799347528755,-0.034539340593408144,-0.06154819886332105,-0.5404922884612101,0.12759265058267924,-0.18291515993008203,-0.21886270756810872,-0.18927118050048247,0.07970059546838103,0.1696432650357496,0.14917861707846217,0.018356370019331776,0.06637342439979943,-0.03352432492925618,0.8287482402609869,-0.6453678849958869,0.09500291734620027,-1.1807086224255827,-0.043439465907774394,0.3300625453982527,0.7806858588303628,0.07424664475671029,-0.11202094673948855,0.38864435502359657,-0.6949312952139967,0.6050123273662752,-0.9121246757822761,0.693327235553768,-0.031917454242799355,-0.6766126620396096,-0.22880684246610888,-0.3518493095150231,-0.2678241855534168,-0.009994705597724567,0.3758274921833033,-0.5556113141394612,-0.3898745706254153,0.2596540349064267,0.3296188859409361,0.19728152871976457,0.07390279982333517,0.10662094042988299,-0.21610510620175002,-0.11879662030917383,0.26068998598486665,-0.07844062930070209,-0.36854359954236277,0.37183085191952875
2015-10-31,-0.21227037017826306,-0.22229712376384828,0.16636314852886397,-0.27170278515711577,0.4570018822277323,0.04829347101330268,0.01142672626416577,0.2741510718037609,-0.16002842405035428,-0.4656188249787299,-0.07324834381670983,-0.14098930596352663,-0.00446341865096687,-0.27329059517256715,-0.3142181245590192,0.18813744620118497,-0.40636724290527054,-0.31684587326554076,-0.04883989611257542,-0.08890126834570575,-0.21227037017826306,0.9934529865079932,-0.22229712376384828,0.16636314852886397,0.07006309715957296,0.5568360134104547,0.35467320362440474,0.5454504344340149,-0.9165723588996251,-0.024651745587329348,0.42433870261198176,-0.09708466825540209,-0.3599677133351477,-0.294066002653035,-0.5387148739140196,0.4570018822277323,-0.3142181245590192,0.18813744620118497,-0.04883989611257542,-0.009490511681149198,-0.46888973913665094,0.052628260646945896,-0.026582015299268576,-0.18486326055230073,-0.31562293458985097,0.041200495965213295,0.18945251407666358,0.1800902220283202,-0.005598753008705656,0.12428014446995432,-0.04548778678776875,0.8218406532003203,-0.5225747922485294,0.17035437823739707,-1.297711810580702,0.05020322464640346,0.3293528469540709,0.7658546966651296,0.08387335956781199,-0.09648058769360143,0.37167630591667966,-0.6893649361947402,0.622176642780915,-0.766798509937504,0.5730873938551155,0.006516214325285453,-0.8423464212357098,-0.11686912899321575,-0.34422524602703325,-0.15947963635314766,-0.06876200507654188,0.2365368757309621,-0.4410704549035408,-0.4835515888665657,0.3247915441632292,0.20396250515092607,0.18115360576950526,0.04427044170354545,0.12170592714438035,-0.32110682359705467,-0.12495222890448128,0.23173009978141476,-0.022539620875440546,-0.39567752406323764,0.3970649337191649
2015-11-30,-0.2506589175044376,-0.13797620584248105,0.15402273272999562,-0.24534129265324559,0.47054707908000737,0.04840197166395696,0.02940967627950492,0.25532588579692284,-0.2929699819652482,-0.4086960949629734,-0.011756267753811087,-0.20330173029013898,-0.04963369074903368,-0.12036530023783865,-0.42208444278990565,0.29101598430525216,-0.39536051182037724,-0.31539909865587007,-0.011628047998539448,-0.084949960078954,-0.2506589175044376,0.9785176812614172,-0.13797620584248105,0.15402273272999562,0.016125068722880453,0.46115640665777796,0.3880041445351277,0.7980642606136578,-0.9390009213085708,-0.15268022143270896,0.41898315678280934,-0.23267280373606936,-0.4731328587125345,-0.03873051549302048,-0.5446004565334036,0.47054707908000737,-0.42208444278990565,0.29101598430525216,-0.011628047998539448,-0.09214242865408175,-0.25353925046844616,0.10659982130866201,-0.14785827519089612,-0.14264024844786202,-0.397809621062264,0.028879512570217095,0.01405638757272222,0.27205843392296514,-0.012641255365060205,0.10520412415486777,-0.14136120933722932,0.8226536394665025,-0.35406869336147545,0.38251686307856086,-1.2855602243572966,-0.013433901773555622,0.24894360517407657,0.625405220370427,0.061774524939516615,-0.039048118849683844,0.32574666889788395,-0.5836959455476197,0.7054281757942805,-0.34300326512386425,0.05794668701981405,-0.12328547200657332,-0.6898653031741164,-0.22651893945987045,-0.3439250298471386,-0.15128919206494507,-0.12182626959850838,0.3385877110740893,-0.29506331179438877,-0.4715037355665978,0.5768950782507759,0.14309228270618013,0.12142098499961393,-0.025160716367475477,0.009038627868188698,-0.32234374052953363,-0.08413776953883166,0.11174180628510524,-0.03189379824981828,-0.2662456607243226,0.38535885510018053
2015-12-31,-0.24988444695647338,-0.12911660659840293,0.1537092271567857,-0.20796682730491037,0.4849680188716068,0.0631339663494471,0.024889792804392467,0.24475873589165664,-0.286472185176722,-0.39775939895124274,-0.004744106998240577,-0.20050743872845417,-0.08484968649748487,-0.10670639513455377,-0.42571337473440335,0.2920067167322427,-0.3962919235756625,-0.3292003565926141,0.001155549790089258,-0.09030387564156428,-0.24988444695647338,0.9998377393346263,-0.12911660659840293,0.1537092271567857,0.006945025260597143,0.4418324815787344,0.3793713493587779,0.8203786208209408,-0.9605035538586874,-0.14885815648024137,0.4167295689269474,-0.25065334182032617,-0.428470679708269,-0.030200404323146433,-0.5499804709759238,0.4849680188716068,-0.42571337473440335,0.2920067167322427,0.001155549790089258,-0.10198985969613647,-0.24801115933480963,0.09430746882206761,-0.16099428682504321,-0.1632694572959884,-0.4024594546212958,0.03605120566409344,0.018363712046184755,0.26181475602448057,0.005154706590463876,0.08871436269196706,-0.15483512515960268,0.827830758378603,-0.354794975349361,0.38819329692425164,-1.3014328532206825,-0.012806986810211442,0.2674411295900596,0.6210062033375698,0.06493499469815107,-0.0403730665661974,0.3209253388675061,-0.5739176590119957,0.6711010974718671,-0.3710596737039108,0.13366930396871107,-0.1264048270257373,-0.6880852150276675,-0.23282536364378617,-0.3246246053718147,-0.14070184489687365,-0.13128241478950284,0.33059056810865817,-0.28024846802465087,-0.46243426864501164,0.5877241146453616,0.12322061240649616,0.13156405517289418,-0.022757128921502376,0.011677018743463342,-0.40411627272340445,-0.08132551117668325,0.12069365788550294,-0.006149269828313542,-0.27918745156157687,0.38112369434405924
2016-01-31,-0.25258539152819715,-0.12923841361365,0.1512619141878362,-0.21143383923865436,0.4861717014390884,0.06851960771787313,0.024637017543074517,0.2479409259511259,-0.28735517070686667,-0.40076607320432184,-0.0020485197360118625,-0.20281852709222845,-0.08389465718697987,-0.10476598573893585,-0.42531498249815775,0.29272905389540066,-0.39645870326513377,-0.329650173487299,0.00571857237132449,-0.0924042176466549,-0.25258539152819715,1.0361983066778113,-0.12923841361365,0.1512619141878362,0.008795981373746122,0.4473918148112061,0.380252645845898,0.8133652644963383,-0.9635981741682035,-0.14723168457131774,0.4159346979057914,-0.2513252368372282,-0.4263879239418357,-0.027079589642543315,-0.549611186863567,0.4861717014390884,-0.42531498249815775,0.29272905389540066,0.00571857237132449,-0.10307538966204488,-0.2470686416220542,0.10113700229573948,-0.16580810514880615,-0.16167330333689345,-0.397591233781192,0.032570970675527604,0.012321993550575363,0.2625010904618285,0.0020685089855615353,0.08756161428528172,-0.1570332412971373,0.8284831616031721,-0.3468428491572737,0.39186807525136663,-1.3029561710718824,-0.010013553094135865,0.26435761808193364,0.6173976122624845,0.06533959880130441,-0.03921478568242244,0.31827760420123646,-0.5689079359038897,0.6702656903781934,-0.3698889722502162,0.14151761553537953,-0.123345504602992,-0.6824654219334256,-0.23315878611673735,-0.3241400658754069,-0.1377098305296228,-0.1309912234493233,0.32770473153885493,-0.27890552487803627,-0.46367241958337857,0.5846223673459736,0.12406472781959411,0.13393498801022016,-0.026089383307186503,0.011405852185095641,-0.4118064052075265,-0.07914135183412935,0.12401422498778426,-0.0069891014433637036,-0.2802467725355208,0.37877057244056817
2016-02-29,-0.24187420873139592,-0.12936636754089553,0.1345514174415423,-0.21533996124867277,0.47200610793861725,0.06922738170390018,0.012849173711094673,0.23820863656835045,-0.3063660758981666,-0.35334461127557815,-0.006743659574672944,-0.18788121949629022,-0.10248051440599482,-0.11673811863422033,-0.42224787491126514,0.3063284533972558,-0.4074810914336852,-0.33648403428249907,0.010296431175982362,-0.08660432137564124,-0.24187420873139592,1.022065502580842,-0.12936636754089553,0.1345514174415423,-0.004252119596701437,0.4470815273728648,0.376998260480532,0.8162388657674327,-0.9770471738213146,-0.14440225593218334,0.4122180460435129,-0.28217689511571276,-0.5557806173931438,-0.024998953558987798,-0.550419584873689,0.47200610793861725,-0.42224787491126514,0.3063284533972558,0.010296431175982362,-0.09990024694048584,-0.24182823050302885,0.11554937453818478,-0.1679966003240164,-0.17408437519241493,-0.3977023953457264,0.010340951792850979,0.0072375997905712855,0.2617777293532612,0.0005349521842166797,0.08816671049439485,-0.16860882282473352,0.811590012073553,-0.33650172344931534,0.378387320229779,-1.3292961790905917,-0.0026500594928690626,0.28846229095820713,0.6271703140004817,0.05631020870044359,-0.030868011984133855,0.3109148477926304,-0.5389602805579115,0.6338564528881155,-0.3910360734806322,0.18356777498645777,-0.15465357557243303,-0.6723405871533865,-0.2970871990796569,-0.354858416407024,-0.09408335504961875,-0.14120659007749614,0.2701040488905882,-0.2698591971994628,-0.4535335560256969,0.5982032160562665,0.08690647336063477,0.13921425558555842,-0.03519740337691473,-0.007312315708994663,-0.39898639159835564,-0.06775153395212088,0.13861612115251148,-0.0016903940522330855,-0.27552700127382523,0.3617101236593523
2016-03-31,-0.22759131505735897,-0.122265820540267,0.11575484664843462,-0.25259669230220383,0.45505485879737695,0.07253841172165977,-0.015618548945716553,0.2207424707392189,-0.31595969272052427,-0.32021624189812475,-0.008728288105243905,-0.18330737273213973,-0.11653896186143413,-0.13263689648887608,-0.4260316747075256,0.3215045982255878,-0.4212432325173044,-0.3518568839959739,0.010493065364304072,-0.06531915608212654,-0.22759131505735897,1.0164076016650652,-0.122265820540267,0.11575484664843462,-0.004608150360440593,0.43195607062139196,0.37121455869412834,0.8005552561369346,-1.0011193811914512,-0.15793161376285145,0.4052986137015086,-0.3354682179281685,-0.5439871166307673,-0.01480064354647177,-0.5503712953833274,0.45505485879737695,-0.4260316747075256,0.3215045982255878,0.010493065364304072,-0.08537612421877248,-0.20546253280750484,0.12164690241314369,-0.19465974716643242,-0.16447873310937344,-0.4143219158845912,0.0004963831325797811,0.00029396139538205503,0.27670099912545765,0.012687023681945936,0.09021122653808764,-0.185481097211778,0.8052766684887297,-0.3299014090450267,0.3750726823207369,-1.3434631941412583,0.0014341003243632461,0.30060930193714575,0.6351784821846498,0.04096898747587957,-0.03316301344519137,0.29274329094942386,-0.5022384503760805,0.6306699596081224,-0.40850041048166147,0.18394914642931254,-0.17595296121482554,-0.6530649320975616,-0.28848792861674627,-0.38308846684927134,-0.15745183406911425,-0.015349946684805252,0.18431323592293447,-0.26632580389259913,-0.45821928194485445,0.5974412327276304,0.07941163038249584,0.14356214961533484,-0.03513937167850387,-0.017853199405150844,-0.39850201387878764,-0.06017008634133192,0.14205753634589546,0.007623875821816831,-0.2533359733112216,0.3463430050242472
2016-04-30,-0.2195544838607056,-0.10999969313370926,0.10071666769142637,-0.2661267669948259,0.4430998363673685,0.1249401051474377,-0.04914320433813685,0.19501863300920333,-0.30767469403363884,-0.2630044441921524,0.003054866800364073,-0.21319704309424306,-0.10539928500631757,-0.1270253912484598,-0.43315736756661977,0.33611217089557766,-0.4212037293243008,-0.34971835315390365,-0.0001995408023717186,-0.06436133393471515,-0.2195544838607056,1.022583369533795,-0.10999969313370926,0.10071666769142637,-0.02076481222333047,0.40028337599018105,0.369311508517911,0.8331834110478058,-1.0342017463925506,-0.12029859047817314,0.4092620093489105,-0.417198133081195,-0.5254463136467412,-0.020346650911516967,-0.5329128971564229,0.4430998363673685,-0.43315736756661977,0.33611217089557766,-0.0001995408023717186,-0.09440408686631055,-0.22342046102553909,0.1381228277798159,-0.18701810960416376,-0.14338671206172057,-0.40583028976764507,0.004312217442300045,0.003936135004842494,0.29564216630781615,-0.007783203408592149,0.11189179439826684,-0.19898987278273722,0.7716100184473262,-0.3098344222688109,0.38584424999382233,-1.3553507901316615,0.009095442276270923,0.292752938371865,0.6548112613678427,0.039259851627583456,-0.03659512160071925,0.2860059655716069,-0.49652245869019174,0.6569249575755235,-0.4087644051014244,0.03276810819104037,-0.1988549297685256,-0.6194393636135639,-0.3332447995063273,-0.07235650401401542,-0.31166087577375295,-0.015396316391619078,0.1961831806154074,-0.27905772657118577,-0.4433301037619984,0.6099612865950499,0.06667596722539783,0.11688582373891583,-0.06100109261468478,-0.03275450340352329,-0.4097812948645694,-0.051012109711430935,0.1523511075492434,0.012440663316189489,-0.2528036890498512,0.34727076385916267
2016-05-31,-0.2149829795777045,-0.11420258950536018,0.09823593461545693,-0.30494105562034524,0.4366808650641375,0.1283580451734802,-0.04610058022421949,0.20601967923067915,-0.3208293010770348,-0.25107907729017476,-0.009552723386971345,-0.2262548773985582,-0.10103594894644828,-0.13232393482005977,-0.42735077848571545,0.34668536356462637,-0.4295763218639046,-0.36254599916629465,0.0034029634387675086,-0.06547513867825829,-0.2149829795777045,1.0087592027298125,-0.11420258950536018,0.09823593461545693,-0.03275453570199897,0.3957669834685074,0.3572070975351311,0.8261444713366626,-1.0401176096286098,-0.13062275308392937,0.4037546841160378,-0.5027929794395286,-0.4732776204925915,-0.014101388481471673,-0.5350022680014034,0.4366808650641375,-0.42735077848571545,0.34668536356462637,0.0034029634387675086,-0.08132591068557514,-0.2156566238484157,0.12473030668161716,-0.19407766805191268,-0.15097568058524977,-0.4021683124022049,0.008478744728324892,0.004506409775448363,0.30313691201763915,0.0009718495865627041,0.11243172939732328,-0.20593367697280224,0.7571636152420629,-0.3038204157841385,0.3894730324948797,-1.3722560727230957,0.023758212748482777,0.2987737824545694,0.651975489188571,0.0320152294423644,-0.03519027942231709,0.2748087433425551,-0.474249266742164,0.6524719823537407,-0.40941272243878846,-0.058731280541136445,-0.20511938642612684,-0.6298018795939986,-0.3202261975676605,-0.10158377409183954,-0.33197742868111385,-0.06662859145692455,0.16059907835192622,-0.2723410284974877,-0.4367088930097838,0.6037860827222502,0.051753732397877776,0.1271897490607765,-0.05852781173214736,-0.034975606122618165,-0.4150110894693857,-0.044704048336078696,0.15338167518461715,0.019186526072644473,-0.2502686934873468,0.33837627570980494
2016-06-30,-0.16337557645960096,0.024839353168237606,0.11603344642853373,-0.36577111429342013,0.3598706644332376,0.09071303691568508,-0.13732235750603863,0.18008866394446416,-0.19307681276960725,-0.3399552914595878,-0.03086794267534288,-0.15149117045584448,-0.1280989478006198,-0.04258022493861193,-0.3347131209422012,0.3292334033852845,-0.41109557070405467,-0.3888851047560366,-0.07812014488698812,0.004008725180892819,-0.16337557645960096,1.0214883666638015,0.024839353168237606,0.11603344642853373,0.03445289378734417,0.37520726261186865,0.2229831859004879,0.5756856060533878,-1.0670835771830138,-0.43163327033531285,0.4428071743027968,-0.1917001752434194,-0.530629654795205,-0.0457317831735669,-0.5190744781981885,0.3598706644332376,-0.3347131209422012,0.3292334033852845,-0.07812014488698812,0.031802513278571656,-0.35809399887078874,0.13142036999074203,-0.09528402581811468,-0.2699779422101606,-0.38327605633611805,-0.01776831448871104,0.027723343206668073,0.27632934657487607,0.07050296199942042,0.21591158800307517,-0.21924000189431367,0.7555325787130983,-0.35917331362335775,0.4429599070916606,-1.3225400533882707,-0.008597860872467137,0.3030720387702944,0.6543078511502638,0.012071724493435649,-0.08940229870211616,0.18679601694302553,-0.35094544392700966,0.6051679005866899,-0.4788969885075443,-0.020485069383663377,-0.25254648613108144,-0.39610559589221006,-0.3967521770853333,-0.17907037640023063,-0.414067938870942,-0.020144520690593196,0.20627500315073483,-0.23437089880971332,-0.4308426805837972,0.5874001659156197,0.08766922215393622,-0.07129197460111338,-0.08333132141484648,0.044127601295315885,-0.4736295561614104,-0.19324690220387875,0.20814156971980388,0.0006490941644456403,-0.25019314526843633,0.37383795915661033
2016-07-31,-0.16288462522524572,0.01794979714510277,0.11616891636645833,-0.35408741374678576,0.34639210404476284,0.07304257207724982,-0.1466136827532193,0.16469680943833367,-0.17716261713923637,-0.34112636384415146,-0.010661616844245533,-0.11645249245692654,-0.15313631982213174,-0.06836460011425934,-0.3317716024440671,0.33478255498782444,-0.4074396186988253,-0.4091103216241902,-0.0844595951826003,0.03299410245721824,-0.16288462522524572,1.033667433353784,0.01794979714510277,0.11616891636645833,0.03803749698309588,0.3607477480221827,0.22417998161439617,0.543113682137712,-1.0580893247527545,-0.3937023013762356,0.42835505919996225,-0.23310249561571217,-0.5188251455842535,-0.04818100796073375,-0.5439745434230856,0.34639210404476284,-0.3317716024440671,0.33478255498782444,-0.0844595951826003,0.03836309516796594,-0.3744196068268191,0.13402328765499272,-0.06703169979194606,-0.24873444663742322,-0.3926460483777987,-0.04940108339778249,0.010698647693137709,0.2712810680305715,0.05418022044263848,0.21011432332109548,-0.14779080365639044,0.7775683246973247,-0.36280912595963993,0.42907404041589436,-1.3212084811017015,-0.004857068565120723,0.2962633405421152,0.671685389265355,0.00804272725764767,-0.09429782545677598,0.1836451585986758,-0.352175847213661,0.5910856822536005,-0.4886343571616987,-0.16360779998258357,-0.2234682110840106,-0.4408153123340594,-0.36570830380648806,-0.21142083396274455,-0.34724146652708326,-0.03758084076568378,0.17782723345159082,-0.2145470427731276,-0.4516187242946658,0.5786169329525199,0.10881445563610667,-0.08131707242390859,-0.06487972902278252,0.08124619336841069,-0.46146546023323803,-0.20415848553337876,0.20463473216602893,-0.015745784201531346,-0.22033266134876195,0.3620008544529942
2016-08-31,-0.17012288415576463,0.01458269278029323,0.10556251337927966,-0.3985976030385831,0.36645878372478885,0.11284788578403886,-0.18081706134093017,0.15815870276728494,-0.20426074526646307,-0.3883775727658097,-0.006005828156028088,-0.060942339408887686,-0.1137090333916416,-0.10013190247204441,-0.3260462784114202,0.34997548778080034,-0.39591475697080963,-0.409217702585352,-0.09026349195983002,0.04527845086750539,-0.17012288415576463,0.9774144991439492,0.01458269278029323,0.10556251337927966,0.03798983003354176,0.38970734022254544,0.22811134123833401,0.5924860275721757,-1.030565872679243,-0.40149471560558225,0.4292057746657908,-0.27433467045919707,-0.5985969236116225,-0.20419953575412345,-0.4823272296942762,0.36645878372478885,-0.3260462784114202,0.34997548778080034,-0.09026349195983002,-0.04501189112095425,-0.30787870867045686,0.15363041641238104,-0.05820889540107327,-0.2349275365881811,-0.42065061733863907,-0.007230385607368475,-0.03766839976125076,0.2927054582839757,0.15227695659858664,-0.14203219592151048,-0.16849954564888248,0.8299071587399247,-0.3443030694377898,0.44031899760649207,-1.309113201158224,0.031505731872475976,0.26151906971182254,0.6486214823285272,0.020968689833882496,-0.0754403958033458,0.19131820700094213,-0.38893951261101223,0.6714763902786753,-0.4722815239256712,-0.16203515690180656,-0.0014019149590572709,-0.6243933675023979,-0.21570914090672494,-0.25404948843341235,-0.43426745446035947,-0.0693750319485951,0.18541965879630173,-0.18478892879774303,-0.39631225810969845,0.6618593517534853,0.16624263914741996,-0.15603565669105848,-0.10855585415310151,0.047520335898610606,-0.518374473269552,-0.20391947678758204,0.23305286923607238,0.02643098797984691,-0.22426518545027457,0.38546004955255453
2016-09-30,-0.17639281721242545,0.0011390195341098956,0.16306027640142062,-0.399813543961751,0.33495613113785083,0.1759305499512408,-0.18177976465316725,0.15677720095279182,-0.19894768351346867,-0.40690832309477637,0.006205209516154648,-0.08784220408952109,-0.08535537794258682,-0.1045221621448066,-0.2574753017952005,0.3373108516712508,-0.4031250402578771,-0.3756483179667407,-0.10322428293187381,-0.016186494548570362,-0.17639281721242545,0.9815773598525941,0.0011390195341098956,0.16306027640142062,0.058337411254895714,0.35666273436669926,0.23207088061699088,0.5486668228287285,-1.040425065963075,-0.4943133943591895,0.4529838878577701,-0.533717921641558,-0.6051340712502893,-0.20913625050119158,-0.44559166959396357,0.33495613113785083,-0.2574753017952005,0.3373108516712508,-0.10322428293187381,-0.08515695815349561,-0.3349654169342659,0.20294999502760303,-0.01602136450127661,-0.2789921671231875,-0.4044710813554817,-0.04867087275264986,0.002435212709091353,0.2502756083232862,-0.037766733801201643,-0.12665350340833287,-0.1603886338125521,0.851563551268453,-0.2981673607645566,0.46188428845060003,-1.3128428675859565,0.08496663469957214,0.23598794943658905,0.6572015911299806,0.02251675159270429,-0.06422292130561823,0.1933948196438988,-0.3741774791037922,0.7055423886680193,-0.4670953773503774,-0.05406487775860658,-0.04347061087156202,-0.6504377833274849,-0.15083212429540999,-0.21132119772489824,-0.29209879641813613,-0.014718542180857629,0.10405337518298446,-0.20668991473304824,-0.3748054414880935,0.7207940506241322,0.13099034238183727,-0.15703664286621954,-0.12441459844130176,0.007551942277419238,-0.4882262423377492,-0.19408556464666757,0.2544295093926632,0.053411601078233756,-0.23028303481243925,0.39634510945066354
2016-10-31,-0.2100568778473193,-0.007658723472989321,0.1569175290675814,-0.4023933533099767,0.36966930698763134,0.21215232983865373,-0.20630464683357003,0.17384336395337768,-0.2550298713303475,-0.45894670450157315,-0.04747865232899192,-0.0809793876483098,-0.03209452489941774,-0.15750024990024492,-0.2759373546918736,0.35506783879856413,-0.40758115859848193,-0.4332118767711777,-0.07106772787013767,-0.01190587185673996,-0.2100568778473193,0.9966347391326064,-0.007658723472989321,0.1569175290675814,0.01636708469578983,0.30938253653496817,0.3481963562314333,0.4181941472302386,-1.0625778936026604,-0.2716479431732664,0.4351151371709225,-0.398639202194641,-0.5142153498767459,-0.07868031396786795,-0.5762855154435438,0.36966930698763134,-0.2759373546918736,0.35506783879856413,-0.07106772787013767,-0.15187827174636093,-0.31352098356347186,0.20262573753873364,-0.08323891330705468,-0.27742459389765545,-0.3851081634131145,-0.15243138410001095,0.028018485514508612,0.2397974595819878,-0.14317519179319574,-0.12403532942495563,-0.19810797816088394,0.9258504471728755,-0.2924573639489437,0.48116884566385215,-1.331728671251184,0.12915658205160865,0.2689337014006461,0.701297162829231,0.012322954284515904,-0.04853010762796265,0.18227533380587968,-0.3627067238243742,0.6676406075511719,-0.4535865592358983,-0.008486349282525795,-0.05827560912738134,-0.6811292589279785,-0.18492965622335852,-0.258497900674954,-0.37160691360139053,0.015036944485395649,0.17127829506161238,-0.15402039076240595,-0.2462054142760487,0.6591964256368745,0.11080704779157602,-0.18603348351785187,-0.18686577280260042,0.052174943935988,-0.3985409588495114,-0.2144930695725582,0.30532793139327175,0.08716339850882136,-0.28290411165352836,0.4369556677546111
2016-11-30,-0.21739014135675422,-0.038778481099181576,0.1907665737690796,-0.4401696311279944,0.3643799426655167,0.22305597920954712,-0.19733457838232252,0.1793137705456646,-0.2500417796049613,-0.42790552641137236,-0.05841340283320056,-0.10579189716928625,-0.015242690279997834,-0.19035439277535418,-0.23446718019085705,0.3749641976958814,-0.400755207583066,-0.4881958339080056,-0.06521012451436958,0.015082532547177993,-0.21739014135675422,1.002101470295333,-0.038778481099181576,0.1907665737690796,0.018850890071442125,0.20002631229895435,0.37919392707078214,0.4055485981240211,-1.0248273916086037,-0.01409821934488886,0.42618667487574413,-0.35448301022096046,-0.4974284505156859,-0.3328905422842305,-0.6541846838400159,0.3643799426655167,-0.23446718019085705,0.3749641976958814,-0.06521012451436958,-0.15363608498497827,-0.31625780243913426,0.1969088182310949,-0.07824896123376275,-0.2635220779530404,-0.37159871372085235,-0.1772713920166229,0.024196290913024304,0.20730582949893428,-0.11868776023290814,-0.0931989433752898,-0.1721940596485401,0.8885080039589246,-0.3101611111912983,0.4505463580472658,-1.3298538910114541,0.15661233308223269,0.29348802434230675,0.7173364648342758,-0.0065960595720439665,-0.049550827244326634,0.17151383710662643,-0.3897976545513907,0.6741192263253577,-0.44251739588422134,0.01415622375002902,-0.08361014419801271,-0.6573167395019128,-0.21438771349914446,-0.2640413052483215,-0.3278956871042701,0.05727651603139587,0.20302231552446684,-0.09573195430419357,-0.2216878837678301,0.6389637003005838,0.03958255201129801,-0.12753338928206184,-0.1824042583234163,0.03687423646872943,-0.3919202724133822,-0.18955291486584305,0.2968633384307286,0.10313662448623301,-0.31968894053056485,0.4273957458266925
2016-12-31,-0.22076889125941293,-0.046696150520073657,0.19577398674186647,-0.41736325696246546,0.3815345031917051,0.2228011000832026,-0.20824741245958733,0.18349261113348583,-0.238346624464674,-0.41113211764149765,-0.0496798732527571,-0.1040494450998209,-0.006433427237633375,-0.19126755094358597,-0.23316305940724302,0.37492356725523907,-0.38903113113448823,-0.4906471506671017,-0.07325493801098572,0.03881243061361403,-0.22076889125941293,1.0057798825464654,-0.046696150520073657,0.19577398674186647,0.0306808699119008,0.2261029957421861,0.374636054966592,0.4432167917091044,-1.0227628570879896,0.018537765013859064,0.4281326451719798,-0.49438715936401945,-0.48869110006091165,-0.338337147243814,-0.6913650982239339,0.3815345031917051,-0.23316305940724302,0.37492356725523907,-0.07325493801098572,-0.15659233266126882,-0.3191698507955213,0.17788462159573903,-0.03725812700864254,-0.2725853794258102,-0.350420587307998,-0.19138433433147425,0.009827656294441454,0.18756936913631211,-0.0906060583002272,-0.09393419233548696,-0.18028845667813756,0.8975255146354045,-0.31040439027572275,0.450908451666711,-1.311095598837397,0.15106980915160653,0.27905341540836087,0.7008871343694016,-0.005325566805138984,-0.0425129974126597,0.18425927497766495,-0.39459370679753775,0.6734162684836145,-0.43953434004104114,0.07419933170882088,-0.06275230962903443,-0.6557570636685743,-0.22905207943538905,-0.2667367929186111,-0.3225992753390663,0.05628828437064708,0.2023445449574445,-0.09594873437801499,-0.23442556820253707,0.6451637328325742,0.022849737506807428,-0.13376107231347548,-0.18087947492318654,0.048254690368933435,-0.36533178156416873,-0.18614695185754207,0.2998335801779874,0.09150082484392814,-0.3261996595608765,0.4315907819352362
2017-01-31,-0.2154177366821524,-0.018973960347294976,0.12162311294023712,-0.42904922989775374,0.39282460741559466,0.17221834826561433,-0.23120559627209283,0.16971388726548461,-0.17907591644515936,-0.36346785019740985,-0.1032489714539249,-0.014196552044197203,-0.033381936620723744,-0.18892619506157327,-0.23586665729704845,0.3789810820844086,-0.40708511776332235,-0.4620346525334066,-0.07861500491091201,0.06627604112794726,-0.2154177366821524,1.0346683732267892,-0.018973960347294976,0.12162311294023712,-0.055592033726218626,0.25555221948773904,0.3305250952149638,0.3423046503946155,-1.0416946911484688,0.10020203726850477,0.4103240105375134,-0.6702390089495532,-0.4525752506082785,-0.24867478985021813,-0.6653926579883301,0.39282460741559466,-0.23586665729704845,0.3789810820844086,-0.07861500491091201,-0.17284907703964336,-0.39883643929761076,0.10000445433998519,0.00818335608737011,-0.25215738393699255,-0.33381624663080517,-0.14593398933811746,0.06688413141243028,0.22385122604577612,-0.02127198863409479,-0.14415864165583622,-0.19560178439354098,0.8494681427058745,-0.4047405056882465,0.4184585891356022,-1.2841788929807219,0.18852395237197697,0.3202911725845873,0.7573237793723973,0.002119678336869617,-0.043352359408463895,0.18625305996049368,-0.3996427917208801,0.6529075927073165,-0.4514922947400293,0.15178696904368888,-0.07866180529019479,-0.6666674820357136,-0.2995372970950345,-0.23822332549185773,-0.2089725178833947,0.07043443746425242,0.23065829804775106,-0.058644407643160576,-0.21610324609333625,0.6590734649374622,0.02106935065765985,-0.17839534618931285,-0.19093832430690885,0.03218580929854332,-0.29179701819145093,-0.1638738780451781,0.3092987433385675,0.059667453050325926,-0.34350703311124453,0.42464500047657416
2017-02-28,-0.23818890933878673,0.012254252070781879,0.08930318030861123,-0.41337682318784547,0.4144570679145003,0.1632386314846194,-0.210519812335987,0.1801989656893962,-0.15238114676017436,-0.34047720162326917,-0.0777373424812643,0.006641589286930238,-0.10440427433328495,-0.20283820702288888,-0.2847391245715396,0.3611716847548736,-0.4044032163279,-0.523550394627232,-0.06537219258884393,0.057905763029575626,-0.23818890933878673,1.028867450929239,0.012254252070781879,0.08930318030861123,-0.0791213375454639,0.202269579430756,0.36603337840892747,0.3230824953763277,-0.9884267958238974,0.2918442744899877,0.3809106414195169,-0.5733469204389675,-0.5107500152794314,-0.21957728289327047,-0.5556582429295034,0.4144570679145003,-0.2847391245715396,0.3611716847548736,-0.06537219258884393,-0.11642670495907477,-0.5063030756525838,0.10173025007027492,0.06181457887095888,-0.1413253767170375,-0.3627331479789782,-0.13448220111853637,0.03353402017805251,0.2073601206399316,0.07381708743015035,-0.2053930422591469,-0.22287288424290572,0.8695192448482116,-0.37226591211446,0.4822907993500425,-1.3019968616691973,0.1759722929587079,0.31945461526403596,0.6887916569792185,0.02481808627766423,-0.06374132526929945,0.160496182582729,-0.4082895926887674,0.6593596121566819,-0.4576681772512749,0.2403604555414036,-0.05886785074734479,-0.5886425382841927,-0.3263766824973182,-0.2927996584543861,-0.18699320095217617,0.20772893477455082,0.21144511812590222,-0.025339862807274894,-0.3134549026167559,0.6785524799634696,0.03336174528772467,-0.1728678769645812,-0.14910752543135514,0.04019461699804741,-0.45989296278137615,-0.1317498576533989,0.2807759078792474,0.07841348637612398,-0.3271655888177912,0.45497304457025606
2017-03-31,-0.289128415741715,0.039878723926523155,0.032063041273297024,-0.448490656627771,0.41092593773557956,0.0870478561820217,-0.22081307902196484,0.16800338339699572,-0.1869557583709587,-0.36426022333732444,-0.04121635382823639,-0.01866540401075725,-0.1344766060118548,-0.07540598966833269,-0.2729856645029194,0.38797936252976734,-0.38049072523078964,-0.3579691976757639,-0.01881404091483112,0.043515923894577216,-0.289128415741715,0.7434273307361761,0.039878723926523155,0.032063041273297024,-0.12454348037571375,0.35754322307990877,0.3790657777318349,0.27765961366284286,-0.9131549583777274,0.23353625829764357,0.41203175995436186,-0.6210055180276729,-0.3225687897661926,-0.4541884553067218,-0.5526052794625402,0.41092593773557956,-0.2729856645029194,0.38797936252976734,-0.01881404091483112,-0.15653790210586183,-0.4755737579326199,0.20247369661862458,0.05937353947633075,-0.21783450685449296,-0.408112926233731,-0.2478072274248992,0.01362069932230824,0.24029737012523078,0.13060096231871438,-0.2310976409599064,-0.15377394982305007,0.8559705251742492,-0.42131350871280276,0.477290791256048,-1.3184236599704666,0.1766737608528198,0.32743436274457965,0.6674922345830893,0.017607224867955087,-0.0825394102955168,0.10008553519568596,-0.4307243884932416,0.6325081290433583,-0.4585520357926468,0.30915560616200016,-0.08083148123044724,-0.46901033301479456,-0.5441141116184707,-0.2762676591403469,-0.20936963037664416,0.13686977618940785,0.18111279321644186,-0.10753528771241183,-0.30286042885175324,0.7041235860972046,0.021897316690440524,-0.16074413075032076,-0.12782447616989748,0.06688557152060987,-0.3121651460415218,-0.12150466677116475,0.29636158523392325,0.15980441344525703,-0.33387519783086334,0.5094946357853561
2017-04-30,-0.3009076046520554,0.04283037631817977,0.061219874226074014,-0.4583544969694216,0.4277820844910496,0.058589616239979964,-0.1730485159822965,0.20022525350419748,-0.1624354476889283,-0.3685025196700594,-0.059309432417538596,0.016534676410137592,-0.11555511920015504,-0.08298373264170952,-0.2983454075713549,0.3937242066129286,-0.40886380636075687,-0.36961016987999845,-0.02469551361406964,0.04344969235802218,-0.3009076046520554,0.7414498653158208,0.04283037631817977,0.061219874226074014,-0.12799272677026272,0.35458539406324646,0.4045750469002895,0.296515237077909,-0.9174600145561174,0.17612814772247748,0.42078995838009986,-0.630058240477336,-0.24462385136555787,-0.41005577365948576,-0.5806409195230631,0.4277820844910496,-0.2983454075713549,0.3937242066129286,-0.02469551361406964,-0.12594055001304125,-0.4922252649144825,0.1917240624177689,0.11344047040484188,-0.21564137849305726,-0.43067676139494315,-0.2708264760102034,-0.007876691931992235,0.22347842639273985,0.1993702696386738,-0.3022104645859243,-0.10706879251767536,0.8493774471892739,-0.3919428260675432,0.55766423996098,-1.3487929599698327,0.14247855076473326,0.30948223932141505,0.6115753601187376,0.013626321564303894,-0.07760889303758998,0.10257937530180788,-0.40757628291399634,0.5880661930634148,-0.4412729866056061,0.3258013588802373,-0.006789360926356475,-0.38522026813945315,-0.724818333751892,-0.30910752869447244,-0.1835932651459823,0.10185970486011854,0.16798995404349626,-0.07670766030428104,-0.4110933899598786,0.7077918379920178,0.0493140033285912,-0.09933895253358888,-0.1403759338657244,0.04158387332183604,-0.2706104142779041,-0.10359084737726822,0.30768208298398375,0.1149504579669754,-0.3635793444379842,0.4945984116660443
2017-05-31,-0.31401364190556164,0.04213428445972157,0.09128410196992778,-0.3496391555910968,0.4551130405206525,-0.010534787514413132,-0.08709979384455659,0.20819214634411767,-0.14529482168169214,-0.4843899620946252,-0.05540862954518941,-0.0008498634782289386,-0.016733642639327237,-0.05642330323292148,-0.29025452007497565,0.35325709753344237,-0.4169040664276222,-0.3615922087833926,-0.025211258451547907,0.03352289938585777,-0.31401364190556164,0.7075092191834194,0.04213428445972157,0.09128410196992778,-0.12160990023526182,0.4039334673965697,0.48698870612420964,0.22369863789122107,-0.9004505996001113,0.15127230222013763,0.3969443476392108,-0.3813730418597881,-0.28053405421172717,-0.4393959793776307,-0.43745185622654187,0.4551130405206525,-0.29025452007497565,0.35325709753344237,-0.025211258451547907,-0.16014433238017808,-0.5269216705607962,0.27857387943845835,0.025120960113066897,-0.18351911519648506,-0.3617369252027814,-0.3194503740097511,-0.024299114848171863,0.26326000209023187,0.05416027210541641,-0.22445140955594126,-0.11942328600768626,0.8415506332282159,-0.3873460568657241,0.5199000005063111,-1.322586244711721,0.17171936288053397,0.3261752755968717,0.6389107922766036,0.022817522922859882,-0.06785320238512535,0.13029656415036034,-0.4067926406262887,0.5337478486197745,-0.4161920954497098,0.2229986983765842,0.03173774002181526,-0.5098099070282408,-0.6910812069662267,-0.5618949311591531,-0.49630941308868787,0.13138277960869968,0.07236007779489362,0.0027043104288225262,-0.3705440764327445,0.7317070906734264,0.007431196915210055,-0.11907665220558766,-0.15986277593155349,-0.07049782383830616,-0.21953644591784446,-0.10000197629671254,0.2598295889103249,-0.017858806542661882,-0.3285151535974906,0.5066486701769537
2017-06-30,-0.31374293425370847,0.040741842833173905,0.09400176909454586,-0.3407011867243278,0.45609982933285137,-0.007122198423501648,-0.08717558745695726,0.20750676933347406,-0.14787660975320263,-0.4866123791710083,-0.06006093063481359,-0.0073308730240139895,-0.004260820159013751,-0.05760858778374477,-0.2950977544882352,0.3548366996515296,-0.41617194386155765,-0.3596014016391179,-0.021670869494813522,0.027050565825875474,-0.31374293425370847,0.7009524885367404,0.040741842833173905,0.09400176909454586,-0.1213894263321778,0.4139403585506205,0.48532025522217,0.23063238863775062,-0.8996355536584161,0.1549207986357259,0.3966301101449581,-0.44436144999863286,-0.27135395457646,-0.43322420299416187,-0.4561714239996381,0.45609982933285137,-0.2950977544882352,0.3548366996515296,-0.021670869494813522,-0.1563632785192097,-0.531887100663046,0.28253298368034513,0.016360145762659713,-0.1829212445000477,-0.3590649050774743,-0.3183325758560618,-0.028445362430866296,0.27354492157983384,0.05206770792093995,-0.22290554072103486,-0.12429886561009384,0.8396161511236288,-0.37620404424886766,0.5186766433610803,-1.3293876053619746,0.16853854354210462,0.3241526440053785,0.6341985195045103,0.023905389791070826,-0.0655735130804221,0.1338877893891439,-0.4028059161638616,0.5327647774681424,-0.41492231553753106,0.23315332949998074,0.0405135771427428,-0.5152849775347073,-0.6940530426999293,-0.5630051459019672,-0.49135225686649564,0.12616543454243634,0.07347403720819841,0.0021185799399158303,-0.37220357480030175,0.7401259680601099,0.009185272305098533,-0.11702191627828042,-0.16167495003620086,-0.07068523404900737,-0.23191272804679303,-0.10331097421729421,0.26371311547235254,-0.02091272357136898,-0.326933787026472,0.5087455055277755
2017-07-31,-0.3217634940130553,0.052832873739263125,0.15001002123473586,-0.3340518699312456,0.47555849948585516,0.027554422338569143,-0.1609583401024518,0.18449614899656974,-0.11237753587251469,-0.4108026388035806,-0.0663706595527391,0.08730055048886223,-0.10282594276195497,-0.08038058500918158,-0.21048145014515393,0.38291007475182864,-0.4252269776643327,-0.3269142631241896,-0.028246043839804797,0.044068163499587164,-0.3217634940130553,0.7319598199955969,0.052832873739263125,0.15001002123473586,-0.10466249269530552,0.41331174833752427,0.37608974894652086,0.08581527574948511,-1.0322971786206852,0.0926154072612234,0.4046462058550979,-0.5115474087952753,-0.28721719605838536,-0.3508247804814146,-0.6758258296300401,0.47555849948585516,-0.21048145014515393,0.38291007475182864,-0.028246043839804797,-0.11698818455913236,-0.4668747036450724,0.3249121056180254,0.1379453721707028,-0.21339826717927707,-0.41523655561323447,-0.36208388037755385,-0.03172788498992661,0.21903945510721817,0.12437103123895703,-0.12853413125847887,-0.16639361005281716,0.7654893985384953,-0.3094045057312337,0.6204875051098775,-1.1337278273990001,-0.08317237429376526,0.20618604391283193,0.6035864662423038,0.004004924804544651,-0.02663651904163643,0.1514205694802531,-0.313636363573033,0.5663881053679286,-0.43711988952576236,0.12100245279812123,-0.04066751091475759,-0.569985197966352,-0.5678331740435523,-0.5246515197550489,-0.5191754642868797,0.11301544403867733,0.011900842987941111,-0.015330937138223298,-0.37721388903032277,0.6585475315733651,0.01494896099929874,-0.11230632778484473,-0.1181644933134165,-0.05908961526853498,-0.22536265253142657,-0.055013764198662655,0.3158444410492665,0.04530490432586931,-0.40336387335558826,0.48925332845385605
2017-08-31,-0.3408837242422602,0.044900563439036166,0.16563605100016754,-0.33413972519510093,0.5039026638713703,-0.04808983652647566,-0.0978086689868058,0.20471188170761118,-0.1913305612529848,-0.3908805910776636,-0.09765975702713989,0.14068856697327836,-0.21288347852324502,-0.10518362379807972,-0.22477741937397827,0.38363970514539586,-0.4045508612684329,-0.38494803972100905,-0.015962070515112066,0.10564772988163794,-0.3408837242422602,0.7089134418105237,0.044900563439036166,0.16563605100016754,-0.14908066407390314,0.3638213192543952,0.4379326994703772,0.32854447595656405,-0.9874458548127589,0.08784870032224944,0.4124192998604951,-0.5538695749180509,-0.3363916921598009,-0.4762771655889371,-0.6268546879228672,0.5039026638713703,-0.22477741937397827,0.38363970514539586,-0.015962070515112066,-0.13619176467808702,-0.5439404545198671,0.3040030311426144,0.11537173758198278,-0.10764524617927164,-0.36473097168271534,-0.38281748638240504,-0.030500829958850208,0.19531950486563623,0.16741036041990368,0.022383577244244855,-0.346720762172847,0.7887824701307603,-0.3170865782569078,0.7048132904490977,-0.7356600879988633,-0.2770496908761638,0.07052802749900562,0.5909881156598217,-0.005339190754880674,-0.013111137656276315,0.1627717322363507,-0.3746336261859635,0.5708944122605731,-0.4162723571894189,0.15516188987779583,-0.06988516367058446,-0.4923501861387274,-0.4974911286421333,-0.5307197027439879,-0.5086948893391564,0.0812515889194545,0.025187415593579288,-0.014037300722882623,-0.3644796179300583,0.5974607058559667,-0.00922051218599484,-0.1746393073589662,-0.11899466005823718,-0.014819354447042847,-0.24763385648719938,-0.10309745764739718,0.2910232182725815,0.07372996241044016,-0.43814930898529586,0.5244821823931644
2017-09-30,-0.3424842423482449,0.042826129644244905,0.1669601278408451,-0.33517422101853833,0.5081595398318104,-0.048032427022124895,-0.09763784692101447,0.2052565289640185,-0.1908289592413091,-0.3945708475463223,-0.09875866447084888,0.14224532543998145,-0.21303086999114731,-0.10412204427195297,-0.22737725812661083,0.38558264569755135,-0.40592467167178636,-0.38542605558661375,-0.014986596393605627,0.10384017145516491,-0.3424842423482449,0.7090177410221645,0.042826129644244905,0.1669601278408451,-0.15007395024321862,0.37160781838604273,0.44094520555229577,0.3253418731008632,-0.9895256102069053,0.08754092222834389,0.4120950922925621,-0.5714267897719953,-0.33259347406398715,-0.4807770512426601,-0.6312154450854186,0.5081595398318104,-0.22737725812661083,0.38558264569755135,-0.014986596393605627,-0.13609625824616198,-0.5470413672429724,0.3132589718071691,0.11442955329668293,-0.1075559218105224,-0.3667825457435493,-0.38655198254001105,-0.03622167002314826,0.1951723770000792,0.16644586206522088,0.019215345418388638,-0.34108198186604005,0.7875139515040794,-0.3206981537188408,0.7046041344896857,-0.73777503079012,-0.2709026288831621,0.07621606564823136,0.5910375311807111,-0.0058477937062570064,-0.01221008919434687,0.16136418003811354,-0.3735241951001424,0.5701825968739143,-0.41619138441498776,0.15857491755220368,-0.07265484369016505,-0.4910495054541135,-0.4963419795987066,-0.5321755944801131,-0.5078063728928572,0.07972002465286643,0.02501503468850725,-0.012459916620087521,-0.3635711093386353,0.5986597799523158,-0.00875896016144405,-0.176607489073738,-0.11918118794408604,-0.014144470553190179,-0.24922251761528993,-0.10565638100152484,0.29046726601108325,0.07532981190058805,-0.43848815296355254,0.531326356870103
2017-10-31,-0.3463660633204496,0.02815213260725012,0.17323985462595629,-0.36346150988573606,0.5102427142982187,-0.051188189866519095,-0.11224968637230823,0.2090282519175986,-0.19599963089328323,-0.3944149465557251,-0.10319259370933677,0.14953483083748675,-0.21134172628888717,-0.12125629357945997,-0.2302475586651672,0.3901324814149273,-0.41391111625541016,-0.3939508266450001,-0.010461765125874331,0.11993319501089372,-0.3463660633204496,0.7039573549207759,0.02815213260725012,0.17323985462595629,-0.16803754706288707,0.3843110772127574,0.4362523105846547,0.31710997482518666,-1.0046795526359495,0.057404421725573036,0.4031064898085491,-0.7313730029480815,-0.32888372696292123,-0.47333091528279314,-0.6972464896717008,0.5102427142982187,-0.2302475586651672,0.3901324814149273,-0.010461765125874331,-0.14703841821866526,-0.5118961530562741,0.30108548574605315,0.10906955623061954,-0.121815870186713,-0.3783236502014296,-0.3888303505990216,-0.01516086717016954,0.21461988662804907,0.1488322266868128,-0.0006532498402554841,-0.27106104186823454,0.7778358332450093,-0.321191885930897,0.7239857991195578,-0.7349647793284954,-0.27300908442790406,0.08697815990857265,0.5900689818649468,-0.015617292705850284,-0.007575241291115907,0.1551985432122115,-0.3668721787411143,0.5645579026531885,-0.4197999279827573,0.0784106815984645,-0.08932431009560915,-0.4837969822750132,-0.5040699922925406,-0.49639524839495647,-0.4748320121305889,0.10157510651324911,0.025830347340516955,0.0023615650394187763,-0.3903382991181802,0.6138738560348171,-0.015076408771894149,-0.17980488758844657,-0.11945942356114439,-0.033337745503355345,-0.2073959161667694,-0.10224668201199574,0.31035303570052486,0.0678541982357683,-0.44717419247309764,0.5235448430330516
2017-11-30,-0.36286773565264185,0.012437859282836316,0.1828081553115983,-0.358083941191643,0.5033151657571977,-0.05702498603116881,-0.07074461331019219,0.23665109803617007,-0.20685924994145125,-0.4272187112470771,-0.10407825018560546,0.17028682339190768,-0.21372658085739107,-0.1076851082860941,-0.23203720100451872,0.3726871118839749,-0.4448030903629644,-0.4350932023873994,0.01283063180975299,0.12703366513212183,-0.36286773565264185,0.6810459217994151,0.012437859282836316,0.1828081553115983,-0.20651031576757503,0.3628115238456776,0.46549898424448877,0.3227102275119961,-1.0342499451146014,0.1132540483602959,0.4174976198766185,-0.6696095353168053,-0.3251400155025947,-0.37348049676063994,-0.7646364641380192,0.5033151657571977,-0.23203720100451872,0.3726871118839749,0.01283063180975299,-0.21259219702748916,-0.46764961548988254,0.3125643893951208,0.11925010642489574,-0.09462868678861817,-0.33664556609290314,-0.40056480162842933,-0.00864922291683616,0.18541618993031167,0.1131646048110283,-0.44903382262367114,-0.1770093157184528,0.8784107454326796,-0.3060367595430492,0.7144879998603376,-0.7102443063305522,-0.25157378113055373,0.06518028876839613,0.6513609745301208,-0.02513535009221259,0.019356214593455965,0.14835849340643212,-0.36109953437309766,0.5839841773599972,-0.40030273439252173,0.08913932674054204,-0.1734867729588914,-0.3893879560581662,-0.5030920764159853,-0.4749765278040899,-0.47495102961246,0.09574771384683355,0.059325452082003925,-0.03677443599638185,-0.3399796683310315,0.6213045007887859,0.041804328231754576,-0.18153146877993395,-0.11132080067448476,-0.04605582822838007,-0.19928147253489162,-0.11084398256238744,0.3234303792484074,0.07689740748109596,-0.46645360731383595,0.4946864017001952
2017-12-31,-0.3611295288959257,0.021421941736401395,0.1860787647929373,-0.4526865004968774,0.4745133017647392,-0.06710864249394882,-0.0579522373391853,0.24289200724686452,-0.26040745801582754,-0.4327690298638686,-0.10693606463141218,0.06340443404756377,-0.1489776981949725,0.024937862738316524,-0.23535793279839634,0.40224743155385034,-0.4390742515933143,-0.32757053275178655,0.011862416468452977,0.11532418025636319,-0.3611295288959257,0.6698687744409708,0.021421941736401395,0.1860787647929373,-0.19480297093632895,0.297780107243716,0.42550508832318906,0.308722689086431,-0.986047135624544,0.09621212349048064,0.41558127329604605,-0.7753160105972027,-0.3354081390729663,-0.3724266076300241,-0.7199184490221985,0.4745133017647392,-0.23535793279839634,0.40224743155385034,0.011862416468452977,-0.1756282321630072,-0.38547084024788963,0.3785348497339337,0.03538641820770467,-0.1669447673625459,-0.41535891190241797,-0.39908858478460585,-0.012576090187268258,0.31593150330636993,0.26145558151520226,-0.5769266875642413,-0.10935187085757626,0.7790539484110229,-0.3638341240558698,0.6770142514065517,-0.6901904732628125,-0.23104623541356378,0.06876747693542114,0.6214558884387952,-0.014558740024113465,0.010614630112122093,0.12388365376271353,-0.37211536280294305,0.5896499495946236,-0.4215230199371469,0.054041617214575996,-0.2512356825461727,-0.37638499610047016,-0.4144936422532652,-0.4027197812102622,-0.38107978964549927,0.09218596746593988,0.017686690027041218,-0.04083970680277316,-0.340188770242979,0.5158548713688064,-0.02038288220592272,-0.10908988372342011,-0.08142555102800136,0.018495857932144488,-0.19646892115922648,-0.19372795064536355,0.3113331755285916,0.09232949492101838,-0.4274473664679548,0.5190043859384916
2018-01-31,-0.3227380598311598,0.018858296223616247,0.20992867619829716,-0.4086378651356706,0.3979167136940738,-0.11319736115583233,0.013722152705943144,0.24817289066994674,-0.19441127782166764,-0.3933206905659773,-0.08037148626462337,0.0969798983122691,-0.09109607399715322,0.014059845774982706,-0.20940043899949634,0.3570463374400759,-0.39818516690883377,-0.2719658533293087,-0.01645977437739332,0.05381883252376059,-0.3227380598311598,0.6954541928215622,0.018858296223616247,0.20992867619829716,-0.20590313743469227,0.24929844908665233,0.21550601816535828,0.16872270650981913,-0.9843084007674552,0.09754984405166438,0.4051806581842765,-0.8622908713052458,-0.30490113991477885,-0.18303877246169822,-0.7003992065164932,0.3979167136940738,-0.20940043899949634,0.3570463374400759,-0.01645977437739332,-0.12795422142194424,-0.5575302158933862,0.3770405746967808,0.10293077295000286,-0.14917147823229132,-0.3581714589738178,-0.32012654362709275,0.15176083904718055,0.2690337282879147,0.35287239496257233,-0.6287110438124252,-0.17644774448300024,0.8547494631577525,-0.5696613298503166,0.580719588781624,-0.48864480710066044,-0.11665604501772082,0.0927740688625767,0.6964498209762869,-0.015511423948134354,4.138851025892279e-05,0.13099834226995802,-0.3570524690345873,0.5640694319705953,-0.4098779765375907,0.10633901447884053,-0.15536939173275136,-0.4949794057917017,-0.3733349353171746,-0.37233339697596696,-0.43529227030441703,0.057730453316408074,0.10777908898794043,-0.04523785971945145,-0.3668455769684768,0.598905092507343,-0.06220240960736375,-0.014110625491051423,-0.11151788505157646,-0.0805120666330141,-0.19999335106522026,-0.12903896239550092,0.2745952046613688,0.1270249442353922,-0.47124695313382453,0.476261214378675
2018-02-28,-0.3281757858261282,0.016003247389103463,0.19022273159344394,-0.42995259054303653,0.33203255868813664,-0.1947539807427807,0.0533401388631014,0.27426981142135526,-0.11600212637656229,-0.3404946501305187,0.0023015279010830353,0.1692851362046702,-0.17383532991777464,0.13906598085180225,-0.2334114146945042,0.3380221111760815,-0.38301496345131536,-0.1755709095232057,-0.02779523324794581,0.05243666059555143,-0.3281757858261282,0.7205884398840929,0.016003247389103463,0.19022273159344394,-0.1826041496354327,0.21013192857678029,0.2522189206941738,0.14952990893051113,-0.974063736125661,0.19229388809738698,0.41741948939011897,-0.7643581657326676,-0.3341859041748674,-0.05027250337067932,-0.7264477822655004,0.33203255868813664,-0.2334114146945042,0.3380221111760815,-0.02779523324794581,-0.13526954238865174,-0.5996437734287184,0.4093012531223282,0.30071428536835026,-0.18475153694646523,-0.3626576748033303,-0.33658891164238797,0.10420572997514323,0.285798735110243,0.28787121173444924,-0.6355053409091972,-0.2317005606101377,0.9298746417603597,-0.6473593636177347,0.5582681194355604,-0.4221763237908784,-0.03906614976208634,0.09972358432593793,0.717337708444327,-0.01187560206585372,-0.02568482809591719,0.1030392211359009,-0.4044346165534065,0.5696931494593149,-0.4447101420496665,0.15660798905597004,-0.17476398065810536,-0.5076913519709791,-0.29915792247195044,-0.3941680728809918,-0.5204912035430767,0.09862263069569237,0.15576779813388975,-0.07301225274474323,-0.3801753495865561,0.6292889057616069,-0.05605179025673596,-0.027847354679224397,-0.12256383899786386,-0.11092503302123603,-0.11418917521275208,-0.1854465516959569,0.28432536291709953,0.07731151123665375,-0.42732548253586455,0.48039314983983705
2018-03-31,-0.35460362052452304,0.031456900676908345,0.2256341625122528,-0.4570145119562906,0.34267432430901584,-0.12227936807439459,0.09297481894093142,0.31058053231685867,-0.1178908325768532,-0.350338939824892,0.05215888381547908,0.10652875631851236,-0.17661002739800996,0.19566910571680618,-0.2964462994532968,0.3572002189133359,-0.41332808553233774,-0.2660685008256415,-0.019501157042142916,0.05628995002741761,-0.35460362052452304,0.663627987374034,0.031456900676908345,0.2256341625122528,-0.14316234986837084,0.20689139582207186,0.2740211524445793,0.15791078367905115,-0.9701282000185173,0.17086836128524865,0.44454058055184054,-0.752992832784292,-0.3701415307826995,0.02082756463729388,-0.7094818491422664,0.34267432430901584,-0.2964462994532968,0.3572002189133359,-0.019501157042142916,-0.12342806034854341,-0.5721593215964617,0.41027058671980304,0.3579282307697051,-0.1665888402338816,-0.3377356872277206,-0.3748493592047686,0.07400918107458446,0.21583437018875687,0.2812387185566786,-0.5683470794295946,-0.28306629475477807,0.8694643833231555,-0.6520475071273177,0.5616153483528376,-0.4705707259573535,-0.008395543658691433,0.1084489688624256,0.715005720991159,-0.0060872040376482,-0.019189299374876505,0.10393630459681208,-0.3717354592423776,0.6070326621385617,-0.4164430574959396,0.1527301998773871,-0.1349635538144501,-0.4501554523012916,-0.2714597285747982,-0.4083168507635131,-0.4680372553858888,0.10606760953535033,0.14364419939591153,-0.12196240299580934,-0.3014870743911676,0.5845398766700587,-0.06293511687252883,-0.019420574330195693,-0.11817522567372692,-0.0963719133461101,-0.20231351602245545,-0.1573857929259824,0.2913882675885307,0.13848920452836058,-0.4769215140157042,0.4411069327847373
2018-04-30,-0.4310172023309972,-0.0022734765868768036,0.30055395643139643,-0.5364699164003901,0.332541456127805,-0.06587069205373587,0.12945955826791944,0.3154449010944567,-0.13741080402442832,-0.33403331642775436,0.05376564399947844,0.034906463405820945,-0.04307184830850469,0.1008788340954273,-0.337284296179673,0.3842079758873848,-0.4197009732120578,-0.33732917857987693,-0.0018426558882605464,0.008285172544564104,-0.4310172023309972,0.40033847996070443,-0.0022734765868768036,0.30055395643139643,-0.07810348926384272,0.1412642388591882,0.33696111490533737,0.1213823462653173,-0.9312342998709319,0.16752181663013482,0.47008578575103427,-0.7198909325738847,-0.37096270045190255,0.09532053084148312,-0.706039866138785,0.332541456127805,-0.337284296179673,0.3842079758873848,-0.0018426558882605464,-0.10039500676816354,-0.4805946007420344,0.710920635007561,0.4523156908840617,-0.28521846794966876,-0.5010706370000693,-0.44513579160400374,-0.026989529852774734,0.366814212287336,0.14341384397657597,-0.5811916015243712,-0.17975511374584077,0.7965683005421854,-0.6405836441995199,0.5881091198162114,-0.36443067906808896,-0.12014428603806708,0.026828218429667684,0.7334437809331366,-0.005269018967261013,0.0092664804325281,0.07115786786349637,-0.35766762474190306,0.6457519746885291,-0.4447842684391939,0.18500116953038198,-0.028377500969465154,-0.44637316590124315,-0.27359507810551575,-0.3398138799047979,-0.35343458038155445,0.16544427804331557,0.10820148452771033,-0.04523887267172779,-0.17954141606169188,0.568232562115281,-0.0937357451151848,0.030867920088644873,-0.19633403389951415,-0.16243232136157282,-0.2482341511760219,-0.22683527020911612,0.31791899511192667,0.09842076002187873,-0.39858233966813855,0.3545414224593486
2018-05-31,-0.43446748342449976,-0.0016533191502380365,0.2978656336147551,-0.5810307152911691,0.3373687826350425,-0.08020380126718057,0.15883422128030472,0.31908864047208,-0.12092872284084051,-0.33988903582994867,0.027513060065961815,0.06795729034783796,-0.06366031211207622,0.10659180741094201,-0.34058140071386345,0.37997730993631573,-0.43273390754402774,-0.3267831960062619,-0.005915911182259648,-0.017070709375257086,-0.43446748342449976,0.4127499990850883,-0.0016533191502380365,0.2978656336147551,-0.07811838166644314,0.10221842690917243,0.36178500571906547,0.09761761267564176,-0.9239524999718127,0.16194637202508877,0.47697239871420616,-0.7291492673355923,-0.36134862267855794,0.09347541831662567,-0.7013691014885772,0.3373687826350425,-0.34058140071386345,0.37997730993631573,-0.005915911182259648,-0.09170862085709414,-0.5331664096972785,0.7495695463548384,0.46921147526537527,-0.2799952119156163,-0.532881775335431,-0.4559543730672226,-0.02632809538604898,0.35362966452250605,0.17436794404658548,-0.6209044472383264,-0.13155790132443426,0.8363205943704444,-0.6448232929967038,0.5970442019918943,-0.35384911521786483,-0.13626491602783009,0.022947227133985604,0.7409946205564152,-0.013928578873283057,0.0021463396124469236,0.06367225822170179,-0.3632349327512407,0.6444881126109041,-0.44215330860113344,0.18929194656815165,-0.043409788200452264,-0.4584671741298478,-0.2799378594387207,-0.346165827728831,-0.3578524558789961,0.15759318705442135,0.09373938118614006,-0.03950745940533366,-0.16336811572442483,0.507753066221491,-0.09289783759203647,0.027230771826671014,-0.18794099423040697,-0.1457934589407724,-0.228171956322204,-0.2041316445190893,0.31918383614102597,0.1138366341828521,-0.41399371536159735,0.34151425880909947
2018-06-30,-0.3986339343196492,-0.011355222914460448,0.3227615199796545,-0.5408654069683058,0.3375640591141342,-0.0841532058987198,0.16358411512633722,0.35186882454203,-0.046122628595264524,-0.39776067637995755,-0.0021336412765761703,0.14137855625786452,0.0292876035026722,0.11249259946324697,-0.3149101980053353,0.3648168822705641,-0.42179965015355764,-0.3449071009605697,-0.027788456024198653,0.023199208290208613,-0.3986339343196492,0.3704420904242947,-0.011355222914460448,0.3227615199796545,-0.04255619250049888,0.1042805887468436,0.33573232802285274,0.06226131391565083,-0.9087045989107913,0.11824122197705969,0.47293601340035024,-0.8114579185308207,-0.3500315789376229,0.02077725530078426,-0.6507047396358706,0.3375640591141342,-0.3149101980053353,0.3648168822705641,-0.027788456024198653,-0.07398038830705346,-0.5901164637720002,0.7334768792070864,0.4444825874792881,-0.24957601031277254,-0.43064874020941585,-0.40455445556191094,-0.04832833513390465,0.24698264129060457,0.25603414718784345,-0.6825093803894409,-0.12003971918021296,0.8449535961337152,-0.6638312626294873,0.5623222174623088,-0.36436262385183343,-0.13880347169132903,0.0543559644756666,0.7412846702329291,-0.015352170246875053,-0.008650125630131348,0.07498752912720512,-0.32514542871014285,0.6419959883632448,-0.44120121426743525,0.18677514103591128,-0.10812840049846435,-0.41569155359665716,-0.21010810903007043,-0.33164311723267187,-0.3351883022894357,0.12659127723980323,0.0976249552849802,-0.09440989191926058,-0.08723866808185941,0.5392630917524391,-0.09535574399843819,0.021495064636003394,-0.24179270309041884,-0.16581406723054626,-0.2952471520376815,-0.22400135299684534,0.26105930787033577,0.06449488700701181,-0.3728188602563769,0.37933676160339985
2018-07-31,-0.4092871312246015,0.009767415463056704,0.3161721251697734,-0.533222343563763,0.3400047844529213,-0.07690437353104256,0.16392501159476033,0.34604426335594757,-0.04772934746964029,-0.40743114626393506,0.012475489580951616,0.13785366368203908,0.025675166878520766,0.11543369572411162,-0.31774170359626414,0.36322083551008366,-0.42350904576519394,-0.34298144620073634,-0.030253085452518966,0.0238353619184933,-0.4092871312246015,0.3777713021257372,0.009767415463056704,0.3161721251697734,-0.03553114808148233,0.10937808906665837,0.34255571207268853,0.052904310452706965,-0.9119752757760685,0.11573086914786376,0.4733582651173343,-0.8213620380022727,-0.35959458616965156,0.02391646179054821,-0.6482203427747265,0.3400047844529213,-0.31774170359626414,0.36322083551008366,-0.030253085452518966,-0.0698481905361967,-0.5594758386851905,0.7337537961564126,0.4750681597335493,-0.25374122664567433,-0.4479677024014289,-0.4185127754076322,-0.05692346586568405,0.24250513209401459,0.24437448055377653,-0.688588247690226,-0.1043570008858406,0.8478124074217651,-0.683606043317438,0.5601207273616254,-0.3606512930055305,-0.11336647012966967,0.060021180022954035,0.7358603671306837,-0.013995221778800835,-0.005590636509807637,0.07232154643551615,-0.3236766710922236,0.642431384519161,-0.44013412769523785,0.1893500725889008,-0.09362827249360876,-0.4175956285506205,-0.21215068982573518,-0.3279420008239277,-0.33169959412006067,0.12973167239326364,0.09903202741064376,-0.0874277885504068,-0.09053046680682705,0.5299243120805891,-0.0883046864768318,0.025520750997374556,-0.23892767169622334,-0.1661308314535288,-0.3018486351746356,-0.2216316571796014,0.2553916008636411,0.06264998415729385,-0.36848251113788427,0.3872893135690611
2018-08-31,-0.41873927333015826,0.018610592000165304,0.3135352333012095,-0.5461724591579368,0.34409422766427844,-0.0666950080352236,0.17920312290997464,0.3519058663773709,-0.0323559699392391,-0.4165208074749754,0.02178874807517549,0.1604562012283794,0.026452573257747733,0.12326226787362973,-0.3295159124140248,0.3641877722701263,-0.4251991677727303,-0.3373652921173202,-0.024271519516730934,0.03736684141836075,-0.41873927333015826,0.28959462880255593,0.018610592000165304,0.3135352333012095,-0.02726234502575352,0.14603955957149176,0.31505543853738877,0.023867614718397913,-0.9145264955081119,0.12799970986610776,0.4848925441876093,-0.8758268437190609,-0.35439795541877656,0.06016344844887041,-0.6457311307817698,0.34409422766427844,-0.3295159124140248,0.3641877722701263,-0.024271519516730934,-0.07337584814785315,-0.5160890860088644,0.7336316513413633,0.49218545322809215,-0.24610909290076385,-0.412665344043468,-0.4372623166767906,-0.0717057260964989,0.21240912266881673,0.21661720096567277,-0.7198772704128975,-0.16700330253964513,0.874577746908256,-0.6344814590137837,0.5431642865287369,-0.4156679899348764,-0.10852074800872566,0.054705185334587965,0.7455986113422686,-0.010735552818299677,0.004837048220525817,0.07192544482580547,-0.30151018824314235,0.6516971390809293,-0.430381347030968,0.21883449746047529,-0.09321322315126916,-0.3762515007256204,-0.19653097940972625,-0.3452964590707172,-0.34864378714087374,0.12461471084813362,0.09687915011798127,-0.09870771479996655,-0.10247239523481982,0.5295948457464065,-0.05216913914581182,0.049043648602386664,-0.25139085322073906,-0.19660821236089085,-0.31886068765754316,-0.2204932684857666,0.2654416604694548,0.07052635818830603,-0.3900373790739504,0.37878300505257395
2018-09-30,-0.4239794366967605,0.017981053051700877,0.3236812724231602,-0.5488486582671378,0.3511441682767276,-0.054387401826921256,0.17229678014755279,0.3604392577243765,-0.029211526910469514,-0.4176963931364251,0.026398261798015358,0.15735242931377422,0.046025588846611835,0.11924745624070607,-0.32857473955088684,0.3627674288449285,-0.4237883613541907,-0.3442612352253869,-0.028614632889289466,0.04314550674713436,-0.4239794366967605,0.29172748762722506,0.017981053051700877,0.3236812724231602,-0.024940886334541904,0.13437117524009703,0.31967207202326875,0.007883886347459453,-0.9137593171949226,0.11071142108541948,0.474867369018914,-0.8413228001501136,-0.35147635295307983,0.07134547532826996,-0.651615857242766,0.3511441682767276,-0.32857473955088684,0.3627674288449285,-0.028614632889289466,-0.07012218589267104,-0.5195532937026485,0.7446807525704469,0.53250359067621,-0.2532079847226513,-0.42765511706848813,-0.43973299982514563,-0.05925641926666406,0.19971711664982314,0.23702137846995186,-0.7282886577143919,-0.16335890535375527,0.8916832202561749,-0.6291448950714138,0.5484336335144286,-0.4217678128471048,-0.11655133955655397,0.06320803287706205,0.7409650821973752,-0.0131015015799327,0.007047351099909132,0.06972891785761694,-0.29093630871341003,0.6478196558739274,-0.4327743211151046,0.20848281235007238,-0.10436885817448367,-0.378158845058445,-0.19849392637484117,-0.3501852700948439,-0.3559187949545455,0.11854667959615553,0.09830429387952756,-0.09346151416258447,-0.0970341057649751,0.5351022689064646,-0.06047851255122984,0.03908171519027762,-0.25888071266241575,-0.20354276085881004,-0.30623872486362563,-0.19816631198122878,0.25407379445618045,0.06456836689307878,-0.4034738676642789,0.4075738425765616
2018-10-31,-0.4418405139390052,-0.003962784550707022,0.35300131871076856,-0.5294561109971647,0.39135799790068837,-0.14418013708329366,0.2837315494947943,0.3399741716113195,-0.04518612951660377,-0.4570536126370699,0.04721145559182495,0.14330270816995375,-0.03599538862724327,0.11390919270925787,-0.34265779723521356,0.3498750386378233,-0.4066470385881874,-0.408353308911308,-0.04700673486301912,-0.028625957960523248,-0.4418405139390052,0.26131205630808574,-0.003962784550707022,0.35300131871076856,-0.038262132604340214,0.17109959907822164,0.3586714757604735,0.06564482897033402,-1.0111619222524593,0.14338035991557677,0.4262077861674712,-0.8001166199409586,-0.3394782168112499,0.06221619420875907,-0.616608471934843,0.39135799790068837,-0.34265779723521356,0.3498750386378233,-0.04700673486301912,-0.10616930427131314,-0.45809223555561485,0.7068900429215871,0.5173290539981016,-0.24742045563004564,-0.43773783674543687,-0.4670198347628182,-0.021032868338576153,0.17602898999129388,0.2567144063402879,-0.6975804009472375,-0.1706978930920276,0.9091885230526765,-0.6660447967442438,0.5673145404171017,-0.41884810076488205,-0.11672657479046536,0.11973081472354742,0.7177112813714853,-0.012000536416938655,0.014979103557765373,0.08680523891031686,-0.27844752435494596,0.5853913370530806,-0.43666654562805457,0.21675586182267678,-0.05610416937910669,-0.4109912401419261,-0.13472399775867058,-0.3027083426394008,-0.30220242907563066,0.17832719402956893,0.08787073416829991,-0.06821472775853238,-0.13125151756359485,0.5334812728297362,-0.07033063219334328,0.029794280935849713,-0.27050200752929177,-0.182258906315374,-0.20917602026799323,-0.06866291252326127,0.1480351943850185,-0.003370526583785185,-0.39122645783962556,0.45387501319897294
2018-11-30,-0.4036459466049352,-0.0045146870600629024,0.23972482356663521,-0.3982754599249956,0.37211442210029194,-0.21123570796277613,0.1844934662675136,0.261245165464432,-0.0324587794986665,-0.4447251968792127,0.18619543072906752,-0.007907834002482626,-0.1279339525533844,0.1753534630417654,-0.17600822425480692,0.3171780797944263,-0.3373291133675043,-0.170480278184473,0.017283826649206066,-0.04790573755259858,-0.4036459466049352,0.1777621175720768,-0.0045146870600629024,0.23972482356663521,-0.1784493942474803,0.10089820880611984,0.30307706974374515,0.051666020061411445,-0.9558787439539558,0.08617476326781284,0.3394221331564969,-0.7493091937278064,-0.38052136256744457,-0.09931092910732961,-0.6376535089477802,0.37211442210029194,-0.17600822425480692,0.3171780797944263,0.017283826649206066,-0.17068566265050092,-0.513613767111812,0.7248926406030586,0.445798021380845,-0.12561829299572105,-0.5309662379569026,-0.3979703701636428,0.21747887332788635,0.24460238158534672,0.19351922786796832,-0.6657717033566588,-0.1667021365115216,0.9529517990375391,-0.5585527902002345,0.5109539075938309,-0.30690464873647594,-0.05515512684171981,0.11720025957996703,0.6519662467669709,-0.009569878192033008,0.00735941658402733,0.1140280074771591,-0.28110911334694577,0.6616596362928974,-0.4658671578234721,0.1486380353058391,-0.22542468853140665,-0.31667709003983424,-0.14085630305347677,-0.279220939114284,-0.27042522341864705,0.16707441788541957,0.06089970488320101,-0.08132303738478797,-0.11346637501645547,0.5318460950801064,-0.15670239707306885,0.017121026480187807,-0.2858637043039638,-0.1911761898241554,-0.324773818650297,0.11202618156354867,0.00897335338076623,-0.0512456569660635,-0.3822573120115175,0.5505795258557976
2018-12-31,-0.42474921119642084,0.025852867139055817,0.2739162788440735,-0.3720829454500852,0.3639772811949897,-0.22242291171128778,0.16624048245832176,0.2538186096700617,0.0020455094766454237,-0.470249335540193,0.20866566839324496,0.00640175811124807,-0.14326889276907978,0.17084353621056467,-0.1709794343318592,0.29562063296710583,-0.3162254830625413,-0.14265776113913875,0.009547865558598996,-0.07137595606851747,-0.42474921119642084,0.18200137724619658,0.025852867139055817,0.2739162788440735,-0.16547556209118122,0.05945268231153222,0.31718956643538226,0.05953753374546556,-0.9423657910949902,0.09584578902061551,0.3498368159876537,-0.7757467554289892,-0.4010454774624951,-0.10834155644080744,-0.6154882881149515,0.3639772811949897,-0.1709794343318592,0.29562063296710583,0.009547865558598996,-0.173628907815905,-0.5053887263882397,0.7094163582704283,0.4784535180023911,-0.10228500263978649,-0.5447449797160946,-0.3932868714479307,0.22304997287637102,0.21176943543875024,0.20653613281358005,-0.6773827490804181,-0.15478264228116612,0.9443159373964998,-0.5844364481421738,0.5262813441497985,-0.30311667104208895,-0.03878243675380924,0.1020305495194947,0.634298261458369,-0.00919937668614345,0.0035472907445985966,0.11425214556018794,-0.27049030953337916,0.6443817151751126,-0.4534694667038589,0.16168277466859715,-0.24446124812075104,-0.31081910907181753,-0.11799838422892746,-0.3053918676116631,-0.32024394885352303,0.16921455158421644,0.04681027806458693,-0.09458386054692455,-0.13655685409750054,0.5272118679486405,-0.14306317464695348,0.03681398837869321,-0.28187592070971823,-0.1937779973017457,-0.3498363259924854,0.10657588736332725,-0.016086126091500227,-0.028810442057441092,-0.38401931594203487,0.5495166862795428
2019-01-31,-0.43320833429726635,0.024749419346309667,0.2758977398961706,-0.37832415061427277,0.36408831988062224,-0.23185477577399596,0.17838311975455493,0.2482687155415347,0.011298897727347398,-0.45673930087914943,0.20339187684001758,0.01130631064821145,-0.14948384114697602,0.1532726512076424,-0.17064668611683834,0.2937839203674663,-0.3228924551402399,-0.14155887892868046,0.01142525025752644,-0.08475681862549897,-0.43320833429726635,0.19214399223565837,0.024749419346309667,0.2758977398961706,-0.164864909234017,0.042274919875080474,0.32634092848054364,0.0495345960124766,-0.9391576954042725,0.09652026744435732,0.3469432440536027,-0.8009949270321217,-0.3992842857131773,-0.09319684069309975,-0.6172448769625133,0.36408831988062224,-0.17064668611683834,0.2937839203674663,0.01142525025752644,-0.1746363484573458,-0.4697086638547671,0.724380335076677,0.484528812432516,-0.1150302450732045,-0.5745346034621492,-0.3988191628070224,0.22474188999776887,0.2048807706290577,0.19629276804234963,-0.6624299009122474,-0.16211172727246312,0.9504932641346776,-0.5718897187881852,0.5303165572857454,-0.30266051526405435,-0.0489611443109836,0.10451949665739814,0.6212626996948162,-0.010296204120501605,0.005462142564499958,0.1107926780241439,-0.2712385658492185,0.644171254486584,-0.45087165482461694,0.15956132795455152,-0.2479098812631162,-0.31493749326788,-0.11556388966795761,-0.30791961485529007,-0.31728436422753653,0.15695019560373938,0.04781479034058403,-0.0924970755861462,-0.15975581008244227,0.5259596874376045,-0.13239123975993244,0.0495187031689738,-0.27701127069747256,-0.19338446359543496,-0.35157246323815794,0.1165812057204397,-0.014014794801845793,-0.024141228156762153,-0.3895949682543669,0.5470236349300525
2019-02-28,-0.43972134707302724,0.036590755405670805,0.2833133903955421,-0.36622559420100714,0.37664370623624743,-0.20423007052199588,0.16600604171517466,0.24244400372846284,0.004530699949199585,-0.45935542141410435,0.23027325583488747,-0.0202909215133876,-0.11595359514973623,0.1490571059471293,-0.17665002076915373,0.29364053736287526,-0.3176856509497944,-0.13872742394320736,0.009983632888665724,-0.09282192888753348,-0.43972134707302724,0.19623321670529745,0.036590755405670805,0.2833133903955421,-0.17913738271677346,0.06561814700701156,0.2995094556532551,0.03718065801159765,-0.9493443994022147,0.0787757097568898,0.3471734258008033,-0.7574607321834929,-0.39157030319828867,-0.10921482876412268,-0.6175354495643008,0.37664370623624743,-0.17665002076915373,0.29364053736287526,0.009983632888665724,-0.16176467215717336,-0.47576521276734857,0.7326888918816521,0.5042550843689289,-0.11454856323961472,-0.5897637409410704,-0.3960983128592089,0.22087041477803007,0.22093627292203535,0.21034209418301916,-0.6837720742735871,-0.16409306103269194,0.970102606253737,-0.5928243290719631,0.5278384724855364,-0.29600902201777035,-0.02142040546227017,0.11134405091396637,0.6181144507340303,-0.013601012218526234,0.012568835274349408,0.10366670273444029,-0.2624250225493828,0.6435674977309493,-0.4498965471997881,0.13925008933470862,-0.28186008545629976,-0.31618734996660286,-0.11821235321972849,-0.3058863129928357,-0.30807897836688924,0.1378423552265393,0.061213772552273754,-0.09516205846116678,-0.1539137860212482,0.5200249578467147,-0.13757302830073653,0.025385718942550685,-0.2728897452266495,-0.1845317270404683,-0.361506074977422,0.13634092947843,0.0062563435666606,-0.03250733765720217,-0.40489703755740736,0.5720277567253269
2019-03-31,-0.4399039951801656,0.03301116615145669,0.2852769387360668,-0.3716184796045437,0.3781241186382535,-0.20295490157739146,0.16107460681973984,0.2448604029037766,0.004185245722307703,-0.4589919195264702,0.2245063205395855,-0.022043322438475975,-0.10970836886683945,0.1445773547064257,-0.17669191861500286,0.2949757698914144,-0.3178912899157096,-0.14198102835482884,0.011069928533287763,-0.08947492185146848,-0.4399039951801656,0.19091940782577693,0.03301116615145669,0.2852769387360668,-0.18100524224404463,0.06817480104401515,0.29539542584709055,0.03687148481067086,-0.9526083085086477,0.0695616713870389,0.3451347738302986,-0.8332245916011786,-0.3920383491215607,-0.10259545515914258,-0.6287841091059764,0.3781241186382535,-0.17669191861500286,0.2949757698914144,0.011069928533287763,-0.16458350492014126,-0.46644845702905385,0.7260860299851696,0.4987842957220532,-0.11687230842025262,-0.5868143096346704,-0.39245680553797885,0.22648991893068365,0.2251899845030144,0.21381425536882928,-0.6884142229330711,-0.1644440483473903,0.9690997109148751,-0.587399759978866,0.5313716511396611,-0.2976755992705144,-0.020271688694985756,0.11050912555330623,0.6161697558309286,-0.015476640006139944,0.013421355082619114,0.10425897998991156,-0.2582300080531826,0.643531394177279,-0.4506481514051688,0.12101070051601706,-0.2800391433688864,-0.31567835372008035,-0.12319941475697405,-0.29971557465412657,-0.2992297056931642,0.14336362842191946,0.058460120722362265,-0.09139805459041658,-0.1624889763690643,0.5230960128791615,-0.1410027352228864,0.02788980510379186,-0.272025077876238,-0.1884886646125896,-0.3532175492416922,0.13537846163150793,0.012113492473730355,-0.034710271190172406,-0.40643661852406593,0.5698759505214145
2019-04-30,-0.44704393421145006,0.06668262889021774,0.28976771343034563,-0.45513815940282204,0.4099441992912292,-0.16218935999872663,0.09920495326634293,0.2975266098665934,0.11219860267803702,-0.4840515305412914,0.21275047960714802,0.05661490801578455,-0.20340682612575742,0.10916912990620109,-0.15481730648718822,0.2997381344923323,-0.37077906670248134,-0.22925742667734805,-0.031992968759794106,-0.09453875710505259,-0.44704393421145006,0.17401133247406037,0.06668262889021774,0.28976771343034563,-0.13440918082971157,-0.013119986103209138,0.277568480547191,0.05109449360056837,-1.0348413941520656,-0.09657153795583083,0.368506162141985,-0.4794475913536244,-0.40733220429722483,-0.12599957087663702,-0.6803638322920919,0.4099441992912292,-0.15481730648718822,0.2997381344923323,-0.031992968759794106,-0.18996374012137743,-0.4342397368056889,0.5487592728012214,0.47386251017496495,-0.12118383128542981,-0.4418536647000022,-0.3077322489745565,0.21898834233991482,0.2142682205913026,0.2556984402294846,-0.7179040666026927,-0.17438612435954406,0.9948182038708169,-0.5994948710358292,0.5317698404343084,-0.31620610702377105,0.004100055883601172,0.1323037290783827,0.6611827376299009,-0.03483661192719135,0.004799534113910396,0.10124184511512992,-0.2449652503943903,0.6341487424904113,-0.45599142765293815,-0.022401982665228023,-0.21301638662808547,-0.3331977214051464,-0.14429231481411253,-0.25008639439811187,-0.22750297712699297,0.14601690039687906,0.02563320706359764,-0.02353776666112597,-0.12726246429334284,0.5281788304531826,-0.17399415047223196,0.04822790746706786,-0.3238285732852806,-0.343628894773675,-0.2718981170119611,0.10472575481627945,0.05165043079771205,-0.0651343362297038,-0.41741130256318254,0.5509830294040368
2019-05-31,-0.43718778226234806,0.05686261868603112,0.2967118895887461,-0.4374944950452146,0.41004553011969924,-0.14395552188185295,0.12309719868441825,0.3041055406368819,0.13366647225826614,-0.4664493785375097,0.19921374831234812,0.06299390458499461,-0.18121886625253247,0.07165649940106206,-0.15385590254875245,0.29797867072532885,-0.43079137734830103,-0.24618037988082206,-0.03218662289768952,-0.10884136021002805,-0.43718778226234806,0.1804994598391126,0.05686261868603112,0.2967118895887461,-0.11987544012058318,-0.02628738053844847,0.26032954247187434,0.0414016690283868,-1.0284059702130783,-0.025623330774199697,0.3524479648640489,-0.4660447038503161,-0.37748072352415457,-0.17885894700216665,-0.6578891573160458,0.41004553011969924,-0.15385590254875245,0.29797867072532885,-0.03218662289768952,-0.18434992473974252,-0.3396994761975457,0.5678418282464648,0.4745734881613712,-0.22010302107311056,-0.4757945774108944,-0.2623907665173744,0.2538639510970119,0.21537959920717814,0.24147347876604458,-0.7002540381957295,-0.18055708446229257,0.9907550744022621,-0.6354467967047585,0.528256050665792,-0.2781343413599708,-0.010911959049549027,0.17409100477537115,0.6472269372005965,-0.03812679204707409,0.01417134283902249,0.09309509491293115,-0.2544209280411805,0.6311846323257826,-0.4472459422405322,-0.019528455266143788,-0.2175641000678134,-0.3152005939176435,-0.20166099993718936,-0.2868391726169661,-0.2523272577473758,0.11718191754829871,0.020787779066750812,-0.019078622535999533,-0.16374260086990178,0.5270267504164884,-0.17892320786120913,0.09138059084321595,-0.30868386017948035,-0.37093275514696245,-0.2579883937429884,0.12108958892489716,0.05351069053791994,-0.042539516652100505,-0.4493755052517355,0.539644405647672
2019-06-30,-0.43567205757917066,0.05927837267776439,0.29265960251073425,-0.4522660251266279,0.4137790684502307,-0.14268483429257386,0.1237144900430587,0.3042376129472165,0.13651668513219062,-0.4733479164647151,0.19762818479435035,0.06095999754260519,-0.17685642929492795,0.0672159859570333,-0.15432046175718575,0.3003688422949246,-0.4303503359799505,-0.24949786665453413,-0.03167320350948245,-0.11316040949644014,-0.43567205757917066,0.17808706741934097,0.05927837267776439,0.29265960251073425,-0.11889189588930245,-0.032937472260812325,0.2688309153782448,0.04744883097897504,-1.0334284568765377,-0.2213987007947932,0.34810927093934485,-0.46430159815007094,-0.3796870208667404,-0.17290014691236918,-0.6644986760864858,0.4137790684502307,-0.15432046175718575,0.3003688422949246,-0.03167320350948245,-0.1848773338712112,-0.35140283639806985,0.5793285638058729,0.47557888576861146,-0.23530740406198825,-0.4824324822492419,-0.2626551029979522,0.2569550927798275,0.21483168783665174,0.250565889306515,-0.6987251852633304,-0.1774584752053869,0.9927864817456662,-0.6394764556589168,0.5395742020374643,-0.28429907289892736,-0.010123913808116322,0.17696246270367713,0.6435755507608832,-0.03859532009286269,0.01350468817925714,0.09361348164083813,-0.2526506095165354,0.6333098583824723,-0.44896852511603225,-0.026912033669548877,-0.22037860180234553,-0.3203309928947671,-0.2003139459874369,-0.2860834276482627,-0.24492280269554012,0.11233319206685326,0.018613889219181987,-0.017436781170890304,-0.17034530119394403,0.5341348724993552,-0.1904489549283451,0.09616284736852836,-0.3205635508351236,-0.37615512933021295,-0.2593244729014692,0.12590924664165604,0.04920157925138076,-0.03669474037480841,-0.4531008850400975,0.544015406047242
2019-07-31,-0.43594734398296814,0.06592440983128965,0.2875589789061573,-0.4542885365968847,0.41253228959587024,-0.15229954155888561,0.13685814415633143,0.3009269477902493,0.13105606322453986,-0.48155546820784034,0.211359793104174,0.0590029478430213,-0.17448962418121008,0.07984600230443813,-0.16561541685642078,0.3004664874912581,-0.41602349354417667,-0.24001104551645833,-0.029194696924854192,-0.11698484236022595,-0.43594734398296814,0.19856091695612033,0.06592440983128965,0.2875589789061573,-0.11861259579068482,-0.04893378190640766,0.2808412943427305,0.061984694761166616,-1.0217672591259601,-0.19582219643720405,0.3480170657851204,-0.46312356650337727,-0.370320328256744,-0.17702857888455228,-0.6669197207602243,0.41253228959587024,-0.16561541685642078,0.3004664874912581,-0.029194696924854192,-0.19669114054371872,-0.3675969037974548,0.5963866378509872,0.49449048089639824,-0.28396398841826326,-0.5240085573176633,-0.2726187819614795,0.27231827409251047,0.21228415599305056,0.25312091676521714,-0.7081204711995749,-0.1498141546437604,0.9984360476149123,-0.6337136526204454,0.5446103943536551,-0.29771490452851457,-0.03575942780873345,0.19560997218919485,0.6302965736969546,-0.039179671535179025,0.010652341018600457,0.08592589886392088,-0.25180659415616324,0.6283296528355131,-0.45032310245226226,-0.004188162320033932,-0.2233543667680243,-0.3179090861039161,-0.2093852665614053,-0.25785953532240263,-0.2726859565608656,0.10069776181079612,0.05642514782239285,-0.018421448148677848,-0.16817709510760928,0.5585012462937404,-0.1860646489618235,0.11318121476645068,-0.3506190246430112,-0.3768331256548103,-0.24794857172329873,0.1267250209603193,0.04845123726791052,-0.03929230536232371,-0.4406523657894649,0.5455029586707899
2019-08-31,-0.46408781273712185,0.05336840006176205,0.3142824712676119,-0.44665089294599847,0.3987383063170875,-0.10978052613585551,0.066128264912547,0.31281366912812664,0.14959356935845597,-0.41298445886074203,0.1777189417671457,0.05134832107709811,-0.14770265123053453,0.061204333982567194,-0.16768204770676057,0.3031532681866856,-0.3806165825317793,-0.2459633004443377,-0.022250483533486874,-0.0630989600341473,-0.46408781273712185,0.21880564350098256,0.05336840006176205,0.3142824712676119,-0.0962420538089923,-0.048937452135097634,0.32888534024458593,0.00993103837023149,-1.0271121935227034,-0.2716274417785741,0.34437709229010177,-0.46325567522083105,-0.36997240888369715,-0.061671567935388256,-0.6715070384350751,0.3987383063170875,-0.16768204770676057,0.3031532681866856,-0.022250483533486874,-0.1761200473096026,-0.24785623823537453,0.5644283085610866,0.5454860254449378,-0.24381950055176177,-0.5792565845393051,-0.34535175579708255,0.28225969658396627,0.18016022677887353,0.23890729698530117,-0.7119947741556469,-0.2317715643228183,1.0076385886993084,-0.6675555639535898,0.5321660961127732,-0.25184384048852126,-0.0527992655312249,0.1539019054007221,0.6730366415644713,-0.021082100842793137,0.0025813908678983966,0.08871952544161364,-0.23284577038008777,0.6217076813309463,-0.42410833137078596,-0.057255312701968056,-0.1707996290681718,-0.28706469197429935,-0.22674962936584625,-0.23793540871655222,-0.31855706725854893,0.09528700015025579,0.044062905225705475,-0.06249284029419814,-0.20880820386680857,0.5199680040066802,-0.21189922693322746,0.30921279442612143,-0.2932790347925778,-0.3559048786299346,-0.23649885665664067,0.11073342974679137,0.03152768355885517,-0.03084282406789669,-0.43311600782929965,0.5249876098715922
2019-09-30,-0.459243610142798,0.05254021862773221,0.31475373658895056,-0.44475253698623524,0.4008967220512488,-0.09941574396455038,0.06751293745961369,0.31617178181267386,0.16505211427107927,-0.418602612006524,0.1915528203096263,0.05161132287405869,-0.15641319909840742,0.05972111596730731,-0.1804492403632196,0.3032936542834042,-0.39143165462861074,-0.2523555813658805,-0.023997713045143153,-0.06856526065798459,-0.459243610142798,0.21385074714769461,0.05254021862773221,0.31475373658895056,-0.09907641075528924,-0.06027250120287481,0.3344308150136713,0.005789529295824926,-1.024738045114631,-0.26107929032619215,0.3468696882788634,-0.4646936873659681,-0.37103312157467483,-0.05614285410072228,-0.6682470706180504,0.4008967220512488,-0.1804492403632196,0.3032936542834042,-0.023997713045143153,-0.1771559044326218,-0.22811822323672185,0.55369297008037,0.5662329911274725,-0.2422682146775808,-0.5806762996385033,-0.34765350014870966,0.27744688795292355,0.17914965570980307,0.23340546381228325,-0.7039963337609886,-0.23300695182557624,1.0149742433812687,-0.6596158960139362,0.5338021380411382,-0.2520559103457265,-0.046778717181664514,0.1568136333433724,0.6639447802073247,-0.02267708577791903,0.003405784094275161,0.0857991979573301,-0.2315398685027544,0.6236456749330581,-0.4228354116522047,-0.05147814014303194,-0.1809027515937344,-0.2890639928139036,-0.21706064161317715,-0.2384896174351308,-0.3219852718203385,0.09529499983568179,0.04538674642680204,-0.05564777332936996,-0.21365972429701105,0.5051393006703119,-0.22713908010983658,0.2844889292777199,-0.2897135846758291,-0.3632768186347148,-0.23172129038352787,0.11568416126910054,0.03837620027845655,-0.026219579387988332,-0.44408804795344825,0.5258144995144785
2019-10-31,-0.44204163810762037,0.03849471496038979,0.25995407576067076,-0.4575835358707721,0.3776813089615778,-0.04058137905127042,0.0799223011372469,0.34313806831160115,0.16728334556956545,-0.4061646555820525,0.20179601818856413,0.060893327065087696,-0.18169144396867792,0.0804098776418326,-0.19903909863913644,0.31568624261962336,-0.22836766653223795,-0.32500196966607003,-0.006289344727085699,-0.10198679203468351,-0.44204163810762037,-0.3273444288787024,0.03849471496038979,0.25995407576067076,-0.07341917928955799,-0.06320807320591643,0.34338494905591777,-0.008598075708259129,-1.0543784220764032,-0.20882377548858516,0.34306207759839286,-0.4009309582772187,-0.38531939745412863,0.015108445168154586,-0.6601907480341361,0.3776813089615778,-0.19903909863913644,0.31568624261962336,-0.006289344727085699,-0.20220501040759847,-0.3056183392033391,0.4617337210938451,0.5303320355104832,-0.21591498206996415,-0.4005793628232318,-0.28797157263029577,0.26762451906369916,0.20251992524663737,0.21014611045908127,-0.6438822367862399,-0.25781319854818485,0.9946886106668865,-0.5803322895987045,0.6096543138068604,-0.3269241195451278,-0.037508325759799996,0.08497234268062429,0.6606229349075698,-0.016848911467959183,-0.012601850071788476,0.09677269921418409,-0.2211523391145547,0.6307345816338619,-0.4518820965181198,0.027059522895502248,-0.18782629607242135,-0.2680754533432771,-0.13335263333624683,-0.23192035620164858,-0.323611240376443,0.11367427921547356,0.12488483553971833,-0.08699543083874893,-0.3423692538413392,0.44322211964497316,-0.2010871507124194,0.3329314041638016,-0.25439297955150236,-0.3847748368400228,-0.2432199281832499,0.09901747465241777,0.01799905047778884,-0.10936427802621149,-0.4343294422516421,0.5434684892745907
2019-11-30,-0.4426310771260176,0.027256689763519103,0.26351856689591235,-0.45663717126877423,0.3825531633945824,-0.025192101145199236,0.05561896638019505,0.33227591677731655,0.16042505447724456,-0.40082761098817316,0.18608606089661517,0.06475188119891034,-0.1711905040149958,0.07977836446475846,-0.22224331225910743,0.31115235574929145,-0.1524284839495788,-0.33277309117885295,-0.008072106127819088,-0.11151024000557852,-0.4426310771260176,-0.31040293116541084,0.027256689763519103,0.26351856689591235,-0.09387623899670097,-0.05119090312951053,0.35432711610773504,-0.01880287504716605,-1.0532536370769716,-0.2119370576193727,0.3306127914263781,-0.3970481620813782,-0.37918515311291234,0.05394718891877463,-0.6780937826007525,0.3825531633945824,-0.22224331225910743,0.31115235574929145,-0.008072106127819088,-0.2295628378133869,-0.36305260233702596,0.5615819635247827,0.5438971224346789,-0.24801176210148404,-0.46818615460923846,-0.29624358389230737,0.2779339039627517,0.21793158543683147,0.2041692793183654,-0.6394780744338481,-0.248036413685875,1.0137254404816114,-0.5677641082952568,0.6261522622847471,-0.33992235490413597,-0.03493461480800167,0.0924556941765271,0.642811004299567,-0.018782335677749895,-0.010960597318447242,0.08839726226400071,-0.21811869992260807,0.6232318426890476,-0.46527118864207473,0.026950713420588735,-0.20478772161590153,-0.2732670359578062,-0.13791846277967762,-0.278021703438343,-0.35954792513362466,0.10111359001039671,0.1384954046741459,-0.0859738574058891,-0.34506640607717526,0.4234249566766051,-0.18861212904566046,0.24786465271251634,-0.21110391024204553,-0.3395052815236192,-0.22083272397344902,0.11793105107376863,0.015321653932535352,-0.0923448260626527,-0.4423267481876798,0.570400566652175
2019-12-31,-0.4385478651583049,0.030696897522309214,0.25721634005277966,-0.45996232770786066,0.3845656913162748,-0.022229407437095505,0.0653491439839413,0.3367638978014405,0.168063353555112,-0.4006683404866239,0.18720673174176344,0.07393058335812151,-0.1753293643501672,0.0766416406078252,-0.22842275469080628,0.31112973939084404,-0.1575453813358545,-0.34329427637332743,-0.011499552159353398,-0.11255324087891515,-0.4385478651583049,-0.3155935824429299,0.030696897522309214,0.25721634005277966,-0.09261251261236617,-0.03725588396938025,0.3591631112540787,-0.014106074615447462,-1.0589098974374125,-0.20810614655936577,0.33172721451037607,-0.39952924936038764,-0.38049305626863533,0.032752012562691404,-0.6712229856080402,0.3845656913162748,-0.22842275469080628,0.31112973939084404,-0.011499552159353398,-0.2395106558389038,-0.3300729567861874,0.5581112594710673,0.5508888589459435,-0.2417414394478875,-0.49552570902317183,-0.31157374969479384,0.31375073365833567,0.21039107647025881,0.18991223564439957,-0.6207093531429718,-0.2399903667916204,1.0233342048122616,-0.5767721412682023,0.6281685156896798,-0.333419354748355,-0.03440032345291837,0.10028622724542975,0.6401757062096708,-0.023360260247945942,-0.0075300697438228665,0.08671510264448459,-0.22211184105358622,0.624761581222184,-0.46833475704439337,0.038991451695429086,-0.22234417177805074,-0.2662073318173598,-0.13826661193819262,-0.3064578720751358,-0.3586328196679684,0.09716108531884898,0.14826196415709733,-0.07880244350927686,-0.32390920388966843,0.41448732574139174,-0.16091329346230857,0.20735628175039228,-0.23921332830190384,-0.3607311096403617,-0.2189398579370807,0.1226832806272509,0.013581332246073882,-0.09850757492401774,-0.4560332061841898,0.5709536508344548
2020-01-31,-0.4476198166688926,0.053214243261510454,0.2367447669326707,-0.45468974576495935,0.39056174654293224,-0.017207353441156502,0.06422198075302633,0.3414882074336584,0.16658589803307133,-0.4207902296613015,0.1713000400018712,0.07854638559165827,-0.1868098867062799,0.10614312264248503,-0.2549826720720693,0.3107523286262372,-0.1405530830522499,-0.3262038714323297,-0.0074176135083963346,-0.14526996927548533,-0.4476198166688926,-0.3198559343859057,0.053214243261510454,0.2367447669326707,-0.08690371757959953,0.044007700137923,0.42419821933049545,-0.007027579873699501,-1.066702073767935,-0.22974159639327946,0.33431103671419266,-0.4088933431211837,-0.3922426813387958,0.019689230460759186,-0.661224648657904,0.39056174654293224,-0.2549826720720693,0.3107523286262372,-0.0074176135083963346,-0.2612548211715498,-0.27661897464189694,0.5044286239242047,0.5567231226254435,-0.24189270496409798,-0.4650858689000072,-0.44499558763454217,0.40077410209395986,0.22032360258560127,0.20355222404791407,-0.6243058861628252,-0.22957966765592794,0.9969243114038058,-0.5752330765417842,0.6270126105725082,-0.3314665166952199,-0.04854425713961106,0.10148479636305548,0.6339297931124623,-0.017509514698175285,-0.0053726750185411854,0.08869230797704267,-0.23530746426847343,0.6170077943987491,-0.4680830332988779,0.0329897886598988,-0.2182601909536582,-0.28534409713563563,-0.1136017213585453,-0.30105292983915555,-0.3367554093665537,0.11334183918306126,0.12682769955049086,-0.07413621833478601,-0.352151590485736,0.49857868293777247,-0.17478542732888896,0.23155351606728394,-0.2664202310308633,-0.3888066464455188,-0.22336152903538978,0.12353262059528776,0.00918607452199902,-0.09495236535659457,-0.43184551302842245,0.5564034970513332
2020-02-29,-0.44688906913730503,0.059232025970917944,0.23622393635427733,-0.4548538274439576,0.3932769113999119,-0.010099640142127232,0.0734012322334814,0.34499530191738076,0.15918417924390676,-0.4143054171977811,0.16148367681760287,0.07192915279991324,-0.18216880620464126,0.10266867861772068,-0.25817883299804734,0.30963687848308785,-0.13936361359492147,-0.3415733381142346,-0.009880502441341513,-0.15010085561242303,-0.44688906913730503,-0.3249528463201331,0.059232025970917944,0.23622393635427733,-0.08466930167226908,0.059205782393838516,0.42421494410154165,-0.007625986268801806,-1.0758048251547685,-0.24778200998074862,0.3296016527288202,-0.466928972830942,-0.39024377420229944,0.023823118219063917,-0.658904247964689,0.3932769113999119,-0.25817883299804734,0.30963687848308785,-0.009880502441341513,-0.24990761349601923,-0.26400663652203693,0.4880827629854507,0.5502508055995399,-0.2449131327485015,-0.4664251878746111,-0.4470643676852973,0.4295442254557345,0.21966134423091616,0.21490402155288543,-0.6268308292858488,-0.23305185606142054,1.001639486563686,-0.5753736086665124,0.6292218405829452,-0.32899239138210423,-0.05077506330968952,0.10253413643228922,0.6333877481695666,-0.017405238912377802,-0.0010260979386742498,0.09216712448554669,-0.23533429560305427,0.6089607768817714,-0.4647209421475271,0.03390739473494445,-0.21495674241748158,-0.29077561366772525,-0.10819882669142195,-0.2986753875669982,-0.3268363348769703,0.11822266567060088,0.12387223864569291,-0.06892243795288062,-0.36666836960738725,0.5110786533465909,-0.1719372695581585,0.24056902826769377,-0.2699977527475389,-0.404070144881968,-0.21901791957332115,0.1276043452527498,0.005726684193556975,-0.09551860920123773,-0.43994967665457047,0.5596842036977739
2020-03-31,-0.45643309703255097,0.06254246283419825,0.2361163335166613,-0.42398020589190755,0.357472960086884,0.007266974180578809,0.06775623242826706,0.31604459424720155,0.15735420107154954,-0.4169354267431781,0.19589493353190168,-0.00026307811119496505,-0.2127771633087881,0.11220241810291384,-0.19021646345031215,0.30311553407542813,-0.13823139045709315,-0.45590904461611365,0.019237737672707263,-0.1285159099015556,-0.45643309703255097,-0.25167776764446464,0.06254246283419825,0.2361163335166613,-0.05560263841673925,0.008339568815980213,0.3768114704165117,-0.036683184756287304,-1.0349463521096425,-0.27056880659349786,0.3031809084667048,-0.4982222912899975,-0.3910454456076563,0.00941012800152186,-0.6770976468907782,0.357472960086884,-0.19021646345031215,0.30311553407542813,0.019237737672707263,-0.2580412121659673,-0.3301542681533516,0.3655435101534259,0.6019202999251777,-0.4567398999591384,-0.20895018638818608,-0.3352752909364065,0.555915532777312,0.25445404123203447,0.20244119430991514,-0.6622274270255072,-0.22935377092731057,0.9948734891214724,-0.5687646853615618,0.6137712160616972,-0.3051040565593489,-0.07097192104893084,0.14933429218675662,0.6263596229663598,-0.029731297970397856,-0.003062331466687738,0.0969635762995448,-0.2392949174080526,0.6065469877382915,-0.4873904569375119,0.018700221289228967,-0.18320005716661764,-0.2974417039517921,-0.10576584571253515,-0.2790041227626079,-0.31763644324736723,0.12732968587036833,0.090280421474694,-0.1312685637002332,-0.2344747706723091,0.6126731855825478,-0.26619574931441914,0.1144206315993066,-0.26178234670449235,-0.3755177733869663,-0.22616573966269624,0.08547840590967508,-0.010159750749171784,-0.08890571503128188,-0.4431402964206169,0.5562991030039103
2020-04-30,-0.455406828585232,0.08136871809755222,0.24303497746886815,-0.4244419151631493,0.34811003322097167,0.005820883225746549,0.07682165603597793,0.31247927073135495,0.15698831521766626,-0.4172297789938167,0.20150108450566928,0.016942707476777247,-0.23146393910850124,0.08029884847458185,-0.1884772214268909,0.31772625537600974,-0.13918113509002472,-0.46135194190928774,0.023266224936907675,-0.11415313078188835,-0.455406828585232,-0.229040297741242,0.08136871809755222,0.24303497746886815,-0.056353082330063614,0.02221297145650899,0.42733348700464613,-0.0644239427265426,-1.0216390188465772,-0.27605793740324913,0.3120838131591817,-0.5028361852369065,-0.3966779887028943,0.015790130489995644,-0.6552804713484198,0.34811003322097167,-0.1884772214268909,0.31772625537600974,0.023266224936907675,-0.2525556864812434,-0.34521180840736226,0.3223694136914921,0.6623025504979809,-0.5775619247688321,-0.28588450711297114,-0.33972250093472955,0.5034927284786,0.25254732815630365,0.1599001303250617,-0.6946379950809505,-0.17136833157051679,0.9696403752725491,-0.5717125300426266,0.6185866226458809,-0.335213540375774,-0.05495392056415936,0.17634206757304421,0.6393184355892306,-0.024674467627873273,-0.01005351483439215,0.10259885142401796,-0.2471562450064153,0.6093080384796182,-0.46678463054057956,0.016804648222387603,-0.15764079501753775,-0.30157747806065827,-0.09900668570056764,-0.2578050407002636,-0.30880883389178354,0.11467205226240315,0.09243448510861864,-0.14810339983457252,-0.2534836443681476,0.5351361160386443,-0.31192249986569154,0.009620906924747017,-0.24688235952295637,-0.35634140559097716,-0.24535262895085613,0.07517912219701141,-0.003490835287552019,-0.09190265127787,-0.4425855205381177,0.5404240853003718
2020-05-31,-0.45173312897666107,0.08646978344239828,0.24293349404822523,-0.4232940324037962,0.3449703128977525,0.01613351169890204,0.07585867816809433,0.3129382022034557,0.1561209270362602,-0.41796818251667495,0.2015372248560394,0.014808910760242546,-0.23415872244192393,0.0751978956170983,-0.19384147404371613,0.32172657675050337,-0.13527280595400845,-0.46764263306827747,0.024334548999279733,-0.11231363147847234,-0.45173312897666107,-0.2292741359298687,0.08646978344239828,0.24293349404822523,-0.05950182592049026,0.02461921413768413,0.4196292971344521,-0.06840420947785476,-1.0281072522440824,-0.27648182917095526,0.3136943719465612,-0.5064759968874447,-0.3980192233136596,0.01717153014549314,-0.6600059281656481,0.3449703128977525,-0.19384147404371613,0.32172657675050337,0.024334548999279733,-0.29068343944009495,-0.34169110037368455,0.2795366712646889,0.7306989730214233,-0.6023621079800457,-0.3106269918274515,-0.3314511761544338,0.5111157048258747,0.25653222277050663,0.16457628473531125,-0.6992334734320393,-0.17104435573411206,0.9641952762060638,-0.5439872316899348,0.5955924261804203,-0.34543822484619147,-0.06562312861471081,0.1795009895398873,0.6484501136362035,-0.0226945519215789,-0.00985416352139464,0.10337685212268423,-0.24783831782735413,0.6038489790854734,-0.45987537024173086,0.009876200802530115,-0.15746476972583942,-0.29932940341552666,-0.09411023053829967,-0.259301887084476,-0.30218587826936166,0.11345026183456516,0.08277381586745818,-0.1397159598440136,-0.24032397003573194,0.5145935522453714,-0.31145578624056885,-0.008164812189407306,-0.23104759177982687,-0.3264753355007845,-0.25219718253605505,0.07506845660468676,2.259381184701448e-05,-0.08933948551156945,-0.44706867708675757,0.5337615206038311
2020-06-30,-0.4081685533457037,-0.04421510459158879,0.3432690802750759,-0.5260281941142015,0.35607799516259153,0.08224370454627647,0.10121834551204813,0.4208131620912698,0.150203442798002,-0.48575526501293026,0.022398492560076182,0.2028439508097271,-0.17473565318783768,0.0924920928152117,-0.28914280447375884,0.33868604494358356,-0.16737972609854027,-0.5656890123907782,0.02290115370312252,-0.17539632510711117,-0.4081685533457037,-0.3449663692853467,-0.04421510459158879,0.3432690802750759,-0.05227018253606839,0.16622604377110803,0.2680686266771661,0.052126753312766706,-1.1552822945712073,-0.2489965297012663,0.3009287600289373,-0.4602456963531143,-0.30932880488084574,0.0131598407795297,-0.5554854275625232,0.35607799516259153,-0.28914280447375884,0.33868604494358356,0.02290115370312252,-0.2283746165774137,-0.11864485475105618,0.44166630789210165,-0.017114036405277474,-0.6876057609037065,-0.21836889353981795,-0.22550030313430386,0.48376504936536646,0.34128529588082523,0.2537928216509916,-0.6123484961997671,-0.22469363823660124,0.8938065089167612,-0.5216911501343793,0.5554911501082614,-0.3574632364869712,-0.08087234327377936,0.1612604882082667,0.741598407286573,-0.04987536049459432,0.02023508976294087,0.10341439414271394,-0.24846890812908334,0.5067847931546795,-0.47191509245740915,-0.04957295412625263,-0.20053344554619926,-0.20995432276568385,-0.11427846543220152,-0.2364095043809744,-0.2274063491443119,0.18594135736213632,-0.046302978319046596,-0.05484301343346816,-0.3037250362336088,0.7544944795814905,-0.3867494884927227,0.04257519953831429,-0.2747420756748374,-0.7237630292969188,-0.0944986647580053,0.02217749820161449,0.03327747794671646,-0.10275877742004119,-0.4343963901865083,0.4340969491467008
2020-07-31,-0.3801177402858466,-0.07444975465022646,0.33352213763584077,-0.5247028258698024,0.35238630161621215,0.07759775540777313,0.10355334628788056,0.41540805532730163,0.15031731549167351,-0.4984487461127994,0.056941711398655726,0.188165269372272,-0.1982630762268123,0.12223166409944593,-0.296013518860476,0.3456954191008095,-0.1763050713275617,-0.5427021142095749,0.021519021983719498,-0.18516959218065399,-0.3801177402858466,-0.3559108149501157,-0.07444975465022646,0.33352213763584077,-0.06895442258680493,0.17017697475420668,0.24560987997344844,0.06373551633818558,-1.1475263675753427,-0.2498926889160776,0.3028725444063507,-0.5097273427824254,-0.3206008350365156,0.012826076461921992,-0.5608561844046902,0.35238630161621215,-0.296013518860476,0.3456954191008095,0.021519021983719498,-0.22827285923061869,-0.12260476238072522,0.3838049898831153,0.050931719584244056,-0.6647222814195458,-0.24414483953545674,-0.22012395685492542,0.5332904922708308,0.43786381506391625,0.2171419100446469,-0.6224938506149742,-0.23517841512227292,0.8833433365713476,-0.5201364264687502,0.5815804559181434,-0.36540499436482377,-0.09908347742396988,0.14428260569332851,0.7410070472776121,-0.043387615505021036,0.0137360894459108,0.09827358205876212,-0.25113185908534497,0.5305689533422435,-0.4933061702739025,-0.10590434432120802,-0.21755848663432314,-0.1917979506240326,-0.10323053173251653,-0.2230334879034546,-0.20215622580396647,0.1678609649511291,-0.042598411678752744,-0.0780380071567349,-0.2777244923031941,0.6932909667277328,-0.3924804786021594,0.0836205065346677,-0.2485451161419061,-0.7343589125710603,-0.1793685148431546,0.015771674388839155,0.039864790770795945,-0.10400484631689244,-0.41109338155111563,0.4277935449100122
2020-08-31,-0.36093845783606215,-0.11564539322207304,0.3467762559428605,-0.5099833265462093,0.3482642039560132,0.03490517876433876,0.060971352668887514,0.42531995816811236,0.15313659629654086,-0.47599695377894524,0.11262940067312319,0.1642053167401563,-0.1736167758112737,0.06302836801340349,-0.30225780003125235,0.3478827964563593,-0.16865729658460055,-0.5062128662811626,0.0011246706851490832,-0.17957402912205547,-0.36093845783606215,-0.36364268800620403,-0.11564539322207304,0.3467762559428605,-0.08056539446881329,0.18479380690017647,0.15247494553886107,0.02973777765532634,-1.1015017601448374,-0.2417107095706992,0.29206403239348383,-0.44086116423029065,-0.32188278854167107,0.10420986608500964,-0.598895008585205,0.3482642039560132,-0.30225780003125235,0.3478827964563593,0.0011246706851490832,-0.1983832446256197,-0.14325532528680385,0.2864355052128056,0.2854701750948535,-0.7176956524576005,-0.29057719986687874,-0.19140800806543262,0.6422393715002592,0.595240128737795,0.16855304577586772,-0.5973892440042609,-0.33475846788544916,0.8986697040523213,-0.4655131546710807,0.6618843585842324,-0.4083453067790174,-0.14206745323247813,0.11305840493350894,0.6873901475834736,-0.02933844008521058,0.012258988161412,0.09466061601064142,-0.2614877513298132,0.5322410769592194,-0.5215912051310657,-0.15684843584996833,-0.2051619331840582,-0.24415495724500566,-0.06463254617098758,-0.20927533910991084,-0.14365153765568797,0.20642912972883887,-0.04481944445101915,-0.030119768271999248,-0.38581934830071685,0.7530884811693165,-0.38800763190754184,0.1800177238775338,-0.23604479651903548,-0.8829578735467092,-0.11218812613111823,0.0026099702657613496,0.0434695880973299,-0.07800633995183728,-0.4009087188600789,0.43470527921922986
2020-09-30,-0.35082896761680027,-0.13164343272292917,0.3448169085573006,-0.5066159367541121,0.3389121489687702,0.013025894485488217,0.08460969709640213,0.42916185369284787,0.1459831056206289,-0.48551144187029666,0.11019051459607772,0.17459342598824856,-0.1771214861558319,0.08052318360726439,-0.3165677693007659,0.35626233250578987,-0.18465330721898046,-0.5010340149826593,0.008613214478074966,-0.17709930687153969,-0.35082896761680027,-0.36857602997193606,-0.13164343272292917,0.3448169085573006,-0.08095327449410034,0.15509127368572836,0.14544011848307006,0.023025559011702588,-1.1031906185961384,-0.24953027737852276,0.2861145231966798,-0.4160917227178213,-0.3256092498827458,0.36779819965688265,-0.6933682626553598,0.3389121489687702,-0.3165677693007659,0.35626233250578987,0.008613214478074966,-0.20753575555809697,-0.10315787221992077,0.2658410434064539,0.2294623352894145,-0.7368782686165665,-0.2807037919737035,-0.19093531510421605,0.6594634171594925,0.5862862475336814,0.13705826314124264,-0.5735841045515349,-0.3535360164507913,0.9098074723354503,-0.4632382436173333,0.6624433669922458,-0.4106791694120565,-0.14836320453166843,0.11544225114540568,0.6955083080810631,-0.027657668890408008,0.01342643301646795,0.10684299345909401,-0.24808429127404252,0.543377043009084,-0.5204043134122353,-0.14334046786846935,-0.17015256957160826,-0.2655773550150399,-0.06410702915985918,-0.2030704957578323,-0.14223546090176217,0.21887382232499528,-0.047294017244443654,-0.059379476140910624,-0.38018854237199445,0.7404553936147661,-0.37899691637077887,0.18961851431735183,-0.21308383671534484,-0.8655281175468037,-0.12632089400930982,-0.00827242954218689,0.041194351859923733,-0.08594509486868422,-0.4071674684982709,0.43197604213365337
2020-10-31,-0.33824984250234963,-0.12952485572439587,0.3330211096965939,-0.551461162547084,0.3296104121354438,0.04212419927446113,0.022204379559415316,0.4560169434228529,0.10622163137405778,-0.3915899011939069,0.09650968597355472,0.19354024624678423,-0.18444885015528004,-0.007942595450242621,-0.29704476663898055,0.35720852163573086,-0.16085248826022236,-0.531081966429617,-0.017855559627751025,-0.16119390045522727,-0.33824984250234963,-0.35565557040305373,-0.12952485572439587,0.3330211096965939,-0.0784656524184448,0.17640708111247647,0.04923972653630388,0.06225281522636577,-1.1084117278143648,-0.22417660248960172,0.29492635995618743,-0.4377451360810131,-0.29823284721962795,0.3574166133800852,-0.738013612887806,0.3296104121354438,-0.29704476663898055,0.35720852163573086,-0.017855559627751025,-0.1758644711523486,-0.06853956748165164,0.2932471623480891,0.31095791683615737,-0.7834745106773942,-0.07340209549449762,-0.3391845939661143,0.5651028307409179,0.5065615866585415,0.15953729259421423,-0.6209321663115148,-0.19069472454428374,0.8386468671145411,-0.40021186349470167,0.7096829268300194,-0.4978338791588503,-0.1541824734972059,0.09550486684228666,0.6964187551678865,-0.04474699908549011,0.02091838476227009,0.09616131470674046,-0.2766713000901777,0.5178666676440333,-0.5213932554592885,-0.13207986820653767,-0.1536919692345099,-0.282110295007354,-0.08422985385383615,-0.23263564990647645,-0.13371490304464675,0.24349416204354665,-0.0715557479777448,-0.07780719978816762,-0.37065203287761167,0.6684226310523707,-0.3398760967374568,0.12181849886062726,-0.141523485698618,-0.8556237508636649,0.10218348232945228,-0.03526901306539206,0.057248190911187005,-0.10510555079135164,-0.45299216505425044,0.4312946391681309
2020-11-30,-0.3324669115910648,-0.12901343884563454,0.3225125083642465,-0.5600368944933504,0.32409884398167427,0.04824045376702483,-0.011603566883056622,0.45087572314542534,0.11802106015440487,-0.37580206777722297,0.0658389788699279,0.19782167042600543,-0.1788240429611001,-0.008558869846404778,-0.27575799228574766,0.34654368163657,-0.1604265319692772,-0.5198953079941704,-0.016033213828295225,-0.1497171071589691,-0.3324669115910648,-0.3638106654290842,-0.12901343884563454,0.3225125083642465,-0.08041848628208827,0.1871875380280186,0.05663840352096085,0.06317967992607772,-1.1127463709888052,-0.2197861916287881,0.29151607378020117,-0.41987051941043024,-0.30768956267139563,0.3429995482617262,-0.7489751557582702,0.32409884398167427,-0.27575799228574766,0.34654368163657,-0.016033213828295225,-0.23893399801465198,-0.07535608053368872,0.29704088612595586,0.2863840815232509,-0.886781864875309,-0.1554308492701837,-0.3349680969451415,0.6129591183371187,0.49058912932643695,0.16905620412975716,-0.6184678112490141,-0.1403073674946591,0.8026508462224998,-0.4042610600138853,0.7347576282677221,-0.5100416799009927,-0.15547053246961912,0.09767433543433718,0.680223728583224,-0.04577450343328583,0.01778130065329959,0.10372019487582353,-0.26836403270953496,0.5109401073153673,-0.5197417112239318,-0.1523754901034671,-0.16759270460187164,-0.2926898708929432,-0.05428666359106285,-0.22819608415138395,-0.13945813873073432,0.25665853591052434,-0.0859865314957771,-0.1489358253897615,-0.38264248481939056,0.662423287251378,-0.3528122939704756,0.13019593580865554,-0.038862653256484636,-0.8626487010652829,0.1429065572850338,-0.042254913153739526,0.06273519865981518,-0.11399205701493136,-0.44689309045157755,0.4222674579830356
2020-12-31,-0.3309987854138522,-0.09211650320336505,0.2791582665022331,-0.530035187638476,0.31532872506048715,0.04279706772616103,-0.041511046258065336,0.44394105836270464,0.1194669801719095,-0.37481562022422465,0.05840093495551496,0.21689956856655984,-0.19749174369991326,0.00031452182073219554,-0.24733361549913888,0.33742045843019675,-0.15325553739696254,-0.5057277399890495,-0.0103548152649695,-0.14657476067024336,-0.3309987854138522,-0.3358281784063608,-0.09211650320336505,0.2791582665022331,-0.07263487916820195,0.09959091485893118,0.1180087428415158,0.11176420399622332,-1.1134926735127466,-0.22494733810009324,0.2887117845467902,-0.41258352046541075,-0.32563901810603857,0.35830526052902334,-0.7349706712949927,0.31532872506048715,-0.24733361549913888,0.33742045843019675,-0.0103548152649695,-0.537730578840661,0.039949489685716676,0.40368396191642875,0.2271427101930457,-0.8645273233190015,-0.10911513610547388,-0.34154757862223506,0.6293881563249993,0.47857100154230087,0.13182361669932427,-0.5939419590763572,-0.11414734341481646,0.7238434269624331,-0.4521430473349975,0.7080078406819574,-0.4581483673367421,-0.1373833597751961,0.11188106959374752,0.6657580757864487,-0.048916407155765756,0.018599664861158473,0.10428570831037923,-0.284171276049985,0.5243546852890648,-0.5216382801559056,-0.17780622945555155,-0.15909670104393972,-0.2809868301845376,-0.0466258422471686,-0.2225489324066821,-0.12908136537307993,0.2708342227111267,-0.09448794951554317,-0.20212874848074758,-0.370799619372571,0.7186667502879799,-0.3717060825289353,0.13085753226679814,-0.020316115896545393,-0.9659529763152622,0.13180747514828814,-0.03260325697077112,0.026017630387421792,-0.09760482046945146,-0.4325479897730185,0.4149804580783348
2021-01-31,-0.2728874251018053,-0.05333600138834393,0.27957092848294984,-0.4927562541936935,0.30104320382459726,0.058729734385056465,0.005971493734146586,0.46585631227218294,0.15221455864920752,-0.48363240469947505,0.049114505785122727,0.38509480462834633,-0.1434799327912581,-0.0711122763154643,-0.26606845787982253,0.28680664792359434,-0.16662352614533527,-0.5073462568459138,-0.054955380614813865,-0.2113818593992138,-0.2728874251018053,-0.3084833844646679,-0.05333600138834393,0.27957092848294984,-0.04905513227840516,0.258873413951124,-0.015014207619684201,0.13189612723233068,-1.2284253328826888,-0.21953074132063458,0.2854084932290483,-0.5025469010070354,-0.3213191281633563,0.16778161933555696,-0.09412825015127091,0.30104320382459726,-0.26606845787982253,0.28680664792359434,-0.054955380614813865,-0.5282350844770748,0.12074379554991013,0.43487160564409477,0.516568199853254,-0.8200166162304415,-0.14930670484693068,-0.42645090223083837,0.7701505453569747,0.32134345729410413,0.13073603052935018,-0.43801252483540337,-0.03107517031314745,0.3497012815579598,-0.3733543299178025,0.7694226038119415,-0.4586895073452081,-0.252168594253326,0.050774757582117934,0.6595219858964356,-0.036337687539220676,0.017205138590166716,0.09689345973155057,-0.25872303584173323,0.45052026639542103,-0.5071536292208766,-0.12571728792217082,-0.1487750141132516,-0.24261938374467523,0.03288576078445025,-0.1380507313318827,-0.11964903809195264,0.21727618865997012,0.003333932934319822,-0.22145654468548268,-0.3916874046501427,0.6592305747227513,-0.3907292797029231,0.2736323927932401,-0.05383372530652854,-0.9774385771475,0.1739183105652407,0.02067345586063157,0.011164603228555475,-0.22112845717085472,-0.3686145283516858,0.3678854627649108
2021-02-28,-0.24953977793207946,-0.03026413160996169,0.2399454841653046,-0.49400389645730564,0.2829813690255562,0.018032546857262063,0.041460824427778084,0.5097840124132419,0.18147205874874522,-0.4791912804980364,0.043024471253105864,0.4304951465821956,-0.2321034234135852,-0.02310897049376048,-0.2143153947777874,0.26777050807880076,-0.16972128326443084,-0.5616563428367151,-0.05769452877671817,-0.20782638912707452,-0.24953977793207946,-0.3106066347434183,-0.03026413160996169,0.2399454841653046,-0.03606202756952508,0.3343944435080072,-0.24908906817938986,-0.0062891611927272505,-1.1037106220014854,-0.23122932645973376,0.27319607855745476,-0.5420842844521165,-0.31852676601337315,0.1193092379602333,-0.11946100074169888,0.2829813690255562,-0.2143153947777874,0.26777050807880076,-0.05769452877671817,-0.3564140005393857,-0.0948988593280501,0.8388235969966109,0.4703965393710983,-0.7833828179426983,-0.15642691456212465,-0.46215508211306977,0.8439885387078394,0.1569433229909902,0.14394426040626587,-0.3937488509549029,-0.09014679599386313,0.5392229346511715,-0.3407841213132401,0.8025448326945165,-0.49233679687021437,-0.2666124007470712,0.052269286862048916,0.5910215045036818,-0.05724424380376263,0.022131566125229277,0.09850487909146377,-0.26312086574506216,0.47814169258815775,-0.5252513577119987,-0.10748465028868566,-0.19886802960256234,-0.20832299904337126,0.0814212427399048,-0.07357408561183144,-0.13617020192504084,0.21101529164491017,0.0013888089302543497,-0.3382445384814086,-0.34156856634531263,0.6041681697729233,-0.2921828198076345,0.24912445718502216,-0.016832098544657174,-1.0537452246741987,0.15231649797347716,0.010031147216185385,-0.037898706575534756,-0.20878170231968446,-0.34229566367127773,0.3512110895635241
2021-03-31,-0.24090039712075936,-0.009334465817375908,0.22632261573743168,-0.4994581563572287,0.2746630329472341,-0.0031637178299020706,0.0355243890589942,0.5181597184308655,0.20061727054867842,-0.46076145829982484,0.03500419588831125,0.4315509815491477,-0.25821024225021627,-0.03657233463954332,-0.19260847347421348,0.2675328620703264,-0.14894921788399534,-0.5590724082461072,-0.06381338279717347,-0.18447172376774804,-0.24090039712075936,-0.2829926909716021,-0.009334465817375908,0.22632261573743168,-0.015325765529854948,0.3675439142971629,-0.2612064583253363,-0.08920536020662535,-1.0898136710982897,-0.24315421362795062,0.2801344977764212,-0.5489041122351441,-0.33654234982105646,0.1557486201663172,-0.10550749758199912,0.2746630329472341,-0.19260847347421348,0.2675328620703264,-0.06381338279717347,-0.26053539755869215,0.03774343517338718,0.8125421500115672,0.44155896423830904,-0.7078347542509762,-0.10958486513586954,-0.36023885803860906,0.9098138842191718,0.13389443956331218,0.13325498031522423,-0.394631237387799,0.08926248303528132,0.5481539512865752,-0.3496040298099038,0.8401172592742775,-0.5005873783785983,-0.24863655629751671,0.038427353496498506,0.5213139524601454,-0.0487716097906517,0.00858294934522223,0.10612945953646084,-0.27440209044085273,0.48332788449353214,-0.5072666254260282,-0.11353207154835468,-0.1865138989896734,-0.215912120310171,0.09273635892936136,-0.07478762919268421,-0.13039459167898015,0.19859738074709662,0.006113313100983095,-0.3551971377409779,-0.3385556382471967,0.5953631466351563,-0.23018459587211326,0.21794442829375854,0.005087112574300809,-1.0731180787486778,0.15645469048634453,-0.008728983866509448,-0.05602521704794189,-0.1857876811020662,-0.3271513385847347,0.33262813512584455
2021-04-30,-0.23818611761129016,-0.04424088917397563,0.24147963974329384,-0.5132421393423021,0.27290178761601297,-0.010534213877164057,0.05528277815607912,0.5166403764373231,0.19913410212265062,-0.45850906607134845,0.01748908467899083,0.4613756599744709,-0.26418867743796015,-0.042825221865419774,-0.21039020607654557,0.2647542705899437,-0.15420965834021275,-0.5704556163143869,-0.06722495909346993,-0.1740239436316423,-0.23818611761129016,-0.2863852178782658,-0.04424088917397563,0.24147963974329384,-0.0007853200277117979,0.36605540416898114,-0.2269925786287273,-0.11566536202974034,-1.0473359500302644,-0.23614234457817768,0.29119346657597855,-0.5470874305545114,-0.3444804468805441,0.1755471463125501,-0.10017156836920663,0.27290178761601297,-0.21039020607654557,0.2647542705899437,-0.06722495909346993,-0.29079369786681336,0.14306322438267208,0.7056002472463837,0.6569990075490456,-0.7560941787582467,-0.15121306987772892,-0.31528355922008067,0.9085954601858119,0.10082250117684033,0.1243990246906259,-0.38102990735232906,0.09074350892800906,0.594209205754848,-0.346720701535273,0.8347983730630419,-0.5054965100111753,-0.25884453219469117,0.05472652612383774,0.5029721453700939,-0.05223046091364744,0.006078410166421366,0.10181366180758883,-0.2732973702452751,0.4904646088557735,-0.5091283606339145,-0.08675931472571616,-0.2316998767144895,-0.19103153201236206,0.12511120575818221,-0.06024866560078504,-0.15454058955817318,0.20050939778728175,0.011855153095251692,-0.34576245991291965,-0.3089661471402191,0.5508916441478495,-0.20858088656208693,0.20049651792307066,0.011947307378789008,-1.1005540589514824,0.20204719987572745,-0.012115074822728816,-0.05771416146690658,-0.19999513556707754,-0.30283503072004636,0.31008320058869937
2021-05-31,-0.2318608229892211,0.025220553793810517,0.2102611712934389,-0.4952080870178087,0.2714275649960792,-0.009654356883543545,0.0453260516760062,0.501204210044847,0.2319436156939847,-0.42075997078364546,0.02442733453038439,0.44146124605153936,-0.27433170953517383,-3.873307218755828e-05,-0.18706842973170382,0.23835098007172048,-0.12107556755523749,-0.539347270296991,-0.06816760513976167,-0.15872909731849558,-0.2318608229892211,-0.28514135998020335,0.025220553793810517,0.2102611712934389,0.0013544294849028458,0.30546402519464333,-0.19838802040680234,-0.13227314234264706,-0.9886820385111605,-0.26553392582447677,0.27710018594458624,-0.5701205734777284,-0.35775607948528426,0.16775479491370854,-0.11205758797129452,0.2714275649960792,-0.18706842973170382,0.23835098007172048,-0.06816760513976167,0.10175826833157894,0.4383795064874926,0.6070266567490561,0.5506481125430158,-0.8092445513528919,-0.2200044547056598,-0.41174085698381924,0.8797888455009266,0.07808521091331475,0.13480722463717906,-0.3743371758460621,0.19630077167659735,0.44722114611922753,-0.4324418911771876,0.7849977434480631,-0.4385090991226189,-0.256011885519641,0.10214397728265505,0.4690985904689798,-0.0548098210747414,0.024983738576643624,0.10704547148195152,-0.2654299183093953,0.5021149912378894,-0.4919178815891484,-0.11947865822032185,-0.2627872325732077,-0.18225227055625745,0.1636816270297463,-0.07051013360587675,-0.13071009378270382,0.19030727927325491,-0.0054132175564058525,-0.37434306374115034,-0.3626293722029811,0.6821722557531428,-0.1491916855838635,0.0964612705208059,0.09478954616399095,-1.201695283182707,0.1485900840900057,0.013652539449632576,-0.060262465330199626,-0.1672724110904336,-0.3523760437755641,0.3456153021159151
2021-06-30,-0.2468975947866081,0.04516904561509897,0.20131161888865137,-0.5025858627557891,0.29069324496345833,-0.0007264718080470525,0.08474056789393844,0.49093745128296085,0.19116841584757802,-0.42429461640309135,0.06805350344376077,0.4037977604927673,-0.23574679820654465,-0.053084345372510375,-0.1780569808653182,0.23260649433899386,-0.12180581907519582,-0.5229540988705691,-0.04834615399400336,-0.17695325755822816,-0.2468975947866081,-0.2910489462486445,0.04516904561509897,0.20131161888865137,-0.019517741290778365,0.5362061787803176,-0.3415463966918403,-0.2058059009434151,-0.9315126140269101,-0.2833934188712235,0.28470850261955605,-0.551843140545834,-0.3404800366690274,0.09932018813077746,-0.1001849257859758,0.29069324496345833,-0.1780569808653182,0.23260649433899386,-0.04834615399400336,0.033720335898315947,0.5845840284574145,0.6451768397108921,0.5453720048542695,-0.9715600325105739,-0.03639787438675103,-0.12448514424453268,0.4130850891320016,0.1093525957972503,0.1210916690192386,-0.3595335662240535,0.1492485860151983,0.44511527342417323,-0.46242252887707885,0.7880307048971675,-0.4304626042083821,-0.21965768398040747,0.14483571864335582,0.43917717109902793,-0.06317761552909962,0.04419238900907365,0.09552606800000528,-0.2661935115991473,0.5087183598989803,-0.4675600507165476,-0.1568946339530244,-0.25783441905099297,-0.16359058013617397,0.11409856155252036,-0.11344202290714059,-0.021196634824781773,0.14711543309951322,-0.03811105746113055,-0.41977214387551537,-0.21226928009423437,0.4726224786137362,-0.15788491074325817,0.04326281791476791,0.19615636555912438,-1.116403937094077,0.09381431550177931,0.01984414283170339,0.006556883016854629,-0.1212767199773264,-0.4316973492032284,0.3458045988589903
2021-07-31,-0.2628514620105037,0.046125458659377824,0.20271320065050233,-0.507434984302606,0.2983233362853729,0.011849774763430231,0.08179537114890323,0.4853925248934844,0.18672596046138698,-0.427306589870429,0.08375666456714115,0.40139357789304553,-0.24905256006918033,-0.04623999771149393,-0.15701198730701305,0.22174655168984403,-0.12695522740859852,-0.5265032711677373,-0.044019420612978664,-0.18859215699190238,-0.2628514620105037,-0.2962607670771209,0.046125458659377824,0.20271320065050233,-0.02812793642010073,0.5599678843833199,-0.2962166936132027,-0.20039031225192014,-0.9920969597304248,-0.2873931290845633,0.28540315114741216,-0.5491951023097574,-0.3424563107325382,0.08877192274861624,-0.09344382933639064,0.2983233362853729,-0.15701198730701305,0.22174655168984403,-0.044019420612978664,0.055538475021803556,0.5521956055391096,0.7556367805080043,0.5655309164458788,-0.9523504019840857,-0.061474612949510524,-0.04196082827587629,0.26797014638638517,0.10168259464581432,0.11536965498264984,-0.3545567240469825,0.15552423943485172,0.4565911994044853,-0.45752964808321855,0.7836318299151672,-0.4389459860107585,-0.22876851249117514,0.14687869956764882,0.4664032408144341,-0.06685647348545298,0.048380706837683495,0.0996646239121582,-0.26458929340280274,0.4945651171850614,-0.46819928693691015,-0.16426392731220907,-0.26478087610798434,-0.1534686481570035,0.12321873727567244,-0.11163863213512329,-0.023350054215824007,0.12892815763553492,-0.028899643704225476,-0.43475570829314836,-0.20589860212434963,0.4555078987711394,-0.16660989245876778,0.05747163997794955,0.22551026378282205,-1.1328296628823957,0.1001030540881108,0.02292723826216536,0.0053478913276247,-0.14188735183676324,-0.4054013205117335,0.33620429771127824
2021-08-31,-0.22742993358070626,-0.011732913249670926,0.19198307730613903,-0.5742345806464259,0.2784630265345591,-0.01749816455766654,0.03667167899258907,0.49224503696627114,0.24824879103608474,-0.6308939088513906,0.05654427404717277,0.5497729146884958,-0.39355991587338307,-0.09924923499889844,-0.22196158000361965,0.24719401792462742,-0.14332988437035554,-0.5245550113128693,-0.00957557596939308,-0.23015084409029027,-0.22742993358070626,-0.26133480866718306,-0.011732913249670926,0.19198307730613903,-0.06258712918176987,0.4768024630285493,-0.07546307075204922,-0.3352994278142734,-0.7265406952838531,-0.23711615015940676,0.27979522731210005,-0.5480631280422111,-0.3169490496052359,0.1389981073152371,0.06428177813959145,0.2784630265345591,-0.22196158000361965,0.24719401792462742,-0.00957557596939308,-0.02421517690194123,0.2917355733857075,0.7079520552180373,0.3269600705282415,-0.4967953556332458,-0.3466054165270232,-0.04905936279172646,-0.09440517021716839,0.10388667586812134,0.2117718469095471,-0.4026724430767759,0.13404859318014614,0.28221141597523475,-0.3933313159350685,0.6720469613945539,-0.3594204505215684,-0.3088303803483722,0.0595770842588385,0.46804729565334174,-0.044350487528070866,-0.004525936180158673,0.07373414873942857,-0.2998970671582347,0.5007165972874362,-0.4234188686609127,-0.25128670845492534,-0.13059996602972387,-0.18147984003044965,0.10911980126856019,0.006215547875209821,-0.09174572014402389,0.061251358452749864,0.08189663870748834,-0.46199825218330676,0.026402051024059164,0.2799692383554247,-0.6237429608581714,-0.14415545991803477,1.0611109074854763,-0.6645914108314822,0.22828170084188606,0.011103673764999739,0.0219762699810035,-0.03194195426820154,-0.36343197539337185,0.291588478421831
2021-09-30,-0.22102485825873325,-0.01941659562336809,0.18649907845434877,-0.582651595453737,0.2719779325089781,-0.04543486977442075,0.05904248496329986,0.49519087894168523,0.2459309235528299,-0.6271978466948124,0.04311728289835533,0.5685243954688436,-0.3713557993470407,-0.11628155897623443,-0.21245330139255614,0.24442074142626308,-0.1461981269813166,-0.5056753771129203,-0.007698447285665392,-0.2207884826349704,-0.22102485825873325,-0.2504603084808677,-0.01941659562336809,0.18649907845434877,-0.04648885918975518,0.41056041092692347,0.08635848419393026,-0.34647433750125783,-0.6899729398841686,-0.24088730190267793,0.28615319089134755,-0.5430086500356984,-0.3192166353433911,0.17832301938039616,0.08350318102130959,0.2719779325089781,-0.21245330139255614,0.24442074142626308,-0.007698447285665392,0.05327320804436149,-0.03041047738679799,0.9001956087672127,0.3831740084998482,-0.43550026948176507,-0.27287799750490577,-0.03922840078990753,-0.18027446914414808,0.09477972494732413,0.2130172226002323,-0.39157039563676704,0.18621117557469422,0.18675152118881688,-0.4193648242397144,0.6684757435272792,-0.36330877762968133,-0.2988627934372989,0.052074847577106356,0.46232015721624237,-0.04116848448181432,-0.013913869864254141,0.08015627809566843,-0.29847856456276306,0.5144755918340116,-0.4182942714270937,-0.2320745598961712,-0.11623685198819438,-0.18506209714426716,0.10669515702979404,-0.009017038082176168,-0.08616104381055331,0.0821374086813537,0.07822110633959786,-0.49261665886023137,0.070596115799985,0.3652516254956249,-0.6438468205244975,-0.04216205229440955,1.0146854736160358,-0.8486975522462418,0.21348930175700062,0.010151274220597452,0.01626214875624533,-0.046891632903420404,-0.349586288925758,0.28043434948180307
2021-10-31,-0.21246460760778585,-0.0250649997507323,0.1854097677144479,-0.5922630628214332,0.27272878585198657,-0.052423787417669544,0.05014327061489193,0.49723508402665706,0.26054064017845174,-0.6134745938754973,0.028146814563084252,0.5795856007965149,-0.37078727389232097,-0.1114545324079931,-0.21993183669948185,0.2455396241369751,-0.14438535292715113,-0.4865353138085941,-0.01920800033072382,-0.22920758471208566,-0.21246460760778585,-0.23859616509627657,-0.0250649997507323,0.1854097677144479,-0.05269272159262823,0.49415011256493596,-0.14200955254552056,-0.35246231533850564,-0.6776875474731748,-0.22883725288284454,0.2796159240099701,-0.5389572644214367,-0.33380668220870635,0.17806164398452887,0.04723469301100814,0.27272878585198657,-0.21993183669948185,0.2455396241369751,-0.01920800033072382,0.06837220416052411,-0.056507201233572134,0.8720668688300464,0.3675423861271954,-0.39976751039822694,-0.2865320577091258,0.030156863177400305,-0.1410581948191378,0.11256927367869718,0.19420689990181986,-0.3630965103921938,0.227295162715628,0.06006161034491709,-0.42737322805860634,0.6719056490984052,-0.3833705366128715,-0.2526410548899242,0.05233766986407473,0.46456699857699557,-0.03869405958533685,-0.012616371229649289,0.08942456418951368,-0.30114276620717634,0.5146333701158297,-0.41672675281176674,-0.21909750723006596,-0.11346914555706436,-0.19738042210565768,0.12170510590043447,-0.012071462842502175,-0.09427780266332743,0.08710771360642504,0.10049771212035545,-0.5526020646500155,0.05640989331545241,0.4220633264082781,-0.7237924782218221,-0.1091999937864034,1.0032243155158826,-0.8458847363552657,0.19758562941926527,-0.003527548078059105,0.013770103960014263,-0.06259446006032181,-0.33372154566703777,0.26956800190960967
2021-11-30,-0.200738743260173,0.006560271597826888,0.16787975023177784,-0.5855545344736595,0.26699291352042576,-0.06814945355794914,0.03165735580473243,0.5093496629302345,0.24877499927322422,-0.5914622874964451,-0.005299542589567041,0.5609999735118409,-0.3509821839972879,-0.11078390838352158,-0.1802166732483033,0.2390360689317107,-0.13088858125772224,-0.4691075200353346,-0.031212990854195412,-0.21734277912562588,-0.200738743260173,-0.2143447913763813,0.006560271597826888,0.16787975023177784,-0.04155568411858412,0.5064539403917836,-0.550289433114314,-0.4067271594357687,-0.6717449337803091,-0.24177756514023127,0.2895601838424743,-0.5306170935373404,-0.3536444530819701,0.16935735569017218,0.0356574774256147,0.26699291352042576,-0.1802166732483033,0.2390360689317107,-0.031212990854195412,0.09647699884271609,-0.05863059827570049,0.6579099971088125,0.27641270199780993,-0.32131476233995065,-0.15960403122193362,0.10808983569889044,-0.3481395356867593,0.07081741999415483,0.24480394378916065,-0.5614743507419879,0.15993842461800326,0.15250205955542662,-0.41556180559383515,0.7421144469000015,-0.43057498922664594,-0.2180905618873556,0.06257105524988678,0.3742567077761568,-0.031752040663226094,-0.015626096939498985,0.09621894263241561,-0.2970640194338098,0.5041341019287335,-0.4035758703140744,-0.25254817457982376,-0.08792287467482253,-0.22483326783867114,0.1282070090234404,-0.020277776539477443,-0.08437052136468051,0.08352581195324495,0.10837521372684715,-0.5261005946078875,0.06317638887323083,0.4438741969754117,-0.7113315881815561,-0.039815361631373926,0.9656551736560426,-0.9393835598288164,0.19330069499549055,-0.010660481565460067,0.0007913994329168353,-0.05758707507747806,-0.30867269692271715,0.25757229572148965
2021-12-31,-0.20107199940746698,0.006851374053961715,0.16711068791000347,-0.5869696401181492,0.2662707264832747,-0.06886120481833592,0.034815110385606064,0.5083689184013565,0.24923898725034957,-0.5910261638148433,-0.0064596717039392335,0.5600512693607073,-0.35265259797383086,-0.10949795853877171,-0.1785311458633923,0.23730104553866058,-0.13298645724797875,-0.47829779806865436,-0.031138210538105844,-0.2158510708585038,-0.20107199940746698,-0.21408517940469496,0.006851374053961715,0.16711068791000347,-0.04103233756987651,0.5079234072449006,-0.5558960668670014,-0.406193419924097,-0.6679245963151322,-0.24317614113610453,0.29072265873028486,-0.5304816214968624,-0.35360852305702367,0.1699242518166861,0.034316742852828715,0.2662707264832747,-0.1785311458633923,0.23730104553866058,-0.031138210538105844,0.09594915712005449,-0.06312384202749102,0.6620202408937248,0.28056806177049287,-0.32490303275210886,-0.1610188986015486,0.10592777281448866,-0.3509510427229294,0.07338850035184925,0.2403304368670408,-0.5590046585148728,0.166263436388055,0.14920517261328656,-0.41869618091503424,0.742328743417063,-0.4295613094577055,-0.2176938015526054,0.06145747280988729,0.3743407673654062,-0.03121653890822961,-0.015974109156461976,0.0950703970700644,-0.29756099083805526,0.503902647664346,-0.40276885454697003,-0.25156321766705503,-0.08719771981169135,-0.22592513159884425,0.1276779865751852,-0.01838175897077405,-0.0871592392271656,0.08352848436553342,0.10868146678413058,-0.5257510928128528,0.04833781032693897,0.4461014974430192,-0.7412814469564443,-0.05465060049155301,0.9690173032520314,-0.9386148753806537,0.19342457076900818,-0.011385466445745656,0.0018175905152130307,-0.05786388912840125,-0.31234267789993153,0.2571548949018113
2022-01-31,-0.2026589265405356,0.011531224266846387,0.16329750503893242,-0.5845182368351635,0.2648253673278856,-0.0661119007953782,0.03403343547182826,0.5022485613972968,0.25442049538681133,-0.5985469639324816,0.003647851856272526,0.56151573550627,-0.35177476753899556,-0.11539916795982963,-0.1791377732390429,0.23823033090150036,-0.1348723469873653,-0.4813337194352796,-0.029376839880585856,-0.21182009218972933,-0.2026589265405356,-0.21532252093891516,0.011531224266846387,0.16329750503893242,-0.042453599756763924,0.5125019505646541,-0.5864788003884303,-0.4111303179138403,-0.66336034909731,-0.2433428958953279,0.28888747441715107,-0.5313604436878243,-0.35550228127609657,0.1731780774429333,0.03724260090578359,0.2648253673278856,-0.1791377732390429,0.23823033090150036,-0.029376839880585856,0.09905818538735704,-0.06428792373673528,0.6387530560962664,0.34318811441919683,-0.31755340469039695,-0.15886674563205666,0.11294025020498548,-0.3444227677552181,0.09114952262011343,0.32755307779914905,-0.5009186869572901,0.16713985656699168,0.1394626647196884,-0.4215068006301937,0.7386030923043732,-0.42937412880401726,-0.20024451509697727,0.07134691262085882,0.37331867895793247,-0.031088345248397833,-0.015915657026094356,0.0963831172904193,-0.29704827665707106,0.5060999102511716,-0.4015686684273897,-0.24973574881601784,-0.08512320471418554,-0.23023967201253756,0.13185279853933207,-0.007904107236255158,-0.09841429931351153,0.07963128740283426,0.11830052789310751,-0.5217150662680795,0.054017635972855374,0.41692954277704003,-0.7195648912646238,-0.051720928380008795,0.9618641776487451,-0.9201999593294387,0.195762892817719,-0.009858828158745336,-0.0016582441659591474,-0.06485377493745478,-0.30665018841700886,0.2548629343628405
2022-02-28,-0.20468519455794784,0.0014689556352021295,0.16543064176752412,-0.5938973038840402,0.2608654680007724,-0.09617460223880779,0.08793063774598582,0.48007101989734247,0.2379877363841036,-0.5915030299118924,0.014679217835460626,0.5483043620755182,-0.35439242436001483,-0.16014824747299528,-0.17517345745882398,0.24119506454450196,-0.1419992212996909,-0.4809144129527168,-0.025408935995542056,-0.23546636610494495,-0.20468519455794784,-0.2237931663910323,0.0014689556352021295,0.16543064176752412,-0.05861315717082512,0.4677445427732238,-0.776446346840329,-0.3637470077650944,-0.6868985900347295,-0.256099761293887,0.28141582213212096,-0.49287829089499413,-0.35895022897660084,0.17316177479211428,0.06085799495247149,0.2608654680007724,-0.17517345745882398,0.24119506454450196,-0.025408935995542056,0.13855441491166567,-0.09213715392755628,0.4414535263258581,0.2470090632598349,-0.2921124948660456,-0.147282779736069,0.05877210498639136,0.00036421328625792,0.2243349102307516,0.31569462203379867,-0.4322871457973457,0.10477432332349344,0.12731426021355394,-0.4599010129561202,0.8177295863772955,-0.40427984477631207,-0.25920029635227904,0.10248349584736757,0.37660701189245266,-0.03347712086956481,-0.015455402667047197,0.09974323244093566,-0.3124854693686876,0.5035628125789389,-0.39839683825285627,-0.23093932936952444,-0.07752330443857393,-0.22902167291188044,0.11733446859301827,-0.019137630890956724,-0.1040681969810866,0.0474929150168832,0.13487082253590874,-0.5811073775315378,0.13464358046006694,0.3258793400538037,-0.8019267620500808,-0.013310204762111567,1.0572148939232675,-0.9271417886456154,0.22952101634310648,0.014755148504717682,-0.020706480827947907,-0.0651089447606188,-0.34190316184454367,0.2543168195861642
2022-03-31,-0.22054149121093267,0.04441561836417847,0.15407073662194565,-0.5837604939290663,0.2720306639565697,-0.050209383006396095,0.07957402104162653,0.4817018753285684,0.275082969358728,-0.5965137210130357,0.022381345931752002,0.5467276444899336,-0.27938924393390346,-0.21594730313414764,-0.21096656684308976,0.22733688231228014,-0.1472369951469171,-0.4811889174464477,-0.027312033183114762,-0.22853495804276083,-0.22054149121093267,-0.22791542618015537,0.04441561836417847,0.15407073662194565,-0.041383970988695805,0.5475158248734061,-0.702411014814586,-0.4514796873244195,-0.6630114657112648,-0.23857219979336125,0.2981645629987587,-0.510542362701658,-0.3812840129517129,0.2187771324760236,0.11730412469644011,0.2720306639565697,-0.21096656684308976,0.22733688231228014,-0.027312033183114762,0.17500146932470725,-0.15055577515097893,0.2498336066863049,-0.4702406864314898,-0.29544247228838727,-0.01618785407421325,0.04766812874276925,0.03776107072733053,0.16876912434723906,0.327485490885641,-0.4140923062633541,0.13033447992263886,0.12605106154024584,-0.554618682782165,0.7968140968483196,-0.4075486211123897,-0.056780893434749506,0.0684428387100051,0.3512302115276219,-0.029408659960918727,-0.021799778941736774,0.10739244154232332,-0.3073742196655686,0.5007533550722187,-0.39085487488254833,-0.28337982768979303,-0.12971934021295936,-0.1965739991026601,0.18789765589952725,0.012807291904305497,-0.1279851373583436,0.08455057835695076,0.13115368028635682,-0.5748929126620782,0.09854009280294666,0.11474659755171265,-0.7532326133315086,0.041652338640166736,1.0015465095748892,-0.7550452217843687,0.2479225901845317,0.026097438754810378,-0.014320822135980984,-0.09250772272993639,-0.29998510850132115,0.23275620576878245
2022-04-30,-0.22107345693729558,0.04565818577941563,0.15161322444266886,-0.5818273757969241,0.270491077101918,-0.05130127554639343,0.07695186574014116,0.482671329777905,0.275171168487265,-0.5923291408106266,0.02228903489983089,0.5480938220641253,-0.2797132130883275,-0.2186590488125044,-0.21162210473012097,0.2303447635170664,-0.14798896987509025,-0.48216342539449997,-0.026857942582270825,-0.22798717538286076,-0.22107345693729558,-0.22676533572697105,0.04565818577941563,0.15161322444266886,-0.046086820138456615,0.5512488978172331,-0.69506959771167,-0.4560780196071353,-0.6710833738216001,-0.23947162902316932,0.2984779128456115,-0.5098448585437907,-0.38136045527090595,0.21723546433822438,0.11648903384385784,0.270491077101918,-0.21162210473012097,0.2303447635170664,-0.026857942582270825,0.17703160745770827,-0.15093517446554025,0.2618045220035766,-0.47093857855804566,-0.2908206786973862,-0.013998834967889158,0.05936303376166575,0.043616283265286694,0.16954366267634433,0.32766070011677945,-0.41312358081927386,0.13601957482707316,0.12378383138884906,-0.5523525984815827,0.7960256404673961,-0.4121407160531766,-0.06372163223631336,0.0788268644342524,0.3626797715540036,-0.029103243670043133,-0.022031419818502998,0.10674347133657976,-0.3073869633126963,0.49704558105478164,-0.3895295743684338,-0.28604027470044335,-0.12935824182650876,-0.19586194861883308,0.19149022611523364,0.01075259112386776,-0.12773720769100605,0.08171943112371921,0.1291850473615659,-0.5803855595233134,0.10566226814159334,0.12196822098087379,-0.7535645548535085,0.04981491971544711,0.9975869558619813,-0.7507627432246163,0.2488863424884592,0.024984858300929075,-0.012952342008038471,-0.0917111170209908,-0.29976361131607576,0.23084620907742984
2022-05-31,-0.23178334216823668,0.03177811889291385,0.16972120698078666,-0.5473836128301243,0.2598084814532086,-0.04375638872032934,0.030731791579783577,0.47244562926052674,0.28973410172168695,-0.5289247408047919,0.049278272296090296,0.530513654990945,-0.2579563468636988,-0.2531488663888783,-0.1991412162808259,0.23437359000918237,-0.06138953837422258,-0.47455452265763176,-0.029897399706514165,-0.18742273294063022,-0.23178334216823668,-0.167300588641948,0.03177811889291385,0.16972120698078666,-0.046025786285761844,0.537730236737485,-0.6339017575200354,-0.46355487782289834,-0.643697114201369,-0.2361326983971132,0.29619947915582556,-0.49876011664568776,-0.3760657266753042,0.17338231645388996,0.10727501871310179,0.2598084814532086,-0.1991412162808259,0.23437359000918237,-0.029897399706514165,0.18960580383868517,-0.24042397798818269,0.21856750049011858,-0.4830082177456496,-0.33160857405221994,-0.10798352688399374,-0.009186502246075454,0.010140352314183063,0.1816132831086534,0.31553000306072415,-0.4290164682452699,0.11306655872271874,0.13859889800569955,-0.5840217267005403,0.7892366443399265,-0.4150430148061261,-0.049909118382528636,0.0639436633004188,0.38163934054758797,-0.02309122097030999,-0.026827205523426153,0.1149640542920758,-0.29926773567464915,0.49584151741863597,-0.3799707802713595,-0.30224690532530263,-0.10693613193435257,-0.2153279954605926,0.16761120063678436,0.018108920701322757,-0.15486362469732157,0.10904418671355812,0.13043764624121928,-0.6023689416016597,0.13464734042163584,0.10142188367807821,-0.8448273380180893,0.12024464352891129,0.9960079871287019,-0.7148635862333067,0.22494662467937596,0.015867260093405416,-0.015433817880981204,-0.12944071435700985,-0.2824478695798816,0.2368467897913212
2022-06-30,-0.22797580857906521,-0.02675086766115903,0.21636339554175266,-0.5318864930001754,0.24077997924914243,0.00044738981818161975,-0.012066670673651872,0.44174692164600554,0.30998620453052317,-0.49432765458505185,0.03454656694223719,0.5239388139466191,-0.17594038036611617,-0.32677132759495253,-0.19617549394761105,0.22867554596866374,-0.00933968774096225,-0.4696332665638123,-0.020186395114452044,-0.16347136095577122,-0.22797580857906521,-0.15178525611349974,-0.02675086766115903,0.21636339554175266,0.0025768875378492984,0.5463009567583565,-0.6374736916008923,-0.40895981389597613,-0.612149504377089,-0.15424676925246852,0.33575529652744784,-0.4873733300520991,-0.39101171392224776,0.19024362382954438,0.06942710014085798,0.24077997924914243,-0.19617549394761105,0.22867554596866374,-0.020186395114452044,0.2130202607975159,-0.14985666904840508,0.2936511117880879,-0.11028349142067691,-0.328147235806609,0.4557296407444328,-0.02301275584414796,-0.18914797178880852,0.3141073499915931,0.24934776996473465,-0.4149233735365923,0.12106380534282105,0.05179690020141827,-0.6053198921455948,0.8270370641899187,-0.5425396686485304,0.4254006744589599,-0.13986178758202872,0.3109502817995994,-0.0313030194952629,-0.024226446146119126,0.1028488139670978,-0.3278967883954102,0.5075798613144301,-0.40050485246057416,-0.16914751666143982,-0.13240129996211997,-0.24245654958048612,0.17046011955575666,0.039553336345471445,-0.2896226743935992,0.12070429071184538,0.19194794106576896,-0.6553994481503015,0.02213911629324164,0.22558118609528371,-0.7402816468576827,0.09192081231576316,1.056489768529205,-0.746313209216906,0.1935919875561916,-0.00249421190421268,0.06546972546711405,-0.10251250776001128,-0.3885427850637846,0.24503664460362057
2022-07-31,-0.2374400169418762,-0.036741388234685424,0.21653961971583996,-0.5407584014504261,0.22723025441042596,-0.02976537046179031,-0.0059492850486172625,0.4387135491576129,0.3204981023067025,-0.47874490550467846,0.04383607499807241,0.5431668346074916,-0.16737970703251165,-0.3737320055031695,-0.18729342134929342,0.23149878127558743,0.05923275543137363,-0.4858168476018683,-0.02012002136818238,-0.14571083527087708,-0.2374400169418762,-0.14264307309287425,-0.036741388234685424,0.21653961971583996,0.00757440868181144,0.5760889383664298,-0.6054159952059046,-0.37884121366323636,-0.6194802106942049,-0.15632285877264782,0.33902397738635154,-0.4899857600981165,-0.3886727115824633,0.14342902573672514,0.07058126354514169,0.22723025441042596,-0.18729342134929342,0.23149878127558743,-0.02012002136818238,0.23448164462643906,-0.15067025917542506,0.23873270916449457,-0.13039969002625362,0.04635380120192316,0.39364423058174824,-0.06749690183815206,-0.24971410213944323,0.30822714815630986,0.2661920892142408,-0.4504422912187146,0.1275662552016968,0.08054803992203016,-0.6116890122813881,0.7888143009763456,-0.49040576441400735,0.38880354009242923,-0.1650589087416849,0.34846017522510486,-0.03415639677396337,-0.0308900801293106,0.10345928452447781,-0.33701600368611134,0.5076322115012756,-0.4179531044101444,-0.11005027001480305,-0.1025652647410505,-0.2362970107658711,0.14111880374856692,0.035544390675793465,-0.300985736927463,0.16938542694288072,0.13861741286538498,-0.6932436397574978,0.017292256258532004,0.20505161469011474,-0.7613427698867781,0.1063966596876586,1.0792195045235256,-0.7142021228230947,0.20856674457238142,-0.018194255918173037,0.06775198138570336,-0.11850844097564485,-0.4042964379328837,0.25361991417899166
2022-08-31,-0.23607700177382637,-0.03741712600272177,0.21643653826270626,-0.5385134494191374,0.22628587598604305,-0.030709820081649044,-0.0055338687422162745,0.4394752906430773,0.3207305837363637,-0.4764382227224995,0.04418796418323083,0.545000709689242,-0.16734659917678468,-0.3756841351623027,-0.18770306243528187,0.23048939102739555,0.05997372550020719,-0.48657254387408666,-0.020841632327760335,-0.1471440143685267,-0.23607700177382637,-0.14191151393236226,-0.03741712600272177,0.21643653826270626,0.008687400955876305,0.5747692657029714,-0.6080923165916281,-0.38048688091482286,-0.6162401561093674,-0.15571770748460395,0.3402520372457829,-0.4906916685602695,-0.38755117318021565,0.14358865994802497,0.0706698676790365,0.22628587598604305,-0.18770306243528187,0.23048939102739555,-0.020841632327760335,0.23516293450244855,-0.15089165594441784,0.2353986117148289,-0.12920597506428386,0.05388996171620888,0.3946627098128607,-0.0659622058182966,-0.2525829553363798,0.31105983246097296,0.2586237714315861,-0.44830624460734325,0.13102788829696574,0.07859408784373492,-0.6133320910507196,0.7837492922438797,-0.4934542126220672,0.37830472134954846,-0.16703048309316873,0.3548873236476436,-0.03371550906533971,-0.032442950056339466,0.10481822682967759,-0.34180976522502193,0.5020587075059059,-0.5195087802576216,-0.10981241308375707,-0.10171921241366592,-0.23629872280748934,0.14131232611491062,0.03571671324847352,-0.30494768393418104,0.16493401812696024,0.14059954359958932,-0.6935308556621625,0.018470183074061022,0.20570360957653083,-0.761957636947705,0.1030442416948911,1.078101628120676,-0.7099943724789318,0.207955563531797,-0.019170022711912996,0.06922290740557345,-0.11721295000836925,-0.40494884094523786,0.25509402212966936
2022-09-30,-0.22175808977475442,-0.016901888683950282,0.17785794874441896,-0.5409375742003322,0.21675337335980305,-0.01849907657821738,-0.0003577573921974882,0.4475329338569331,0.3002365227930551,-0.4408285763562321,0.007022435128264404,0.5592560429565128,-0.15286983542191285,-0.4206348704554748,-0.17192913442677638,0.19792859531197401,0.05479309086116769,-0.4938630157122424,-0.02335046844422364,-0.17018181124677959,-0.22175808977475442,-0.1491318244779175,-0.016901888683950282,0.17785794874441896,0.00638502374312495,0.5571749151722134,-0.6274004799367291,-0.36327207360456076,-0.5659037307418096,-0.15868285091209183,0.36443379999154296,-0.5099223558974003,-0.3850957526939224,0.14658801528915388,0.07439263944296266,0.21675337335980305,-0.17192913442677638,0.19792859531197401,-0.02335046844422364,0.2415712081367848,-0.19944061999609286,0.20693183361461046,-0.14059004221659785,0.03990837333649211,0.3855279757550066,0.008398257705947015,-0.2420151527808037,0.33566871406167637,0.2818556808758045,-0.4607912100402775,0.15828387310666114,0.08939547759711414,-0.5452588752907934,0.7300013546729905,-0.5280510084322582,0.36164200463607854,-0.15603559514429854,0.3489218563254735,-0.0787186483209302,0.007931486006255109,0.09778762730102199,-0.6756126147130371,0.5498412661354305,-0.4723555163985567,-0.06806508717373348,-0.0918482587585375,-0.23339302573548115,0.1325010667522783,0.06240680035098734,-0.3192662307951883,0.19913002535694357,0.1293754664676505,-0.7223552459263277,-0.026736336052539424,0.20289108811999348,-0.6896006407424251,0.10179668382844655,1.0830765083831457,-0.6933050371990511,0.22040505805813504,-0.030136944539708284,0.08211728783122481,-0.08611971884873555,-0.4410019677162609,0.26154087702546647
2022-10-31,-0.255644715843634,-0.030150820847943217,0.214708714353297,-0.5245032155250822,0.22819551534509838,-0.09398674435987273,0.07882436925441495,0.47467806243128335,0.3132365114906137,-0.40029672580829856,-0.042095542987338794,0.5338960841184315,-0.12934007464551853,-0.5328359510964054,-0.10562364946878618,0.14463216572640658,0.15226424707299646,-0.5961197983825897,-0.025046849686574172,-0.22653078482094488,-0.255644715843634,-0.13227509731584614,-0.030150820847943217,0.214708714353297,0.00249685532467094,0.592451722267822,-0.63341832392389,-0.5368863634814158,-0.4916240334076842,-0.16007727883163608,0.35851677147718003,-0.5529998418856714,-0.2679893165286536,0.231859114420698,0.10406698733088528,0.22819551534509838,-0.10562364946878618,0.14463216572640658,-0.025046849686574172,0.2466164911685757,-0.21532778672529798,0.18027797215742938,-0.14363904934501698,0.13276872359286454,0.3715752417443193,0.00842774222945318,-0.2424276339164305,0.37076703078336076,0.4126324884911087,-0.6160305183892106,0.26732034291018075,0.11924511265178435,-0.5909655598147672,0.7273873592313366,-0.39437271356484155,0.25073732786736097,-0.15622938024026595,0.3355690939866864,-0.07500984950860176,0.023601226636254843,0.09874120711153438,-0.4306665121192298,0.1416115384792232,-0.35141207685861797,-0.05356601829461594,-0.11198903410958032,-0.23128911745685724,0.13613296353665386,-0.05246543898819271,-0.08423482726161179,0.15839180059271518,0.09616241291601545,-0.6943321205710833,-0.02723281697062709,0.20612577259905343,-0.6536724268661431,0.1468490625378242,1.088750266812546,-0.7383151018317148,0.21654962816910914,-0.02447080159853026,0.07646307501037573,-0.13329955009072647,-0.45215869898042654,0.31070034457563356
2022-11-30,-0.25481732257454554,-0.029655587099017257,0.21224896280730188,-0.5231642165105105,0.22783495119754255,-0.0958484196927078,0.08168782093674268,0.47547609614582126,0.3126179501461139,-0.39040417473364386,-0.05226077502342979,0.5440878290397372,-0.13611595637784224,-0.5394540592593707,-0.10743298755593657,0.1451107361296245,0.15130298598381806,-0.5985727197665413,-0.025598877775406998,-0.22695740483873522,-0.25481732257454554,-0.13114658572621937,-0.029655587099017257,0.21224896280730188,0.0025774196491914693,0.5914775579149443,-0.6338837370484157,-0.5326192162553898,-0.4945141993704058,-0.16011419101434435,0.355365473186976,-0.5539300833182984,-0.26441751940924446,0.23309935374191393,0.10468466933174636,0.22783495119754255,-0.10743298755593657,0.1451107361296245,-0.025598877775406998,0.24896338935877893,-0.217966625497559,0.18000542063624933,-0.1441591979485162,0.12443267582184271,0.3737040481905519,0.01731542187241093,-0.2428098534155613,0.37452406837554936,0.41453725037525174,-0.6300172557865376,0.2746037869724872,0.126438433119431,-0.5941116508976718,0.7308113575875222,-0.39495419616512845,0.2525733026557483,-0.15523173286197853,0.3339146168183748,-0.07561346836448238,0.022474586473074296,0.09863261815845453,-0.4374996065833381,0.13797764017542297,-0.3589853238284963,-0.052185699011327934,-0.10893670688658487,-0.23554828991210539,0.1325824383786159,-0.052716767386174986,-0.08098178625027368,0.16217460091914024,0.0934568697580392,-0.6987698461452951,-0.039839915852836104,0.20817091433977306,-0.6503336182087432,0.1465510684196623,1.0941051492472422,-0.735730356813131,0.22016028687252184,-0.020551373974029334,0.07255151079245438,-0.13866711356046105,-0.4468234145989513,0.3076778298589302
2022-12-31,-0.24658436248461005,-0.03805600094791699,0.23962109458084538,-0.4851956818535185,0.21311108770154039,-0.1190953884339964,0.06853202398727247,0.45247468736023705,0.3293562691821046,-0.43913251427134303,-0.03461997297965402,0.5554765993797374,-0.12084949310698817,-0.5448331557372736,-0.09661588082055825,0.1323099508055431,0.1714497665960711,-0.5776995808993435,-0.029407115831945305,-0.2033348278181556,-0.24658436248461005,-0.11620330593243991,-0.03805600094791699,0.23962109458084538,-0.015402023568466369,0.582742350945747,-0.6006229159776693,-0.5284889134856235,-0.4893064757841872,-0.1386303372445793,0.3582600882950632,-0.551312254645415,-0.24818031534924034,0.23913221290834566,0.10339788989812437,0.21311108770154039,-0.09661588082055825,0.1323099508055431,-0.029407115831945305,0.2540721622976362,-0.20331515895185032,0.20683376031088727,-0.1406464535108921,0.1540432155174602,0.3798996745650549,0.021862237989112052,-0.22219487056556245,0.3473061230058937,0.39870021065490874,-0.6612451483461791,0.28049830072121296,0.1463062431782385,-0.5924969052511992,0.763370106654865,-0.36146513856448,0.261668692418307,-0.17468759488764032,0.3199953057662825,-0.08168494514619554,0.0291444626745589,0.10592898490126501,-0.4468757717173385,0.11436483409655063,-0.3648899894303158,-0.030256780963826196,-0.12880629729214255,-0.2349559380984958,0.11622921637587068,-0.02802029016800071,-0.11092467604100377,0.03443335327134119,0.19143832718506343,-0.6708168844171105,-0.08287869984044466,0.20286218431334088,-0.7355920416716134,0.12754075366818074,1.1535216781131512,-0.7686813826376164,0.19939584270177702,-0.040541408412883145,0.08407884493191443,-0.19342340410558806,-0.41053877001533745,0.2972313399745206
2023-01-31,-0.2586049671808731,-0.04298428964970999,0.2496205166001349,-0.4959798267452198,0.22230260405348842,-0.11617288962353693,0.0643340424762963,0.4528055849106393,0.32295074741134294,-0.4433293196087094,-0.03549814369885908,0.523072644995225,-0.11444176540548634,-0.5507447871172866,-0.09663302730829816,0.1336959623243581,0.1444395656491463,-0.5767574323003423,-0.026274433159788023,-0.21982014713541992,-0.2586049671808731,-0.11838593934348149,-0.04298428964970999,0.2496205166001349,-0.016633508221957034,0.6084972700211139,-0.5938319912549017,-0.5434133087163798,-0.4916760523349683,-0.136713638453291,0.35516599801218346,-0.540226757851457,-0.29743358128641406,0.23640326954410879,0.09948775433371473,0.22230260405348842,-0.09663302730829816,0.1336959623243581,-0.026274433159788023,0.25095897105213527,-0.20283834303577175,0.20686422891998923,-0.1294022648991906,0.17692005287747617,0.35632793203596375,0.017703911754122573,-0.24339424235153675,0.3445218440216871,0.43557967921694485,-0.6730733850955949,0.28268166836013536,0.14598037217918144,-0.5910055147480947,0.7565734068181523,-0.33884921297118,0.24233641675020742,-0.17868673057878057,0.3310001795510435,-0.08017457699346958,0.0339034340540414,0.11072932975345684,-0.44296612281885195,0.1358954972776101,-0.360072250439713,-0.031039202347641355,-0.136747554820109,-0.23563200190833572,0.12625056346314367,-0.03452715519828019,-0.12969628026306407,0.09642464087811409,0.10808298999467296,-0.6669333475582224,-0.09346418340476063,0.22025484153442046,-0.7519113498353038,0.12505897810005892,1.1696750505736189,-0.7807974131592524,0.18783880836594594,-0.03537573281876527,0.08684790538491988,-0.1712706504980585,-0.43294375422498016,0.30598469952427637
2023-02-28,-0.26055108362110163,-0.043793475432093186,0.2520346264510417,-0.4945930349615042,0.2246826850033065,-0.11600607799706152,0.06471234700836091,0.45251932272624223,0.3231687713915874,-0.4422637490804744,-0.03334664405266363,0.5213853865577496,-0.11311406952745719,-0.5522036606651711,-0.09527591666588937,0.13263115874565187,0.145792737080451,-0.5763989173960709,-0.026128346788078856,-0.21937374405276175,-0.26055108362110163,-0.11820808840273886,-0.043793475432093186,0.2520346264510417,-0.017294521629805965,0.6068532501660769,-0.592053107318382,-0.5477885897480799,-0.49155672932985767,-0.1373600471012123,0.3555739760760413,-0.5404069488843444,-0.303971096579039,0.23863358326287049,0.09918961994996955,0.2246826850033065,-0.09527591666588937,0.13263115874565187,-0.026128346788078856,0.251769659947692,-0.2065880360148026,0.2043491868991975,-0.130160705461565,0.17874628041569285,0.356767998610521,0.020195803827498384,-0.24096548452220953,0.3424111015885236,0.4330287742177597,-0.6729853847601638,0.28256878954760717,0.14764204250454618,-0.5894380889169243,0.7563439473320758,-0.337924350576459,0.24208944515005013,-0.17723135850137878,0.3275960800391277,-0.07959680778955136,0.03370286770526908,0.11069038529041177,-0.4415642666829656,0.1377192066375026,-0.3576930432391527,-0.030020419732673245,-0.13833619298467167,-0.2380407509255898,0.1304742109386646,-0.028531236466140548,-0.13585416267524916,0.07064288354413417,0.20152009349383979,-0.6662490886380563,-0.09260522043088572,0.2240475059486741,-0.7504763759058732,0.12353209695488247,1.1704615863114958,-0.7835284068654548,0.18700435367091384,-0.03442172997973254,0.08455248908177797,-0.16781427450762068,-0.43492050922621195,0.3079565981784394
2023-03-31,-0.28143692480051485,-0.05379027603061846,0.27220544715483425,-0.48641325704123195,0.23107887146170883,-0.09944612526742092,0.018144118159873143,0.45966378842741545,0.35125584491224254,-0.4662649355446607,-0.007692536294964637,0.5289980029070391,-0.11162047930410672,-0.6033896121134606,-0.10045974527882436,0.12345951133981928,0.15889573734166,-0.5842175182898545,-0.025324344187894816,-0.23284277288252495,-0.28143692480051485,-0.12575825212412897,-0.05379027603061846,0.27220544715483425,-0.023883892507671166,0.598398024615585,-0.6118501854636058,-0.5233387704041854,-0.44891382771072663,-0.13607792367313132,0.35893793608647945,-0.5487844370732734,-0.27939564169757886,0.24180941557502694,0.09611654594057518,0.23107887146170883,-0.10045974527882436,0.12345951133981928,-0.025324344187894816,0.2528312680397449,-0.20457666623728943,0.17294417949471402,-0.1391077937882583,0.19665122181825223,0.3268385332889787,0.04990158572305884,-0.19092975653823024,0.3159986629214242,0.40195454035682965,-0.6648862131805794,0.31577347518442284,0.11950907260328195,-0.56630322049268,0.7429202975154016,-0.32497091561263874,0.20279519365682028,-0.18478614720775274,0.31356635596071075,-0.07643528365744638,0.028588623004268423,0.1040371013044003,-0.4334667414078643,0.13956558924050103,-0.33832571739814055,-0.025036767586722908,-0.1325400216253747,-0.22569113495001278,0.10394388101375289,-0.012337383819973492,-0.09998749341994291,-0.2323864929130996,0.5010171516036712,-0.6996320200823622,-0.08044858945457362,0.25086206614226725,-0.6948837949745779,0.13781231751163073,1.1550676584141695,-0.7823594046441946,0.1762305527377736,-0.03492961182274731,0.10882153872272045,-0.12399900844240712,-0.4634363886116471,0.31244892518937406
2023-04-30,-0.27968803644275303,-0.04942632865760322,0.2622534028012826,-0.4818310504459055,0.22674207257545823,-0.09094106436003051,-0.014096510493166988,0.4571012720812725,0.356820285685286,-0.48347805347328143,-0.002832455777017807,0.5762041793220067,-0.12459019969267944,-0.6228177024983849,-0.10066808894949425,0.11818404913270457,0.16694840368780464,-0.5861849683634602,-0.023976720024645546,-0.22012328688969623,-0.27968803644275303,-0.13125941213188294,-0.04942632865760322,0.2622534028012826,-0.02929101933492858,0.6175191099442042,-0.6272171456252019,-0.49649491779653515,-0.4582492441827625,-0.135562380335872,0.353685909404404,-0.5473398657807645,-0.270798586887687,0.2299485769419632,0.09593681277930068,0.22674207257545823,-0.10066808894949425,0.11818404913270457,-0.023976720024645546,0.2548599700991917,-0.19378525977641195,0.17679042657649244,-0.1504174570189611,0.18504828008404087,0.30850072702212944,0.06489025905500072,-0.18031097349676156,0.3140887601197738,0.39994784308506653,-0.6653272636239054,0.3238197980006123,0.1212453208624483,-0.5675722916938818,0.7476277450270078,-0.322401734258903,0.186762573191339,-0.18398074163496336,0.31067060847110345,-0.07875136519069448,0.028859604050457503,0.10466564639607318,-0.4227167578602139,0.13596142525171878,-0.3499522227763513,0.008379808054032182,-0.1260158059832647,-0.22250663366571455,0.08957322082033044,0.00035594150567110875,-0.23063188316583638,0.16495616884183878,0.2703726613777273,-0.7236081739534984,-0.06544036448727741,0.24369321459900656,-0.6818217264837045,0.14196310865801845,1.1583554645105025,-0.7761775750598748,0.17795923637934613,-0.03406419486160664,0.12262587207761402,-0.11816241444972196,-0.46650790734739306,0.31215615124355484
2023-05-31,-0.2918995440161279,-0.02920278111396029,0.24577532911379274,-0.5045787595191359,0.22099666429221185,-0.13553998366815384,0.011245452846204543,0.42478458143931486,0.36906360975870456,-0.5390069128769516,0.03810758426627051,0.5640984909868434,-0.14676212129541377,-0.5899518148093459,-0.10157838694045354,0.12119166376291772,0.14371741774218139,-0.5820286356513524,-0.01744028715592491,-0.19090458248408468,-0.2918995440161279,-0.14035872493404092,-0.02920278111396029,0.24577532911379274,-0.032467245632227935,0.6410229904462599,-0.645821925326633,-0.5349811228103312,-0.4468903626097454,-0.13030332084708773,0.36844228254750233,-0.5366929246094173,-0.2621653647041936,0.23058824378017273,0.10115314789108718,0.22099666429221185,-0.10157838694045354,0.12119166376291772,-0.01744028715592491,0.24460242084977246,-0.1771472674088646,0.15436782953503217,-0.13555190861807456,0.16536201740531875,0.2911745037179412,0.03460118030396035,-0.1724409101285094,0.3082706357755879,0.36395126317246296,-0.6327434284510942,0.3191747687202,0.10339106252883536,-0.5798579138971907,0.716278116983617,-0.3151778178908721,0.16902076879854322,-0.18222032438954197,0.3521653567768497,-0.07825451061358181,0.02474508682895298,0.09529764282479837,-0.42644323224027264,0.13413593356143072,-0.3510243266978942,-0.0329088858629622,-0.14742621573463366,-0.1771297836747295,0.06559632422860925,0.04469549231354721,-0.1668588191905944,0.15199898689064908,0.0916240642015384,-0.7286279916994887,-0.038030711320006856,0.26813718751994237,-0.6654295652475699,0.1631157364472379,1.1559387639805636,-0.806797050213025,0.17415337573466286,-0.039714906616669814,0.15699280498388807,-0.10325198677746913,-0.47182969136639313,0.3422967068227361
2023-06-30,-0.30627237598972396,-0.020136531655448427,0.26304490718951545,-0.4899887379815537,0.24273397922965326,-0.14065758931808328,0.0428546072997471,0.42447243047635247,0.36761125933634914,-0.5271478631822872,0.08942135422008954,0.500519435190059,-0.10588171930376417,-0.6063321531146643,-0.09411422166668797,0.1298145476044344,0.11228425023332865,-0.5699783984360046,-0.017969067412039297,-0.1928562098356913,-0.30627237598972396,-0.12441764352951559,-0.020136531655448427,0.26304490718951545,-0.01969891628730866,0.5813546335540553,-0.6208805130863746,-0.6026461698208285,-0.42827783664800384,-0.13520542760844514,0.37015206361986225,-0.549087918769798,-0.27588405650677666,0.26436285290234,0.11087182361898941,0.24273397922965326,-0.09411422166668797,0.1298145476044344,-0.017969067412039297,0.23586786727735418,-0.14818796008856602,0.14344464942512378,-0.1222763591085454,0.18325101139235314,0.2844638208189706,0.014175678283224698,-0.19740925053980357,0.3346616151193096,0.36478371640016743,-0.6521502737250651,0.3054350578286398,0.10826797530510336,-0.5802207358844218,0.7068624363678657,-0.3027487512526966,0.17441402516970417,-0.1859643907732568,0.3653170369632123,-0.07319467491420899,0.02884227186632479,0.09204889176400892,-0.42645058425425736,0.14029208036714824,-0.3241644508071361,-0.07071979669426559,-0.17350166006367204,-0.15836939787126303,0.03920412143428666,0.055162208208009544,-0.19840650688593134,0.14485207728183985,-0.09770072631424719,-0.7329654193046352,-0.0010630747755697436,0.2943562860721416,-0.6810503569757032,0.14234030130217898,1.180191103235943,-0.8440970814658242,0.16684311181560763,-0.039127912133657794,0.12353526458930239,-0.10210085433407871,-0.47028594255251005,0.3409553749449677
2023-07-31,-0.3206427661469501,-0.02180920057888298,0.272639011338896,-0.46397405709840095,0.24096120782860836,-0.1496877534387863,0.02696872761136513,0.4252505244764912,0.4031067086393569,-0.4713390950583027,0.0785499318722843,0.5102609586234993,-0.1336491324021718,-0.6238267473325776,-0.08111885439461346,0.12044417823102736,0.11572685038523368,-0.5694819476389895,-0.010716402071273367,-0.17366612868436862,-0.3206427661469501,-0.09894529436463306,-0.02180920057888298,0.272639011338896,-0.01113685031131631,0.500024519965676,-0.6275560916961728,-0.5713809604553459,-0.4261082175101695,-0.12468100204528418,0.3604438749411947,-0.5619785279656764,-0.3031895480173251,0.270532421408845,0.10833152768313103,0.24096120782860836,-0.08111885439461346,0.12044417823102736,-0.010716402071273367,0.25321189558828855,-0.12538487629206155,0.13793146768409004,-0.11557447195116126,0.15151793597942909,0.294232163823172,0.00253864753215492,-0.1723733753512215,0.3268929160476445,0.3066557849388038,-0.6397414367828064,0.31998450885697144,0.100191773374067,-0.6024335014556121,0.7028692170198133,-0.2827362433958483,0.1669179865852704,-0.18903245488189727,0.3844451100054865,-0.06968727896491357,0.026882559144672052,0.10020712159050699,-0.4183922254972257,0.14242799790656901,-0.3102299758405821,-0.05835606965548476,-0.16741755135377442,-0.14756473657518213,0.0332574006798423,0.08353950477380458,-0.25935925477693267,0.14769611227186738,-0.10203473030284017,-0.7145790964110837,-0.0026755790894664707,0.2832871878944078,-0.6467502069674361,0.15292880853304086,1.1693779602950718,-0.8303817426337711,0.14606182276312135,-0.08438753545919044,0.1105924618183625,-0.13316126838736725,-0.44672757461463586,0.3352664517148901
2023-08-31,-0.3089603076697611,-0.0313412895269241,0.29726952313623034,-0.45666921991130505,0.2522221495762189,-0.1426281270667948,0.03242952107590244,0.4282580631648131,0.3986530965703983,-0.46872385617244794,0.06334947953369487,0.4921501411856919,-0.10173350191891398,-0.636525350536549,-0.08759267615015555,0.11366626148795085,0.10331478094697441,-0.5649823440454641,-0.020559611177080793,-0.19844768341544963,-0.3089603076697611,-0.09184977136326786,-0.0313412895269241,0.29726952313623034,-0.003710444776899349,0.4845442994592535,-0.6177858402380839,-0.55120729916517,-0.43483679169810546,-0.12827510377800336,0.35205251331398724,-0.5552333556223459,-0.3433379889402595,0.2573954848566578,0.11307157194627214,0.2522221495762189,-0.08759267615015555,0.11366626148795085,-0.020559611177080793,0.2471615359315059,-0.14062683331896483,0.15430238687428083,-0.10693483025303259,0.17208044560992342,0.2876473473991974,-0.009006889761440533,-0.2065282122161293,0.33643069024574995,0.3182020505698915,-0.6397004964581557,0.31264080193121646,0.10798151424423287,-0.6044792816197709,0.6967174979422229,-0.2707663054497384,0.16485635771259294,-0.19434962997224048,0.3701156606661156,-0.06808935120739644,0.031243714884273768,0.10220174373418099,-0.41775046424122736,0.14923244036114539,-0.2976297831287196,-0.08087725655501639,-0.16743580283991166,-0.15262929141394482,0.06671122573775733,0.0721719863147562,-0.2601821267134868,0.15601073099666599,-0.10977539664276514,-0.708706158173569,0.020562146092554686,0.28492871165511274,-0.6539328379002869,0.14167205851424966,1.1573322678383493,-0.8430558806829871,0.14072587935818082,-0.05727300723325611,0.10464885440355191,-0.09546138625043887,-0.48001336080272206,0.3745984548124849
2023-09-30,-0.3114687728122878,-0.009264458693331168,0.28082260408528753,-0.43242486289382176,0.22994932392283332,-0.16459747414150697,0.02265849254943105,0.4228914710134786,0.35827280156045954,-0.4483604473203688,0.090656069013598,0.47794416533933054,-0.08444549094860342,-0.6408401054104313,-0.07488405196610154,0.12708230516363375,0.11318849205097105,-0.5690221462992155,-0.011328493644156586,-0.13720606183055087,-0.3114687728122878,-0.11582211479916193,-0.009264458693331168,0.28082260408528753,-0.03794300013258311,0.47731499737854477,-0.6009782869136425,-0.5317556269770919,-0.44679336505582434,-0.12931892597831576,0.3367426820810134,-0.5339165839884199,-0.13374224148687142,0.25718409815409454,0.12084892586618336,0.22994932392283332,-0.07488405196610154,0.12708230516363375,-0.011328493644156586,0.2273246689599872,-0.12430966942507644,0.15689649454445564,-0.12650480215579082,0.1128907027367214,0.24870618070379555,-0.003085377033672087,-0.12420856698974411,0.30046645964105473,0.3022898716353085,-0.6363239498553429,0.3186314274600288,0.07708382877322205,-0.5333390076735237,0.6960414548532662,-0.3279277201466747,0.19625451072590658,-0.1863414453796967,0.35533399202693516,-0.06720659150085634,0.013208443529570795,0.06922386469283492,-0.4318710674597945,0.07266708511559161,-0.31851496216225705,-0.07380087116818063,-0.1793641264237149,-0.1148705671423482,-0.05961996447142251,0.012111428436247722,-0.13555769234661993,0.10702967966028032,-0.12881040188022755,-0.7542361714214143,0.0441506195551503,0.31094209591645866,-0.6642206316249414,0.08828176801069564,1.2014135446092913,-0.8447865501236392,0.15291340077878868,-0.054760822821426705,0.059201359155281554,-0.04367036539110358,-0.4933028786221626,0.3977454981284348
2023-10-31,-0.3152360309265505,-0.026512729532550454,0.3175551909594547,-0.40769311930804686,0.2285750663774271,-0.18397179359782895,0.027421322896729133,0.4171081806738653,0.3475505768542392,-0.4255267939909295,0.09699629158405051,0.44320962982471473,-0.09393163115374005,-0.6449372097820024,-0.05986555121042379,0.11604737098554421,0.11482997933267958,-0.5504584185233297,-0.0212843543343408,-0.13458111343056905,-0.3152360309265505,-0.11957423567145593,-0.026512729532550454,0.3175551909594547,-0.038351007921209865,0.5017802403387905,-0.5694498089132146,-0.5236122897956343,-0.4479941925066102,-0.12402048191233321,0.3310838643360954,-0.5234913881472408,-0.1301404784805507,0.2124206884938783,0.11364455679293956,0.2285750663774271,-0.05986555121042379,0.11604737098554421,-0.0212843543343408,0.22529955062269627,-0.11229198194904919,0.1503809896051367,-0.1279213208148501,0.08442445015594471,0.24628884372650447,-0.005214627424010183,-0.11421737084001776,0.26646475932519736,0.3108780005065037,-0.6362409870233364,0.30982694752462214,0.07123318554367816,-0.5166226148941256,0.7050076318802614,-0.32808098234776994,0.1771520037398673,-0.19331420034755478,0.3401063664938963,-0.06047148947240412,0.007831018217163144,0.07338300333582426,-0.43154478916330363,0.06589437694493508,-0.3111018689939587,-0.07618016280839707,-0.14480120055953452,-0.10702043757550203,-0.07107290647022337,-0.008190398825249292,-0.11799122881063827,0.11108195459959994,-0.14101183186206825,-0.7522262342265084,0.04325181387275703,0.3161669838663608,-0.6676611403261347,0.08110336824368955,1.21471183459712,-0.8550514739802776,0.1385497333935151,-0.07486977822662456,0.05041640584940043,-0.01323113322778611,-0.511817027809794,0.4327437621436786
2023-11-30,-0.3123819240928761,-0.009388117129576051,0.3441577724306093,-0.41944606677658114,0.2325744538176527,-0.1427728592165667,0.008004769690502617,0.43541244955056924,0.34621062819358317,-0.3699106373607668,0.09346642203206723,0.40464913732064794,-0.05259709318335797,-0.6721004566807861,-0.10762289428292998,0.1131523041586071,0.12377864694581964,-0.5539589591524895,-0.0628449912500169,-0.14163404322264772,-0.3123819240928761,-0.08786761116808285,-0.009388117129576051,0.3441577724306093,-0.016549219037775627,0.41987326200131525,-0.549245611342629,-0.47427306688854215,-0.45108385483917873,-0.13335105880657774,0.34657392568681195,-0.5636317409165205,-0.1621533549433979,0.2675935673990251,0.13191360769894092,0.2325744538176527,-0.10762289428292998,0.1131523041586071,-0.0628449912500169,0.2253540761282349,-0.1228099641523315,0.16027220549948656,-0.14585459757863206,0.12536219819687336,0.226641818182679,-0.011364129263989131,-0.13450137571959478,0.2900472718724839,0.3439441445464791,-0.6282042729770255,0.2609170562465491,0.08838035440415092,-0.5395244054402115,0.6814918695282037,-0.3240807607309032,0.21575133829257054,-0.1968618208784632,0.3450527084480651,-0.056531034340192285,0.008840418906920387,0.07580356050524484,-0.4429117867286993,0.06941566194340026,-0.2914805139881013,-0.08106532345804,-0.11163968146035054,-0.17779224963554338,-0.017339609032878525,-0.033754427145166944,-0.04706801285002186,0.11334290151481437,-0.06745050472173693,-0.7033611501089008,0.0904698826864026,0.3379791937254855,-0.6620707447207612,0.007132314619707928,1.2119772299704115,-0.9169086833033021,0.1488567174154123,-0.04833013189851282,0.02833120057604684,-0.016181865350917604,-0.4991432692890679,0.3854570973052455
2023-12-31,-0.2679553708940542,-0.0043552894908913875,0.33433509234881753,-0.37913937597694203,0.20938077264123983,-0.1559528213716944,0.011616808208053553,0.4246913266409203,0.3183463043799864,-0.32228525530936286,0.014675839255933857,0.424991938131807,-0.06724394517410895,-0.7098546884738168,-0.07931926031788251,0.1080355120698603,0.13939630250554497,-0.5569748105959282,-0.06126417312322066,-0.11114157255417513,-0.2679553708940542,-0.029163590627826336,-0.0043552894908913875,0.33433509234881753,-0.015678864734529636,0.4226439390896855,-0.5378544370653885,-0.4458912991358981,-0.4347000465098019,-0.1324342965942592,0.3517751651546202,-0.5250859305492376,-0.13547666868915212,0.23988139917190374,0.12200744981556222,0.20938077264123983,-0.07931926031788251,0.1080355120698603,-0.06126417312322066,0.22762164268095214,-0.10624544043931791,0.16328571885406634,-0.1346451558569986,0.09440476015433849,0.23320322824456896,-0.007039271122071371,-0.1649410933599045,0.2446666405096416,0.34183916673093356,-0.5965397751063901,0.2758844933909318,0.08812930127092468,-0.5280441112067087,0.7310650868614237,-0.31419631375074314,0.211778874497546,-0.23971650601327993,0.33244676005845986,-0.05670380340504821,0.016119253256124035,0.08938658855707589,-0.42619295427038717,0.05897338811083092,-0.2874257530068391,-0.06911122086393297,-0.09251770998165713,-0.19560571038611765,-0.03453429804505931,-0.05085680874362886,-0.04014924191566111,0.13297590280733348,-0.037859852766086735,-0.6606346785002214,0.08933051149465927,0.2991313423381649,-0.6604745642618565,-0.012564974379586006,1.215698391684167,-0.8946071711976176,0.12389908312674479,-0.025189217642520443,0.03565930371861195,-0.050096903610455976,-0.47586127631024894,0.32554627258595303
2024-01-31,-0.2757270544835745,0.0009673518776137189,0.3310594750183815,-0.3913531948678898,0.21146618322588326,-0.16098169693531889,0.03541963700229592,0.4282217512688227,0.3178702374275172,-0.3321711010505797,0.01851433770228196,0.41335795970870226,-0.005564175561418911,-0.7383795919226521,-0.0832572029921649,0.11051329403008421,0.1368847943688459,-0.5487682711810086,-0.06331347551407661,-0.13383626084891417,-0.2757270544835745,-0.022731123445178157,0.0009673518776137189,0.3310594750183815,-0.009679446718913966,0.42097839175691176,-0.536723998260468,-0.4726839530886713,-0.43255930485081817,-0.13551579330010163,0.34853479004183463,-0.5288216640823222,-0.12486190484526415,0.2480798850842704,0.12435405774720532,0.21146618322588326,-0.0832572029921649,0.11051329403008421,-0.06331347551407661,0.22950267931372847,-0.1068160046359716,0.1631351869866012,-0.1397374854753935,0.08255197220414265,0.232581572431154,-0.0023264021900749887,-0.1572763521282031,0.25748195389511697,0.3498404055268668,-0.6044473303898276,0.25453000495608913,0.09454738247786701,-0.5230712406504714,0.7130836048108959,-0.31931658152061637,0.21343210527716663,-0.23347868650733375,0.3362378982632084,-0.054432231433341964,0.011895563290473924,0.08182549063045408,-0.4304999085839001,0.05923765831383491,-0.290465855482205,-0.07877117288353112,-0.09334698621395127,-0.18980348245664388,-0.045302970049605255,-0.044922160310515914,-0.039174390648619654,0.13300233754211063,-0.04508353674313893,-0.6811984652312502,0.10545857528267641,0.3295532050165979,-0.6604900717950428,-0.03155986882025401,1.2296441982959019,-0.9062726232017697,0.12365668245754027,-0.03450128630358518,0.026083484236723534,-0.035346532491787784,-0.4828346401614306,0.34183056918592464
2024-02-29,-0.27656085686760296,0.01647820034912909,0.3399363325983104,-0.3713491779079775,0.21091242492012244,-0.21515217608328666,0.053386109141275034,0.4044868626377324,0.316088101395831,-0.39567866792824524,0.12770431711384586,0.40504347598539425,-0.13210801613832135,-0.6449052657330927,-0.09760130605928542,0.11119278342835637,0.123296613584,-0.520556669075709,-0.06253007718321449,-0.07530005203994852,-0.27656085686760296,-0.025755907961117944,0.01647820034912909,0.3399363325983104,-0.02482179976365793,0.4072529336114136,-0.5298858787985155,-0.41879383940429254,-0.44720178407799105,-0.12659304286071563,0.36309696113429296,-0.5271733735476989,-0.11766084204606639,0.2531852795733904,0.1346968018637106,0.21091242492012244,-0.09760130605928542,0.11119278342835637,-0.06253007718321449,0.2123960697909282,-0.11116827726825382,0.185357260649808,-0.13224227791223941,0.0947243452213848,0.23892631644974457,-0.030509798027181966,-0.16685859060769148,0.2512415059876476,0.33319313183580146,-0.6055166807060576,0.27511621626668425,0.06582888543090182,-0.528790300748866,0.7128840591892109,-0.3212712492240635,0.22329105363867244,-0.233727313395061,0.33693139279156165,-0.05975545036180988,0.013611384611574844,0.07881238290387141,-0.44592959610745714,0.04529596557113634,-0.2890821015985675,-0.07235657338894248,-0.10830224897566475,-0.1897556131132549,-0.03764579364425417,-0.060983947032440526,-0.04098573516725535,0.04436328537763516,0.026065705078458457,-0.6732512315083439,0.10054353420600377,0.314035015961168,-0.6524951481221238,-0.013049400221234674,1.1922332966055116,-0.9031326923969615,0.13353289535524446,-0.040895673936951774,0.034476923503207614,-0.009539146732923677,-0.4745017055823173,0.33220891084421006
2024-03-31,-0.28169959582453635,0.015075319357346706,0.34565315968856086,-0.3430632952883806,0.20403229381097965,-0.2405897298709882,0.053767054613498115,0.3910094675477898,0.3181337823477759,-0.39614966253678735,0.1545814670021445,0.3495651763732852,-0.11697737437229225,-0.6215261508360259,-0.08154936966362346,0.10865013059221787,0.10374434209894012,-0.5025657160829792,-0.0634863926962485,-0.07260071142676866,-0.28169959582453635,-0.023414684809685494,0.015075319357346706,0.34565315968856086,-0.02679934752819121,0.420355869926659,-0.5303062779216655,-0.45143947560671505,-0.4353306110415117,-0.11952133109806917,0.35982754177063675,-0.526509060180412,-0.13311721395322157,0.2619204503618693,0.13067232548582533,0.20403229381097965,-0.08154936966362346,0.10865013059221787,-0.0634863926962485,0.21657794096569244,-0.09803454470583443,0.19729468732393066,-0.1374798181552815,0.08940223061945386,0.23034022242455188,-0.026103835877828947,-0.17239143241210994,0.24703569981386203,0.31478209670994217,-0.6086965233099793,0.29364138551343316,0.04887844330731356,-0.5204379664339994,0.7130551794353396,-0.30270411198940883,0.20383883290683585,-0.23090312823543546,0.320625479360956,-0.05167452326250972,0.00836208582393286,0.08153302997620734,-0.4385423317833516,0.040442918626975494,-0.29662163946118597,-0.02377304438996129,-0.11037807076031583,-0.1939109244541888,-0.03857056421839248,0.03691130872277817,-0.23938475813879959,0.23857215946201427,0.04888673251638389,-0.6420254847617132,0.09426237764929035,0.3005024302275302,-0.648135742698995,-0.024356478625631766,1.2020318580072125,-0.9046975074856353,0.12111968155003427,-0.0409434370902831,0.014921809429454218,-0.0123005806399313,-0.4567586021959452,0.3403397093975547
2024-04-30,-0.2824795604102863,0.01250601910227918,0.34875370789920057,-0.34621856496165726,0.19997490105862445,-0.23377856586656623,0.04756925926854808,0.4035045174754076,0.3033317978994994,-0.37908148543675574,0.14598030526610312,0.3243199556782448,-0.0962041211532868,-0.5988519234721387,-0.09351870035156624,0.10595804098507504,0.14345541354014424,-0.5000038713543163,-0.05859778224000703,-0.07451787891617734,-0.2824795604102863,-0.025388986709981503,0.01250601910227918,0.34875370789920057,-0.03843703837288459,0.4149391561073863,-0.5156577017318684,-0.41665215456431004,-0.44530652267923965,-0.11902008162500838,0.36632283577039026,-0.5166743546741726,-0.09531321973863366,0.2641353087564126,0.13332693215278046,0.19997490105862445,-0.09351870035156624,0.10595804098507504,-0.05859778224000703,0.2131188385728461,-0.1171351260865591,0.18658080394398113,-0.142283582340515,0.07283872568873903,0.23280350513852657,-0.014572474987646423,-0.14151711326966265,0.23969348622126743,0.33540301735098604,-0.5941546719830909,0.2611745499009488,0.0518962373999677,-0.5115229333870853,0.7081402723414759,-0.3345942692546784,0.2357132817534728,-0.21989801907124815,0.3047334942003611,-0.0592246295434282,0.011187206779822373,0.07858249215778372,-0.45011178070964897,0.04236900271652816,-0.2975521176176404,-0.04190497889453085,-0.10681780836209222,-0.22025565361769214,-0.008315077609105794,-0.2791819597892028,0.11974106549573091,0.2599663067250981,0.007380466695395866,-0.6396390344847276,0.11417098181157591,0.3092201989495525,-0.6648293351465187,-0.03464682802291218,1.2055386202539629,-0.9329898532553589,0.1107879660700838,-0.04895042172249355,0.016415521119356145,-0.004437922034090415,-0.46792813366184377,0.33640120800503587
2024-05-31,-0.2854998427330159,0.006509992236047476,0.35085030158061387,-0.33342985210980786,0.22173184212396896,-0.2209137099364361,0.0565800937492365,0.41165806300070773,0.30342365634704516,-0.373087762631343,0.1529009699772961,0.30614870437803454,-0.1151449649939865,-0.6035281663621971,-0.0885934932856505,0.1081627545740692,0.14039787919864616,-0.5126379197644255,-0.05386819978349259,-0.0768585183823777,-0.2854998427330159,-0.02983553568121989,0.006509992236047476,0.35085030158061387,-0.040229674627900294,0.4315268376639183,-0.510803470616279,-0.422662821276328,-0.4533964795628003,-0.12089115478029627,0.36614637311385717,-0.5088873614003622,-0.09396756879013031,0.25939860565308104,0.12947840596060262,0.22173184212396896,-0.0885934932856505,0.1081627545740692,-0.05386819978349259,0.21018344140990175,-0.12753412212661555,0.17448703786597577,-0.12876883307507506,0.07876837175591689,0.22986524799143082,-0.03489029380513554,-0.13194206703339317,0.22939004726446158,0.33391893342423257,-0.5954622482573906,0.2708608908625851,0.04478885621936061,-0.5191301184104612,0.714180491031936,-0.3211749484442945,0.23224681711092346,-0.21425664567412483,0.301606456804309,-0.056590509911293496,0.014095675522132518,0.0804181844889841,-0.45176592443262126,0.053077036521411165,-0.2976713197686893,-0.051578209221696175,-0.11641444887053184,-0.21752669098686184,-0.0035228995858966232,-0.2737098995434395,0.11776795583003341,0.26349460521030704,0.00943610426261561,-0.6268975421150941,0.11316190172093461,0.30183689755665877,-0.6590688269011935,-0.036919345427578895,1.20875600059303,-0.9381976077177416,0.09886455278429315,-0.0481251567818758,0.04006463720511069,0.010853001425483143,-0.4798466749067921,0.3427179275404499
2024-06-30,-0.29685565933545144,-0.002243181606677307,0.3753794045219562,-0.31365569425532414,0.2234703866607111,-0.2400894992726558,0.07888084074668922,0.42462961146329425,0.3170278594596086,-0.3385030962169734,0.14583016947878596,0.29597114586021606,-0.12599916674933287,-0.6084635995124953,-0.0863419174962619,0.10470783703037768,0.1397309832359656,-0.5176733281767911,-0.05788653394711455,-0.10981344713757031,-0.29685565933545144,-0.022225093309143747,-0.002243181606677307,0.3753794045219562,-0.03371419794795209,0.4072461924408483,-0.5098206968362562,-0.4167926094477776,-0.4636346180296932,-0.12229316659781,0.3592939204914371,-0.5242305983632267,-0.09982638329887293,0.2661687237736754,0.13396893933008452,0.2234703866607111,-0.0863419174962619,0.10470783703037768,-0.05788653394711455,0.22190405985968917,-0.12213219830909464,0.1735033365996426,-0.13238844717893464,0.06924777168363676,0.23158040501855232,-0.02580819820696339,-0.14168297852592052,0.2393053342232643,0.3288022465986263,-0.5943995564160911,0.2700252726330795,0.05076013639383256,-0.525206554024735,0.7174880241217881,-0.32650151808017863,0.24815424256956373,-0.20657984180283398,0.294850470065377,-0.05359631579063463,0.011552981655406932,0.08384915115755541,-0.45078222337053514,0.050008495509785506,-0.29423357805534145,-0.04655117391542538,-0.10883859322633813,-0.2279386171104649,0.001100932853424376,-0.275849189895006,0.1158451154728361,0.2617072678485976,0.00772101990344307,-0.6171637169349626,0.1303820589961154,0.3020207585572184,-0.6607459134919194,-0.04915421704499248,1.2084278133318511,-0.9467350890321108,0.09375487601270598,-0.04557127424668073,0.0011753333478696445,0.009548482251988689,-0.4744679292995234,0.3327534963898091
2024-07-31,-0.2816714290476505,-6.86829630392819e-05,0.34140819819587004,-0.32861141999163024,0.22882059351708045,-0.2451022146983163,0.06148050948619651,0.4211926739504241,0.3015738613880613,-0.40013003005571324,0.17909345416730252,0.27398893185729034,-0.05964327435509599,-0.6981122730929473,-0.09391426201332688,0.11310790783245395,0.15649565261362725,-0.5056882369047788,-0.054549051018646946,-0.166329821069546,-0.2816714290476505,-0.02631952470234685,-6.86829630392819e-05,0.34140819819587004,-0.04424895811194137,0.4258085679865897,-0.5002408268705082,-0.40225923939005587,-0.46272408565630735,-0.11420085946266909,0.35645759421613327,-0.5012898820880289,-0.08975652515691311,0.2594523725343759,0.12340285561316977,0.22882059351708045,-0.09391426201332688,0.11310790783245395,-0.054549051018646946,0.20940358406344045,-0.1118324749378285,0.1748621402601811,-0.13177711304444847,0.07649328014189352,0.2570799693168214,-0.03789665752974947,-0.1524632441314358,0.22007380898379397,0.3343419371346485,-0.5718435857370511,0.2780135011548393,0.04510890421675079,-0.5132599197542114,0.7540297222902698,-0.3326578662655244,0.23357340403250676,-0.21314335536719017,0.27882239912109213,-0.05423264287855509,0.011310700653326436,0.08273840147952014,-0.4397406298759809,0.05151186594856052,-0.30121826597929996,-0.04261210494050027,-0.10076275825636245,-0.22683941606985553,-0.007162658421157816,-0.27517627595473215,0.11938226318583603,0.2696775075728234,0.023323365522382743,-0.5890554372534647,0.11884590663388746,0.2805752223631513,-0.6736068094784541,-0.048236021952415095,1.1931664347861268,-0.9203170333824953,0.08967332525995288,-0.049130504157936156,-0.0024379429645202647,-0.03356864478804538,-0.4524803264472156,0.311496185716011
2024-08-31,-0.2617827541102826,-0.007571175637857335,0.3435080651467115,-0.32120657331180363,0.23136085660156488,-0.2418930312586327,0.06555214509207796,0.4241762837623164,0.3134636508907065,-0.39632659717565644,0.1526239841850859,0.3499671272491694,-0.17367282891641977,-0.6847784023809262,-0.09577245921246154,0.10587543183038907,0.13277384848274626,-0.5536198121553997,-0.06552703859343839,-0.1671566932602999,-0.2617827541102826,-0.02916691836746514,-0.007571175637857335,0.3435080651467115,-0.03919702612548975,0.392313919515548,-0.5094992056605212,-0.34254325974127503,-0.45767009917646784,-0.10900909876482853,0.3585324154901847,-0.5170960424910351,-0.11096501181422365,0.24539213156555162,0.12753333382490087,0.23136085660156488,-0.09577245921246154,0.10587543183038907,-0.06552703859343839,0.2066435746880216,-0.11220369883476597,0.16853866187183544,-0.12276548555420837,0.08124113523304194,0.26813724997125876,-0.051937230590592146,-0.16385397306809218,0.22326909223643165,0.3205641589352092,-0.5710858368221859,0.3174457965883649,0.03722031654182339,-0.5381758204900188,0.7586653832928114,-0.30509698443184047,0.22546923424500132,-0.20842434031319595,0.2839630513262288,-0.05628270923634916,0.017579210339719747,0.08916839570357275,-0.44000502746873554,0.04292840845768839,-0.28724808459901785,-0.014955668716454635,-0.09985561481699835,-0.2237772945106837,0.0029227891322081345,-0.37894242355769847,0.028796625985825285,0.2574894779636271,0.0202846312169987,-0.5516861283578847,0.09352871052876671,0.23114871494067632,-0.66378578102861,-0.015136274173788574,1.1745420144429166,-0.9074119347810004,0.08915567904093538,-0.046262179265313785,0.015097569106580777,-0.059519435815857086,-0.4402147377265681,0.2925661202505225
2024-09-30,-0.26232728879996925,-0.010648102709242905,0.34752325036566933,-0.3287624647041455,0.23104528730937607,-0.24024808978619144,0.07275551766866008,0.43276204020895764,0.3154281058167299,-0.4004776205196011,0.15802308361573175,0.3434046870130114,-0.1838214765309106,-0.6766034041437646,-0.09607779750064036,0.10539317174657323,0.12875971658432997,-0.5617911191857295,-0.06704284822218161,-0.1823330947156224,-0.26232728879996925,-0.029989963419532095,-0.010648102709242905,0.34752325036566933,-0.03629390649848678,0.38698662211573714,-0.5060027071366022,-0.33631477854222225,-0.46510049858163943,-0.10892560696910975,0.35612353284419546,-0.5211724128108668,-0.1139815530544046,0.2450187863339793,0.12864813000427947,0.23104528730937607,-0.09607779750064036,0.10539317174657323,-0.06704284822218161,0.20855813148945196,-0.11098904640600259,0.16407397438792926,-0.12673132245595234,0.07594698609938941,0.2716109103143056,-0.04794151652074639,-0.1635178735259419,0.22565412390864895,0.32346649698372326,-0.5797298583141004,0.3234541182211729,0.03514405301985242,-0.541060201765995,0.766863935990522,-0.31264237901378944,0.2261698254752379,-0.21237940295477453,0.28721240744398385,-0.056717887615521975,0.01609668096379621,0.08868212409745392,-0.443211471844444,0.04224360733369667,-0.289255275396295,-0.01298649435399158,-0.10209661132517318,-0.22281083792156733,0.007497084967462771,-0.38042093049426173,0.027045858630979584,0.2575948954117789,0.022234097935390378,-0.5565336826338917,0.0963085190875057,0.22843962310264063,-0.6673589154334127,-0.005873437728772086,1.169767882998386,-0.9058000295234391,0.09140769803593193,-0.04979814648279764,0.00596831604358131,-0.05476196218285964,-0.44156359353613767,0.29692886070446123
2024-10-31,-0.23648879756873545,-0.015303080285539138,0.32510241383562294,-0.30537284064944203,0.23969882594267927,-0.2405114587317762,0.0770463065154403,0.43425870022458807,0.2967758655808548,-0.373393289811343,0.13441430769209617,0.3287067684449243,-0.1873204012639473,-0.6493720549815022,-0.08428625320841389,0.10366897844973298,0.06204759798862564,-0.5441044598020606,-0.06889494547765737,-0.1996987275221983,-0.23648879756873545,-0.034577646956384586,-0.015303080285539138,0.32510241383562294,-0.042861132877006866,0.3836857190584099,-0.4961410639527984,-0.3479162544189251,-0.4784689334166201,-0.10909541866555504,0.3406513406940131,-0.5171168647139355,-0.11677769602381403,0.23318117343782516,0.1284596609040514,0.23969882594267927,-0.08428625320841389,0.10366897844973298,-0.06889494547765737,0.20420573098946465,-0.18516842631392394,0.18299839516931737,-0.10584150489386424,0.08624914715515299,0.25904669159111443,-0.03891314616348112,-0.15669264115628306,0.2210532210888865,0.3334016304659122,-0.5974203777948855,0.33217929380738176,0.052691313183066385,-0.5525190392760188,0.8044869267141431,-0.31725880933890566,0.2446704381936481,-0.22501426289514068,0.2612164284485224,-0.05068143390950533,0.011814290002652298,0.08470485054516355,-0.43761321716043694,0.03973039291909686,-0.2938888285407102,-0.01758328944365619,-0.09489961805549313,-0.21030468904181093,0.0012824761662574506,-0.37818076905372944,0.0324478945495623,0.2596913756889885,0.023607494479529072,-0.5647077341068957,0.06409672960228709,0.21891797232653273,-0.6281736392697288,-0.032619440560147275,1.155686800195916,-0.876175827752788,0.0958395905209349,-0.04168278354804399,-0.026866621193674358,-0.03995253452881975,-0.4587114225986966,0.33166736108318434
2024-11-30,-0.2405882673902048,-0.013383988505950415,0.3268310064495142,-0.2870350110839182,0.23958452147649945,-0.22915211353272993,0.05373583168908679,0.4454972750794162,0.3077017898804928,-0.3886815043750826,0.1463315674312532,0.3198470216657814,-0.1859325469424268,-0.6394213698428302,-0.08081479168057894,0.10133487571109366,0.06083764908634202,-0.5350672586115243,-0.061215631317999196,-0.2261254632726328,-0.2405882673902048,-0.03788071621043058,-0.013383988505950415,0.3268310064495142,-0.0461264246710414,0.41158096539373007,-0.4831111745950936,-0.36831193657322353,-0.4717619673975384,-0.10509546687242964,0.3323770453145354,-0.5127841414862827,-0.1195135588283982,0.23175334729757502,0.12651107177798543,0.23958452147649945,-0.08081479168057894,0.10133487571109366,-0.061215631317999196,0.20138679485624175,-0.17531785808350475,0.1680755293250054,-0.11131188274183793,0.08918626240600794,0.2654183943287169,-0.03501673150299566,-0.16067426223047807,0.22066545845041532,0.34406875781087276,-0.6072452924779983,0.3403272322450189,0.05012510425156182,-0.523915890905278,0.8135591068968773,-0.338213832515729,0.24286844487553688,-0.23050540632926847,0.24561528777781735,-0.05234907882716011,0.014180968408801146,0.0869032304491035,-0.4337558130560895,0.04072099604294108,-0.2999846585408464,-0.015081018488687276,-0.10095718907782533,-0.21699915414058416,0.008578890077329761,-0.37663133660204995,0.030866428472140363,0.2572835595336443,0.024905532990714047,-0.5490009070727341,0.08032010112581879,0.20559175726470286,-0.6601882563666284,-0.024453509619068038,1.154643436790425,-0.8892305314795426,0.0905762222916027,-0.03888689083161657,-0.02983818030116239,-0.03967472003524165,-0.46230498184967467,0.34409863605281654
2024-12-31,-0.22117307596285884,-0.016703330909159698,0.33196576097943237,-0.27605399445652073,0.22620750577656976,-0.2655614454870378,0.10077185257595718,0.42643015343746554,0.2911976943874877,-0.4318714455710036,0.15411369416301132,0.3016535824581929,-0.13064366074713252,-0.6483568968281074,-0.07961458987064454,0.09855719654052708,0.05772507659432112,-0.552971820279866,-0.0665563158563729,-0.2162042419079572,-0.22117307596285884,-0.03594015881049407,-0.016703330909159698,0.33196576097943237,-0.04630796556745977,0.41014590744464446,-0.4593831663293982,-0.38785559778466516,-0.45339118495971026,-0.1034000073157896,0.3375785398677592,-0.5036689180038255,-0.11847576693496413,0.2367740745478064,0.12533264897715454,0.22620750577656976,-0.07961458987064454,0.09855719654052708,-0.0665563158563729,0.1836832576185317,-0.1987969497705187,0.19727810578614802,-0.11173830105022038,0.07576277756295118,0.2793724478333162,-0.021876727450717583,-0.16348453273946484,0.21455069523780723,0.3452367766218812,-0.6096537568844308,0.33406710633378406,0.040537352933259496,-0.49600160988402137,0.8298438387046613,-0.331090908979263,0.22369884655223907,-0.24896371420767138,0.22471687492327794,-0.054579252965209,0.016443553972459644,0.08387761214469402,-0.4358668716285375,0.035637294859364385,-0.307289918061267,-0.015331126154659222,-0.08431826170840831,-0.22698278530265562,0.0050284667522737655,-0.38213387803015303,0.03549818488355857,0.2619119170677242,0.02864091107114102,-0.5069447684517121,0.013686989144358999,0.17990689771295978,-0.6616659116396844,-0.03642823723102807,1.2021286613305142,-0.9207239623248666,0.08809556024610783,-0.053063284492527805,-0.02140869967811992,-0.021221038856393246,-0.48970670741937466,0.372292380321376
2025-01-31,-0.20785879921475556,-0.0028416997910561885,0.3246029384628302,-0.24724710599909144,0.21674270214440416,-0.25961094353589614,0.09041063962047423,0.42625542033350605,0.28004368938203394,-0.41919424112270104,0.14446651516519823,0.34143226666956866,-0.1871403750051902,-0.6486023474251059,-0.05124313687463641,0.08084223800399422,0.21831327685592403,-0.5313895100747766,-0.0676857799249973,-0.23579747104182672,-0.20785879921475556,-0.03242368931551409,-0.0028416997910561885,0.3246029384628302,-0.05075998887495912,0.3568381223872378,-0.4211204327946384,-0.3789451868631949,-0.45890678703487264,-0.10079628709765068,0.3454146245741328,-0.49486474993318713,-0.12919983296385767,0.23058824809815393,0.12374727260671531,0.21674270214440416,-0.05124313687463641,0.08084223800399422,-0.0676857799249973,0.18928589146180436,-0.1301660293822417,0.1684321804427446,-0.14174561926093973,0.0679548516403556,0.31770875248470853,0.008345815233215837,-0.16481346349488982,0.21301750281765505,0.34344339576430094,-0.6226339200672016,0.32468508895975495,0.055899413335898054,-0.4520134336130156,0.8618195898403598,-0.3758815802290936,0.2181977419834316,-0.2758406068665219,0.21825937914136048,-0.05853995196177781,0.017046125772736637,0.08239208122676198,-0.4358481378019422,0.03860097564310497,-0.3104314566035867,-0.023474199535694643,-0.08358388891881056,-0.2424349757790414,0.00222801991899557,-0.3809146688752327,0.02519830313114569,0.25829125716339596,0.02384038320582936,-0.5462765946793371,0.024139929382761258,0.14065111325326413,-0.6755322116456988,0.029202942825036802,1.1667831596111593,-0.8921354326240005,0.0905119718845956,-0.08085703463619634,-0.0022756502387325413,0.002551376242790781,-0.4976651769943953,0.3530408018865123
2025-02-28,-0.21087577765311155,0.001393316073275711,0.3188145083210369,-0.26701972178036737,0.21047688898212652,-0.2670539900569594,0.11310324770792382,0.4225411499106053,0.28611059259027527,-0.39730422490656514,0.10296582539318626,0.36153213209609086,-0.17820617788722687,-0.6517704201221222,-0.05608411676455682,0.07743124851458139,0.21941540413587396,-0.5305223194839704,-0.07872052424679435,-0.2447169417389526,-0.21087577765311155,-0.029355849461622546,0.001393316073275711,0.3188145083210369,-0.03917562595856519,0.33963342071326635,-0.4401290239231418,-0.3579358505180601,-0.45176799802252554,-0.10229289021139665,0.3429328177998231,-0.5156323534161564,-0.13176107502753254,0.22796183663082617,0.13300139432005237,0.21047688898212652,-0.05608411676455682,0.07743124851458139,-0.07872052424679435,0.20614262166792865,-0.1236907072620735,0.15583998387184933,-0.1418134068617081,0.03790953235307144,0.328877825160085,0.035034017126908304,-0.1742847434586038,0.21785645424966216,0.3333657579806566,-0.6080376714498944,0.30899540337584414,0.08061672484519014,-0.48739684987487497,0.8279721731710363,-0.33976931492482115,0.2196050762971951,-0.26083107146591916,0.23802590232653648,-0.05488646644319511,0.012442851448085128,0.08112277770766166,-0.4390251578192002,0.03395861278113975,-0.30020210523390517,-0.01857585830229623,-0.07381883904994678,-0.22840723786622846,-0.010387934897986298,-0.44362794454919363,-0.014665361652586216,0.2549892716597625,0.01864986421914516,-0.5721465485776869,0.03946314681228634,0.18422156486587013,-0.6990611102202414,0.04288481134946967,1.1730745926738317,-0.9036653313982369,0.09209612461804273,-0.07215334156490294,-0.012488854690850306,0.00024697425862389163,-0.49784775599762093,0.3484480320222728
2025-03-31,-0.21134809998160975,-0.008088290892815712,0.33382195134884735,-0.26603613825053246,0.19969440601081873,-0.2543094463229789,0.12660514772238626,0.4260874462562126,0.25651013022899777,-0.389744843575777,0.04901878949158669,0.40978700739321294,-0.13200463952612476,-0.6733674884446235,-0.037226791137922974,0.07130506912907283,0.22543589969188085,-0.5421159855625984,-0.07337402715483644,-0.24298134147366973,-0.21134809998160975,-0.027772028228897908,-0.008088290892815712,0.33382195134884735,-0.027128569227374773,0.3311787471493298,-0.446560728502284,-0.34472734300355085,-0.43045788216614755,-0.12263798246735694,0.3419545091845107,-0.5091755117390295,-0.12733945036176045,0.21053820646173993,0.12934744492313788,0.19969440601081873,-0.037226791137922974,0.07130506912907283,-0.07337402715483644,0.2043493773973885,-0.09924062133579258,0.1575715367239505,-0.15889691080456808,0.07826140516172896,0.30097025569871916,0.009545522625007987,-0.17011958022893864,0.2198494210790669,0.3442138696664284,-0.6008412045646616,0.286713283145784,0.08162222158025058,-0.4737119865358792,0.8359081896709705,-0.37196783356159263,0.23067413979029222,-0.27792976310683615,0.21703880363451128,-0.05906329412820662,0.020397145784474803,0.08351427318536296,-0.4213083250707396,0.036415920530721776,-0.2926939631334097,-0.0130450892089933,-0.06071618897458866,-0.2408656500609186,-0.01607623010492748,-0.4382813426624277,-0.011704561919995788,0.25788748385442656,0.01434089903262416,-0.5895669556986936,0.08952742284555829,0.16269849513585058,-0.6461058884951237,0.012939938743766616,1.1867455080836566,-0.8925658095336233,0.08846069476643244,-0.06260006934989518,-0.020908863577080942,-0.0029823404826698815,-0.5044376061589431,0.3339064939129602
2025-04-30,-0.20297358749433342,-0.00878148697553043,0.33360727020938596,-0.22482079444849723,0.17769571534692552,-0.283672024839191,0.1396001361938027,0.41919940676623363,0.28760746337207604,-0.3987131756250532,0.08973939938650642,0.4701812312840002,-0.13509341260202173,-0.6644783675072147,-0.04097207457668394,0.05086321834230088,0.2165124825866837,-0.503173463020666,-0.0870508915168176,-0.2545734495828019,-0.20297358749433342,-0.0181731546882281,-0.00878148697553043,0.33360727020938596,-0.01942374242104827,0.33427397520351504,-0.44893624316448316,-0.3626860969158964,-0.39925332796531454,-0.11868000192197403,0.35760811680709953,-0.5252646369068552,-0.1257451634486207,0.21249921587742726,0.13950624219464447,0.17769571534692552,-0.04097207457668394,0.05086321834230088,-0.0870508915168176,0.20951920238476793,-0.08284939123393027,0.1492746838745488,-0.15494408602959447,0.05075801104592383,0.30612027742655396,0.02030841733789705,-0.16272166669566562,0.2509131416575628,0.34437850240430334,-0.6178324603562024,0.2640206091673978,0.09203145131103686,-0.502491465442959,0.7983771082402459,-0.32828715938135283,0.25588286048781006,-0.2524109432010912,0.20630009920775041,-0.06117509967646554,0.015995815331477196,0.08209595701203916,-0.4179435748194804,0.029595430281836817,-0.28249572019560754,-0.002993983032076564,-0.0498059229723072,-0.24556166755785824,-0.019611344033008498,-0.4335338912087435,-0.006315489785035996,0.2520846115220791,-0.0039034686873147158,-0.6225081896607,0.14584056224371852,0.1961593261272191,-0.7059968328629913,0.04194632418829388,1.1610758734137243,-0.9054009418826583,0.08795217399044264,-0.06193772290509746,-0.0176407322640476,0.014486504950653864,-0.5201850910690247,0.3094143193818703
2025-05-31,-0.20422484634288876,-0.015130504908811414,0.32797242332663246,-0.2604871809687081,0.1679566351676659,-0.3127437181582458,0.1740608681379481,0.418614173956783,0.2896492758306365,-0.4062451644227948,0.11376243399905399,0.4970184699164346,-0.14718286775030015,-0.6897500506485826,-0.034518194868453096,0.053691587848190094,0.22179465986110639,-0.5045992919804739,-0.08509518094673701,-0.2516926343731571,-0.20422484634288876,-0.019898576185532774,-0.015130504908811414,0.32797242332663246,-0.013258143298340129,0.3237769516874429,-0.44972177818531245,-0.327706300402793,-0.40991711847946727,-0.11716593542279845,0.354164638016148,-0.5250886498910003,-0.12789525274660418,0.18978774039199361,0.13533130511906688,0.1679566351676659,-0.034518194868453096,0.053691587848190094,-0.08509518094673701,0.21665080450664553,-0.08301128173168143,0.13940226552900195,-0.1542042720681762,0.04564262969251618,0.3216812173593362,0.02633317194215869,-0.16914785515002886,0.2549865158802797,0.3520111234861808,-0.6192345039004256,0.26185322186440785,0.0970161197487632,-0.5218064937082277,0.792694484211482,-0.337877364716384,0.2719534338581167,-0.2474514906409162,0.21288589090517196,-0.0635333210337497,0.011104110738905708,0.07968804110231552,-0.4252755989688253,0.025538893374829362,-0.29076317177568733,-0.005592246509427289,-0.05002028813250817,-0.23195548446231365,-0.01955381781576307,-0.43285377109696255,-0.0012881997207918614,0.2513555926293556,-0.004446968249697722,-0.6321718549198995,0.15337137501385367,0.18894051763206268,-0.721819914643084,0.06468235116800188,1.147755847993933,-0.888666133723327,0.09550175851280054,-0.06913517759602997,-0.02935249854639493,4.1625127898370736e-05,-0.5058998074114036,0.3111415953753587
2025-06-30,-0.2146095756905482,-0.0012820323295742563,0.31594964945627046,-0.2419636806153802,0.17048608976422558,-0.30030598349059817,0.16206157865708856,0.41492142059539794,0.2878260159174319,-0.40483661314206937,0.12180628170795438,0.5218951256675962,-0.1586748349554945,-0.6852730591826606,-0.030879607891214536,0.05712398691652475,0.23762337913849252,-0.5025657194602132,-0.07816589549601012,-0.2540617699628453,-0.2146095756905482,0.02328684312153747,-0.0012820323295742563,0.31594964945627046,-0.022386950397340403,0.3166655147138652,-0.44387323982519833,-0.3359216309940588,-0.4100292005358583,-0.11941999535673116,0.3465397927145936,-0.5242210209392306,-0.1209654792559592,0.20747010638280738,0.13347951496918753,0.17048608976422558,-0.030879607891214536,0.05712398691652475,-0.07816589549601012,0.21150876958192286,-0.0715596867434994,0.14305541734336694,-0.1630667442662989,0.0641785988141723,0.337295840508084,0.020375127460505515,-0.16413055515974764,0.27747290761180177,0.32547587213874557,-0.6245042379173087,0.2762023804296735,0.08998283641793775,-0.5061449915557744,0.8062563080738072,-0.3564057711101688,0.3016365462025297,-0.23792190192310872,0.18797270321748488,-0.0653207284959237,0.016314135989034133,0.0806473558942462,-0.4267297886340922,0.023319072594657236,-0.3004891070322187,-0.0015754525719279587,-0.06239367416568553,-0.26784274175209233,-0.026427352423664043,-0.4271434134331159,0.0028646851480816794,0.24595811170508544,-0.003855561162371617,-0.598398001904896,0.12372997289402081,0.1738607512145558,-0.7252178142598797,0.042036294221143876,1.1731727221297992,-0.8943208238147571,0.10150436668117387,-0.06983100313661102,-0.049756683147101126,-0.032235139143841275,-0.47139503523144943,0.3051911969329019
2025-07-31,-0.21727067949823745,0.002178806975858442,0.31657671751221533,-0.25590125222502996,0.17834155977801025,-0.3065660058232181,0.170111498178698,0.4136853477099097,0.2963337154204483,-0.41065756112728186,0.10183615360977388,0.529256982707002,-0.1598010100083648,-0.6634049088348376,-0.04508271933218428,0.06033669678602339,0.235896262967357,-0.5076867822026225,-0.08487880384470124,-0.2577374787845333,-0.21727067949823745,0.023592467209804013,0.002178806975858442,0.31657671751221533,-0.020942738904923486,0.3119647815485294,-0.4466178072895324,-0.3109153328834635,-0.4246053560829471,-0.12001670555175689,0.3456297510619982,-0.5291440195071818,-0.12151728581785452,0.20769904115443152,0.13730184955073083,0.17834155977801025,-0.04508271933218428,0.06033669678602339,-0.08487880384470124,0.21137872045690445,-0.07265721534592277,0.15116539297553577,-0.16372354381905144,0.08779896357379159,0.3255684862383015,0.008933077145470146,-0.176147674176492,0.28955416050711635,0.32700024357618507,-0.6246086748955898,0.271946349668939,0.08993870819998925,-0.5203932013867003,0.8079978975928268,-0.3624494882379281,0.31523674340430585,-0.23865781158313848,0.18923710314418266,-0.06397887214599617,0.015376505979293988,0.07914786751354451,-0.43174047825890016,0.018062069571168574,-0.301058331705955,-0.004450541339610645,-0.08097575933564512,-0.2712062548981318,-0.009859432865821216,-0.42372220915880204,0.0078012828767192385,0.24509879697041098,-0.005155662979312343,-0.595680703602404,0.13147249665488128,0.18186721362043903,-0.7152149426599361,0.031594269056851323,1.1708858418340269,-0.9002240661554727,0.09902896217027077,-0.06377306515548352,-0.05781754564284003,-0.04849863870105104,-0.4525607053233407,0.31322098706847323
2025-08-31,-0.1973503550177777,-0.005998332561935586,0.33301530605864627,-0.19932218917366903,0.12942855514080456,-0.3283480364652262,0.14976138456588378,0.4145859177973563,0.28651007639328463,-0.363891783168477,0.07380788863937968,0.49960042737399885,-0.16157501995483348,-0.6100247786095591,-0.03844088050618215,0.050463323278748064,0.23212256820553653,-0.4724751331858532,-0.08375103310307236,-0.27336128629700357,-0.1973503550177777,0.025129215456390033,-0.005998332561935586,0.33301530605864627,-0.022415292528301115,0.28950064966492095,-0.4308423169640993,-0.2941368461240555,-0.3880622491533231,-0.10434391191028715,0.35056838348818453,-0.5353455747963095,-0.12697195032235428,0.18799438669563662,0.13376839342750774,0.12942855514080456,-0.03844088050618215,0.050463323278748064,-0.08375103310307236,0.21401649298505848,-0.04590097321671545,0.1731675168075965,-0.17517763409290452,0.052344371860614636,0.3154846228689364,0.031560284671259604,-0.1430803942158414,0.295455009888589,0.32359963757838855,-0.6431741552534004,0.24787904688132814,0.09306137120084078,-0.492258242729614,0.8017667764889569,-0.35665538726236146,0.3112283546382921,-0.2613353300556237,0.1658323398544721,-0.058576158955366935,0.006072262290372944,0.08759168800244455,-0.41698776621730244,0.005106323478493893,-0.29594763782754047,0.025939556710479917,0.009316826684035134,-0.30623429317999595,-0.049107692270728344,-0.4417049681900845,-0.004533707133618276,0.23661032375671195,0.00469183333229772,-0.5931603635880367,0.10560612455814974,0.1323263858835697,-0.7043754389403116,0.03387772193987011,1.185529921010627,-0.8806864450565676,0.10128506517074967,-0.11276246687043633,-0.05743458039580194,-0.06660079356584467,-0.4359940867349892,0.33188438326605907
2025-09-30,-0.18703942965407971,-0.016981416491283645,0.33100651876010384,-0.2316784279138843,0.12813850010550573,-0.34332550149666513,0.17256598710706297,0.417754254496587,0.2847638109403059,-0.4081837595277991,0.08451918632085587,0.49825259027887747,-0.11718594641745517,-0.6491823666402347,-0.045645511913994206,0.05356529824722122,0.22879128593685127,-0.4765647872134445,-0.08538373794102755,-0.29311664671664034,-0.18703942965407971,0.025631512548455714,-0.016981416491283645,0.33100651876010384,-0.0026209089580909125,0.31255090797936425,-0.4334570774693838,-0.2835402130315086,-0.38449780779791676,-0.096218515416137,0.3456876325258047,-0.5361124490591788,-0.13124631154704833,0.14936091422290684,0.13428218322697902,0.12813850010550573,-0.045645511913994206,0.05356529824722122,-0.08538373794102755,0.21021992358477995,-0.03944740115539057,0.17405833370450177,-0.16640934866079238,-0.038768935641363224,0.3602038256711416,0.026829446218478766,-0.12348491513635328,0.2808425949799379,0.31493647949592485,-0.6330666102476591,0.23600448719789055,0.10918368320526266,-0.5216686912326776,0.8048386462444729,-0.31327365425937387,0.26277721524373265,-0.2634203754009691,0.1618683460297244,-0.05837831678549928,-0.0008194460874575444,0.08586247938116817,-0.4210642827945731,-0.0018560594456056934,-0.2966464521411609,0.031684568130084904,0.11696972796448096,-0.25432399689207374,-0.10254023857573995,-0.45836426475231407,-0.014842973827502529,0.2405799106393239,0.006320982242281954,-0.6122056970288507,0.0879149850558081,0.1329654888280805,-0.7228145543489577,0.06804771788039583,1.205026636160799,-0.8894567240968425,0.10094092556696062,-0.1349497238488978,-0.04400621712398867,-0.061082381138632326,-0.44251504718767043,0.35324111334853886
2025-10-31,-0.20250682565137657,-0.01690064264300494,0.3283039846391176,-0.18980659379956513,0.13931067702493763,-0.3307434435580523,0.1528787560967284,0.40729269463868506,0.2689762373068487,-0.39821721901841045,0.08601866327648051,0.4985527048040261,-0.11938798332561948,-0.6149587773994122,-0.027166245181757896,0.04527499608148785,0.19659568400102362,-0.44483445775519753,-0.04928156222550005,-0.2729301232995147,-0.20250682565137657,0.023773015870625823,-0.01690064264300494,0.3283039846391176,-0.026538230459776574,0.3041204797267767,-0.42551004047147145,-0.3138903003371238,-0.35610724833611973,-0.0931840654881047,0.3555217724649454,-0.5244448181359627,-0.13377250635929186,0.16182396169742455,0.12093748371679877,0.13931067702493763,-0.027166245181757896,0.04527499608148785,-0.04928156222550005,0.20048841495967643,-0.10096848886930125,0.16768027542646613,-0.14699696519494357,-0.012933681310050512,0.3303290098750503,0.03603448761789837,-0.08681123191056754,0.2672852548298231,0.31006003867722154,-0.6489923878163251,0.27972383698424913,0.10310431303080692,-0.4711481446483224,0.8104323747615152,-0.33571012075532547,0.252981521154604,-0.2594564527035968,0.12302431669706315,-0.06771558521974747,0.011605737831817469,0.08441392408682391,-0.3950513037767613,0.015294395736990884,-0.29911781702957924,0.03395771902834688,0.08144717891122592,-0.23596604100149324,-0.09097732756602503,-0.4643154711462558,-0.031807299505475124,0.2321400657429969,-0.004227325999792357,-0.6070804093417647,0.06322475521920232,0.13547763972312488,-0.665932237874676,0.031773076687064306,1.1688273858096683,-0.8786311592739608,0.08812869129495861,-0.13456813404193405,0.0018380225915864822,-0.04070382712291949,-0.47516779422241734,0.3665130926307661
2025-11-30,-0.1861746805498209,-0.01407459331164222,0.3151208230010242,-0.1529296384474416,0.1385490123399056,-0.28319821160644815,0.102887631046219,0.4063713276128386,0.24091693598421413,-0.39688819096261574,0.08166785291334461,0.5360933685417977,-0.12460584019204715,-0.6431838612345223,-0.03545667980840603,0.03774895233863213,0.18083973795628128,-0.4142158792355112,-0.03990926163586506,-0.3019053291647829,-0.1861746805498209,0.015698400921851905,-0.01407459331164222,0.3151208230010242,-0.04500816317723885,0.29671980948712395,-0.3913695814999564,-0.2835375283001253,-0.35448723966272433,-0.08448590327514369,0.3659923666554013,-0.5133215302533612,-0.13634566502157616,0.16167070188362118,0.11569265535750711,0.1385490123399056,-0.03545667980840603,0.03774895233863213,-0.03990926163586506,0.19090538933331253,-0.11367446856355601,0.1704281950646328,-0.15079120885316216,0.009429183305432867,0.35154994721542515,0.03505349390368999,-0.07329612831204972,0.26887760182025655,0.35665960830068266,-0.6895062004136802,0.2936440475790617,0.10723163326104632,-0.403153514067592,0.8181055109026093,-0.3635712383543125,0.2590444282218319,-0.28057441394505706,0.10473296730771478,-0.07507378299752966,0.01826845030187265,0.08459193270739798,-0.3832549318198797,0.023416576898522102,-0.2961466280961956,0.03354418374826839,0.06581216125911914,-0.2382931631152583,-0.08724697620168377,-0.4627112777583683,-0.04736188796849381,0.22584308637696215,-0.015762117284650566,-0.6233443386034822,0.043811860367118066,0.0910670717613373,-0.7712060076994636,0.08707362535166072,1.1686788548797031,-0.8572260160699698,0.1052224117486489,-0.13802965663521236,0.0597398173339716,-0.012210375882661087,-0.5102021114312787,0.35166984404953805
2025-12-31,-0.1789858444932804,-0.011639865549494099,0.3075049403847784,-0.16052599483729732,0.13638455548300038,-0.27519413941371945,0.09854374066595062,0.4055750389063507,0.2398445532790461,-0.42287710076277363,0.09276833574355409,0.5192476359372427,-0.1111590788585679,-0.6484703182670507,-0.04237917565077886,0.04090195248653936,0.17208306907872678,-0.419868937119483,-0.03435697918596453,-0.29813178672155083,-0.1789858444932804,0.013134503887868656,-0.011639865549494099,0.3075049403847784,-0.05032238640934691,0.315862185484683,-0.3824769352279125,-0.28412697765837525,-0.35294617661695243,-0.08231205597399352,0.3714207269375079,-0.5107550422592618,-0.13650092236786002,0.16282093473330403,0.10965738846185477,0.13638455548300038,-0.04237917565077886,0.04090195248653936,-0.03435697918596453,0.184468194749043,-0.1258657309003683,0.16841150830146792,-0.1379977334113668,0.023558657109214006,0.34564654479398427,0.023996037229190883,-0.06580546998351264,0.265880410122819,0.36397465305403404,-0.6849834009384519,0.2873191734089158,0.10437290883592472,-0.40960636001128553,0.8148073864525729,-0.35063532465585623,0.26431707846063235,-0.2789815102183946,0.11120353198899229,-0.0770257332860158,0.02013255368509897,0.08576671906008922,-0.3845118707527847,0.028231973820595842,-0.2958534787126501,0.02833013277508903,0.06467079814008457,-0.24937986812844198,-0.091116503921962,-0.4636287655083803,-0.05165684331454444,0.22544596583358925,-0.014551129937771847,-0.6088722702603362,0.004524002780604772,0.09786182648207996,-0.785005922413895,0.0791260643107564,1.1870506002469605,-0.8688684979327526,0.10563029400785696,-0.14670988413598854,0.10057975389563839,0.0055571268144604,-0.5360810754551147,0.3598576291745998
2026-01-31,-0.16907870539062814,-0.015467840442090673,0.31567869207312155,-0.15433313265818793,0.12418020165591005,-0.31535141428574875,0.12053055557255857,0.396895201515854,0.24965533849865035,-0.42453989053263247,0.08305274995812327,0.5345581753893313,-0.103386383188488,-0.6395249807329179,-0.036134410996144624,0.04105091393899579,0.17198702424239876,-0.41093873507344464,-0.037966905605604444,-0.27901946534260047,-0.16907870539062814,0.01919083220422282,-0.015467840442090673,0.31567869207312155,-0.044649168701046404,0.3121190121836233,-0.3742022639263451,-0.30931021491576716,-0.3499224826257304,-0.0796820247359335,0.37160263368953383,-0.51470924585975,-0.14459946985831623,0.1680858708394068,0.1140504029334745,0.12418020165591005,-0.036134410996144624,0.04105091393899579,-0.037966905605604444,0.18373187208258604,-0.12426653263975765,0.17999400744579283,-0.14328048766916496,0.016515851092593865,0.36181956779270713,0.03451622325532633,-0.08271919588670826,0.2644392138150333,0.3769201308716443,-0.6893690945659628,0.29022451571909574,0.0995125812518613,-0.39183662948282383,0.8089098400081186,-0.3637901708023035,0.2578186032549841,-0.279573533091432,0.10503924652512286,-0.07758638146821134,0.018956692969191644,0.08721889606445657,-0.38288923676862374,0.022110520121014787,-0.29826319185095806,0.035407980525077064,0.07247029416171076,-0.25210269854425865,-0.08762459000343642,-0.49505168168545843,-0.06729314510867514,0.2245067104357592,-0.013766463165425626,-0.6016180107695754,-0.0020869378031015103,0.0641455152893793,-0.7851468702188653,0.08852421561777553,1.192307398542862,-0.8607401720671135,0.11198545720705329,-0.15506509311609237,0.08066788694409241,-0.00244781433579463,-0.5380566322842414,0.3692059717467478
2026-02-28,-0.15531219373543725,-0.03518807178852273,0.3442384533811226,-0.1347539669855433,0.1123576144150793,-0.32463085934574576,0.175481313153376,0.3999275950721288,0.21652622910569405,-0.3831641331309571,0.07235124979347794,0.49701533897102773,-0.05162507253273106,-0.65230430898408,-0.01596745084432918,0.046705759372371904,0.17908429313937937,-0.39553326264732563,-0.023984105404825963,-0.27236869310857903,-0.15531219373543725,0.02872206663729902,-0.03518807178852273,0.3442384533811226,-0.03797635293653485,0.27993998265433134,-0.36111829740060936,-0.33785289711015243,-0.34401610990249226,-0.08842315115240938,0.37196915678925024,-0.5121358804817321,-0.14756136649022095,0.18156566540859612,0.11065853241927075,0.1123576144150793,-0.01596745084432918,0.046705759372371904,-0.023984105404825963,0.1884909296603735,-0.13549293666661372,0.18496240131788994,-0.13670740195708317,0.018691061892832747,0.36040511834405264,0.0385423201102495,-0.0826934824755089,0.27286325855610283,0.384748499672629,-0.7017129754975543,0.2686135038509129,0.09373779180650675,-0.37910451997538885,0.7799206992051194,-0.3650691691202856,0.2736486903957363,-0.27946569832163043,0.09976298848923157,-0.0753668935917005,0.022003942612847636,0.08789586689397284,-0.37779373644066233,0.03409640855426597,-0.29021877760169307,0.02528024086237888,0.07072957805788765,-0.26487433004354355,-0.07282801293217224,-0.4961841609096479,-0.07574587158277056,0.22386460140702413,-0.01300302433371133,-0.5737434554775533,0.008341021688708082,0.041296068308607395,-0.7850681481966655,0.08788182155066403,1.1983234475153473,-0.8657894500646113,0.10460818421509051,-0.15899877284024228,0.06758075336316141,0.03379047128892883,-0.5498534788433245,0.37547218542627414
2026-03-31,-0.1629358253658324,-0.03285441050007041,0.35068938556038615,-0.09421842261248571,0.10860105691171483,-0.3155275005816309,0.12967344039977924,0.4008346706144845,0.24596059810106766,-0.3209437956471322,0.12108997127378346,0.43804185332391266,-0.03098794696291903,-0.6693559217986369,-0.015011252976660013,0.046715512555915745,0.1895980543272199,-0.3860712995929057,-0.015962776935384962,-0.22980309783889147,-0.1629358253658324,0.035274409177415,-0.03285441050007041,0.35068938556038615,-0.05000977653596602,0.26733248175574637,-0.3599008189225531,-0.3729351564961068,-0.3413203471841234,-0.0837620362739973,0.37050144789495015,-0.5189297691385004,-0.14695575357287655,0.20836957183681942,0.11219233074011478,0.10860105691171483,-0.015011252976660013,0.046715512555915745,-0.015962776935384962,0.1990306445670861,-0.13043670597550777,0.18726898704806866,-0.13033034936201673,0.030824668644223622,0.3359784371618647,0.054463375034679365,-0.06532195448124938,0.27794694079718274,0.3757156535768887,-0.704852010104063,0.2467494355863145,0.09034739943820644,-0.3789157810983928,0.7644491158776758,-0.34614620354445413,0.28220604196545074,-0.27348983722447634,0.10816190112050068,-0.0700359625191647,0.018947302768206817,0.08974313244394146,-0.3790178931663973,0.04064800954408365,-0.28051380355702926,0.025431248535690402,0.06462351046321217,-0.2766598181165593,-0.07793178886532698,-0.5062010520418921,-0.08640872834617727,0.21785989216538237,-0.014179104628146397,-0.5726761911623389,0.022706675486253186,0.04328960957279076,-0.8017409933338095,0.08565954384297185,1.2145152762422662,-0.8806951332708177,0.10256087790727637,-0.17249219916845254,0.054119423191712826,0.06963719875812169,-0.5590408012800235,0.37476680195250556
2026-04-30,-0.1614442156459254,-0.031346621723527285,0.38231197139117296,-0.09608130944542626,0.10748231536729537,-0.3138639864615742,0.1287359063987952,0.40097058374603833,0.24909006182378954,-0.3275012694653887,0.11559522021823622,0.43796774427321633,-0.030765990817296463,-0.6686001387040638,-0.01628143453426351,0.045698648581840376,0.18621814172803064,-0.38744237938361376,-0.019455918194879,-0.23261434501431094,-0.1614442156459254,0.03550538100379628,-0.031346621723527285,0.38231197139117296,-0.048648328658437365,0.2637260930498517,-0.35804132160995455,-0.37493621003517613,-0.3403988861719411,-0.08302462429916169,0.3699348080349202,-0.5212191478505437,-0.14773781470039277,0.21117564652079357,0.1132163913914227,0.10748231536729537,-0.01628143453426351,0.045698648581840376,-0.019455918194879,0.1976978210290685,-0.13219157652393,0.18615048632408188,-0.1305357892031337,0.030545756241171715,0.334039408869087,0.05683386428128488,-0.06697483505337026,0.27751067263804785,0.3758688196060194,-0.7040728090942586,0.24565557350949188,0.09153071525173662,-0.378555026894199,0.7635625168865623,-0.34413917819419915,0.28184199498597107,-0.27747391324624954,0.11075027039181123,-0.06949640979882571,0.019005880311851395,0.08902295392359924,-0.380331479473678,0.03935409749573252,-0.27931140225529866,0.02666380034875202,0.06545552315004854,-0.27968060412765755,-0.07639268302629051,-0.5057624113836117,-0.08677756378507483,0.21749227760611947,-0.013823510494211443,-0.5650935797960926,0.02536169999977697,0.03906679517873407,-0.800136302835256,0.08111035070918612,1.213712146446313,-0.8877059248775542,0.10219626718915202,-0.1726674650259614,0.05488238601360554,0.07615920747817771,-0.562307088810909,0.3757677103254996
2026-05-31,-0.12998309965546442,9.835283339747365e-05,0.3217828784842324,-0.11805181230958217,0.08825607298757135,-0.33122769666184326,0.13816581868382152,0.38137879634589916,0.24644728894724485,-0.26306247050534437,-0.004432111231212535,0.5267843574737534,-0.015046892315705261,-0.6348971879496574,-0.01750546053399737,0.03363562041529367,0.1798997398172575,-0.3781346535341744,-0.03810189613424496,-0.20095794849613893,-0.12998309965546442,0.0390706819809273,9.835283339747365e-05,0.3217828784842324,-0.035567731175825006,0.22695091623854535,-0.3574010044947755,-0.3294601206850787,-0.33818217859121796,-0.09303223336079573,0.37357049597636477,-0.5135567514105825,-0.1417816554098016,0.2079696726143832,0.11270036432990567,0.08825607298757135,-0.01750546053399737,0.03363562041529367,-0.03810189613424496,0.20590035032577006,-0.193072551148926,0.21835518662032483,-0.129070117910949,0.03194777169018517,0.38091325804568393,0.053755288306986226,-0.09083328228367253,0.29691718102462106,0.4112084181610391,-0.7183782570564158,0.20967459439833444,0.08688222164520461,-0.38451316816025316,0.73333831668941,-0.33585778467472693,0.2938459606617817,-0.2832343930772079,0.12268825054543667,-0.06559729251234388,0.009680304968062764,0.07592007323446379,-0.38384513042025553,0.025212671971985866,-0.270061744796674,0.005638789064800718,0.06858641225462163,-0.2467220221961079,-0.08391678818579731,-0.5112714605559042,-0.08718886609075009,0.2050111644831206,-0.034363302115619714,-0.5130265526822034,-0.06333643754671324,0.03757303630052786,-0.7620179927147277,0.08888844630932047,1.213076436798619,-0.8820596880768797,0.11837333169590064,-0.17329501668358357,0.04546566477737651,0.18095822562116873,-0.6080711148480351,0.37436162353233066
2026-06-30,-0.12772062935210463,-0.004906684141735178,0.3033552870229858,-0.10349058367573404,0.09777376504679443,-0.30809722593730327,0.09889896749790969,0.37863834009680053,0.2527824225563771,-0.2070932748965068,-0.047813372980443,0.5797549654852151,-0.025461434289508787,-0.639323615968955,-0.0004492359389813712,0.024521603387588523,0.1848743879077783,-0.36925717773298955,-0.043990044429504715,-0.18168392192947505,-0.12772062935210463,0.03710457959233336,-0.004906684141735178,0.3033552870229858,-0.03829366080910923,0.1907257938209078,-0.350670205789007,-0.32006168412902164,-0.34336864435896364,-0.09549713265604938,0.36672962278977767,-0.5086780624309721,-0.14241827042519475,0.20505165223823185,0.1084703603966629,0.09777376504679443,-0.0004492359389813712,0.024521603387588523,-0.043990044429504715,0.2068179143398736,-0.21070815053662156,0.2272631873748383,-0.12452166418969053,0.06586321159293039,0.3785553582284291,0.03786795877674837,-0.07191113942961222,0.29669477007478773,0.406897335918491,-0.7265901618735355,0.21475037903686212,0.0823498983594348,-0.39749079201481785,0.7415957267044452,-0.3242714169946653,0.3163688384548341,-0.2832038581917845,0.11465773615345208,-0.06299138790265868,0.007715012860209919,0.07250351909227347,-0.3851873338335151,0.03189136261450427,-0.263771932718748,-0.004589191792982918,0.06460024876547285,-0.25235241474629455,-0.08441500850862742,-0.5087312557561247,-0.08226063720916656,0.20113742475067506,-0.04998812588424383,-0.5339537782909928,-0.03880621947577085,0.023677381103143963,-0.7602585914647139,0.07514255640280312,1.190821915952502,-0.837131475135675,0.12942431571960347,-0.16780452400768414,0.04289824934964668,0.24140815607532617,-0.6346116438849576,0.37388597132303364
2026-07-31,-0.12383919726073818,-0.004674009211723203,0.31117039138541125,-0.09283428563908497,0.0903958116520842,-0.28338966924855397,0.03498077446493268,0.40203998148342357,0.2560982145382886,-0.202132407056492,-0.05856738377344422,0.5924235984740349,-0.08075259534772995,-0.5754533593637255,-0.002920116861070826,0.02915514589249243,0.19394978877240499,-0.3715368933937594,-0.021547550881989258,-0.1594944341611121,-0.12383919726073818,0.03844469408857166,-0.004674009211723203,0.31117039138541125,-0.052719509922310094,0.19896595344061044,-0.3540194068398228,-0.28608945505040373,-0.350236941339246,-0.09268520709846127,0.3533230803871723,-0.503580250115576,-0.14014495686253822,0.19307196742260582,0.09832258739731273,0.0903958116520842,-0.002920116861070826,0.02915514589249243,-0.021547550881989258,0.21478964349839924,-0.22035034903111736,0.23576309383039154,-0.12180166269399458,0.10473719372926929,0.3850146967407021,0.04354900181302665,-0.07677269344857622,0.3113605017636738,0.3916684055724139,-0.7360541593647449,0.24489463381672816,0.07530140262999128,-0.38228757022766463,0.7606623696987398,-0.34584124641792147,0.3284304254859008,-0.28884835336227876,0.09595212320771583,-0.07108329427617055,0.019184813696763215,0.08170285351923576,-0.3705977139343779,0.02170324799645328,-0.26468799704215024,0.008673325519296924,0.0715098720904719,-0.2530818391269512,-0.08487015145355224,-0.5125997415101972,-0.08303359045625132,0.1991515232475949,-0.03455123162356988,-0.4788013000627014,-0.11055373521803229,-0.022234759127210825,-0.7386744394656645,0.0561804801768804,1.2151878105822138,-0.8358963711049899,0.14294334396041028,-0.18521833598025605,0.028841853873858632,0.16282128564387638,-0.5927297708788983,0.36130906240092575
