group,contrib_ann,share_of_pnl,risk_share
EM,0.04816527016298204,0.6434187421437634,0.7531723948379851
G10,0.025099244791937324,0.3565812578562366,0.2883411706615517
