,book,TLT,h_expanding,hedged_net
2007-05-01,-0.0005235589187550537,0.0007214774567350091,,-0.0005235589187550537
2007-05-02,0.004055728660178856,-0.0005655586099511112,,0.004055728660178856
2007-05-03,0.005999101317026727,-0.002263206155125097,,0.005999101317026727
2007-05-04,0.002224186384786938,0.004071201992459805,,0.002224186384786938
2007-05-07,0.010062273428017366,0.0027053250981996513,,0.010062273428017366
2007-05-08,0.00260500751193227,-0.0022541142116949686,,0.00260500751193227
2007-05-09,0.0022911973449202937,-0.003956688717442702,,0.0022911973449202937
2007-05-10,0.009772417639636787,0.0023765590982876006,,0.009772417639636787
2007-05-11,-0.004239386989495974,-0.0035094444213488174,,-0.004239386989495974
2007-05-14,0.009303877783442488,-0.002611077028534581,,0.009303877783442488
2007-05-15,-2.0305080101357814e-05,-0.00034156543689878305,,-2.0305080101357814e-05
2007-05-16,0.015978664859337736,-0.0006823602308703158,,0.015978664859337736
2007-05-17,0.0004239659009681303,-0.004105093771525681,,0.0004239659009681303
2007-05-18,-0.0035227725558117217,-0.006649854871577432,,-0.0035227725558117217
2007-05-21,0.01522251997967848,0.002986555940519331,,0.01522251997967848
2007-05-22,0.008243306612781536,-0.005175567075749399,,0.008243306612781536
2007-05-23,-0.0021675311339477707,-0.002885919566685047,,-0.0021675311339477707
2007-05-24,-0.008944605999113493,0.0009242186912965522,,-0.008944605999113493
2007-05-25,0.006453699060916915,-0.002312150292403281,,0.006453699060916915
2007-05-28,0.005963019999952892,0.0,,0.005963019999952892
2007-05-29,-0.003959268394230118,-0.000116318187392217,,-0.003959268394230118
2007-05-30,-0.003577901600018145,0.0020825555963259745,,-0.003577901600018145
2007-05-31,0.006624258202609861,-0.0018510729259890724,,0.006624258202609861
2007-06-01,0.00781431284186031,-0.005251738258296612,,0.00781431284186031
2007-06-04,-0.006894497854533402,0.0045468606588174865,,-0.006894497854533402
2007-06-05,-0.007428984979005739,-0.0063009079492744036,,-0.007428984979005739
2007-06-06,-0.009734527839421074,-0.00046742362580598495,,-0.009734527839421074
2007-06-07,-0.0017378213917943201,-0.018079181144242007,,-0.0017378213917943201
2007-06-08,-0.0052184165915609365,-0.0008343343683847593,,-0.0052184165915609365
2007-06-11,0.007486988550102986,-0.0028687225379160353,,0.007486988550102986
2007-06-12,0.0058180560078071415,-0.014586299576968997,,0.0058180560078071415
2007-06-13,-0.0005134393569139026,0.011830589496121036,,-0.0005134393569139026
2007-06-14,0.01244386665759576,-0.0025237074980397622,,0.01244386665759576
2007-06-15,0.00462098741703321,0.006834965366667056,,0.00462098741703321
2007-06-18,0.013188426616446588,-0.002033490505990443,,0.013188426616446588
2007-06-19,0.0015890553371534829,0.009295801901848755,,0.0015890553371534829
2007-06-20,-0.011191316315807508,-0.008099613362478664,,-0.011191316315807508
2007-06-21,-0.0027098637109577188,-0.004794542217404718,,-0.0027098637109577188
2007-06-22,-0.007027375953441874,0.0064672744410918526,,-0.007027375953441874
2007-06-25,-0.0041459584398016195,0.00547683531145271,,-0.0041459584398016195
2007-06-26,-0.003659997764593385,0.00023759608777051966,,-0.003659997764593385
2007-06-27,-0.00041068687422680895,0.0009498202341342576,,-0.00041068687422680895
2007-06-28,0.011755308226209344,-0.00023737049456595827,,0.011755308226209344
2007-06-29,0.0010404786360389022,0.010266973583041406,,0.0010404786360389022
2007-07-02,0.004858914674817194,0.005219130387032145,,0.004858914674817194
2007-07-03,0.0037422272268286235,-0.006115657614275349,,0.0037422272268286235
2007-07-04,0.004669341057265578,0.0,,0.004669341057265578
2007-07-05,0.0037029892558276163,-0.01127027552331672,,0.0037029892558276163
2007-07-06,0.002864833402280253,-0.0040645262094169965,,0.002864833402280253
2007-07-09,0.009124505446969581,0.003587546311082157,,0.009124505446969581
2007-07-10,-0.004835089744286749,0.016807040550498087,,-0.004835089744286749
2007-07-11,0.00657536148455151,-0.010381713487069177,,0.00657536148455151
2007-07-12,0.004547475521115423,-0.0034458931877265897,,0.004547475521115423
2007-07-13,0.006510239338717097,0.0027340033220335513,,0.006510239338717097
2007-07-16,-4.073660462309897e-07,0.009566866220864334,,-4.073660462309897e-07
2007-07-17,0.0022957939555931384,-0.0021183305546683684,,0.0022957939555931384
2007-07-18,-0.0030786079961181065,0.0037632065296655526,,-0.0030786079961181065
2007-07-19,0.004305935855507421,-0.00023514446294381486,,0.004305935855507421
2007-07-20,-0.006927800547136136,0.008998035337477006,,-0.006927800547136136
2007-07-23,0.008124829869530812,-0.0016305133697827046,,0.008124829869530812
2007-07-24,-0.0020840104622614182,0.0037225025666050016,,-0.0020840104622614182
2007-07-25,0.0013205299167509624,0.0019710023183687753,,0.0013205299167509624
2007-07-26,-0.02562701984819755,0.008308141866161023,,-0.02562701984819755
2007-07-27,-0.0005133438798067134,0.0028683291532027866,,-0.0005133438798067134
2007-07-30,0.0008024486433824933,-0.0028683291532027866,,0.0008024486433824933
2007-07-31,0.004390804384379523,0.00721231474695383,,0.004390804384379523
2007-08-01,0.0015472362705376387,-0.002164047645537792,,0.0015472362705376387
2007-08-02,0.0023953755143002495,0.0025218527325279183,,0.0023953755143002495
2007-08-03,-0.008936925586688765,0.0066179946434408166,,-0.008936925586688765
2007-08-06,0.0004392768439023683,-0.007304736648314325,,0.0004392768439023683
2007-08-07,0.0035395754205911904,-0.0008021675688407726,,0.0035395754205911904
2007-08-08,0.0020479414060761347,-0.012227873879422368,,0.0020479414060761347
2007-08-09,-0.008862809111994944,0.0013921359563751068,,-0.008862809111994944
2007-08-10,-0.005034351819401738,-0.0023213044513932246,,-0.005034351819401738
2007-08-13,0.006099359294285286,0.002899943875363853,,0.006099359294285286
2007-08-14,-0.0053574501480367735,0.0026610361079626443,,-0.0053574501480367735
2007-08-15,-0.007237904296786847,-0.003588374375337544,,-0.007237904296786847
2007-08-16,-0.02687704822851556,0.01026656602797793,,-0.02687704822851556
2007-08-17,0.007646130646168342,-0.004024217868901836,,0.007646130646168342
2007-08-20,0.00699127391861639,0.0005752401337586477,,0.00699127391861639
2007-08-21,7.871395212450251e-05,0.004825468103544672,,7.871395212450251e-05
2007-08-22,0.007807738998922105,-0.001606648452267656,,0.007807738998922105
2007-08-23,0.004620453804834936,0.003437912976464119,,0.004620453804834936
2007-08-24,0.002743981687019091,0.004906563708686029,,0.002743981687019091
2007-08-27,0.0015584369585500105,0.005223288724585551,,0.0015584369585500105
2007-08-28,-0.01007494434280691,0.0016961682788112498,,-0.01007494434280691
2007-08-29,0.01124640496100102,-0.0027163553868758683,,0.01124640496100102
2007-08-30,0.0032788169085533943,0.0066658518424995705,,0.0032788169085533943
2007-08-31,0.00873553395785198,0.0007878118578137361,,0.00873553395785198
2007-09-03,-0.0023386923404358616,0.0,,-0.0023386923404358616
2007-09-04,0.0013310392377652897,0.00046976195759285133,,0.0013310392377652897
2007-09-05,-0.006310394678367042,0.007984955813873817,,-0.006310394678367042
2007-09-06,0.006598928377773048,-0.0025794398694802823,,0.006598928377773048
2007-09-07,-0.0076353956455063095,0.014051601522063528,,-0.0076353956455063095
2007-09-10,0.0015412051009615429,0.007721963504361717,,0.0015412051009615429
2007-09-11,0.007893891737844418,-0.0007695185772949031,,0.007893891737844418
2007-09-12,0.0023552741231139787,-0.003746260928929601,,0.0023552741231139787
2007-09-13,0.0036692596907931304,-0.008980886074627215,,0.0036692596907931304
2007-09-14,0.005510414328514587,0.0014470744056254148,,0.005510414328514587
2007-09-17,-0.007507284208265167,0.004770952658414984,,-0.007507284208265167
2007-09-18,0.011286651230734152,-0.007555815568824897,,0.011286651230734152
2007-09-19,0.015768052385342003,-0.009300361385162326,,0.015768052385342003
2007-09-20,-0.0009409151890941941,-0.019093448419189585,,-0.0009409151890941941
2007-09-21,0.007565350255471739,0.008454536599230345,,0.007565350255471739
2007-09-24,-0.0005565460227710873,0.0028408687550269818,,-0.0005565460227710873
2007-09-25,-0.002081227774504503,-0.0035228201333863396,,-0.002081227774504503
2007-09-26,0.008843921649202911,0.0009102680512658168,,0.008843921649202911
2007-09-27,0.0017665894393548444,0.006915187164864278,,0.0017665894393548444
2007-09-28,-0.007506384325014996,0.0022558654385012034,,-0.007506384325014996
2007-10-01,0.00530335959283535,0.005674004389955911,,0.00530335959283535
2007-10-02,-0.004890463023282813,0.0031451087195293326,,-0.004890463023282813
2007-10-03,-0.00033920107123625596,-0.002920207357385074,,-0.00033920107123625596
2007-10-04,-0.0019596108091465662,0.003816686787030399,,-0.0019596108091465662
2007-10-05,0.006876458965649316,-0.010815539074111591,,0.006876458965649316
2007-10-08,0.0017083048176952226,-0.0007934558371118783,,0.0017083048176952226
2007-10-09,-0.000977315082211605,-0.0012478193541136662,,-0.000977315082211605
2007-10-10,-0.004039938294458127,0.0005676824462410579,,-0.004039938294458127
2007-10-11,0.0020276752698428773,-0.0010216218586078796,,0.0020276752698428773
2007-10-12,-4.194538029601022e-06,-0.0048945603512162705,,-4.194538029601022e-06
2007-10-15,-0.0038936013744212006,0.00022810910325876677,,-0.0038936013744212006
2007-10-16,-0.0006435011602016035,0.00034151538418036864,,-0.0006435011602016035
2007-10-17,9.616432006988068e-06,0.010890242804617145,,9.616432006988068e-06
2007-10-18,0.0005200647328243522,0.005512038437731626,,0.0005200647328243522
2007-10-19,-0.002829020174251471,0.01481247250177642,,-0.002829020174251471
2007-10-22,-0.0008012082127998732,0.00010995914975264753,,-0.0008012082127998732
2007-10-23,0.0037847652690837785,-0.0013267219953592146,,0.0037847652690837785
2007-10-24,-0.002827900861123847,0.007387762643994655,,-0.002827900861123847
2007-10-25,0.0016942192177242482,-0.0034118009017376494,,0.0016942192177242482
2007-10-26,0.005024407832459358,-0.0023173005196799323,,0.005024407832459358
2007-10-29,0.00016450621694007357,0.00385989832571898,,0.00016450621694007357
2007-10-30,-0.0007572002441122029,-0.0005508066053154792,,-0.0007572002441122029
2007-10-31,0.005455669429265564,-0.009071204963809087,,0.005455669429265564
2007-11-01,-0.018196923814696238,0.012850563150410999,,-0.018196923814696238
2007-11-02,0.002741877006424538,0.0031906997515092073,,0.002741877006424538
2007-11-05,0.0009113622117766095,-0.00043949171800683473,,0.0009113622117766095
2007-11-06,0.013495285436755454,-0.004847200111387728,,0.013495285436755454
2007-11-07,-0.011295851319412126,0.001765337888282481,,-0.011295851319412126
2007-11-08,-0.006412811908971646,-0.001765337888282481,,-0.006412811908971646
2007-11-09,-0.021058382603667634,0.008466190502431026,,-0.021058382603667634
2007-11-12,-0.022999365572258783,0.0036069896078103625,,-0.022999365572258783
2007-11-13,0.02243293740181446,-0.0037164956828741325,,0.02243293740181446
2007-11-14,0.019931172901533567,0.0010945215034778855,,0.019931172901533567
2007-11-15,-0.014312848094030887,0.009363758364357544,,-0.014312848094030887
2007-11-16,0.0026460551045553986,0.001407854015675447,,0.0026460551045553986
2007-11-19,-0.01268770538016685,0.0064711919617934655,,-0.01268770538016685
2007-11-20,0.010274782700141458,-0.0010758005924174086,,0.010274782700141458
2007-11-21,-0.01822873686741091,0.005795622046989024,,-0.01822873686741091
2007-11-22,0.004277331433394333,0.0,,0.004277331433394333
2007-11-23,-0.008008584503516833,0.0029919654406844742,,-0.008008584503516833
2007-11-26,-0.01245208591471403,0.019544503408760683,,-0.01245208591471403
2007-11-27,-0.004809059123598474,-0.009566036192962812,,-0.004809059123598474
2007-11-28,0.03567132224587765,-0.00678269274778831,,0.03567132224587765
2007-11-29,0.005530044829371779,0.00857690850856585,,0.005530044829371779
2007-11-30,0.005634210059641338,-0.004862386229221194,,0.005634210059641338
2007-12-03,-0.002840275188552427,0.007872230472083075,,-0.002840275188552427
2007-12-04,-0.004593622042127057,-0.00010513610080131741,,-0.004593622042127057
2007-12-05,0.008218759967412113,-0.011999212358568379,,0.008218759967412113
2007-12-06,0.0037576555450240844,-0.008799075950647328,,0.0037576555450240844
2007-12-07,-0.0003428665948937364,-0.011271169497698352,,-0.0003428665948937364
2007-12-10,0.0033144396808215157,-0.00601224989230964,,0.0033144396808215157
2007-12-11,-0.0025584023444891143,0.019437413746413945,,-0.0025584023444891143
2007-12-12,0.00655461010018899,-0.0103773788505519,,0.00655461010018899
2007-12-13,-0.003073832537003145,-0.010925913984801028,,-0.003073832537003145
2007-12-14,0.00012392855861557408,-0.004624489305702362,,0.00012392855861557408
2007-12-17,-0.0009630250521998001,0.008899817280687117,,-0.0009630250521998001
2007-12-18,0.003613855173648434,0.0064330461557089436,,0.003613855173648434
2007-12-19,5.30805540404865e-05,0.013171753218087723,,5.30805540404865e-05
2007-12-20,-0.0008741593236842602,-0.0021474154942779933,,-0.0008741593236842602
2007-12-21,0.0025981417831761775,-0.014726639671737374,,0.0025981417831761775
2007-12-24,0.0026966833725792297,-0.00470129771712724,,0.0026966833725792297
2007-12-25,0.0007008753751918035,0.0,,0.0007008753751918035
2007-12-26,0.00024523108105989214,-0.008807303903943797,,0.00024523108105989214
2007-12-27,-0.0016478188593467937,0.010796715691236969,,-0.0016478188593467937
2007-12-28,-0.003731911542683175,0.015474254898323991,,-0.003731911542683175
2007-12-31,-0.003668353129734315,0.00609046221934495,,-0.003668353129734315
2008-01-01,-0.0024318327963869526,0.0,,-0.0024318327963869526
2008-01-02,-0.0015647235886672543,0.014245372605671491,,-0.0015647235886672543
2008-01-03,-0.0004847474184572753,-0.0013776837674326359,,-0.0004847474184572753
2008-01-04,-0.0008358392018622743,0.00021153000540863331,,-0.0008358392018622743
2008-01-07,0.0030415299731430313,0.004340136451238763,,0.0030415299731430313
2008-01-08,0.0009101668106491491,-0.0011624561292213897,,0.0009101668106491491
2008-01-09,0.0024648140789723643,0.0019017725873045066,,0.0024648140789723643
2008-01-10,0.00033691827065853764,-0.013601265970301313,,0.00033691827065853764
2008-01-11,0.003385447320049732,0.007779743076963719,,0.003385447320049732
2008-01-14,-0.0006678306491502309,0.0037078824784799735,,-0.0006678306491502309
2008-01-15,-0.0005710400219373774,0.011148635817715302,,-0.0005710400219373774
2008-01-16,-0.0017335467913427481,-0.007242359215144489,,-0.0017335467913427481
2008-01-17,-0.0022474170817428497,0.012875095032513606,,-0.0022474170817428497
2008-01-18,-0.002849260766705736,-0.006887776236748522,,-0.002849260766705736
2008-01-21,-0.006268511111062157,0.0,,-0.006268511111062157
2008-01-22,0.001166626899039021,0.010623406788566214,,0.001166626899039021
2008-01-23,-0.00217391842506077,-0.002281116568473962,,-0.00217391842506077
2008-01-24,0.008579183517152552,-0.020246827797495648,,0.008579183517152552
2008-01-25,-0.0010468242898274745,0.016709481522715564,,-0.0010468242898274745
2008-01-28,-0.00257119292698782,-0.0037584685643032856,,-0.00257119292698782
2008-01-29,0.0034661736823440757,-0.006823757118028517,,0.0034661736823440757
2008-01-30,-0.00270882885023856,-0.006550968163250737,,-0.00270882885023856
2008-01-31,0.0005558316468700765,0.00707837870530259,,0.0005558316468700765
2008-02-01,0.008126374487188157,0.005969939817357606,,0.008126374487188157
2008-02-04,-0.0011786958054201939,-0.010344296956030341,,-0.0011786958054201939
2008-02-05,-0.008951521960878592,0.007610078605694071,,-0.008951521960878592
2008-02-06,-0.0004752990263725607,-0.0030579714503602418,,-0.0004752990263725607
2008-02-07,-0.0030567477589483845,-0.02178151067912726,,-0.0030567477589483845
2008-02-08,-0.002466474831035424,0.011376810040419016,,-0.002466474831035424
2008-02-11,0.00031269385116633805,0.00415345894646979,,0.00031269385116633805
2008-02-12,0.0068282344535112015,-0.005969301755556877,,0.0068282344535112015
2008-02-13,0.003547147287533389,-0.010643230643212043,,0.003547147287533389
2008-02-14,0.000522956684130414,-0.014803524092230624,,0.000522956684130414
2008-02-15,-0.002494038810163348,0.007648028188280698,,-0.002494038810163348
2008-02-18,0.009226702284455619,0.0,,0.009226702284455619
2008-02-19,-0.0026836897781234376,-0.010173489012274217,,-0.0026836897781234376
2008-02-20,-0.006118332734904305,0.006902477431108167,,-0.006118332734904305
2008-02-21,0.005731981522398408,0.01053643016438155,,0.005731981522398408
2008-02-22,0.0021080688457828563,-0.00574342696228225,,0.0021080688457828563
2008-02-25,0.004682564075078154,-0.01026753496587407,,0.004682564075078154
2008-02-26,0.009112194604305977,0.00032979843978697687,,0.009112194604305977
2008-02-27,0.002209032987755599,0.0008771934961755434,,0.002209032987755599
2008-02-28,-0.004560291065914526,0.017609582027119153,,-0.004560291065914526
2008-02-29,-0.01595760784435881,0.015184276577108413,,-0.01595760784435881
2008-03-03,-0.0025025891323535846,-0.0025720745230435327,,-0.0025025891323535846
2008-03-04,-0.0050099059958278735,-0.009766429253901698,,-0.0050099059958278735
2008-03-05,0.002549003129311677,-0.01204178875303974,,0.002549003129311677
2008-03-06,-0.018943754528315173,0.005333824403017218,,-0.018943754528315173
2008-03-07,-0.002476736072384771,0.001302064114575785,,-0.002476736072384771
2008-03-10,-0.008731454617921726,0.014638092797651936,,-0.008731454617921726
2008-03-11,0.012390789497610554,-0.008584790673564768,,0.012390789497610554
2008-03-12,-0.00063161775381583,0.01910751564727242,,-0.00063161775381583
2008-03-13,-0.012785971223815779,-0.007855400423346204,,-0.012785971223815779
2008-03-14,-0.0061157396262218324,0.012286168785587748,,-0.0061157396262218324
2008-03-17,-0.012896922327108479,0.007654972340541022,,-0.012896922327108479
2008-03-18,0.025776504179786396,-0.0038733013528293725,,0.025776504179786396
2008-03-19,-0.006558873899295452,0.01643341974659407,,-0.006558873899295452
2008-03-20,-0.0010558512392816303,0.0024826767093042434,,-0.0010558512392816303
2008-03-21,-0.002337507857663714,0.0,,-0.002337507857663714
2008-03-24,0.0073230912209919525,-0.019545051353342835,,0.0073230912209919525
2008-03-25,-0.007968724141465305,0.00418854907503885,,-0.007968724141465305
2008-03-26,-0.005495349003995574,-0.00418854907503885,,-0.005495349003995574
2008-03-27,-0.0011860298565690868,-0.00705583939419796,,-0.0011860298565690868
2008-03-28,-0.014238497826192856,0.009675366032456445,,-0.014238497826192856
2008-03-31,-0.003761819887078196,0.0035525281561001876,,-0.003761819887078196
2008-04-01,0.0031515115303586104,-0.01633870638492496,,0.0031515115303586104
2008-04-02,0.00916016467416759,0.0021283880937303934,,0.00916016467416759
2008-04-03,-0.0009922822650218692,0.002227843347137437,,-0.0009922822650218692
2008-04-04,0.0017919924233675527,0.009075089239646061,,0.0017919924233675527
2008-04-07,0.007780937244831915,-0.005266442700428087,,0.007780937244831915
2008-04-08,0.002468005319264232,-0.0034907879835976985,,0.002468005319264232
2008-04-09,0.0009221001484457001,0.010331176762270466,,0.0009221001484457001
2008-04-10,-0.0037357343133712223,-0.0033617440186901604,,-0.0037357343133712223
2008-04-11,-0.0006956925720131009,0.0067122245688597815,,-0.0006956925720131009
2008-04-14,-0.002454104193454583,-0.005869984756525781,,-0.002454104193454583
2008-04-15,-0.003015349867482849,-0.012484758474339941,,-0.003015349867482849
2008-04-16,0.00513772783966312,-0.009843060960388783,,0.00513772783966312
2008-04-17,0.0032217552928614918,-0.0017212406922348933,,0.0032217552928614918
2008-04-18,0.007409172788495337,-0.0008617326235649259,,0.007409172788495337
2008-04-21,0.008680483540344664,0.0039803157557196656,,0.008680483540344664
2008-04-22,0.006163236806696124,0.003429841539269951,,0.006163236806696124
2008-04-23,0.0024611579403054583,-0.0033225123747948615,,0.0024611579403054583
2008-04-24,0.0012491930551416718,-0.008517759780130696,,0.0012491930551416718
2008-04-25,0.0030766711554001984,-0.00586321531746492,,0.0030766711554001984
2008-04-28,0.0038770046493733857,0.0030449697210945814,,0.0038770046493733857
2008-04-29,-0.0036670553857449497,0.0037929647273600153,,-0.0036670553857449497
2008-04-30,0.006273823116527828,0.007167338164629555,,0.006273823116527828
2008-05-01,0.0049668492422208525,1.4180015294407156e-05,,0.0049668492422208525
2008-05-02,0.005553110780899447,-0.01269017638512171,,0.005553110780899447
2008-05-05,-0.0015337162918740391,0.0,,-0.0015337162918740391
2008-05-06,-0.0017283708834156997,-0.0072312046195923685,,-0.0017283708834156997
2008-05-07,-0.008846061272236758,0.004277711986199861,,-0.008846061272236758
2008-05-08,-0.0033302494971389892,0.008938447928464655,,-0.0033302494971389892
2008-05-09,-0.009362788720496805,0.0036833766232158283,,-0.009362788720496805
2008-05-12,0.009810497445381292,-0.0015148622034217851,,0.009810497445381292
2008-05-13,0.0062506975992422595,-0.010995855923621178,,0.0062506975992422595
2008-05-14,-0.001597654196064665,0.0004381327797515766,,-0.001597654196064665
2008-05-15,0.0035625326187517002,0.009040562650921125,,0.0035625326187517002
2008-05-16,0.005216136977067235,-0.0041293553929966365,,0.005216136977067235
2008-05-19,0.0002925398470011982,0.0013272555575465361,,0.0002925398470011982
2008-05-20,-0.0073336010726358924,0.005184741174292462,,-0.0073336010726358924
2008-05-21,-0.006256341013678844,0.0002165073110171889,,-0.006256341013678844
2008-05-22,0.009350382145218408,-0.01185875369561451,,0.009350382145218408
2008-05-23,-0.0006887979847798142,0.004367661668683631,,-0.0006887979847798142
2008-05-26,0.002910659367793061,0.0,,0.002910659367793061
2008-05-27,0.003724001302828916,-0.00677823806348421,,0.003724001302828916
2008-05-28,0.006604347051981469,-0.00892662429832125,,0.006604347051981469
2008-05-29,0.006981600283878392,-0.007221122350873799,,0.006981600283878392
2008-05-30,0.0041101288760409475,0.006557249889892702,,0.0041101288760409475
2008-06-02,-0.003962515271159129,0.003831482018892274,,-0.003962515271159129
2008-06-03,0.002055189650406516,0.007172496415560836,,0.002055189650406516
2008-06-04,-0.0006903356947035554,-0.008946160211425358,,-0.0006903356947035554
2008-06-05,-0.002961747876469743,-0.006008533352611423,,-0.002961747876469743
2008-06-06,-0.004653282545448797,0.012863639757481948,,-0.004653282545448797
2008-06-09,0.006521627654434755,0.0,,0.006521627654434755
2008-06-10,-0.000364417207691083,-0.006521720619907079,,-0.000364417207691083
2008-06-11,0.001076626352818973,-0.0023318745865656965,,0.001076626352818973
2008-06-12,0.005602507457623149,-0.010054898721447714,,0.005602507457623149
2008-06-13,0.0009442607614747763,-0.002135476707435302,,0.0009442607614747763
2008-06-16,0.0066592054917138975,0.0002254454136672024,,0.0066592054917138975
2008-06-17,0.00852483549099923,0.0020225198939032296,,0.00852483549099923
2008-06-18,0.00024202337233918695,0.00838514814967084,,0.00024202337233918695
2008-06-19,0.006217992042416257,-0.005919886804627517,,0.006217992042416257
2008-06-20,-0.00460011897900627,0.005808337546914011,,-0.00460011897900627
2008-06-23,-0.006054317347091892,0.002113149539407999,,-0.006054317347091892
2008-06-24,-0.0026330627061209796,0.006587747721003012,,-0.0026330627061209796
2008-06-25,0.0034593412585835746,0.00049804348473792,,0.0034593412585835746
2008-06-26,-0.023394599809318524,0.006707630688460142,,-0.023394599809318524
2008-06-27,0.00027323662424236445,0.011658299238860081,,0.00027323662424236445
2008-06-30,-0.0012514201582450278,0.0002160073633445947,,-0.0012514201582450278
2008-07-01,-0.007447706627950976,-0.0023664541202226275,,-0.007447706627950976
2008-07-02,0.009500492378521977,0.005215813727459384,,0.009500492378521977
2008-07-03,0.0053511552573495755,-0.0021691905625607077,,0.0053511552573495755
2008-07-04,0.0060899570505385334,0.0,,0.0060899570505385334
2008-07-07,-0.0012806401368959575,0.0045505841056927565,,-0.0012806401368959575
2008-07-08,0.00020928779848654766,0.006466123759896192,,0.00020928779848654766
2008-07-09,-0.0025847017531823936,0.0043950751984001,,-0.0025847017531823936
2008-07-10,0.0031523668217614442,-0.00010677273433667978,,0.0031523668217614442
2008-07-11,-0.003425255311076311,-0.014328646558639413,,-0.003425255311076311
2008-07-14,0.0031886663820812258,0.008750660580211012,,0.0031886663820812258
2008-07-15,-0.01020131410292451,-0.00032217901688902373,,-0.01020131410292451
2008-07-16,0.00617262554762559,-0.018242440455439102,,0.00617262554762559
2008-07-17,0.01299304751429907,-0.0051627049847216,,0.01299304751429907
2008-07-18,0.002760186227444387,-0.0037526586732310463,,0.002760186227444387
2008-07-21,-0.0003473316794281474,0.0038626065405837906,,-0.0003473316794281474
2008-07-22,0.00817440874212326,-0.0049679217117697405,,0.00817440874212326
2008-07-23,0.009177779837158758,-0.001994927552187775,,0.009177779837158758
2008-07-24,-0.004424943039979814,0.009712747875704864,,-0.004424943039979814
2008-07-25,0.0012317225818187585,-0.01004493305181331,,0.0012317225818187585
2008-07-28,0.0011988562885773854,0.01004493305181331,,0.0011988562885773854
2008-07-29,0.009430073926331106,-0.004072129240566547,,0.009430073926331106
2008-07-30,0.006408109101368062,0.0009913229213021069,,0.006408109101368062
2008-07-31,0.0018154076674245046,0.009866675935152003,,0.0018154076674245046
2008-08-01,0.0070388496983982566,0.002206065641168209,,0.0070388496983982566
2008-08-04,-0.0006380330682125852,-0.002296648808536972,,-0.0006380330682125852
2008-08-05,0.0005245428202665034,-0.007473315123115221,,0.0005245428202665034
2008-08-06,0.00184715063019818,-0.004090750151264366,,0.00184715063019818
2008-08-07,-0.004229549687114032,0.016152100379536627,,-0.004229549687114032
2008-08-08,-0.00021045328234575375,0.002721734361511352,,-0.00021045328234575375
2008-08-11,0.001448699872530883,-0.00961170501506814,,0.001448699872530883
2008-08-12,-0.00037492715272641555,0.009285285605677096,,-0.00037492715272641555
2008-08-13,-0.0015917366206451974,-0.0034850720036194716,,-0.0015917366206451974
2008-08-14,0.0027889441401707142,0.006417002399339289,,0.0027889441401707142
2008-08-15,0.0011935017063185336,0.008635665178328367,,0.0011935017063185336
2008-08-18,-0.002600737148956804,0.00396863904156497,,-0.002600737148956804
2008-08-19,0.0012895152713225627,-0.003861738192001418,,0.0012895152713225627
2008-08-20,0.0033517028552270674,0.0027903621480831475,,0.0033517028552270674
2008-08-21,-8.712190617431908e-05,-0.0018237781183207957,,-8.712190617431908e-05
2008-08-22,0.004421815032578767,-0.0006439526333306134,,0.004421815032578767
2008-08-25,0.0007418628708401927,0.009941391974412461,,0.0007418628708401927
2008-08-26,0.0024169087179732305,0.0008510104656123119,,0.0024169087179732305
2008-08-27,0.0012760936691267428,0.0016988650517291148,,0.0012760936691267428
2008-08-28,-0.0004457027498465061,0.0001065147583121373,,-0.0004457027498465061
2008-08-29,-0.0006700349584422035,-0.004465585993973065,,-0.0006700349584422035
2008-09-01,-0.0012978744612062209,0.0,,-0.0012978744612062209
2008-09-02,-0.0005592231576641096,0.00922839693380606,,-0.0005592231576641096
2008-09-03,-0.0020719620722911263,0.00422920165958196,,-0.0020719620722911263
2008-09-04,-0.024113448826376397,0.007945620139476084,,-0.024113448826376397
2008-09-05,-0.0021798206166070452,-0.0004820233045395028,,-0.0021798206166070452
2008-09-08,-0.0038660758875951194,0.004181107107860349,,-0.0038660758875951194
2008-09-09,-0.009772670698583112,0.009859068254955083,,-0.009772670698583112
2008-09-10,-0.003945601596680583,-0.006215005537573148,,-0.003945601596680583
2008-09-11,-0.007821657822748976,-0.0005199056584634931,,-0.007821657822748976
2008-09-12,0.009571981117792377,-0.012976998699723907,,0.009571981117792377
2008-09-15,-0.023864560622879057,0.03192706794439104,,-0.023864560622879057
2008-09-16,0.004767151536206996,-0.00020413235786165274,,0.004767151536206996
2008-09-17,-0.03448197230720617,0.004987405145573831,,-0.03448197230720617
2008-09-18,0.011061979103118886,-0.01472914343603815,,0.011061979103118886
2008-09-19,0.03386403675558293,-0.032250410743619895,,0.03386403675558293
2008-09-22,-0.010597108492747849,-0.00010645995045877044,,-0.010597108492747849
2008-09-23,-0.011048692209178694,-0.0038391365007370837,,-0.011048692209178694
2008-09-24,0.0003593930516288501,0.004371322952004597,,0.0003593930516288501
2008-09-25,0.015761491994253952,-0.002022829760701228,,0.015761491994253952
2008-09-26,-0.0025248089912007308,0.007221363083229626,,-0.0025248089912007308
2008-09-29,-0.037702355740750926,0.028685546109880278,,-0.037702355740750926
2008-09-30,0.020539398292072405,-0.024672016230509186,,0.020539398292072405
2008-10-01,-0.0027365391205385605,0.012463677641948223,,-0.0027365391205385605
2008-10-02,-0.012340051125192306,0.008006872300499346,,-0.012340051125192306
2008-10-03,0.004419764614536283,0.008765616662246956,,0.004419764614536283
2008-10-06,-0.02744961016660222,0.018009193709384697,,-0.02744961016660222
2008-10-07,-0.0087568117263997,-0.003030001548787631,,-0.0087568117263997
2008-10-08,-0.0091307110050721,-0.01446639861416088,,-0.0091307110050721
2008-10-09,0.0016056245029040656,-0.008449509343938288,,0.0016056245029040656
2008-10-10,-0.005661448970747962,-0.007062361822549157,,-0.005661448970747962
2008-10-13,0.013494933796900328,-0.01290249239952157,,0.013494933796900328
2008-10-14,0.004928600543703003,-0.006460245636659145,,0.004928600543703003
2008-10-15,-0.04025119301876695,0.009517826574198196,,-0.04025119301876695
2008-10-16,0.020241451652323154,-0.005181285529790358,,0.020241451652323154
2008-10-17,0.0026191873156779406,-0.006890067972342706,,0.0026191873156779406
2008-10-20,-0.0028227847689831502,0.007958339817269788,,-0.0028227847689831502
2008-10-21,-0.021480946741208526,0.005269942832766716,,-0.021480946741208526
2008-10-22,-0.028776058331927507,0.020087268804686254,,-0.028776058331927507
2008-10-23,0.018974024217706113,0.007391651463027671,,0.018974024217706113
2008-10-24,-0.006657697538315747,-0.01069413132217445,,-0.006657697538315747
2008-10-27,0.01182507357274713,0.0007233797992416413,,0.01182507357274713
2008-10-28,0.030690940854849507,-0.014673479345703733,,0.030690940854849507
2008-10-29,0.002972085794490928,-0.005044800434884422,,0.002972085794490928
2008-10-30,-0.017909033826402205,-0.00910266085072653,,-0.017909033826402205
2008-10-31,0.007611882174578326,-0.013056436262511184,,0.007611882174578326
2008-11-03,-0.001940880533678127,0.002689251228700229,,-0.001940880533678127
2008-11-04,0.009045551337259327,0.018594754632801802,,0.009045551337259327
2008-11-05,-0.003485394291545937,0.011787620997508519,,-0.003485394291545937
2008-11-06,-0.001954513493136907,-0.007245292114833823,,-0.001954513493136907
2008-11-07,0.0039239551648072545,-0.0065562908185290425,,0.0039239551648072545
2008-11-10,0.0008559059655319526,0.004867108602798709,,0.0008559059655319526
2008-11-11,-0.004977646848007156,0.002954441055324608,,-0.004977646848007156
2008-11-12,-0.00889038927996218,0.006398598123539934,,-0.00889038927996218
2008-11-13,0.0034987498811654572,-0.0242428266518937,,0.0034987498811654572
2008-11-14,0.005671664181149785,0.019630882114813453,,0.005671664181149785
2008-11-17,-0.004085668843887755,0.004403165121394714,,-0.004085668843887755
2008-11-18,-0.0007191890938358334,0.01278469961878237,,-0.0007191890938358334
2008-11-19,-0.007171394121602495,0.0252921340613268,,-0.007171394121602495
2008-11-20,-0.0004821985865953533,0.050371464409968425,,-0.0004821985865953533
2008-11-21,0.004139543866219555,-0.014565097726916498,,0.004139543866219555
2008-11-24,0.005047670757389195,-0.015766769959768112,,0.005047670757389195
2008-11-25,0.0008214706010700704,0.028990442119728677,,0.0008214706010700704
2008-11-26,0.0053206643256519534,0.0013414255669559338,,0.0053206643256519534
2008-11-27,-0.0021815776524055494,0.0,,-0.0021815776524055494
2008-11-28,0.0004771635274609126,0.012277074251263898,,0.0004771635274609126
2008-12-01,-0.006606325378159822,0.03745653258524051,,-0.006606325378159822
2008-12-02,-0.0002468388027485951,0.0038316834961165114,,-0.0002468388027485951
2008-12-03,0.000400249728202372,0.002819413625977596,,0.000400249728202372
2008-12-04,0.0031346149579982094,0.019512327605505142,,0.0031346149579982094
2008-12-05,0.0043180233188647174,-0.016339794388064988,,0.0043180233188647174
2008-12-08,-0.0034825530236251437,-0.002174057473995461,,-0.0034825530236251437
2008-12-09,0.0073144557129324545,0.019581939047376373,,0.0073144557129324545
2008-12-10,-0.00038813789146038613,-0.0024045980620508445,,-0.00038813789146038613
2008-12-11,-0.0012867792866796397,0.001959224434347817,,-0.0012867792866796397
2008-12-12,-0.0036745335637920432,0.0,,-0.0036745335637920432
2008-12-15,-0.0014355664394371346,0.011326983257442969,,-0.0014355664394371346
2008-12-16,-0.0032936881957593357,0.024424478474559308,,-0.0032936881957593357
2008-12-17,-0.007901512541923453,0.026771886820579738,,-0.007901512541923453
2008-12-18,0.004102132272169633,0.02076632231872022,,0.004102132272169633
2008-12-19,0.004482280573208373,0.0010631518386023942,,0.004482280573208373
2008-12-22,-0.004627490486393905,-0.007717523542536853,,-0.004627490486393905
2008-12-23,-7.775060136614993e-05,-0.001320313891075564,,-7.775060136614993e-05
2008-12-24,-0.0007624580689109404,-0.0021482871209714816,,-0.0007624580689109404
2008-12-25,0.0012851413217653028,0.0,,0.0012851413217653028
2008-12-26,9.77491565079697e-05,0.003303090212467552,,9.77491565079697e-05
2008-12-29,-0.0039501493873687205,-0.001194908622016655,,-0.0039501493873687205
2008-12-30,0.0008029268168300051,0.00947905092715473,,0.0008029268168300051
2008-12-31,-0.0012566902863536836,-0.02114054019172862,,-0.0012566902863536836
2009-01-01,0.00026019221764985844,0.0,,0.00026019221764985844
2009-01-02,0.0009742909834578029,-0.025457470932708226,,0.0009742909834578029
2009-01-05,0.009894454099544543,-0.026122521108903562,,0.009894454099544543
2009-01-06,0.0026319190484101703,-0.01010894857763045,,0.0026319190484101703
2009-01-07,-0.006810064257632318,0.003914074271752277,,-0.006810064257632318
2009-01-08,-0.006517161013161958,-0.0007992869325841312,,-0.006517161013161958
2009-01-09,0.004202469606392845,0.0015087779653919497,,0.004202469606392845
2009-01-12,-0.0059768855068279255,0.01032571788317238,,-0.0059768855068279255
2009-01-13,0.003283238284882678,0.0010527772680886116,,0.003283238284882678
2009-01-14,-0.0016528045340829254,0.01635411093060135,,-0.0016528045340829254
2009-01-15,0.004171896095371761,0.0016377194227876757,,0.004171896095371761
2009-01-16,-0.0014658476414883635,-0.015539385244671244,,-0.0014658476414883635
2009-01-19,0.0009893109190988367,0.0,,0.0009893109190988367
2009-01-20,-0.001024304525781286,-0.00017428998860058442,,-0.001024304525781286
2009-01-21,0.003240075349391092,-0.03209891753537164,,0.003240075349391092
2009-01-22,-0.002089131741062111,-0.019434275136457124,,-0.002089131741062111
2009-01-23,-0.004818760657077027,-0.007861704946894754,,-0.004818760657077027
2009-01-26,0.0001316342534522228,-0.008767627739751482,,0.0001316342534522228
2009-01-27,0.00023337531483546626,0.023241198851658318,,0.00023337531483546626
2009-01-28,0.0048920387949035905,-0.02530363384638523,,0.0048920387949035905
2009-01-29,-0.0003804178381144383,-0.023266983464621305,,-0.0003804178381144383
2009-01-30,-0.0011842873784941809,-0.003176099289396106,,-0.0011842873784941809
2009-02-02,-0.0018517126020685627,0.0183866244676123,,-0.0018517126020685627
2009-02-03,-0.006484850030164872,-0.024104700958996084,,-0.006484850030164872
2009-02-04,0.001384174201766219,-0.0035049149004189317,,0.001384174201766219
2009-02-05,0.010580598184946968,0.0008778251115222346,,0.010580598184946968
2009-02-06,0.002750051877966661,-0.003123871227593611,,0.002750051877966661
2009-02-09,-0.0022533965217069853,0.003220669126532627,,-0.0022533965217069853
2009-02-10,-0.008243155107568819,0.021497778526564204,,-0.008243155107568819
2009-02-11,0.0006804524163118102,0.01288827303912754,,0.0006804524163118102
2009-02-12,0.001274823095521974,-0.009460244119865457,,0.001274823095521974
2009-02-13,0.0036106006284246537,-0.026973880982097853,,0.0036106006284246537
2009-02-16,-0.00012556065163093068,0.0,,-0.00012556065163093068
2009-02-17,-0.004616169954054823,0.030674149928642258,,-0.004616169954054823
2009-02-18,0.00530372980358833,-0.008559901227483735,,0.00530372980358833
2009-02-19,-3.6461235226014775e-05,-0.017147107122290173,,-3.6461235226014775e-05
2009-02-20,-0.0072913106667090045,0.009669726439735626,,-0.0072913106667090045
2009-02-23,0.006113967607191099,0.00919575404275541,,0.006113967607191099
2009-02-24,0.00483783310610668,-0.0010492829197197295,,0.00483783310610668
2009-02-25,0.005310328171531578,-0.011616247610757746,,0.005310328171531578
2009-02-26,0.003348564868320906,-0.010581753606067501,,0.003348564868320906
2009-02-27,1.066320091421772e-05,-0.0057740372275896235,,1.066320091421772e-05
2009-03-02,-0.006392203096899782,0.016376029482525922,,-0.006392203096899782
2009-03-03,0.00021478700472608706,-0.0067028604691108384,,0.00021478700472608706
2009-03-04,0.002921629630647837,-0.0045921451449491,,0.002921629630647837
2009-03-05,-0.007602774333396083,0.02743055409084505,,-0.007602774333396083
2009-03-06,0.0003136952593125928,-0.006691097568176652,,0.0003136952593125928
2009-03-09,0.0012757779220392606,-0.005868647121935133,,0.0012757779220392606
2009-03-10,0.00593635947746916,-0.019385799820557104,,0.00593635947746916
2009-03-11,-0.0034048670535568016,0.010762304938055856,,-0.0034048670535568016
2009-03-12,0.013402369718402656,0.004757271252302964,,0.013402369718402656
2009-03-13,-0.002246913225514518,-0.005049160966059674,,-0.002246913225514518
2009-03-16,-0.0010436819297646636,-0.01589531686216361,,-0.0010436819297646636
2009-03-17,-0.0012415906203105218,-0.005454491792286298,,-0.0012415906203105218
2009-03-18,-0.007179511339148379,0.03718799435930542,,-0.007179511339148379
2009-03-19,-0.008449676937022992,0.0012443873651442061,,-0.008449676937022992
2009-03-20,0.007284112560783042,-0.005565627909846604,,0.007284112560783042
2009-03-23,0.005747188960219659,-0.00869802500368877,,0.005747188960219659
2009-03-24,0.00304834823348953,0.009468174705175691,,0.00304834823348953
2009-03-25,-0.004736051536769168,-0.013552935743645023,,-0.004736051536769168
2009-03-26,0.0034184362328558864,0.011531449223811663,,0.0034184362328558864
2009-03-27,9.219588489602732e-05,0.0073916446599024965,,9.219588489602732e-05
2009-03-30,-0.0005684891455182064,0.0038178762846605707,,-0.0005684891455182064
2009-03-31,0.007871033461966357,0.007120433754744582,,0.007871033461966357
2009-04-01,0.010753446575627566,0.009060523684355282,,0.010753446575627566
2009-04-02,0.009247935824719425,-0.01229738693669713,,0.009247935824719425
2009-04-03,0.004353000550691895,-0.02067400303794642,,0.004353000550691895
2009-04-06,-0.0011206355514085395,-0.004284917862140247,-0.276547497053211,-0.002324376746160139
2009-04-07,-0.0034817095306597717,0.0025338146032662934,-0.2763007373550626,-0.00278163142487051
2009-04-08,0.008027076154030132,0.008818568118697634,-0.276427602056078,0.010464763187569451
2009-04-09,0.004753177962461676,-0.012621258972391303,-0.27478633755872467,0.0012849171090565613
2009-04-10,-0.0007317741359036512,0.0,-0.2750177553356521,-0.000731789832693784
2009-04-13,0.0008795764076789434,0.009141587172816656,-0.2750080846211592,0.00339358613051965
2009-04-14,-0.0025760776285136183,0.005214541267815953,-0.2745005224728524,-0.0011447177533733892
2009-04-15,0.0019423078523529448,-0.0017348694682413068,-0.27464013972572204,0.0014658335891185267
2009-04-16,0.004395440552939436,-0.007943073833940772,-0.2746867627659328,0.002213580152698584
2009-04-17,-0.0007076479062655902,-0.011049503258598214,-0.27498495903694065,-0.0037461153335050217
2009-04-20,-0.009974126682352704,0.015029365597528432,-0.2740712406657106,-0.005855071783040295
2009-04-21,0.006421297017195022,-0.009929422359086892,-0.27581310739537096,0.0036825140329639692
2009-04-22,0.003485411341918502,-0.0060832787683473555,-0.276473272440897,0.0018035025754603677
2009-04-23,-0.0038771821918971825,-9.901118165434042e-05,-0.2766523233050123,-0.0039045860101403016
2009-04-24,0.007278704686427344,-0.010090613477164112,-0.2766091351615315,0.004487545889859734
2009-04-27,-0.005459404295467535,0.0042665268751367336,-0.27743664530877304,-0.004275769521130242
2009-04-28,0.006730559667814889,-0.01647199940228994,-0.27777839389352027,0.002154970949235322
2009-04-29,0.004270288466499663,-0.008897344110696537,-0.27835259860638123,0.0017936506649754102
2009-04-30,-0.003265033144860276,-0.003967917035939017,-0.2786035207262851,-0.004370525820769005
2009-05-01,0.00044180363859289097,-0.006888695058225203,-0.27821491615188404,-0.00147476043800913
2009-05-04,0.01363263374054716,0.0032898707873867394,-0.2779637129306449,0.014547081400858163
2009-05-05,-0.0038402009597975845,-0.001232201435242608,-0.2771733427058543,-0.004181787960354719
2009-05-06,0.003374147280039216,-0.0023665922001896433,-0.2770369364864786,0.002718504574715695
2009-05-07,0.0017438190664455224,-0.024716274246007863,-0.2771571524452402,-0.0051064812767378795
2009-05-08,0.003393385457123116,0.0024257426317264574,-0.2745904617097909,0.004059297150805172
2009-05-11,-0.00816425615463498,0.014119775873438378,-0.27444341736769345,-0.004289186585303931
2009-05-12,-0.0003158647495520011,0.0036282654586301533,-0.27564283053000993,0.0006841592566234447
2009-05-13,-0.006866964616803612,0.010806472942769929,-0.27562322642735204,-0.003888451007740243
2009-05-14,0.003585452028644371,0.0038822597591394725,-0.27645082567019863,0.004658649809461051
2009-05-15,-0.006191908223028068,-0.00030589831146787816,-0.27616880428128754,-0.006276406923110231
2009-05-18,0.00562321312204141,-0.01562605076682111,-0.2760871730408439,0.0013090554030879688
2009-05-19,0.006017608095318713,-0.005297922462472293,-0.27636922646927,0.004553406231125459
2009-05-20,-0.003690004231714134,0.010465496977503541,-0.2768050674191973,-0.0007931311978495326
2009-05-21,-0.002846104820068453,-0.025471779837546116,-0.27702147108655856,-0.009902349420259516
2009-05-22,-0.002933517705299587,-0.011163812701751041,-0.27219925539870327,-0.005972626295230777
2009-05-25,0.0035779706646655437,0.0,-0.2708863474053384,0.003577881611691701
2009-05-26,0.003549609452208085,-0.015189514951233996,-0.2709019385218322,-0.0005652606508142824
2009-05-27,-0.003655989203317959,-0.017831005183417403,-0.270650327377269,-0.00848197366015769
2009-05-28,0.004253966213052105,0.014351168884645382,-0.26778704196641684,0.008096829064217988
2009-05-29,0.0001392878126902856,0.025488889723916053,-0.2658148489058585,0.00691447941194224
2009-06-01,0.006407397516299124,-0.029905702068697693,-0.2628688999260688,-0.001454081308200679
2009-06-02,-0.0013294981136458604,0.00536509370519056,-0.26192432801511134,7.568638064494436e-05
2009-06-03,-0.002882012666073715,0.009346017905459192,-0.261947856048446,-0.0004338449090265618
2009-06-04,0.007743776141880272,-0.020877675442639188,-0.26207024131812673,0.0022723503992202986
2009-06-05,0.008356653790939835,-0.0076510596479320014,-0.2627762392751668,0.006346089223191977
2009-06-08,-0.004459835017377995,-0.002564087242975077,-0.26359011607621263,-0.005135758275670183
2009-06-09,0.0017693892768871052,-0.00011154394415857638,-0.2633293458546295,0.0017399987953065478
2009-06-10,0.0012219406232185867,-0.015861748006380516,-0.2633365514274697,-0.0029550378851385607
2009-06-11,0.0036788469448596505,0.011051530411626764,-0.26242776313112287,0.0065790137079387466
2009-06-12,0.004198098461486993,0.00893108119451469,-0.2612628385946004,0.006531379070651226
2009-06-15,-0.00558605825830662,0.008963120757506715,-0.2603367820338967,-0.003252691056621444
2009-06-16,-0.010756745245438584,0.017255023112864087,-0.2608780948833557,-0.006255324405187393
2009-06-17,-0.007103517916605602,-0.005646100746210081,-0.2627934658951673,-0.008587406217812933
2009-06-18,-0.006570582853315864,-0.015250834871319618,-0.26190043376678956,-0.01056484369471788
2009-06-19,0.004211826577121063,0.013616077974116791,-0.25904736050229615,0.007738842116173318
2009-06-22,-0.010668418770866557,0.009659767398370711,-0.2573647678344035,-0.008182449105292273
2009-06-23,0.003437933585030998,0.011704657489113757,-0.2587159507803326,0.006466023526767254
2009-06-24,0.012877027487284188,-0.01008560322269414,-0.25752845303322763,0.010279617144889513
2009-06-25,0.008582074755123919,0.01816711483404898,-0.2592589196560106,0.01329194394479149
2009-06-26,0.0015726287409658928,0.0016930303515954037,-0.2553820832087741,0.0020047353979275773
2009-06-29,0.0016602819000955948,0.00147822217939364,-0.25534303962977245,0.0020377329963509982
2009-06-30,0.007831825483389789,-0.0016895752683634413,-0.2553093870243234,0.007400458774676614
2009-07-01,0.002138790948719142,-0.001976693961664111,-0.2555408617084318,0.0016336491697715627
2009-07-02,-0.0038839306403272845,0.0023355869187913214,-0.2555882880479579,-0.003286985195037909
2009-07-03,-0.0028047024610982083,0.0,-0.2557143107746681,-0.0028047110090685472
2009-07-06,-0.003784505701328304,-0.0019101820385332147,-0.2556996596479747,-0.0042729395922152654
2009-07-07,-0.007303405825989659,0.006671155302470311,-0.2555305464736342,-0.005598733336682636
2009-07-08,-0.009297174997642398,0.018301549674638373,-0.2561657138881025,-0.00460898854262368
2009-07-09,0.009285788961879272,-0.011988954792102824,-0.2576458127247067,0.006196784567420044
2009-07-10,-0.0029525187916560076,0.009186359743979189,-0.25883867036980424,-0.000574814560088506
2009-07-13,0.0047022003915671295,-0.0056269884034474416,-0.25897406049139343,0.0032449471730388686
2009-07-14,-0.0017757353473121826,-0.016755801344502608,-0.2592582654056902,-0.006119834616648581
2009-07-15,0.0032993893906064784,-0.026053426786136313,-0.257445015930292,-0.0034080584739252947
2009-07-16,0.0009646848707617425,0.010740478295200084,-0.2558426955526574,0.003712449105861938
2009-07-17,-0.004805321620660058,-0.015551086198519748,-0.255266055407756,-0.008775025164671314
2009-07-20,0.009796375257397176,0.005246167802871682,-0.2529414412428437,0.01112319082666782
2009-07-21,-0.0018314654219567243,0.019755693058425727,-0.2520638417546722,0.003148170940355916
2009-07-22,0.00400216974966039,-0.009019866849561353,-0.2511835115851712,0.0017364682086177979
2009-07-23,0.004888601501000274,-0.01850645319234001,-0.2513904808477493,0.00023624129571481322
2009-07-24,0.006587029898353954,0.004822738154177664,-0.2513574653228346,0.007799258897300338
2009-07-27,0.003655651950352175,-0.011547561337723167,-0.2508096621865579,0.0007593748353298415
2009-07-28,-0.0059124490414688416,0.008810446786631232,-0.2508844980429857,-0.0037020495978967753
2009-07-29,-0.0006399419680724313,0.005467736537685397,-0.2514400201404838,0.000734828136688737
2009-07-30,0.005553594653128086,0.014077183353052192,-0.25140817261505616,0.00909271143530659
2009-07-31,0.0005904458648535362,0.0192753145454283,-0.2494922210289856,0.005399356945127606
2009-08-03,0.006536321837413796,-0.015214692515032269,-0.2479858460283468,0.0027631912664035562
2009-08-04,0.004045973321019554,-0.007983733404138604,-0.2485653635541478,0.002061454416922031
2009-08-05,-0.001566437793875087,-0.015060015447693864,-0.24878205383635257,-0.0053131140656014
2009-08-06,-0.006429547004747171,0.003402377481505958,-0.24742290127247057,-0.005587813086736418
2009-08-07,0.01494421300621867,-0.00836315069144522,-0.2477197062179957,0.01287247564195371
2009-08-10,-0.008164685634724715,0.012410279720283413,-0.2493914218397356,-0.0050697817203191435
2009-08-11,-0.006800870624230921,0.01150273651330913,-0.2504264903750024,-0.0039203508969513
2009-08-12,-0.0018423941584417998,-0.010739561708269285,-0.251178295909587,-0.004539989961208058
2009-08-13,0.003849646933327752,0.01407913213284484,-0.2503437895856069,0.007374213621977979
2009-08-14,-0.0063471408836537095,0.0038632772193833986,-0.248843441122797,-0.005385891453207011
2009-08-17,-0.00520298910503089,0.01467500867937055,-0.2491649592780293,-0.0015465129732214829
2009-08-18,0.009486941818683422,-0.005822151544819576,-0.24958853065707215,0.0080337708390107
2009-08-19,-0.009599351305077641,0.00824781267022523,-0.25030804101104687,-0.007534906276491448
2009-08-20,0.00267121936990934,0.008180342359515258,-0.25127761775274876,0.004726690545183231
2009-08-21,0.003451943626235963,-0.020791366356145424,-0.2507479994758922,-0.001761485817310107
2009-08-24,-0.0013250362565300484,0.01796677133794855,-0.25006420772416565,0.0031677638026812597
2009-08-25,-0.0012905708692748706,0.005640302507567085,-0.24931059200970596,0.00011556517115085377
2009-08-26,-0.0024912815338960677,0.004572361817282378,-0.24933101396277207,-0.0013512513109849615
2009-08-27,-0.0005603974630409186,-0.003947413895337704,-0.24944241865001854,-0.0015450574889529088
2009-08-28,0.002052797519853062,0.004569511738660381,-0.24931948895786227,0.003192057513149304
2009-08-31,-0.003258898436139213,0.0009319587462961465,-0.2491361148583276,-0.0030267262929238956
2009-09-01,-0.005592363118604299,-0.0024094933969882604,-0.24916850382456662,-0.006192735180211753
2009-09-02,0.0009475392062217578,0.01446853317191632,-0.24889927120082841,0.004548728306330922
2009-09-03,0.0076146948072976055,-0.006175184521261201,-0.24800046003912968,0.006083185239915693
2009-09-04,0.00254394507432437,-0.01718128499057947,-0.24856210535173695,-0.0017267093913099015
2009-09-07,0.0056397255390994395,0.0,-0.24801237449203742,0.005639688251514843
2009-09-08,0.001936854565750449,-0.007062597697690798,-0.24803476849466535,0.00018508326187442764
2009-09-09,-0.0034986666163623788,-0.0011635518043391357,-0.24801436700874782,-0.003787245564405746
2009-09-10,0.002353326910457152,0.018257905237650363,-0.2479249059858304,0.006879910281965978
2009-09-11,-0.0026212360470591806,0.005496721593819309,-0.24617343569176914,-0.001268208007396016
2009-09-14,0.0002177209929667743,-0.009977421320975566,-0.246300874957972,-0.002239735252266346
2009-09-15,0.007317919586215874,-0.005131596842468333,-0.24590070403251826,0.006056029166728151
2009-09-16,0.0040881618071805376,0.0017835444504319398,-0.24636032754483495,0.004527525226468381
2009-09-17,-0.0012964708883100467,0.012497121514513765,-0.24626728383053054,0.0017811549717258453
2009-09-18,-0.003594090202839617,-0.008940478542193375,-0.24601316707517817,-0.0057935828806068845
2009-09-21,-0.0015258063723525834,0.002294416239904784,-0.24516521331989938,-0.0009633528411374536
2009-09-22,0.0009496733071792012,0.0020824544100843667,-0.24520507966358215,0.0014602990026134596
2009-09-23,-0.0015323211261843753,0.0030102131081486405,-0.2451761168604489,-0.0007942907299182535
2009-09-24,0.005193072393751356,0.002897966900009763,-0.24522323627477205,0.005903718019535584
2009-09-25,0.0020522271478476397,0.012633108072074961,-0.24500966556296055,0.005147446245362343
2009-09-28,-0.003890164850778283,0.008738791861317097,-0.24413892605709622,-0.001756744651935724
2009-09-29,0.005150993094301531,-0.0009106297466576763,-0.24440605188074116,0.004928411554371673
2009-09-30,0.003024261953810774,-0.0009114597490764709,-0.2444897768138395,0.0028014136842225185
2009-10-01,-0.0072552414482435455,0.01356313865964065,-0.24453413454358036,-0.003938594083145327
2009-10-02,0.005461411252021738,-0.006945295576811894,-0.24538058155703427,0.0037571131708128594
2009-10-05,0.012578945260842916,0.00010144405167178405,-0.2457430123541973,0.012603849844440062
2009-10-06,0.001900750941223415,-0.009946327166292512,-0.24578597659513876,-0.0005439197090914598
2009-10-07,0.003291530521867885,0.011661238069505586,-0.2456409317621633,0.006155998068544665
2009-10-08,0.0012146943943632054,-0.01054032476582556,-0.24468388008531317,-0.0013644180823651948
2009-10-09,0.0038676403911265364,-0.02319057100259414,-0.2443988746242903,-0.0018001283953806163
2009-10-12,0.001975382500958027,0.0015633758388178265,-0.24363981238427962,0.0023562316107327706
2009-10-13,0.003176694635985535,0.0051912157792317615,-0.24360375440299523,0.004441291843952857
2009-10-14,0.006756104095410829,-0.014921351527691584,-0.24331681299948493,0.0031254689331568154
2009-10-15,0.002693374284755308,-0.004636485108017396,-0.24391299138547629,0.0015624348944799993
2009-10-16,-0.006592238582773621,0.008100261452866242,-0.24399372915717008,-0.0046158310600868885
2009-10-19,0.0001797021879758182,0.007826370909159941,-0.24456614496863693,0.002093728724046096
2009-10-20,-0.009797178528124402,0.00539086850593673,-0.2443835608347941,-0.008479751271114154
2009-10-21,-0.003544242107207627,-0.006014766018430429,-0.2450405373746198,-0.005018148166476817
2009-10-22,-0.005356070681440689,-0.004900246383066076,-0.24454515778849586,-0.0065544358073930135
2009-10-23,0.0008538293692254037,-0.007554357090964636,-0.24402363837722071,-0.0009896477077484438
2009-10-26,-0.006676286521460028,-0.013039340848822967,-0.24386742739027373,-0.0098561676247312
2009-10-27,-0.005796419894239603,0.013565329077691146,-0.24190415023060177,-0.0025150436578362744
2009-10-28,-0.018422192568216297,0.00472614184849629,-0.24245661729473908,-0.01727634567595284
2009-10-29,0.015533186649964373,-0.01095558633244842,-0.24358627415710765,0.012864479570767222
2009-10-30,-0.009972038258345318,0.014406478277193102,-0.24560196423658257,-0.006433915617574515
2009-11-02,-0.007359099116467392,-0.004412418833962484,-0.24697620964172953,-0.008448954808848113
2009-11-03,0.009943929729598532,-0.01004490297509708,-0.24638629898330536,0.007468963248985837
2009-11-04,0.007219560047045583,-0.009180902207552855,-0.2474358221259525,0.004947804773566319
2009-11-05,-0.001434283850062677,0.0,-0.2480541444083311,-0.0014343257901211711
2009-11-06,0.0009574294743234263,0.0009640440825604557,-0.24804797738029474,0.0011965582408058773
2009-11-09,-0.00143162330047309,0.0011783850279831753,-0.24803929875481678,-0.0011393380931297207
2009-11-10,-0.003460128785881538,-0.001821294457355016,-0.2480592271012279,-0.0039119190330125985
2009-11-11,0.0008445709235957236,0.004172960909488488,-0.24793374886291814,0.0018791802547052723
2009-11-12,-0.00012746235174679581,-0.0018170125235315027,-0.24784788933872506,-0.0005778108943546133
2009-11-13,-0.00014164429617988966,0.004588714614238043,-0.24782065934155634,0.0009955321380727825
2009-11-16,-0.0055409150841854195,0.01164395528944695,-0.24778054399536287,-0.0026557722292843695
2009-11-17,0.0015901697315822477,0.005353785374888176,-0.24826701102933627,0.002919305027823103
2009-11-18,-0.004280928771689342,-0.005879828238992246,-0.2480808737138196,-0.005739614323976495
2009-11-19,-0.004638302839845014,0.00178872165313404,-0.24754885705306737,-0.0041955429250773455
2009-11-20,0.0025391987993566836,-0.0002104910223108547,-0.24764691382687518,0.002487064696219827
2009-11-23,-0.005490378119232818,-0.0012620121165323184,-0.2476615571342489,-0.005802930998373469
2009-11-24,0.0011229911696297864,0.006296047477061251,-0.2475282817941393,0.00268143194381468
2009-11-25,-0.0004835329887988302,0.004591914625263094,-0.24732663092936358,0.0006521561072465634
2009-11-26,-0.008738163701851043,0.0,-0.24730683378847,-0.008738165044667356
2009-11-27,0.0032571102673743958,0.0037413169542812597,-0.24727076686104094,0.004182226133353326
2009-11-30,-0.002385280674623487,0.002383156734389047,-0.24708092065947573,-0.0017964609916548688
2009-12-01,0.012193339644588862,-0.011170621964697425,-0.2471439619767215,0.009432583598472445
2009-12-02,0.007224439104761631,0.000838780434691877,-0.24862266093154867,0.007432878629996219
2009-12-03,0.004610834506309148,-0.010438767702870777,-0.2485655997704249,0.002016112080990841
2009-12-04,0.012264408406175284,-0.010656746150583984,-0.24881893163743843,0.009612791031059024
2009-12-07,-0.0020564139210059998,0.001285048838955305,-0.2502461698247397,-0.0017349321788734196
2009-12-08,-0.013657104893738524,0.0014966677156262875,-0.2502770510728889,-0.013282525406073588
2009-12-09,-0.004986165387060275,-0.0046047968711100395,-0.2505185920895272,-0.006139768999506358
2009-12-10,0.000288699221756114,-0.011550483529344291,-0.25007564307923885,-0.0025998254194206935
2009-12-11,0.003905913814956931,-0.00010836506378542055,-0.24958995364941716,0.0038788340399782614
2009-12-14,0.003130557456687438,0.0011932861109018589,-0.2496063554299218,0.003428408141301705
2009-12-15,0.0016212469115908124,-0.004456445738371784,-0.24956380828059246,0.0005090764558048461
2009-12-16,-9.236334377455422e-05,-0.0011995823118589044,-0.24957545389391025,-0.00039175043364782436
2009-12-17,-0.0046210947797267685,0.016336744887580856,-0.2495610528844287,-0.0005440805016809756
2009-12-18,0.002721248081682897,-0.004301437292423493,-0.24975902136348305,0.0016469118851064213
2009-12-21,-0.0011845275614086707,-0.017942485538341657,-0.24984276173278416,-0.005667333380667262
2009-12-22,0.007451381470647703,-0.00561187513981487,-0.24832149951236376,0.0060577290354616575
2009-12-23,0.0037355577066951963,0.00022118364519929656,-0.2487865379467355,0.0037905536770357607
2009-12-24,0.004040963631870453,-0.010424269393067398,-0.24878519585946213,0.0014475596381922147
2009-12-25,-0.0004817866457833162,0.0,-0.2489494926097591,-0.00048179778983475056
2009-12-28,-0.001668587554199633,-0.002789963075603197,-0.24894745921854494,-0.0023631419111070926
2009-12-29,0.006472097168088491,0.006553425811533842,-0.2488358767785728,0.008102817057301826
2009-12-30,0.0021408718882638183,0.006553631264504034,-0.24814600392764263,0.003767082504518052
2009-12-31,0.00477250024471281,-0.004772159854950608,-0.24784266946681688,0.0035897348323269637
2010-01-01,-0.0010185495311699538,0.0,-0.2480663608374115,-0.0010185647038872159
2010-01-04,-0.004220801459318606,-0.0008903389997811928,-0.24806283595936574,-0.0044416617156578025
2010-01-05,-0.0034469567561822064,0.006436826287809616,-0.24799120179877146,-0.0018506853281575347
2010-01-06,-0.00014879673106678852,-0.013476702430713416,-0.24818200320182768,-0.0034934846787064125
2010-01-07,-0.0006430926851174669,0.001680145692311008,-0.2474554106643771,-0.0002273808267506453
2010-01-08,0.006087313340621434,-0.000447368661895986,-0.24746718443824597,0.005976603478855175
2010-01-11,-0.00037480966883797246,-0.005503012468099477,-0.24751581283743795,-0.0017368955713401386
2010-01-12,-0.0059243878310564005,0.016972610435320057,-0.24735221561765508,-0.0017261861316677698
2010-01-13,0.003472397095783474,-0.011693357372579705,-0.2478315157572675,0.000574382103492265
2010-01-14,-0.003656843850652234,0.013904688225145456,-0.2478702950296807,-0.00021028730834121926
2010-01-15,-0.005974379950864657,0.006168156534534397,-0.24797369272573697,-0.004444846411027436
2010-01-18,0.0025280700277893215,0.0,-0.24836608887653888,0.0025280434120292456
2010-01-19,0.001338285710011776,-0.002859333019455512,-0.24837213737928684,0.0006281066462277565
2010-01-20,-0.00988771305719277,0.01007906658988933,-0.24838451261205333,-0.007384229854075869
2010-01-21,-0.004205684398223533,0.004568252376711435,-0.24943038364208883,-0.0030662943955035507
2010-01-22,-0.0035853616575659258,-0.0017385100505711293,-0.2496328864918623,-0.004019364675210429
2010-01-25,0.0029368671932161923,-0.00457525848377216,-0.24951668289905957,0.0017952559909893142
2010-01-26,-0.0022329866068363713,0.0003276365281577043,-0.249613971952384,-0.0021512105506859883
2010-01-27,-0.0006811089480594455,-0.0005458001392364409,-0.24961806776685025,-0.0008173508020167045
2010-01-28,0.0074964338518861045,-0.0005460981997185144,-0.24960643380480735,0.0073601234386294545
2010-01-29,-0.0006629760799887598,0.008703891818115927,-0.24967904813984257,0.0015101984189273725
2010-02-01,0.00890056026668051,-0.009088647051204823,-0.24954050078113832,0.006632565332598743
2010-02-02,0.0004667793901163735,0.0028475267678640392,-0.2503434759517264,0.0011795846742067042
2010-02-03,0.009107264337423222,-0.011663264816086816,-0.2503127603100875,0.00618779824367589
2010-02-04,-0.01415553910351339,0.01570349641143931,-0.2512613744781914,-0.010209921354422592
2010-02-05,-0.010652959265702946,0.0021761007913445596,-0.2534870775532894,-0.010101496802412594
2010-02-08,0.007460748195076323,0.0013043432471580019,-0.25376557664589316,0.007791726721076267
2010-02-09,0.006128292681009891,-0.010039227501845716,-0.253654729305557,0.0035817876279502225
2010-02-10,-0.007785694439068355,-0.009587400886545971,-0.2541088310162475,-0.01022196847200685
2010-02-11,-0.0009048163638610603,-0.005440844385248056,-0.252708393691569,-0.002279858398766249
2010-02-12,-0.0033346997235034065,0.004110631204413906,-0.2525106679332747,-0.0022967349039504257
2010-02-15,-0.0024877819162918468,0.0,-0.25264937276205524,-0.002487791324473952
2010-02-16,0.0014505471424167446,0.0018835424899519282,-0.2526423216741434,0.0019264092117832641
2010-02-17,0.012467273895431707,-0.011464782886751124,-0.25260490600095453,0.00957121095414237
2010-02-18,0.0032587188572237667,-0.004037917595697493,-0.2540661576871337,0.0022327215336791057
2010-02-19,-0.003629377620402205,0.005380928525459794,-0.25417535991854856,-0.002261685582803803
2010-02-22,-0.006580615358551957,-0.004145690397931112,-0.25435721070091566,-0.0076351139393196505
2010-02-23,-0.005000975314917126,0.015483710177101706,-0.2538930628360635,-0.0010698001965795925
2010-02-24,-0.0013298033652266567,0.0024290337974708365,-0.25417645727426524,-0.0007124193822907651
2010-02-25,-0.004376525108617576,0.005608046448357662,-0.25420706549044136,-0.0029509221539650594
2010-02-26,-0.00563908329938411,0.005139693371440934,-0.25444422927225485,-0.004331334067326853
2010-03-01,0.015064330342069209,-0.0004401404310376833,-0.25475202409823117,0.014952182799021165
2010-03-02,-0.005678770757616485,-0.001314876729428427,-0.2548795496117047,-0.006013914596110676
2010-03-03,-0.002850427111895387,-0.0025244627577283296,-0.25475015718281796,-0.003493543172762044
2010-03-04,0.0017811208841497293,0.005261442765698732,-0.2546108365946054,0.003120731778470589
2010-03-05,0.008092868541714692,-0.01320539490157735,-0.2544183965679975,0.004733160091832076
2010-03-08,0.004600301064731751,-0.005220590276160841,-0.25521664116147535,0.0032678654055967537
2010-03-09,0.002010902277027343,0.00022289523480978346,-0.2554316407469126,0.0020678221894055706
2010-03-10,0.006557173695386578,-0.002563860348341329,-0.25543064709473834,0.005902285120150976
2010-03-11,-0.001500534637189988,0.003676619746288523,-0.2556365282236822,-0.000560670294320096
2010-03-12,-0.0013446753090647343,0.006208286645763117,-0.25567785725710107,0.0002426433144631083
2010-03-15,0.003268425017977595,-0.0013273827039022024,-0.2556839845616859,0.0029290341035978973
2010-03-16,0.0013056835963139754,0.007937035216201593,-0.25573709956758756,0.003335474358944053
2010-03-17,0.00474508060818964,0.004272391386918706,-0.25542420461046317,0.005836331556688442
2010-03-18,-0.004380978370253912,-0.003285276086244515,-0.2551234606536552,-0.0052191497736810396
2010-03-19,0.001370077243154349,0.0009870997417564809,-0.2548640189804309,0.0016216358528555583
2010-03-22,0.00315070177369494,0.0010952106694483987,-0.2548503387789262,0.0034298156559265055
2010-03-23,0.0007788873314098476,-0.0047177476499493665,-0.2548131418381949,-0.0004232592926973686
2010-03-24,0.007894371005233339,-0.018424785741574468,-0.2547634365098615,0.003200405901299151
2010-03-25,-0.004142943167294646,-0.006405045321455027,-0.2554755895650562,-0.0057793242014715016
2010-03-26,0.0024975059695121833,0.0028146272816984563,-0.2549401779986577,0.003215031233384153
2010-03-29,0.004759077918997592,-0.0038302301834951535,-0.25483809855452455,0.0037829824180833278
2010-03-30,-0.00010249004714432556,0.003154851732083408,-0.255021785079126,0.0007020534139949979
2010-03-31,0.003056900132694613,0.006838836360111955,-0.2550071308869883,0.004800851177516108
2010-04-01,0.0033086410452300044,-0.0024418317158332314,-0.2546104802416317,0.002686898195055121
2010-04-02,0.00870582515362794,0.0,-0.25469207859473625,0.008705819618909559
2010-04-05,0.0031715861745327304,-0.01677882435472977,-0.2547108721415538,-0.0011021640851141634
2010-04-06,0.0057509838407098415,0.001598759536265426,-0.25438358309156556,0.006157659820423302
2010-04-07,-0.0056866813191445665,0.012703792037677353,-0.25427185841353683,-0.0024564720869761076
2010-04-08,-0.0023296648371796294,0.00045042017898122566,-0.25473963894431545,-0.002214956692404835
2010-04-09,0.0029813228724874983,0.002362606667817957,-0.25474935379896213,0.003583194735448308
2010-04-12,-0.0006065496035584536,0.005268526298760179,-0.2546554957672203,0.0007351032067372844
2010-04-13,-0.0011473593129314695,0.0032369377114376263,-0.2546300490535565,-0.0003231394307048542
2010-04-14,0.004718307113484338,-0.007045224938595496,-0.2546576311177107,0.0029241849490718743
2010-04-15,0.004449930603989025,0.0011213610667937246,-0.25490257857447596,0.004735751816935689
2010-04-16,-0.005893218807246962,0.0072602944051594065,-0.2548475542284772,-0.004042954267348757
2010-04-19,-0.003030907055992186,-0.002452136318363607,-0.2552602372287592,-0.003656867946127671
2010-04-20,0.012106437969091145,0.0035641430042527844,-0.2551206666871201,0.013015715041601981
2010-04-21,0.0009236222586480973,0.008192369215586304,-0.25455459095282357,0.0030089890570183454
2010-04-22,0.0023409331079325556,-0.00298205268930829,-0.2542759635818168,0.0015826498879466895
2010-04-23,0.002546259029186817,-0.0035446216132761776,-0.25432648463392815,0.0016447644481424988
2010-04-26,0.005549824684438834,0.0011089238587089767,-0.25438886515404796,0.005831918335202229
2010-04-27,-0.008876109685615561,0.0139806237150637,-0.2543222321443061,-0.005320530775268038
2010-04-28,0.007792948972359442,-0.00856287327118821,-0.2553574348334583,0.005606285402468563
2010-04-29,0.009142398263751569,0.004180644549077073,-0.25595932915904684,0.010212432412215866
2010-04-30,-0.009419144098016771,0.011462053745840528,-0.25544421837227016,-0.006491263677316177
2010-05-03,0.003944673876348673,-0.0013025349243278583,-0.256461904717201,0.0036105542602512123
2010-05-04,0.007575162508418758,0.01783558710068789,-0.2565257638926871,0.012150445782406026
2010-05-05,0.002331077390401051,0.00587489052537471,-0.25381924814342655,0.0038220541067608524
2010-05-06,-0.028478261623588925,0.03042006008728837,-0.25356761604667116,-0.020764736575161914
2010-05-07,-0.0020482004347637268,-0.012580087478036184,-0.2618125538676793,-0.0053423845095065614
2010-05-10,0.03428135306408988,-0.02093396401794223,-0.2608645867175883,0.028820358892714185
2010-05-11,-0.00793013479873863,-0.00256706656720862,-0.26857857379968525,-0.008620117106696206
2010-05-12,0.011147640673603054,-0.007634184044319703,-0.2682548734901951,0.009099711642389617
2010-05-13,0.006371837642711047,0.006562702553681632,-0.2691289513041029,0.008137991611054824
2010-05-14,0.010810689686819044,0.017221507927298596,-0.268502932354754,0.015434672602755179
2010-05-17,-0.012130267671446534,-0.003695865859103087,-0.26525516726256554,-0.013110835480092165
2010-05-18,0.012389768772962311,0.015222275468647517,-0.264574583194426,0.01641714979714975
2010-05-19,-0.029575300881677525,0.003329259092915038,-0.2615340735374526,-0.028704792423367605
2010-05-20,-0.023076289469130314,0.020860584468463728,-0.2626690604761124,-0.017596936330618554
2010-05-21,-0.0029086123385908325,0.0010162629396175404,-0.26735114340411054,-0.002637230859751875
2010-05-24,0.015023413109777123,-0.0034596930327364106,-0.2673788321918242,0.014098362548844624
2010-05-25,-0.008552417725869843,0.004880904385244023,-0.2680283025645163,-0.007244241261309269
2010-05-26,0.016823610924149253,-0.0028444454217728676,-0.2684715436305296,0.016059928206483432
2010-05-27,0.004281074328302613,-0.022949517960215715,-0.26909184191720376,-0.001894495804812277
2010-05-28,0.008077401926016461,0.004570177636774808,-0.26841979288291135,0.009304082476438059
2010-05-31,-0.010017841736243411,0.0,-0.26793953863758,-0.01001787431131262
2010-06-01,-0.015275018472338453,0.0069788994726947,-0.26790475077452425,-0.01340534050804473
2010-06-02,0.007269585780662428,-0.009544461581914021,-0.2690659922606794,0.004701416988914157
2010-06-03,0.00882572608602453,-0.007323964928734661,-0.26959531639120826,0.006851183540403555
2010-06-04,0.00562915798618786,0.026527881382430785,-0.2702072780727873,0.012797143098945678
2010-06-07,-0.006191494222083192,0.007640401659974927,-0.2661723898130924,-0.004158103934744974
2010-06-08,0.0021910265249386936,-0.004985066155768436,-0.2665892665593522,0.0008620331184730447
2010-06-09,-0.004747600325729413,-0.001122754608961607,-0.2666185848525009,-0.005046949559332025
2010-06-10,-0.0018040094121072828,-0.018029745840203226,-0.2665232545730729,-0.006609362418702037
2010-06-11,0.009955353110840212,0.012603904186859971,-0.264939013915358,0.01329451160044765
2010-06-14,-0.004591236644492269,-0.005146571706384329,-0.2629807442508223,-0.005944818729259078
2010-06-15,-0.00390991236132807,-0.004135696619479212,-0.2625564832372421,-0.004995795098590166
2010-06-16,0.003352593399653157,0.005682183842758981,-0.2622637397878356,0.004842804327980229
2010-06-17,-0.008314779467129826,0.008107013075176361,-0.26196788003775384,-0.006191022506199371
2010-06-18,0.006136600884101254,-0.0016366948794264147,-0.2626025357548359,0.005706757610571151
2010-06-21,0.011788503970630717,-0.002870233712645387,-0.26272772170973385,0.011034405515319812
2010-06-22,-0.009385211344253618,0.011837330484882003,-0.2631390722943105,-0.006270375083437183
2010-06-23,-0.006259290387345899,0.00677427362020655,-0.2640868754395524,-0.004470357921963047
2010-06-24,-0.0063090341138504775,-0.005962896756948055,-0.2644745101457458,-0.007886094605490973
2010-06-25,-0.006179680351896076,0.0040470386109294765,-0.2638388423130583,-0.005111957486578554
2010-06-28,0.0035853193445444295,0.009345561851838546,-0.26409204562696414,0.006053390717052825
2010-06-29,-0.010035771201328036,0.010842684057764451,-0.26346443281715437,-0.007179152166057345
2010-06-30,0.0011435375255158561,0.0067058760739806544,-0.2644391237249626,0.0029167674062127395
2010-07-01,-0.01388761021505847,0.001566346639076066,-0.26424150693089543,-0.013473729822882889
2010-07-02,0.00033679952065053417,-0.00800438875652798,-0.2644513259364579,-0.0017799859310955533
2010-07-05,0.0012562848617859613,0.0,-0.26423278232533226,0.0012562700382350472
2010-07-06,-0.0007931933276426792,0.008201282587258163,-0.2642362348698326,0.0013738824701359864
2010-07-07,0.001198898544808788,-0.011779744857413732,-0.26413954607040246,-0.001912604472938882
2010-07-08,0.0007402787852311193,-0.0063924456129855756,-0.2638033325479633,-0.0009460924755658909
2010-07-09,0.004146409588214675,-0.0057284646506650105,-0.26369629480124074,0.0026358274246925015
2010-07-12,-7.12736714164512e-05,-0.0004033544540593681,-0.26386289445207844,-0.00017771524540910878
2010-07-13,-0.0008915361940024225,-0.008607339687994653,-0.263858249543652,-0.0031626540923628604
2010-07-14,-0.002191524805931802,0.010018369061076449,-0.2634765215869076,0.0004480543341052404
2010-07-15,-0.006468933737111798,0.009918136396238175,-0.2634664119375149,-0.0038558386134134397
2010-07-16,-0.0034242271328083973,0.004872804149065324,-0.2639582589130305,-0.002138043594987109
2010-07-19,-0.0021297365240040733,-0.006170040993231041,-0.2640962613440038,-0.00375923064319494
2010-07-20,0.004555769812751653,0.0014966624646577387,-0.26377319664564014,0.0049505273422631195
2010-07-21,-0.0024116584083097494,0.01680237668884743,-0.2637068999850779,0.0020192397638648077
2010-07-22,-0.00042702247521454,-0.011632931191325468,-0.2633756078717702,-0.0034908752702068925
2010-07-23,0.005040665111308523,-0.010666465203699182,-0.262821045709989,0.0022372559571570737
2010-07-26,-0.0015048796983979638,-0.0017057455396223276,-0.2630700707767304,-0.0019536271893049757
2010-07-27,0.0072818292390667665,-0.009683940803544289,-0.26301435258381345,0.004734810038864421
2010-07-28,-0.001851759031124286,0.003238701748453643,-0.2635401081055915,-0.0009982668835812373
2010-07-29,-0.002727647304170226,-0.0003032648047840425,-0.2635881922179377,-0.0028075875873142223
2010-07-30,0.0027427707734477688,0.01544483669455321,-0.26356564806740745,0.0068134976370002815
2010-08-02,-0.0022366505301918836,-0.014086961529734765,-0.2623921838580968,-0.005933038724573273
2010-08-03,-0.0018570002133160184,0.0057550306924794015,-0.2613096134641449,-0.0003532287970407906
2010-08-04,0.002240273850594562,-0.00768133933275994,-0.26135562300709253,0.0002327095029801118
2010-08-05,-0.001887237180921054,0.004656504800603756,-0.2613443916788682,-0.0006702865282650531
2010-08-06,-0.0008665711208167137,0.010847708568540781,-0.2613976320067967,0.001968990600472124
2010-08-09,0.0038806217394659007,-0.0037033877315932884,-0.26119382026974397,0.0029133059256053763
2010-08-10,-0.0027106275489787715,0.0021041401798633785,-0.2613162190276142,-0.0021607898950336706
2010-08-11,-0.005787504134770137,0.013318870280468964,-0.2613702988252061,-0.0023063506977175872
2010-08-12,-0.0024980109628509966,-0.0024717963263904963,-0.2617817694675286,-0.0031451100884967863
2010-08-13,0.0022478942844794615,0.012394129500775897,-0.26166589110656185,0.005491007364899931
2010-08-16,-0.0018023647038281309,0.024719624096557702,-0.26092770364942086,0.004647619976394087
2010-08-17,0.0021690397241641768,-0.005739192726812448,-0.2596918183433498,0.0006785345004979417
2010-08-18,-0.0014035347688064353,0.002682553903196272,-0.2597151025898307,-0.0007068365859775649
2010-08-19,-0.00041429563255220795,0.015473218063790206,-0.25974429268497584,0.003604782469058242
2010-08-20,-0.0008366121221260558,-0.0011317153255090417,-0.25916655017835083,-0.0011299540664031994
2010-08-23,-0.0034797380817201792,0.0001888432545813501,-0.25914031384543856,-0.003430802961039355
2010-08-24,-0.004858306941805945,0.01590198109004959,-0.2591323501857772,-0.0007375897494970872
2010-08-25,0.0035742446417973465,-0.003253212337666511,-0.2593305310726287,0.0027305739162065026
2010-08-26,-0.0016408842013360902,0.00935869568640424,-0.25943203010609733,0.0007870543351752851
2010-08-27,0.002217765770602953,-0.02872395250245141,-0.25938638326299607,-0.0052328394781966
2010-08-30,-0.003641104658721607,0.018955458467914355,-0.2575012762615776,0.0012398222243436851
2010-08-31,-0.003944999249413377,0.011059082072877757,-0.25730936386748643,-0.0010994068934702956
2010-09-01,0.0045745057105862005,-0.02082854469038331,-0.25748745566788067,-0.0007885953467584737
2010-09-02,0.005030181265194075,-0.010622143662024186,-0.2572114472550818,0.002298025599613979
2010-09-03,0.0022603570609297007,-0.012472830719356232,-0.25745740692346486,-0.0009508822762202711
2010-09-06,0.0013103595634815345,0.0,-0.25726716907326447,0.0013103466598764202
2010-09-07,-0.004619457622395324,0.020260715784290007,-0.2572709247282396,0.0005930352083434351
2010-09-08,0.0021258573811739232,-0.007978274329841994,-0.25721489724475055,7.372256895620546e-05
2010-09-09,0.005228876406101519,-0.01993853674163404,-0.257189056165489,0.00010090120743033668
2010-09-10,0.003329967263462116,-0.004582254070377267,-0.2571327982138549,0.002151715636309827
2010-09-13,0.00023670482663604294,0.004923161412313526,-0.25723319396465494,0.0015030985514056798
2010-09-14,-0.007292761194344719,0.009533194698714276,-0.25717307970824066,-0.004841084231695978
2010-09-15,0.00854415545946864,-0.014945567092178536,-0.25771294688581453,0.004692452702720783
2010-09-16,0.0034265462176277595,-0.009924515642258491,-0.2584623490015649,0.000861381760980545
2010-09-17,0.003000798818359686,0.0040402969308752645,-0.2585215401645241,0.004045298588785998
2010-09-20,-0.0017519442742681252,0.005786180193898538,-0.2583663665888618,-0.00025700044637956966
2010-09-21,-0.0007504977534195955,0.013790590093599064,-0.25840392950501384,0.0028130423691117884
2010-09-22,-0.005990209577290016,0.008930015590415508,-0.2580317243150558,-0.0036860075025662007
2010-09-23,-0.0002453869457634394,0.0028833514926986936,-0.25842140009579356,0.0004997063527074145
2010-09-24,0.003032908809137069,-0.013550525579017147,-0.25841715723101166,-0.00046877977776707764
2010-09-27,0.0041565713887501314,0.017241332316480396,-0.25828960165969234,0.008609819592914883
2010-09-28,-0.0031088015747559295,0.0068149595383371064,-0.25673094998952717,-0.001359296259811029
2010-09-29,0.0032092914483720053,-0.004159040677900627,-0.2568547866886381,0.0021410135425257606
2010-09-30,0.002536287868349637,-0.0006633187042925925,-0.2569447128816488,0.0023658455347403792
2010-10-01,-0.0027159222996774634,-0.0048245086308575935,-0.2569675031479496,-0.003955665782301089
2010-10-04,-0.00748790976710608,0.00257797535868054,-0.2567182847544355,-0.0068261132590710085
2010-10-05,0.007810951120136361,-0.0060245547982979986,-0.25689685618888053,0.006263249820229837
2010-10-06,0.001971799213961483,0.01248707028690621,-0.25731707129821535,0.005184907066596501
2010-10-07,-0.0026288066537492796,-0.008371518649134657,-0.2566645006470141,-0.0047775225705708494
2010-10-08,0.004486217234709402,-0.004403849608823229,-0.256166033114897,0.0033580667395279678
2010-10-11,0.002211146614391585,0.00019166188935670903,-0.2563246377511365,0.0022602635207894742
2010-10-12,-0.0009305302371359205,-0.009929422271958366,-0.25632781219225764,-0.003475717539758617
2010-10-13,0.004716110070375465,-0.0015521327138801055,-0.2558905324999661,0.004318904343553227
2010-10-14,-0.004517443548698248,-0.01507648875533274,-0.25597334947278666,-0.008376628491065468
2010-10-15,-0.004258929701874145,-0.012270777877036565,-0.2544834491875804,-0.007381740638385693
2010-10-18,-0.0001469437492671419,0.008045773815029023,-0.2534084479916691,0.0018918503900501396
2010-10-19,-0.004813565562105324,0.006016477733737702,-0.2532756966372357,-0.0032897469771555744
2010-10-20,-0.0008504553204372522,0.0021611222090056614,-0.2535046909795081,-0.00030261623508578804
2010-10-21,-0.004264683011832929,-0.011943964813997177,-0.2535177762230343,-0.007292691298320028
2010-10-22,0.003362159445766697,0.0067298672425293304,-0.2524868979106013,0.005061292825944109
2010-10-25,0.0027829328532725005,0.0028565069239805396,-0.2521517114907162,0.003503183227746601
2010-10-26,0.00023613008294366233,-0.015562389325679327,-0.25206273009669683,-0.003686574292815949
2010-10-27,-0.010802015371695527,-0.008830162654227536,-0.2513610590089033,-0.013021622001190985
2010-10-28,0.00043489290750218547,0.002716970352336645,-0.2500238904851563,0.0011141097067897108
2010-10-29,-0.0019318838975050795,0.00930461733937804,-0.2500026200758221,0.00039429337339601245
2010-11-01,0.007558659586910734,-0.004297344206486642,-0.2499951511504015,0.006484343865856555
2010-11-02,0.004443999860617512,0.01305784399500709,-0.2503055724495717,0.007712429921240713
2010-11-03,-0.002660084764132603,-0.020610877511439085,-0.24927357608872572,-0.007797901906810592
2010-11-04,-0.001159387841226255,0.007753657500378708,-0.24742144178436543,0.0007589076485720993
2010-11-05,0.007753774841968425,-0.017301725874795615,-0.24738606576076907,0.0034735665474182045
2010-11-08,0.0022791806904070896,0.004480255407043998,-0.24798697914801923,0.003390184935377484
2010-11-09,0.0011949406246397347,-0.022294361118652795,-0.24784717824359365,-0.00433066335188965
2010-11-10,0.007187552703807552,0.0013491743324962613,-0.24671229673508963,0.007520333624422749
2010-11-11,-0.00424240836434862,-0.0005184259926132029,-0.24662706065223075,-0.004370272024533756
2010-11-12,-0.0027325350543386984,-0.005413129861229216,-0.24658797680588265,-0.004067350446017121
2010-11-15,-0.0044266296594667465,-0.021095495777909257,-0.24631950639638386,-0.009622879976694095
2010-11-16,0.005025822274283329,0.024512783789693238,-0.24404203956956813,0.011007817548005765
2010-11-17,-0.0023724594967155527,-0.005506745993222317,-0.24127212714028026,-0.0037012716959580008
2010-11-18,0.004952557816056247,0.004070850581917362,-0.2410252798117748,0.0059337189732767024
2010-11-19,8.666118544361796e-05,0.00612691294268064,-0.2407961877689193,0.001561982925794786
2010-11-22,-0.0031675506361371,0.004235819261236173,-0.2407187003706725,-0.002147914984444513
2010-11-23,-0.0032350231265684147,0.0049358053005690294,-0.24082367617114342,-0.002046371469602952
2010-11-24,0.005027610141861833,-0.0180111883147811,-0.2409417664641101,0.0006879546032578593
2010-11-25,0.00709373246362213,0.0,-0.24101286655138182,0.007093727640988523
2010-11-26,-0.001825918129043565,0.013796268735060124,-0.24103025933305983,0.0014993989222650502
2010-11-29,-0.0008998053607121247,0.008514723845595817,-0.24086224933490588,0.0011510587812870628
2010-11-30,0.009921705392631076,0.005195839248065326,-0.2407905056433525,0.01117280928612579
2010-12-01,0.010017513717967368,-0.022362077485350795,-0.2402249507040868,0.004645546395495078
2010-12-02,-0.0037973154114917754,-0.002651965978086146,-0.241249747144023,-0.004437171043852486
2010-12-03,-0.015257086249445568,-0.007873239881742045,-0.24110385396997178,-0.0171553646239226
2010-12-06,0.011041858535913392,0.01402264505072548,-0.23961065342745247,0.014401732397297836
2010-12-07,0.012071430544730997,-0.021639544107727282,-0.23757370681488238,0.006930305673629465
2010-12-08,-0.010232659852142969,-0.009710048445137787,-0.23908040853584311,-0.012554244399079194
2010-12-09,0.00012898960502893053,0.0049206470807323655,-0.23774363519346262,0.0012987514577745122
2010-12-10,-0.008047190215821577,-0.006100662293100356,-0.2376961468903211,-0.009497297357445223
2010-12-13,0.0042075379549448505,0.0037499356788757154,-0.23704853082293365,0.005096410771282057
2010-12-14,-0.0009294143743066333,-0.01470651688108049,-0.23687254797329543,-0.004412996436445981
2010-12-15,0.0037488930204558615,-0.013054691576783739,-0.23613709392915788,0.000666146204407345
2010-12-16,0.0003354108343034403,0.006903388262695209,-0.23618454704811098,0.0019658812455372343
2010-12-17,-0.00749088464961074,0.018073289695182737,-0.23606999523429184,-0.003224331007313057
2010-12-20,0.004942267712945164,-0.0010728311347421027,-0.23672582808050763,0.004688256389827759
2010-12-21,0.004031347674204781,0.00695427290593198,-0.23678393316948407,0.005678003824006866
2010-12-22,-0.0052186170015170764,-0.007169159444845974,-0.2364109049961248,-0.006913509775988034
2010-12-23,0.005641962220472435,-0.0020428159668899326,-0.23585812057916355,0.0051601099911289475
2010-12-24,0.001891770648316338,0.0,-0.2359707669226091,0.0018917630076500254
2010-12-27,0.01453490921034474,0.008891862555657326,-0.23597414683003767,0.01663315866139087
2010-12-28,0.013325271129822474,-0.019706636939202937,-0.23451310480685653,0.008703707415181165
2010-12-29,-0.027830728749636772,0.016778369203354515,-0.23622478014616197,-0.023867378274247657
2010-12-30,-0.01000321532164571,-0.0007513366522964304,-0.24034123886049322,-0.010184071717915218
2010-12-31,-0.006440491194869976,0.01100382904026631,-0.2402371543192248,-0.0037969696795506947
2011-01-03,-0.0014649675768318442,-0.007572970634460496,-0.2406918499317262,-0.0032877507297765897
2011-01-04,-0.0014746984178297267,0.00117715253015227,-0.24040442266683903,-0.0011917252392741572
2011-01-05,0.0036486930590157326,-0.02227367757472809,-0.24041919265257192,-0.0017063275227345012
2011-01-06,-0.007865966182519989,0.00436435132166757,-0.23995766741063967,-0.006818737924315477
2011-01-07,-0.0032044720299685787,0.005319449406117727,-0.24026007690027854,-0.0019264412186604165
2011-01-10,-0.005912668382663449,0.005399610225404139,-0.24037608099553479,-0.004614739106195974
2011-01-11,-0.0011646092548704657,-0.005615579902636725,-0.2406356885232774,-0.002515935800066039
2011-01-12,0.005268628411808356,-0.00782919696284079,-0.2404693392727898,0.003385935307847439
2011-01-13,-0.0011783478863280038,0.008911321929913285,-0.24072201175496782,0.0009667863175655979
2011-01-14,-0.009666086808646395,-0.006457934349003658,-0.24066240700716854,-0.011220272876290412
2011-01-17,0.004900748826252938,0.0,-0.23988397579869894,0.0049006960261981005
2011-01-18,0.0025898743175417306,-0.004638213977931294,-0.239893214000149,0.0014771976325392568
2011-01-19,-0.0131460157060601,0.007193904534322115,-0.23995161613752222,-0.01141983064805736
2011-01-20,0.003341508015279912,-0.013889773240284953,-0.24078292964517642,-2.968664620812292e-06
2011-01-21,-0.0038004730656042316,0.00789783690012591,-0.24074315619675196,-0.0018991255809260312
2011-01-24,0.0006042436063388953,0.0004375604138573408,-0.2409128252795225,0.0007096460134214446
2011-01-25,-0.0008888055231646491,0.009456619718914538,-0.24091174453500558,0.0013894051574175827
2011-01-26,0.0008027128412982878,-0.015262000802549025,-0.2408073234994206,-0.0028724958059631023
2011-01-27,-0.0013224391226974888,0.004493973312058586,-0.24031661755446365,-0.00024249594095899178
2011-01-28,-0.012393575882387518,0.005235343811528459,-0.2403389449413323,-0.011135320388759496
2011-01-31,0.0041323565361839915,-0.007644684777214472,-0.24091876360153427,0.002290569203130008
2011-02-01,-0.002432374874834552,-0.004946013580163111,-0.2410791213535357,-0.003624766359816837
2011-02-02,0.003387196003348193,0.00022154270140006815,-0.24087822820664562,0.0034405471903924518
2011-02-03,-0.0033694484103162945,-0.008324732255119649,-0.24087698640449004,-0.00537468491278372
2011-02-04,0.007752480388181812,-0.010194472086658024,-0.24039461719499464,0.005301751454879909
2011-02-07,0.007003948862925547,0.005166352444282651,-0.2409204731018318,0.008248593269837737
2011-02-08,0.01441798481813654,-0.00922791315198701,-0.24051896343654897,0.012198469478219297
2011-02-09,-0.0037823908996458856,0.008667459641747755,-0.24164427000562966,-0.001688025269906828
2011-02-10,0.0016904000527627949,-0.011611579777135894,-0.2418122956597185,-0.0011174341063609026
2011-02-11,0.007647614921042004,0.014297767046412169,-0.2416475447801264,0.011102624048791225
2011-02-14,0.002469300855247957,0.0006821786509290106,-0.24011710325655503,0.0026329998088003154
2011-02-15,-0.0012265359468502245,0.0044467334275077874,-0.24010510036971255,-0.00015885338506252365
2011-02-16,0.0003553580190277343,-0.0032303174926893163,-0.24012430328193582,-0.00042032102079423225
2011-02-17,0.00043902525107254644,0.0015611222784137624,-0.24010012907003658,0.0008138492719060137
2011-02-18,-9.13613919029491e-05,-0.0031246854706568072,-0.24009284432246225,-0.0008415765082817007
2011-02-21,0.0018769423115980919,0.0,-0.24005556209588083,0.0018769397827893975
2011-02-22,-0.0058845284702489335,0.014863141848546313,-0.2400582548957313,-0.0023165087584685745
2011-02-23,0.0001379413934632671,0.003626563642893821,-0.24044018464212197,0.0010098871195406403
2011-02-24,-0.0031085580777314736,0.006342317414177678,-0.24041539822282443,-0.0015837689921794729
2011-02-25,0.003411405800543817,0.005869005605962485,-0.24053023737745877,0.004823071322713545
2011-02-28,0.007523930497318948,0.0012994576479634645,-0.24027373158463206,0.00783613863695117
2011-03-01,0.001229239253162434,0.0028846812595340054,-0.24019104848691172,0.0019221082611451444
2011-03-02,0.006542432578142037,-0.015492487312992687,-0.240147636454161,0.002821945422544675
2011-03-03,0.005349706480068888,-0.009834314341780725,-0.24054099102645754,0.002984124081462592
2011-03-04,0.0028616859256554317,0.008293780835293418,-0.24080778397899266,0.004858874813164031
2011-03-07,-0.0005256810804551561,-0.006407347970015742,-0.24044112310124077,-0.002066295892633581
2011-03-08,0.0024228853433434106,-0.006114480689560331,-0.2402857489485832,0.0009536522325784144
2011-03-09,0.0016557196996667563,0.009654261376025985,-0.24032605882681554,0.003975887552880358
2011-03-10,-0.004677906626101902,0.016701456193023212,-0.239981632360453,-0.0006698872681375336
2011-03-11,-0.0029158079910739498,-0.005718342064322535,-0.24014181868635234,-0.004289031919517313
2011-03-14,0.007668254725877461,-0.00043650263053152116,-0.23987305293680591,0.007563531277218616
2011-03-15,-0.009902471777852528,0.01485994775010191,-0.23991815573959102,-0.0063373035785303875
2011-03-16,-0.014698331477595694,0.011240884539180485,-0.2408793888300565,-0.01199069927917582
2011-03-17,-0.009118378479170488,-0.007694760739484607,-0.24221486911353565,-0.010982254528569923
2011-03-18,0.01968522125490851,0.002678981323739116,-0.24133720937206452,0.02033169960093242
2011-03-21,0.007439956061333456,-0.005902538611625374,-0.24085036077271732,0.006018294484892262
2011-03-22,0.0027577760852400177,0.003330710387707825,-0.24119392293504038,0.003561099886402524
2011-03-23,0.0026241948356995493,-0.0012874971764702536,-0.24109404128179313,0.0023137801634327453
2011-03-24,0.007077915720441319,-0.007547403704958988,-0.24112349007205622,0.0052580574006427325
2011-03-25,0.006525465551846623,-0.0024920861916326587,-0.2415001591603499,0.005923600790913729
2011-03-28,-0.0005185432819133706,0.0014096102428213797,-0.24164838859102158,-0.00017792329241860877
2011-03-29,0.009682018340007155,-0.0077221165878649245,-0.24165437516250715,0.007815934674972665
2011-03-30,0.008294144937542486,0.007938523703230338,-0.24223696039378642,0.010217109273369829
2011-03-31,0.004442563089838301,-0.0020604940460566823,-0.24148549580899273,0.003944932692573715
2011-04-01,0.01219665969437261,0.004827827497872583,-0.24156537119413155,0.013362890218105904
2011-04-04,0.0012050174281326878,0.0010837810880817145,-0.24097394143752685,0.001466140312612451
2011-04-05,0.0008985382874773953,-0.0040175074466697325,-0.24096434002563616,-6.953839420970326e-05
2011-04-06,0.004931982713322343,-0.015126816207433613,-0.24094662388846572,0.0012872262162955618
2011-04-07,0.0029810148534804245,-0.0019895980100521626,-0.24108594052971846,0.0025013412962703314
2011-04-08,0.0011254844306148786,-0.005326578971305729,-0.2411314763378287,-0.00015892450920533083
2011-04-11,-0.009038635962983904,0.0008895809470832461,-0.24110345809517186,-0.008824156820830336
2011-04-12,-0.010914718280554025,0.010724932144077215,-0.24116763236941036,-0.008328216140908357
2011-04-13,4.4489877514767e-05,0.006249556436293879,-0.24206232483001197,0.0015572113517243595
2011-04-14,-0.006864697278397943,-0.0007658059796407102,-0.24199044027276087,-0.007050019880417977
2011-04-15,-0.001591912165024224,0.013471008566219744,-0.24192125265968922,0.0016670064089922838
2011-04-18,-0.009663963662111126,0.0022640781349698713,-0.24174909571685235,-0.009116636497548724
2011-04-19,0.0013419138940598285,0.0042969066919669174,-0.24193902095243042,0.0023814904098374114
2011-04-20,0.002806819514860573,-0.006452754642876535,-0.24185719018377105,0.0012461688575063211
2011-04-21,-0.001412518623152814,-0.0008634616866718403,-0.24191656815472337,-0.0016214083386620773
2011-04-22,-0.0007960584419463176,0.0,-0.2418962527238681,-0.0007960598199176162
2011-04-25,-0.0021821121088363227,0.0037722651583722566,-0.24189402949291566,-0.0012696238401610138
2011-04-26,-0.0006443664895482591,0.009636541368322149,-0.24194965371651966,0.0016871875846178573
2011-04-27,0.004974024364372208,-0.010282411286669735,-0.2418248706522865,0.002487473121094168
2011-04-28,-0.006625487334176472,0.007614995104050948,-0.24204517794668498,-0.00478232943233276
2011-04-29,-0.0015433072124469806,0.003093044725746452,-0.24241348174234173,-0.0007935364528985315
2011-05-02,-0.003512762691470132,0.0015976064213809593,-0.2424448457723463,-0.003125433376418037
2011-05-03,-0.007264296167932621,0.005644084101541047,-0.2424912288575425,-0.005895658424483628
2011-05-04,-0.0032466937756629446,0.004449856589288537,-0.24281914638700974,-0.0021662056393598503
2011-05-05,-0.00595482529401024,0.009470243761479757,-0.24292112335436025,-0.0036543099580072895
2011-05-06,0.0031649282609414607,-0.004408697160655173,-0.24327720593679378,0.0020923685812214887
2011-05-09,0.0009621070144037829,-0.00105197658214351,-0.243357491722563,0.000706095186333949
2011-05-10,0.0015318877511041207,-0.007185764994786403,-0.24336239224116285,-0.00021685754050620193
2011-05-11,-0.007269668662570837,0.005710609515870324,-0.24332433589519645,-0.005880140975881184
2011-05-12,-0.003982236494495722,-0.006347237545737627,-0.2436538941127703,-0.005528787992911942
2011-05-13,-0.0058521561551260785,0.00897941888813758,-0.24328215625648558,-0.0036676489806225007
2011-05-16,0.0022367177311706406,0.005558843363741239,-0.24361875939351785,0.003590933423721273
2011-05-17,0.0027515823871541263,0.01019810308361535,-0.24344875659787246,0.005234286371431569
2011-05-18,0.001482882644774501,-0.013340360716640909,-0.24297316599101765,-0.0017584992927501476
2011-05-19,0.003582677509743088,-0.00042012238319877326,-0.24270261766748272,0.0034806943566318875
2011-05-20,-0.006523455492073687,0.0005249071161594898,-0.242722573874865,-0.006396050039399825
2011-05-23,-0.007408990386526376,0.0048143497094184085,-0.24274168356419876,-0.006240348328982639
2011-05-24,0.004569275371868043,0.0037512365593794783,-0.24303108929990466,0.005480922849071867
2011-05-25,-0.010131897412214938,-0.004691031099584464,-0.24285497206028808,-0.011271149584659508
2011-05-26,-0.0012317423601435696,0.008532603556873575,-0.24230475613488348,0.0008357107434143003
2011-05-27,-0.000641368120381995,-0.0004148974999624855,-0.24226081900125337,-0.0007418845087275336
2011-05-30,-0.00042401422875318155,0.0,-0.24225431271131584,-0.0004240146700670212
2011-05-31,0.009830370860050695,0.002278517778198541,-0.24225266839940549,0.010382347760283073
2011-06-01,-0.00556660432940888,0.013375457785258504,-0.24205417354248937,-0.002329032413113649
2011-06-02,0.008365395322648995,-0.01923302764754009,-0.24238596495511214,0.0037035568522782356
2011-06-03,-0.005295215830147228,0.005725860598668753,-0.2430235244809877,-0.003903740251669567
2011-06-06,-0.00482126805412182,-0.007607379246771018,-0.24324462387851756,-0.006671737154610715
2011-06-07,0.0020499970261761468,0.004592265624630443,-0.24272083321544488,0.003164600036840909
2011-06-08,0.0008106338650206072,0.007778311576750241,-0.24260059047064284,0.002697648690483751
2011-06-09,0.005362306828269578,-0.004036860890246352,-0.24242659432064192,0.004383652588950882
2011-06-10,-0.00026911884615132896,0.00764693451927112,-0.24259440023481565,0.0015859732651123473
2011-06-13,-0.00185266458474268,-0.005057416918273994,-0.24250284717121365,-0.003079108796690439
2011-06-14,-8.837532512979474e-05,-0.015221257216419204,-0.24233157078744602,-0.0037769781132160067
2011-06-15,-0.0023951023873744633,0.0180111779590435,-0.24173090215616377,0.0019587151669278125
2011-06-16,-0.0043992924795057484,0.004529862442248955,-0.24144820841005274,-0.003305584483258349
2011-06-17,0.0013030426914951905,-0.004736098031626668,-0.24159480446429557,0.00015881607018615072
2011-06-20,-0.006628360569818682,0.0012376308009240944,-0.24158874822261647,-0.006329363304649282
2011-06-21,0.0009908720108678156,-0.0044418798116927505,-0.2416512725776191,-8.251813921654991e-05
2011-06-22,-0.0038604958165628714,0.0006205638575220718,-0.2416350989948474,-0.0037105469044526143
2011-06-23,-0.001966569846904168,0.007627233491700025,-0.24164951452445216,-0.0001234535542582907
2011-06-24,-0.0026601981531739916,-0.00421800592520416,-0.2416775810025809,-0.003679597525547421
2011-06-27,0.005944413323483042,-0.013809510374778178,-0.241509689591606,0.002609271371585347
2011-06-28,-0.0006971012292204501,-0.008082879797577824,-0.24182125329702225,-0.002651734485112197
2011-06-29,0.004883103105026845,-0.006662367846709927,-0.2415906257601891,0.0032735218447065345
2011-06-30,0.0016837276395270475,-0.001592128460365494,-0.24178648564097027,0.001298759209465603
2011-07-01,0.015195101813193489,-0.0015990809355539426,-0.24180404264386052,0.01480843638759138
2011-07-04,0.004514741878744844,0.0,-0.24205387643052176,0.0045147249328188685
2011-07-05,-0.007574065426202816,0.0022404640896933614,-0.24206242621322618,-0.007031733832729536
2011-07-06,-0.0011340334411535456,0.005102289436702101,-0.24220310810870613,0.00010174737660175541
2011-07-07,0.01574695014598609,-0.0029731708350002606,-0.24221164017045801,0.015026812982814195
2011-07-08,-0.012921101869048466,0.014043622898125108,-0.24265743978222068,-0.009513342529375211
2011-07-11,-0.012604746029667,0.014882768202518548,-0.24394027331157547,-0.008974326499770837
2011-07-12,-0.020614391958819357,0.003403452676588259,-0.24522130105928885,-0.019779879755947697
2011-07-13,-0.004416185332224621,0.0027760529668237055,-0.2458195732550409,-0.0037338177566718033
2011-07-14,-0.0027083596300087748,-0.01437367278054058,-0.24591502179789781,-0.006243068159311396
2011-07-15,-0.0012802667478555988,0.0016643239527631692,-0.24501964988973576,-0.0008725354076486474
2011-07-18,-0.0075903149265810444,-0.009717030866782217,-0.24503482284997147,-0.009971326892814417
2011-07-19,0.009284783930902625,0.020576534255064338,-0.24407754723029415,0.014306989011522199
2011-07-20,-0.003048673200303799,-0.011899058597023782,-0.24139614470794288,-0.0059212419475949424
2011-07-21,-0.005744904449109998,-0.007732896530488809,-0.24069418350586158,-0.007606215278837371
2011-07-22,-0.0009449821537296499,0.0075246836501356995,-0.24010882269993394,0.000861721074372778
2011-07-25,-0.007696840792141244,-0.010992511180901055,-0.24006663775911286,-0.010335778853223534
2011-07-26,0.004495852037254032,0.0068191235376273696,-0.23895784014299895,0.006125259861061891
2011-07-27,0.005591558915873883,0.00010454724356900869,-0.23859523382660236,0.005616478794747804
2011-07-28,-0.0069792124882057625,0.0037564397704690222,-0.2386015059445633,-0.00608292072741204
2011-07-29,-0.013089814598819988,0.01959352946008064,-0.2388097294334331,-0.008410703253361535
2011-08-01,0.0033488692873662367,0.01001069888357442,-0.2403667893416307,0.005755003223571597
2011-08-02,-0.022381546458648118,0.02958486070560795,-0.23986588079029075,-0.015285181763465406
2011-08-03,0.006696631327821166,0.0019678360889603397,-0.24406095748474899,0.007176618740847322
2011-08-04,-0.02369835197124518,0.03496218159619069,-0.24395312442646605,-0.015169225848275928
2011-08-05,-0.005744422231524519,-0.029277419066827903,-0.24882023469159834,-0.013029566645146193
2011-08-08,-0.04905954467828443,0.031079545782285223,-0.2452750908941723,-0.04143674672443483
2011-08-09,0.0012951290611118733,0.0030266923553998737,-0.25677014672013526,0.0020715136054407558
2011-08-10,-0.01922810724427199,0.02931948330600509,-0.25672397672887776,-0.011701096025973527
2011-08-11,0.009503566295016886,-0.05176622030310796,-0.25978776096780165,-0.0039448719841022025
2011-08-12,0.009669880916323446,0.01960889630708529,-0.25792802905650797,0.014727438749399326
2011-08-15,0.01592571371016009,-0.010187095643813926,-0.25549177613102214,0.013322829302392775
2011-08-16,-0.004925383305894797,0.016419438640586037,-0.2566872387395797,-0.0007108040263831213
2011-08-17,0.0031947701180181885,0.017358290537745624,-0.25681149875064696,0.007652570298358364
2011-08-18,-0.007519542355023313,0.02033010919224232,-0.25571558120940646,-0.002320891001650212
2011-08-19,-0.006383049732059134,0.008035786082883689,-0.25614605068386487,-0.004324744061016048
2011-08-22,0.0020840849446466213,-0.00252114904729428,-0.25644319641191593,0.0014375332692894284
2011-08-23,0.01030047855984418,-0.013889595154902956,-0.2564742469030213,0.006738152996585036
2011-08-24,-0.008604718435416771,-0.028842849900762246,-0.25727397382069156,-0.016025287290216853
2011-08-25,0.009416514248809339,0.01076293424220065,-0.2532508221088266,0.012141963308396623
2011-08-26,0.01521654139056888,0.009817993067268382,-0.25218960335222607,0.017692465186723284
2011-08-29,0.019632617024596483,-0.013922622948163266,-0.2507801098360463,0.016141004508196277
2011-08-30,0.002291927611924518,0.015948667905465896,-0.2527061163906173,0.006322122901204888
2011-08-31,0.004952163945894504,-0.015574542880221642,-0.25189943248850827,0.0010288907166975886
2011-09-01,-0.008664028840349385,0.02091765109566257,-0.25200817666294273,-0.0033926171036467246
2011-09-02,-0.012452057603797542,0.031969916659083,-0.2526333845663366,-0.004375431761011601
2011-09-06,0.009547358817205542,0.010345334309263876,-0.25384389988122474,0.012173376716042798
2011-09-07,0.0037265219965437316,-0.01927297315326104,-0.2528504987656951,-0.0011467262591618671
2011-09-08,-3.2540428423569146e-05,0.008927638843997165,-0.2526269725067068,0.0022228067828507707
2011-09-09,-0.005895317155227734,0.010609011861320461,-0.2524848140006531,-0.003216712411132406
2011-09-12,-0.008586145735915266,0.0010547370470348483,-0.2527767782992927,-0.008319552506800939
2011-09-13,0.0012188431091063093,-0.014334047732848632,-0.2528245067891911,-0.0024051586766100697
2011-09-14,-0.00518109023972446,0.00843099538053771,-0.2525056752031393,-0.0030522376844911558
2011-09-15,-0.0029677433342258502,-0.01540600158640082,-0.2527232610865881,-0.00686121305403561
2011-09-16,-0.004802269910045192,0.007242869427430243,-0.25180250915391833,-0.002978559668242843
2011-09-20,-0.0025620984781461976,0.004187665423142306,-0.2519830468698386,-0.0015068900312079727
2011-09-21,-0.026252220550212715,0.03254825912702852,-0.2520367993610075,-0.018048865141030726
2011-09-22,0.001294911992205711,0.03689677242084688,-0.2568389195993235,0.010771113435424397
2011-09-23,0.023247687710911395,-0.018774655848594612,-0.25371222719679914,0.018484115880917074
2011-09-27,0.015116863376102418,-0.015426664544620827,-0.25654635176745966,0.01115901663197054
2011-09-28,-0.008529055566106794,-0.00034172693123135645,-0.25794288552637934,-0.008617296322019862
2011-09-29,0.008755054524583134,0.00689748587492911,-0.2578901062704739,0.010533844309914095
2011-09-30,-0.000572598733398507,0.024808663823134403,-0.25735027080562245,0.005811881003418944
2011-10-04,-0.003646045481762008,-0.012762212758787861,-0.2562571909318492,-0.006916528415699851
2011-10-05,0.006789135977264972,-0.007224517182554457,-0.25550396696000177,0.0049431920874733895
2011-10-06,0.009866548943854558,-0.01862996117325899,-0.2557925975006082,0.0051011232065479185
2011-10-07,0.001035310017913222,-0.007415135004350759,-0.25653313488133617,-0.0008669680400831788
2011-10-11,0.0014871152041510368,-0.0033511788990860936,-0.2564651411909361,0.0006276500227104013
2011-10-12,0.006559048722916659,-0.014653205791096191,-0.2564771211777395,0.002800835873003197
2011-10-13,-0.0049009060523697,0.009907888736609749,-0.2567850399637734,-0.0023567293329445327
2011-10-14,0.002954189219546588,-0.014635697559417515,-0.25698096159952827,-0.0008069197020818626
2011-10-18,-0.003919355727545111,-0.00623065576939652,-0.25685798600529225,-0.005519757761251556
2011-10-19,-0.004149217193698805,-0.0003471303452382557,-0.25655757079499414,-0.004238296488625609
2011-10-20,-0.010380277944857933,-0.007146439699402762,-0.25653262597955523,-0.012213574579327167
2011-10-21,0.0034011852540665618,-0.010638528488471799,-0.2557933073898518,0.0006798707191463619
2011-10-25,0.0043990082680975895,0.025096886474240243,-0.25583464464856326,0.010819658497163516
2011-10-26,0.005780825354038792,-0.017624387238041272,-0.2537640101367468,0.0013082497236561355
2011-10-27,0.004549117346057474,-0.034484136505329666,-0.2539187869193727,-0.0042070632616613415
2011-10-28,0.00762442451249455,0.010461705268497212,-0.25271957635951303,0.0102682208949339
2011-10-31,0.003384977186985383,0.0388889420272962,-0.25192584010653446,0.013182052739888652
2011-11-01,-0.011986903330101004,0.03284649814054674,-0.24808119856723715,-0.003838565480080099
2011-11-02,0.005318771007690672,-0.012551908636739384,-0.24908915468736645,0.002192158327198014
2011-11-03,0.007205378488550794,-0.013828483958581828,-0.24928305028587092,0.003758158674820488
2011-11-04,-0.005678309971929893,0.0012026231689636901,-0.24966461752542596,-0.005378083399671377
2011-11-07,-0.0014753026178512198,0.00633250820476583,-0.249700388400595,0.00010592471413322084
2011-11-08,0.0027543366268176148,-0.012879093479193138,-0.24970582232176294,-0.0004616483697395154
2011-11-09,-0.01903855514285009,0.02052809120346577,-0.24963666760698114,-0.01391399555316604
2011-11-10,0.0043650026536932104,-0.015012738898292355,-0.2517959953891006,0.0005847086546685158
2011-11-11,0.0017399830594987638,-0.006120079225119035,-0.2518391636096943,0.0001987044981711142
2011-11-14,-0.006306601271729129,0.015955147074920184,-0.25183841190980555,-0.0022884824215807517
2011-11-15,-0.007251210300809224,-0.0013626872236516263,-0.2521328129485505,-0.007594808432546767
2011-11-16,-0.0001703148476387111,0.009076387465450253,-0.25203075954750054,0.0021172070570663892
2011-11-17,-0.0017891856982277033,0.007990872827941864,-0.25190527900546617,0.000223748839797587
2011-11-18,-0.0013557206322786608,-0.00025129731514539344,-0.25190431407637986,-0.001419023575529579
2011-11-21,-0.011421461637557724,0.005931404615245661,-0.25189654422352104,-0.009927361839605695
2011-11-22,-0.002302586460353585,0.011100069762436604,-0.2523200895490655,0.0004981554075340701
2011-11-23,-0.01210158776350869,0.009755527835844546,-0.25229581958338765,-0.009640310518898389
2011-11-24,0.0007547010228522084,0.0,-0.2529883372180616,0.0007546540502119945
2011-11-25,-0.0020092652891501215,-0.014627606023713824,-0.2529900550978326,-0.005709904259560594
2011-11-28,0.014472509532860571,-0.000496706117870005,-0.2523241943769107,0.0143471333972932
2011-11-29,0.0007176026072810486,-0.008233519925282096,-0.25241859505054365,-0.001360697327663737
2011-11-30,0.010371274967632814,-0.01573893235047219,-0.25231781482263776,0.006400055113518416
2011-12-01,0.006393080683703053,-0.005018906982724225,-0.25306703157051275,0.005122909973383485
2011-12-02,0.007199212072732744,0.013919309154923454,-0.25326563505985833,0.010724481274412553
2011-12-05,-0.002439796560048911,-0.0020243555442860384,-0.2521994175165268,-0.0029504101694208204
2011-12-06,0.003715586527574934,-0.009589842930201264,-0.2521426259796819,0.0012975744963194993
2011-12-07,-0.005041290736659671,0.003575199500193804,-0.25222354530781327,-0.004139546732199001
2011-12-08,-0.0026917778976399214,0.012412804977746106,-0.25232787401303475,0.00044031171644227663
2011-12-09,-0.0012307723371450924,-0.02077467479748929,-0.25230699445077903,-0.006472369512227617
2011-12-12,-0.004168297913945244,0.011077047453693645,-0.2512558222731821,-0.001385196547355903
2011-12-13,-0.0017044954226957904,0.009278149467839114,-0.2513822444121277,0.0006278580394588023
2011-12-14,-0.001540997245592773,0.018713844948937464,-0.25135399886163406,0.0031628006005374526
2011-12-15,-0.004113692945274875,-0.003714992027269659,-0.25095165994980745,-0.005046003651384123
2011-12-16,0.004412050838619044,0.011593813971733091,-0.2507919094704601,0.007319674746951954
2011-12-19,-0.00042477081931960585,0.012592270113828796,-0.2502014162975303,0.0027257929451180297
2011-12-20,0.0008053565076662013,-0.025262103430899074,-0.24997415194412925,-0.005509531788866071
2011-12-21,0.00354477713199937,-0.014007024072778762,-0.2488944890609903,5.843279990222359e-05
2011-12-22,-0.0022686419260928765,0.004189278161403465,-0.2488793439591385,-0.0012260181528945225
2011-12-23,-0.0023681245095798394,-0.011182613873645053,-0.24891933729449872,-0.005151696056927783
2011-12-26,0.0011516244853667565,0.0,-0.2484652672495459,0.0011515936863404422
2011-12-27,-0.003962076467324735,0.004722311322831629,-0.24846785580889358,-0.0027887340740575745
2011-12-28,0.0014137961367192225,0.018320485868630776,-0.24856321690135003,0.005967588571193334
2011-12-29,0.004296503752229999,0.0018217913976705802,-0.24780471484875174,0.004747900801759558
2011-12-30,-0.004478049805218727,0.00322155732894025,-0.24775694298640555,-0.0036798898500531424
2012-01-02,-0.00019933907238063345,0.0,-0.24783745056718015,-0.00019934453311323702
2012-01-03,0.00091174456244656,-0.0151239837079995,-0.2478363107163441,-0.002836527840392845
2012-01-04,0.0006320936008898251,-0.011961098711896767,-0.24749222590483308,-0.0023282086824448376
2012-01-05,0.001708884953052539,-0.0017809750580921602,-0.24726489082682276,0.0012684969298825226
2012-01-06,0.0024479783572247025,0.007863597770549013,-0.24728173694861974,0.004392501329939128
2012-01-09,0.004532028133146679,-0.0017701653739186085,-0.24705214027832978,0.004094689415606843
2012-01-10,0.011288494402352856,-0.0016888227103182274,-0.2471130239653236,0.01087116018579737
2012-01-11,0.0023358852800576626,0.012931158785872476,-0.24727327254974094,0.005533404361431485
2012-01-12,0.0005655519789363184,-0.0014193619054791995,-0.24678602370412367,0.00021524024858144607
2012-01-13,0.0019920428672024317,0.009893485410077396,-0.2467860327672273,0.004433616881181138
2012-01-16,0.0039256786476400156,0.0,-0.24649369052357803,0.003925658818416408
2012-01-17,0.005463632740508431,0.00462190755271763,-0.246504085073702,0.006602951128036461
2012-01-18,0.0044077589169654605,-0.012178453695181446,-0.2463072096560772,0.0014081046155562278
2012-01-19,-0.00033292094510504414,-0.013848736148006857,-0.24641522893923887,-0.003745467760353632
2012-01-20,0.0018795722872734313,-0.011390187607288382,-0.24600484374101614,-0.0009224968711739834
2012-01-23,-0.00023256972477015938,-0.006345864893463116,-0.24590709444926756,-0.001793069552706456
2012-01-24,0.0013987924293330468,0.0018048554379976878,-0.24580911548017315,0.0018424357023209294
2012-01-25,0.0012192694641723267,-0.0024069653583786987,-0.24579202469544473,0.0006276554161172086
2012-01-26,0.004778271869379968,0.013168911157792174,-0.24580013395549724,0.008015191445971948
2012-01-27,-0.001669075748299012,0.00313834142062408,-0.24507667303373656,-0.0008999905455747405
2012-01-30,-0.006952045000328566,0.01170308989376867,-0.24509937938385057,-0.004083626470636935
2012-01-31,0.006412263954956898,0.01148500423876353,-0.24545314585121464,0.009231270379920942
2012-02-01,0.008576360780154092,-0.01149520733826126,-0.2447295798009781,0.0057630944399193074
2012-02-02,0.0036891433513491253,-0.00041977772807744174,-0.2452040068386075,0.003586179990626228
2012-02-03,0.011145055550247123,-0.021722936999371,-0.24522314892676594,0.005818087236938743
2012-02-06,-0.005727974880674611,0.009901862344920964,-0.2461101983707343,-0.003291085742225829
2012-02-07,9.688645077195803e-05,-0.012479002993562638,-0.246352935112566,-0.0029773690285126364
2012-02-08,0.0037564127872799884,0.0007736307992596281,-0.2460561168165366,0.003946749244766616
2012-02-09,0.0006102895601542206,-0.007504322856760837,-0.2460448401449803,-0.0012361111224169223
2012-02-10,-0.003491864436825868,0.012904430752144869,-0.24596152085742812,-0.00031787667467625137
2012-02-13,0.004995407260633567,0.0012811236859180397,-0.24601177498445076,0.00531057536390375
2012-02-14,0.0038355933604616063,0.005278885583682502,-0.24597807340053554,0.005134081180099691
2012-02-15,0.00031783601829665623,-0.0017852687381108012,-0.24580541571269526,-0.00012100441719734385
2012-02-16,0.002411728985697529,-0.00802854551997001,-0.24579974934549154,0.00043831412493714335
2012-02-17,0.00707266744905892,-0.00025725762128558927,-0.2458112331775149,0.0070094298569918475
2012-02-20,0.0026625911613041143,0.0,-0.24584069448768603,0.0026625891629787958
2012-02-21,-6.961730533965342e-06,-0.011127265918533524,-0.24584674230146972,-0.0027425642175435555
2012-02-22,0.0024441671673934824,0.0125156714975585,-0.2456004378124666,0.005518004860172909
2012-02-23,-0.004033350382558246,-5.138806811899599e-05,-0.24514190448850687,-0.004045978853210096
2012-02-24,0.005184942977296522,0.006523875693135395,-0.24512953907814367,0.006784136780226959
2012-02-27,-0.0010766926649334934,0.008812239530193722,-0.2448412223277289,0.001080887276904637
2012-02-28,0.005185045238031635,-0.003295582036388467,-0.2447914850924479,0.0043783114434831185
2012-02-29,0.0038757225390445614,-0.006112939445165111,-0.24489915618978897,0.00237866152388301
2012-03-01,0.0003403428163908321,-0.009438645462939377,-0.24499702008324692,-0.001972103833642041
2012-03-02,-0.0046248044511599685,0.00934751551363977,-0.2448407223046063,-0.0023361626025376787
2012-03-05,-0.011502455818667962,-0.007970008902740133,-0.24500757801574558,-0.01345517971431493
2012-03-06,-0.01589759698956257,0.012059219204120453,-0.24419352502476016,-0.012952868959299717
2012-03-07,0.0012552910142422597,-0.0061397572966059855,-0.24529512985542234,-0.00025083626964333993
2012-03-08,0.004691481892010951,-0.010058386236825534,-0.24527249250653863,0.002224434893647077
2012-03-09,0.002521920681335648,0.0019854740242832847,-0.24541963240836331,0.0030091850062086167
2012-03-12,-0.004110320403235767,-0.0001722812093944981,-0.24538724929145672,-0.004152598211821651
2012-03-13,0.011256133417787797,-0.01775104800767302,-0.24537111247257862,0.006900537926049856
2012-03-14,-0.004012588559809624,-0.025518170757382386,-0.246226991736578,-0.010295909033283717
2012-03-15,-0.002166444350927737,0.0015299259201624338,-0.2443018817476714,-0.001792811147598141
2012-03-16,-0.002098429187730549,0.0019762651255250674,-0.2443193834277495,-0.0016155904978904603
2012-03-19,-0.0106611582472443,-0.01200695709069155,-0.24434116201306647,-0.013594953572240212
2012-03-20,-0.0032799706722345234,0.003988359878016823,-0.2431389251348461,-0.002310326684727463
2012-03-21,-0.004682288847615166,0.011244150485230975,-0.2432047955634706,-0.0019476619954818045
2012-03-22,-0.010238167013895877,0.0032151825210897655,-0.24337194273666088,-0.009455693134877504
2012-03-23,-0.0008674655966214287,0.009407534053041289,-0.24356992728674565,0.0014239133595709494
2012-03-26,0.006043340132077943,-0.0051364021310620345,-0.24349211279946012,0.004792661446934695
2012-03-27,0.007614008415124482,0.007165488771484263,-0.24366834620861866,0.009359999260147796
2012-03-28,-0.0030477304531593206,-0.001411288830631463,-0.24322720575966,-0.0033910242139809613
2012-03-29,-0.013743531871240531,0.007475379298154117,-0.24318307579951803,-0.011925649134029616
2012-03-30,0.00749546996447809,-0.017055114663587112,-0.24379476580356996,0.0033374807891168247
2012-04-02,-0.004228442592449158,0.005510970802474091,-0.24417685240748382,-0.0028828170046673704
2012-04-03,0.008686775824849217,-0.017480995395785293,-0.24428982930337345,0.004416338780472483
2012-04-04,-0.005614466873575028,0.013653278705052507,-0.24481469308609305,-0.0022719792386593106
2012-04-05,0.006444984270046994,0.007198663210171041,-0.2450468908493509,0.008208978558275347
2012-04-06,-0.00723777182215835,0.0,-0.24466155640528536,-0.007237797958931331
2012-04-09,-0.0014262740388098073,0.023112679827856475,-0.24464487604898227,0.0042281235214274
2012-04-10,-0.016518838144966946,0.01127173002899351,-0.2440064402798744,-0.01376850672912864
2012-04-11,-0.0002132132375306209,-0.012051191946415685,-0.24507164778453913,-0.003166690957353388
2012-04-12,0.0012943458353523404,-0.0041660191997472396,-0.2447808768465028,0.0002745642800350118
2012-04-13,0.007969949599964249,0.016047371844112313,-0.24478318788149223,0.01189807628033103
2012-04-16,-0.010120826854311296,-0.0014558633189567516,-0.24350625173389873,-0.010475425287194036
2012-04-17,0.010374484434421927,-0.0006003746296583401,-0.2433725990768341,0.010228360634882826
2012-04-18,-0.006163225752232415,0.002912044892164012,-0.24343833876664187,-0.005454326840314402
2012-04-19,-0.004337783304190916,0.0009398532576332386,-0.24353941316771752,-0.004108898849118496
2012-04-20,-0.003132320093148413,0.00017091284038084353,-0.2435572458765536,-0.003090694242031559
2012-04-23,-0.0032299942802758367,0.0072341886351505735,-0.24355326167848051,-0.0014680843128308941
2012-04-24,0.0020912293466223454,-0.0070633050009769605,-0.24363299913363112,0.0003703697569428467
2012-04-25,0.004930123244252524,-0.00513717679396386,-0.24364189621420682,0.0036784911455052497
2012-04-26,-0.0024713260773450924,0.005991157220843313,-0.2437743178848472,-0.0010108447944961647
2012-04-27,-0.006996917722242597,0.0008525639535079677,-0.24382180463888944,-0.006789047261497766
2012-04-30,-0.005476014220080048,0.00025583380295479685,-0.24384642808210308,-0.005413631731225468
2012-05-01,0.0033952145009027383,-0.005183066227274935,-0.24384295374798953,0.002131360086912656
2012-05-02,0.003336010978390473,0.007018060856248454,-0.24391741058400307,0.005047833159449701
2012-05-03,-1.7774214200664824e-05,-0.0002560512720624075,-0.24369252816807843,-8.018724953464304e-05
2012-05-04,-0.006154968995650014,0.00781802679835053,-0.24369137979959826,-0.0042497833357421945
2012-05-07,0.007619957809293459,0.00016960587789771608,-0.24392160224282056,0.007661312731067988
2012-05-08,-0.01166778262654301,0.005317412681765887,-0.24393100647979843,-0.010370701437089522
2012-05-09,-0.01803165910758786,0.0006731868063099,-0.24429475777184004,-0.017867227772618864
2012-05-10,0.011242788961702336,-0.002948713609317366,-0.24433459125046667,0.010522313525398029
2012-05-11,-0.004760700188294026,0.008234450812329541,-0.24457150266471206,-0.0027468042489208915
2012-05-14,-0.015403510283746098,0.01387808139955471,-0.24473148614416465,-0.012007117649490834
2012-05-15,-0.004111266245568082,0.004035985287397459,-0.24587151312145794,-0.003119009762681688
2012-05-16,-0.0029452427442798364,0.0028727176827541,-0.24595500367540138,-0.002238689119123756
2012-05-17,-0.006308601242776125,0.017548749028065913,-0.24599667096480116,-0.001991670228517365
2012-05-18,-0.004814203933590185,0.0002423692578776837,-0.24625273088259186,-0.004754537210192798
2012-05-21,-0.0017571955887952348,-0.0020964273075918527,-0.24624782501904763,-0.0022734365863591043
2012-05-22,-0.017084828553914723,-0.011197121715035507,-0.2462060674621109,-0.019841630690633202
2012-05-23,0.011819504426131517,0.006911480815362303,-0.24460830084526256,0.013510001630109446
2012-05-24,0.007630837897219423,-0.003815628957577033,-0.244006047843732,0.006699760505144496
2012-05-25,0.012772403864071573,0.00373476327738409,-0.24419540038040768,0.013684403034363064
2012-05-28,0.0065412002876341566,0.0,-0.24388242271385796,0.006541179058734574
2012-05-29,-0.0005311735695476777,-0.0030842933324661814,-0.24389912498780983,-0.0012834311474371166
2012-05-30,-0.01911841445474771,0.025045761468546424,-0.24386430145278368,-0.013010649691906184
2012-05-31,-0.002644189709044897,0.011507536773400773,-0.24609677668995247,0.0001876265724135203
2012-06-01,-0.002947875799201753,0.023412343673739677,-0.24609501608494022,0.0028137851743536358
2012-06-04,0.0006734094788042684,-0.007932347306032206,-0.24567851403928637,-0.0012754260710192598
2012-06-05,0.0108124483189562,-0.01346692870946331,-0.2455962360796145,0.007505015735544231
2012-06-06,0.0032483709546252907,-0.02018693304600827,-0.2462912717785941,-0.0017235416020229095
2012-06-07,0.006050386097086415,0.00151845698525932,-0.24602590027552673,0.006423947844083865
2012-06-08,0.0014598460945304784,-0.00023987321468776912,-0.2459778775916275,0.0014008393329694733
2012-06-11,-0.011561351948707934,0.004542034030934339,-0.24598313514648792,-0.010444088534450304
2012-06-12,-0.00013867159274549368,-0.009184698939154856,-0.24628300014697904,-0.0024007271424105053
2012-06-13,0.0030539592288681785,0.009820484899871751,-0.24611582657426934,0.005470924648177398
2012-06-14,-0.001130001178314989,-0.0012719764023980673,-0.24577582938934825,-0.0014426452951791467
2012-06-15,-0.001570446536117435,0.0055536264476554464,-0.24575760103123573,-0.0002056018597256677
2012-06-18,0.003941039357407046,0.00536496388276575,-0.24577070018337127,0.005259589398833111
2012-06-19,0.0065295302894015,-0.01314844960783823,-0.2455988936046792,0.0033002739596654685
2012-06-20,0.00436531355696683,0.0049315150936370955,-0.24588634174655724,0.00557788626534663
2012-06-21,-0.0024848865786836587,0.005301650320300055,-0.24571990291510656,-0.001182176866035914
2012-06-22,-0.008215793675493898,-0.013427328844716868,-0.2457651701940924,-0.011515766504693003
2012-06-25,-0.0016108592110763405,0.014452381264089986,-0.24467079448301043,0.0019251421647885807
2012-06-26,0.0018546788929033851,-0.003949496061916413,-0.24450364485097834,0.0008890013728812576
2012-06-27,0.000123335874064329,0.0015816707388429663,-0.24452479778360975,0.0005100921568621187
2012-06-28,-0.0004069722598099199,0.002446972934993852,-0.2445220619236049,0.00019136642215593054
2012-06-29,0.018693910061969684,-0.013092892616597851,-0.24452176353269342,0.0154924128493755
2012-07-02,0.008756718013920629,0.010241529535467642,-0.24591728620187828,0.01127519250721104
2012-07-03,0.004236458100993359,-0.007714648055000772,-0.24517950336096797,0.0023449344793387726
2012-07-04,0.001207475204366138,0.0,-0.24529735526963517,0.0012074672106125825
2012-07-05,0.003259441416301979,0.005096442731103323,-0.24530000598566606,0.004509598668952341
2012-07-06,-0.003688898325899302,0.00925121350169178,-0.24516287447772755,-0.0014208535328830223
2012-07-09,-0.006338419260905736,0.008775704555382013,-0.24525940483640354,-0.004186101732171031
2012-07-10,0.0064898651466757705,0.002026272266144602,-0.24550667383490912,0.006987311739061383
2012-07-11,9.471221018405728e-05,0.0012453305616908494,-0.2454323424253716,0.0004003515652234269
2012-07-12,-0.0024524363173972236,0.007051038176711266,-0.24543118453724896,-0.0007218917440077753
2012-07-13,0.004265047059474663,-0.0026285441903857176,-0.2454722814830278,0.0036198095325252026
2012-07-16,-0.0024228466324078286,0.004634028413444291,-0.24554234178666737,-0.0012850011959710935
2012-07-17,0.0023641851015144258,-0.007891171007286424,-0.24558455296773635,0.0004262325341642646
2012-07-18,-0.0016733344061793279,0.0005439054410745214,-0.24559735932669152,-0.0015397535347679676
2012-07-19,-0.000683041719422504,-0.0025652939579128287,-0.24559899134869978,-0.0013130754386969032
2012-07-20,0.0013797413834304314,0.012145137758078128,-0.24556883161092277,0.0043622066267365546
2012-07-23,-0.005946930107515609,0.005596809418390691,-0.24523978055127849,-0.004574392113100697
2012-07-24,-0.0052630826082188656,0.007844565783834412,-0.24540615282054415,-0.003337989183491782
2012-07-25,0.0008970754430247959,0.0025757701319681914,-0.24558252012310983,0.001529627600508868
2012-07-26,0.002319862681611996,-0.00919736760065959,-0.2455631401339634,6.132689810624019e-05
2012-07-27,4.114577106314023e-05,-0.019042263020334182,-0.24555465055981568,-0.004634771046600749
2012-07-30,3.1540054693349065e-05,0.007444035018756345,-0.24492545454622144,0.0018547310377096018
2012-07-31,-0.003025307594704627,0.0020065671682951702,-0.24484687571376157,-0.0025340112225456647
2012-08-01,0.0076250718167322025,-0.005004735479089639,-0.24487608048173592,0.0063995298278404795
2012-08-02,-0.0004203116676121065,0.005652730962706798,-0.24510112604987913,0.00096516379203349
2012-08-03,0.002421587317778989,-0.01626945986478745,-0.24507397876574494,-0.001565635785021779
2012-08-06,0.0023457335111645313,0.00039220793170624546,-0.24487800226591533,0.0024417633131027703
2012-08-07,0.0011745307450680706,-0.012949141600497427,-0.2448780353835951,-0.001996429612212054
2012-08-08,0.0009562452726106353,-0.005339175037906152,-0.24468302178325868,-0.0003501734370325022
2012-08-09,0.0029277321064111786,-0.0007191216670587863,-0.24466232218494965,0.0027517887253861477
2012-08-10,-0.0018372685845519745,0.005024298027116458,-0.24468110643033367,-0.0006079190583542022
2012-08-13,-0.006165183516978872,-0.0016715378629958977,-0.24470593272685287,-0.006574220432769438
2012-08-14,-0.0013946132427640786,-0.013639875252170697,-0.24461318402927223,-0.0047311128489924935
2012-08-15,-0.0011258687392207412,-0.01415542422331395,-0.24415369364696857,-0.004581999015163906
2012-08-16,0.002018196654200527,-0.008557663096199875,-0.24369308682240565,-6.727792410683783e-05
2012-08-17,0.0026782540831674167,0.004863635866806604,-0.24367840065022917,0.003863416096390504
2012-08-20,-0.0014287584419316861,0.002053848862049179,-0.24356797912790404,-0.0009285141149275877
2012-08-21,-0.002833674425016999,0.004421865013986448,-0.2435805121714388,-0.0017565951302585183
2012-08-22,-0.006241285934596108,0.016370147122152012,-0.24363287372852077,-0.002252983499489128
2012-08-23,-0.001342075967343653,0.004171042936659042,-0.2438914141109856,-0.0003248119436881632
2012-08-24,0.0005970130791891615,-0.0009613503965661963,-0.24390410969216422,0.00036253490548643634
2012-08-27,-0.002818018504091406,0.0058320118735899484,-0.2439057417481243,-0.001395557432879979
2012-08-28,-0.00744242060008514,0.0023867430394233224,-0.24396273590405745,-0.006860148104132671
2012-08-29,-0.003045439165921188,-0.004380162738405247,-0.2440564713460484,-0.004114452585740374
2012-08-30,-0.0007871398183930713,0.005174267852307679,-0.2439210939121899,0.0004749640738475949
2012-08-31,0.0008196398173536796,0.014034953028280839,-0.24391137400574023,0.004242923835298092
2012-09-03,-0.0035577339901914093,0.0,-0.24354296899642508,-0.003557758978661145
2012-09-04,-1.4957140834856377e-05,-0.0010048999109626422,-0.2435333223497513,-0.00025968440910102686
2012-09-05,0.004003984910356926,-0.00472350399288235,-0.2435293539190812,0.002853672765562196
2012-09-06,0.005848862848267897,-0.01679090431123864,-0.2436202390683002,0.0017582525611603676
2012-09-07,-0.00434308724508288,-0.0046656043795900715,-0.24380039341704368,-0.005480575648008531
2012-09-10,0.0008413529952800705,0.002415762038298297,-0.24361214712221832,0.0014298492038459622
2012-09-11,-0.0082251840635012,-0.006293548754758405,-0.24359509022718712,-0.0097582627972145
2012-09-12,-0.004449931297538016,-0.012542340539522634,-0.2431579825226888,-0.007499731167731986
2012-09-13,0.0007942697955924168,-0.003942112812144849,-0.242505296407575,-0.00016175771130490452
2012-09-14,0.007619352040864829,-0.02693712904814838,-0.24249627237009252,0.0010871980462470745
2012-09-17,-0.0021429586585039115,0.011931746561215206,-0.24266311024971365,0.0007524247563387087
2012-09-18,0.006578719900062482,0.004998996383553056,-0.24261779914966322,0.007791562327199702
2012-09-19,-0.0032374580898951602,0.006544325652037664,-0.24238462211134112,-0.0016512300058711773
2012-09-20,0.002992524458128563,0.002473934957855306,-0.2424583533449228,0.0035923456531914972
2012-09-21,0.006301773469624906,0.0011529370456404564,-0.24241057532359966,0.006581254361444642
2012-09-24,-0.002125430869874669,0.007784720894314923,-0.24237686427939958,-0.00023859691679997347
2012-09-25,0.0033639544921846083,0.009829187999858213,-0.2423966936598562,0.0057465158197082915
2012-09-26,0.0008846618695902374,0.010693889106757837,-0.24205054813513638,0.003473100110941731
2012-09-27,0.001517537071074232,-0.007143107121967418,-0.2418273088248092,-0.00020987644293303339
2012-09-28,0.0018476086291150107,0.000563590465240793,-0.24180841839763473,0.001983888266823865
2012-10-01,0.0057672403304522,0.0036937017639626646,-0.24180608383434196,0.0066603997304973865
2012-10-02,0.0011632173978607361,-0.001367515668122543,-0.24166488844326434,0.000832727299365528
2012-10-03,-0.003727556942410299,0.00032235128301660865,-0.2416723080473035,-0.003649654067104505
2012-10-04,0.00016009778614982156,-0.012549413388152075,-0.2416711698299989,-0.002872733705249054
2012-10-05,-0.010094840913843063,-0.013038845842294755,-0.24141361856563207,-0.013242613339944115
2012-10-08,-0.008726123826427323,0.0083842398610523,-0.24023992808283443,-0.006711974255196032
2012-10-09,0.001586742016068587,-0.0018027492396646139,-0.240600569456087,0.0011529750605471358
2012-10-10,-0.0002482990055703605,0.007027528185572507,-0.24061454202702878,0.0014426255226404835
2012-10-11,0.009377869307571967,0.006897343413698742,-0.24055874985366868,0.011037081832166597
2012-10-12,-0.005399474159164497,0.002503384605462955,-0.2400949135789749,-0.004798455710118893
2012-10-15,-0.003527501625758293,-0.0022606190343532617,-0.24016428243364799,-0.004070426279205768
2012-10-16,0.005426793965560128,-0.013918856342068686,-0.24009175836344762,0.0020849863527639717
2012-10-17,0.00034725398843272765,-0.009309623257631294,-0.24027051094816804,-0.0018895860729866302
2012-10-18,0.005317105590457913,-0.006142190883829279,-0.24014131689110402,0.0038421030199407443
2012-10-19,0.0010602079031567949,0.013479457850650967,-0.24029663339726362,0.004299265709756288
2012-10-22,0.00422873426237755,-0.006427611015522139,-0.23994362086555085,0.002686446057381418
2012-10-23,-0.010754697155009652,0.014200983434519365,-0.24005451525514485,-0.007345694482323148
2012-10-24,-0.0054024760590006575,-0.00991154076835521,-0.24073040554345448,-0.00778853113255455
2012-10-25,0.005470050250230241,-0.005116727841513402,-0.2402007889652814,0.004240972262521086
2012-10-26,-0.00718610179390566,0.014620544173996386,-0.2403454121961383,-0.003672130887494867
2012-10-29,-0.0017948004553839123,0.0,-0.24069993944311188,-0.0017948245025416801
2012-10-30,0.001962099697835839,0.0,-0.24069545836023126,0.001962099393889364
2012-10-31,0.00034457813268079073,0.005853833173409484,-0.2406995898346296,0.0017535930962478505
2012-11-01,0.0054231932151368924,-0.006020736503323576,-0.240642832202571,0.003974342281229623
2012-11-02,0.008874850587941477,-0.0007354857233448087,-0.24080026832959764,0.008697734749703869
2012-11-05,0.0017599829974983064,0.005627748959503798,-0.24086039006015195,0.0031154807290601615
2012-11-06,0.008223471370542792,-0.009479679571168909,-0.24075981179060227,0.0059411386790496085
2012-11-07,-0.00461525907036054,0.01798316664818067,-0.24112682509153566,-0.0002790600854645685
2012-11-08,-0.008976228263567703,0.014729661775136016,-0.24117859809581405,-0.0054237525979156575
2012-11-09,0.004152996286807177,0.0011120333619922818,-0.24169720630290478,0.004421736467143925
2012-11-12,-0.007624132302572652,0.0016657348161643881,-0.241676911731705,-0.007221564032994477
2012-11-13,-0.006696480928033272,0.003322541022895642,-0.24173860483313098,-0.00589329868122668
2012-11-14,0.002013754774343804,0.0009472733353330653,-0.24185388568999125,0.0022428486919424274
2012-11-15,0.006426094915982145,-0.0019400498848689551,-0.24184621891177888,0.00595690066679799
2012-11-16,0.004102373266096169,-0.0009044663589756752,-0.2419326183297893,0.0038835474913091186
2012-11-19,0.0008129928794317449,-0.0056343719348097565,-0.24196319880719944,-0.0005503198514214227
2012-11-20,0.0038515336513697904,-0.010077553919824567,-0.2419351791924968,0.0014134169374181405
2012-11-21,-0.0031162158618794,-0.0005629240249156453,-0.24201861438781863,-0.003252459613704284
2012-11-22,0.002632308833581491,0.0,-0.24199822460968298,0.0026323074505673057
2012-11-23,-0.014975482909092775,-0.0009655676784987577,-0.24200393813052992,-0.015209154477362291
2012-11-26,0.002444273060573484,0.004738953644621624,-0.24187260681096467,0.003590487224108615
2012-11-27,0.01040595205457816,0.003918408673968976,-0.24177594763094643,0.011353322468656129
2012-11-28,-0.0004573714957582318,-0.0014375930127812353,-0.2415198087610578,-0.0008045960588735945
2012-11-29,0.0021942751601055975,0.00016004633756683262,-0.24150847033388217,0.002232926937201993
2012-11-30,0.002849874184466192,-0.0027210935751442733,-0.2415111718189792,0.0021926995032655106
2012-12-03,-0.006545835182914329,0.0009197299252159397,-0.2415512712535626,-0.006323675970165008
2012-12-04,0.0005657952180594867,0.005758797930927706,-0.2415746285765896,0.001956973104971785
2012-12-05,0.019719533554818612,-0.00047831875668347124,-0.24151256290325962,0.019604009356167136
2012-12-06,0.029408751417311974,0.0021518979641470537,-0.24161809762930342,0.02992868175140772
2012-12-07,0.006064823445934615,-0.009279057396708978,-0.241276005585584,0.003825986337964453
2012-12-10,-0.002399528496330502,0.004410452687039879,-0.24150064490864492,-0.001334416565087046
2012-12-11,0.0009861352900921872,-0.007627991545218649,-0.24154082221236303,-0.0008563387847471815
2012-12-12,0.004077113212971233,-0.011680618366182394,-0.2414862183901957,0.0012564011515510413
2012-12-13,-0.003572196557433452,0.0007340090641765329,-0.24156743892137963,-0.003394889376746423
2012-12-14,-0.005335763952742198,0.007471036315370938,-0.2415763552724917,-0.0035309388343518584
2012-12-17,-0.004198031048734193,-0.015080383047737733,-0.24174716414266986,-0.007843682470470695
2012-12-18,0.006109245606061475,-0.01023693135593895,-0.24095109020498076,0.0036425918387544415
2012-12-19,0.008410332187602215,0.003313340050411284,-0.2411847113975252,0.009209443305177352
2012-12-20,4.1354289704618867e-05,0.00016528080065025819,-0.24101283732554923,8.117742641270419e-05
2012-12-21,-0.008528797148675854,0.010856357189285681,-0.24101270099355906,-0.005912277188782504
2012-12-24,0.012564613727091594,-0.0018012278409766935,-0.2414245627358917,0.012129725147108288
2012-12-25,-3.386717782019621e-05,0.0,-0.24158845837209286,-3.387829466454275e-05
2012-12-26,0.003965833472747549,0.0035849703350514517,-0.24158792535224394,0.004831918982287871
2012-12-27,0.005413786563993787,0.0033495194364867587,-0.24149198791662116,0.006222662163955191
2012-12-28,0.007717492327095972,0.005693140121223905,-0.2413764084969838,0.00909167420301373
2012-12-31,0.002731359126187289,-0.01742440519815691,-0.2410727680397014,-0.0014692110619456415
2013-01-01,-0.0020759737558882045,0.0,-0.24088084333048124,-0.002075986773910942
2013-01-02,0.008058137189816612,-0.013459105590941434,-0.24087587031922014,0.004816163079566926
2013-01-03,0.005035595078980236,-0.013642056332557218,-0.24128051330378603,0.0017440052780935504
2013-01-04,0.005068926125919851,0.003892792209849283,-0.24141599793392887,0.006008699252250144
2013-01-07,0.0006733074988549741,0.00042098342347962614,-0.2412843191421035,0.0007748752659449183
2013-01-08,-0.0028181429335637745,0.006564408885434858,-0.24128397527912904,-0.0012342562856522282
2013-01-09,0.006641352108618947,-0.0009229907678882654,-0.24134207287209383,0.0064185916627649674
2013-01-10,-0.005481269414720552,-0.0027740948102650265,-0.2413913595414887,-0.006150915275523061
2013-01-11,-0.009057527999898039,0.008883824348111524,-0.241265380236638,-0.0069141772856204965
2013-01-14,0.008078384717020316,-0.0027571741968976937,-0.2416544308817049,0.007412074966788845
2013-01-15,-0.0051415080299637836,0.004591076025877605,-0.24179570691674437,-0.004031415139362131
2013-01-16,-0.00022024082615796075,0.0020798453177359733,-0.24191123554021446,0.0002828892882201703
2013-01-17,0.01510671866447424,-0.010023476684562382,-0.24191057403532262,0.012681933621012999
2013-01-18,0.0059395263129389635,0.007693811726737998,-0.24273102506674912,0.007806997469831643
2013-01-21,-0.0016197133491255853,0.0,-0.2423761432154325,-0.0016197374203357404
2013-01-22,-0.006914413970943639,0.0019139102155545373,-0.242372252647442,-0.0064505355045272935
2013-01-23,-0.005925844854771499,-0.0014973591599485303,-0.24243960999532277,-0.00628886859430043
2013-01-24,0.010725918393504431,-0.0035039045462115226,-0.24236384637667008,0.009876693471392561
2013-01-25,0.005055117812875636,-0.013799044018725226,-0.2425989680901176,0.0017074680252790843
2013-01-28,0.006452305042478191,-0.0036492799543932364,-0.2427311461272651,0.005566502171131407
2013-01-29,0.000934047919573446,-0.005542655210164504,-0.24286539773774027,-0.00041208034869196603
2013-01-30,-0.0020473605857828396,-0.0017120485505746075,-0.24284122427113497,-0.002463118191473234
2013-01-31,0.011325341589715765,0.004870417756674961,-0.24280655424750938,0.012507908591333794
2013-02-01,0.009083880365854603,-0.013038817573055361,-0.2424513581778007,0.005922577243711543
2013-02-04,-0.014093989749990328,0.012727814924327063,-0.24293190784677815,-0.011002029982810298
2013-02-05,0.0077093499132457645,-0.008926606553193217,-0.2438170031341666,0.005532831420337056
2013-02-06,-0.0045909909200803995,0.008157117172651773,-0.24412642133082615,-0.0025996440838097065
2013-02-07,0.003212297542569211,-0.002226075601935662,-0.24426769051662353,0.0026685296142496197
2013-02-08,0.0014962198892802749,0.0038500840202075892,-0.24430662326465752,0.0024368182747808243
2013-02-11,-0.00045758788490548024,-0.0007688318653507054,-0.24425750878337885,-0.0006453841723856548
2013-02-12,0.00045155960046716344,-0.0024811503157380344,-0.24425142069218822,-0.00015446530205064327
2013-02-13,0.0067679836691788295,-0.008171127493393548,-0.24424436635526955,0.004772231333659591
2013-02-14,-0.0028953352695369468,0.009027695076177622,-0.244487101637609,-0.0006881967303371112
2013-02-15,-0.002763517867449573,-0.002914786082361509,-0.2445387069159287,-0.00347629938729091
2013-02-18,0.003667157582153825,0.0,-0.2444628560854356,0.0036671524372830053
2013-02-19,-0.002200680811472816,-0.004990452420564395,-0.24446949153384848,-0.003420694627326561
2013-02-20,-0.002324379004527574,0.003014236240329815,-0.24434674824181302,-0.001587868506300576
2013-02-21,-0.010055478856278686,0.005831907350250631,-0.2443781328318205,-0.008630290355955349
2013-02-22,0.00026572034238051727,0.0006836776452994187,-0.24468791442787108,0.00043298698743583406
2013-02-25,-0.0033252664524315067,0.019462600325598878,-0.244687451314022,0.0014369875857702813
2013-02-26,0.002338236964813073,-0.005799110388037931,-0.2445426918920167,0.0009200970810854206
2013-02-27,0.005048087124736981,-0.0029545997879072416,-0.2445689784601846,0.004325481889863451
2013-02-28,-0.006934050600310294,0.0018578912349598298,-0.24465321651444602,-0.0064795172475095196
2013-03-01,0.0011552986258066566,0.005418544101543965,-0.24471853313349284,0.0024813123597077383
2013-03-04,-0.002152076966014049,-0.005312616308890128,-0.24464641228088477,-0.0034517943776798308
2013-03-05,0.00827457189310048,-0.0028793623923899503,-0.24451551637143804,0.007570514232392275
2013-03-06,0.005543836362000381,-0.009114181518272702,-0.24466309061101255,0.003313922533566414
2013-03-07,0.0012928568827628257,-0.007731370167463503,-0.24484542164335843,-0.0006001460730658049
2013-03-08,0.005173307028560929,-0.010489788175595649,-0.2448027751845801,0.0026053748794185928
2013-03-11,-0.0002320522442229719,0.0009580523447771938,-0.2449630766358519,2.624332676746027e-06
2013-03-12,-0.008965797609924239,0.007200552473856092,-0.24496408297051303,-0.007201920944543495
2013-03-13,-0.0003322873021027388,-0.0010377526875995358,-0.24528718716538142,-0.0005868566555871917
2013-03-14,0.0032166207569840734,-0.003032887484836877,-0.24528024142742758,0.0024727129113599894
2013-03-15,-0.005900299725210729,0.004675215354249751,-0.24532702153262642,-0.004753346240367439
2013-03-18,0.0022911659360179007,0.007573120115634602,-0.24546438382652125,0.004150087881726806
2013-03-19,-0.00888811796662593,0.006750275475996048,-0.2452856171158051,-0.007232384606326041
2013-03-20,0.0004711300461289528,-0.01121777981845895,-0.24558803381222066,-0.002283842955786441
2013-03-21,-0.002968666459390029,0.00959882690902436,-0.2454058938363871,-0.0006130701163361537
2013-03-22,-0.0021813515594298546,0.0007671638156727667,-0.24545521712399695,-0.0019930505440236375
2013-03-25,-0.003059107881314074,-0.0009378739838261652,-0.2454616313280491,-0.003289320394431945
2013-03-26,0.005483559399677982,0.00119368830565314,-0.24543413226692454,0.005776529387944816
2013-03-27,0.0050389884406721415,0.0084845866091392,-0.24540328581751517,0.00712113178108054
2013-03-28,-0.001165358839175189,-0.005081974704325809,-0.24505019916644136,-0.0024107217020729226
2013-03-29,-0.0005721694613424024,0.0,-0.2449606933665532,-0.0005721755324134116
2013-04-01,0.0006286126672281919,0.007488140273606447,-0.24495912838441714,0.0024629008757202173
2013-04-02,-0.00024276867207329847,-0.004062394025009297,-0.24485889730097424,-0.001237488791993265
2013-04-03,-0.005037520486132599,0.008940694840104513,-0.24481850960899645,-0.0028486756399580533
2013-04-04,0.012864377301449464,0.011873897318659843,-0.24498511855791244,0.01577329414292073
2013-04-05,0.009237258418258414,0.019983131484634598,-0.24386149377335753,0.01411029849824991
2013-04-08,0.017822662241977146,-0.007682696929091293,-0.24216002767920858,0.015962104732573836
2013-04-09,0.0011121385755715296,-0.0024645666611728956,-0.24294606488623605,0.0005133284876291719
2013-04-10,0.0027380637234795113,-0.013830639768159791,-0.2429504598814708,-0.0006220968667571217
2013-04-11,-0.0015239756641640852,0.0019159484448048048,-0.24287249557652996,-0.0010586497722036264
2013-04-12,-0.009423242902263837,0.014789429204514093,-0.24288561114309976,-0.005831104241080967
2013-04-15,-0.007877524996033544,0.008656145043740793,-0.24343395017105565,-0.0057703626079604374
2013-04-16,-0.0034647728776534656,-0.008246141995207346,-0.24374599994528073,-0.005474758169927812
2013-04-17,0.007017684226655803,0.006618607650619168,-0.2434404153057518,0.008628900094428928
2013-04-18,-0.003831159672578001,0.0024403092679419203,-0.24311293064997466,-0.0032379111476476016
2013-04-19,-0.002816348786791302,-0.0021144624073210494,-0.24315862139734862,-0.003330501649900578
2013-04-22,0.003839970450205244,0.0007319679642963095,-0.24310405750303832,0.0040179111312844355
2013-04-23,0.006952290856155738,-0.003504093773019079,-0.2430947555713954,0.006100463405965555
2013-04-24,0.008689245517863094,0.0025275905621020556,-0.24323428364300675,0.009304032733557134
2013-04-25,0.0038752479848241372,-0.004325082267403246,-0.24311086630171438,0.0028237651167193787
2013-04-26,-0.007752947330635367,0.009117811412338916,-0.24318503630436883,-0.005535637062171623
2013-04-29,-0.0029129168989023746,-0.0036531417364837893,-0.24350146722264399,-0.0038024837348379584
2013-04-30,-0.0010582228098055526,0.0005689875116905441,-0.24340083048861408,-0.0009197376029913402
2013-05-01,-0.005748470917140054,0.010194391762397004,-0.24340254700395308,-0.0032671301134456813
2013-05-02,0.01729169877949564,-0.0012901675588690154,-0.2436181421328515,0.016977375932204993
2013-05-03,0.004065692661806154,-0.023859289247678994,-0.24378737792697083,-0.0017509123821475268
2013-05-06,0.0005088125115143573,-0.0024832903903053705,-0.24348577468086768,-9.585383031299207e-05
2013-05-07,0.002179066302051064,-0.003903995845882413,-0.24347953924424612,0.0012285227693419793
2013-05-08,-0.006937556703110352,0.0015801161821809018,-0.2435047615117696,-0.006552792599803646
2013-05-09,0.02063064173567228,-0.0025795786460731662,-0.2435578859426536,0.020002361410645486
2013-05-10,0.007209526512269157,-0.010804153098436409,-0.24391181377612697,0.004574241927214301
2013-05-13,0.0026789209159647225,-0.007692618563894804,-0.24420739485562282,0.0008003065279480129
2013-05-14,0.005385527224332018,-0.01092215677589703,-0.24423335698320123,0.002717970448477906
2013-05-15,0.009531428531190917,0.006678191842127035,-0.24440257795426956,0.011163584355424515
2013-05-16,-0.014766410902792312,0.010335160256129683,-0.24397420208021,-0.012244927482153507
2013-05-17,0.017345829886615573,-0.012732968435731351,-0.24474901294064638,0.014229395875674945
2013-05-20,-0.021974999884170263,-0.0011789203984813312,-0.2458697143641153,-0.02226493672163573
2013-05-21,0.00912720211453958,0.007820693511852994,-0.24566417139315516,0.011048452364115679
2013-05-22,0.014257720856553137,-0.014962073082203986,-0.24516522469360832,0.01058950700451646
2013-05-23,-0.019739103897659746,0.004726225343204327,-0.2461329893548295,-0.018575889567888068
2013-05-24,-0.007572916801732055,0.0013705349280774826,-0.24664661709254518,-0.00723491383686772
2013-05-27,-0.006276550489280848,0.0,-0.24669609768328135,-0.006276553845489946
2013-05-28,0.01692942367215716,-0.02568644973655676,-0.24668407547397744,0.010592984751233832
2013-05-29,-0.03322292704628127,0.01118118015774705,-0.24832697840929716,-0.030446449798792755
2013-05-30,-0.04031777309316834,-0.0024175244340538526,-0.2503746632989578,-0.04092319885137065
2013-05-31,0.002058697142924948,-0.00340178629108312,-0.24969303650221958,0.0012092485604450359
2013-06-03,-0.015219074731624057,0.005272586963802617,-0.24971523092581205,-0.013902430965802782
2013-06-04,0.008273345706316082,-0.009277698467336393,-0.2501461161566352,0.005952536241411325
2013-06-05,-0.020490201099358365,0.013711031328279333,-0.2504813967458643,-0.017055865563104722
2013-06-06,-0.018355308528487074,-0.000607094467331315,-0.25189772335305766,-0.018508330310402395
2013-06-07,0.01135062645623217,-0.01804047745366244,-0.2517951343705781,0.006808115053190265
2013-06-10,-0.01769297931278626,-0.004783799146486523,-0.2525332062710473,-0.018901097511936603
2013-06-11,-0.013372797622522104,0.01182826834966555,-0.25194411757345464,-0.010392774947923109
2013-06-12,0.0030240585631126724,-0.014406434980026361,-0.25268829222351336,-0.0006163293654928582
2013-06-13,0.006030209880669751,0.015546548600073429,-0.2526167927987062,0.009957524277389322
2013-06-14,-0.0004312611560107944,-0.0023688547686866457,-0.251710768284347,-0.001027588864346627
2013-06-17,-0.005355278963997163,-0.005285374278169108,-0.25169117372587313,-0.006685562348725475
2013-06-18,-0.0057228533386745935,0.0005293817345952689,-0.25145894675437275,-0.005589751316939094
2013-06-19,0.0016238399572658254,-0.010382212038964944,-0.25146776086872463,-0.0009869522548878059
2013-06-20,-0.0247938056642473,-0.016548430802384217,-0.25139225159297174,-0.02895395806569273
2013-06-21,0.016689235913850253,-0.017085340930484527,-0.24842576877601913,0.01244459574542423
2013-06-24,-0.003847233293526011,0.0041242490321620195,-0.24971327643264898,-0.0028174408849801313
2013-06-25,0.009760500794178817,-0.00895166592266694,-0.2497831927510334,0.007524520357234459
2013-06-26,0.0018391573291801962,0.006467913418329196,-0.25019211852150347,0.0034573505527812926
2013-06-27,0.01328396604577578,0.01017081417094623,-0.2500687214030521,0.015827360171253867
2013-06-28,0.002798562704943972,0.006814475733505354,-0.2491317321079806,0.004496201292980363
2013-07-01,-0.0016026684989608403,0.002004271871284047,-0.24896113122273725,-0.001103694278261395
2013-07-02,0.0009845036618481963,-0.00063390950942388,-0.24897469979468448,0.0008266753117024357
2013-07-03,-0.01001791725029055,-0.0029952747269614832,-0.24897816376928175,-0.010763675486751199
2013-07-04,0.010851007420533944,0.0,-0.24876307441813306,0.01085099283128134
2013-07-05,0.0018915298606923606,-0.03468225934576363,-0.24877976375831787,-0.006736715557969348
2013-07-08,-0.0006489045916484518,0.00964647111722794,-0.2473314139998815,0.001736872510058299
2013-07-09,0.010057218181572906,0.0010249886413653542,-0.2472438043029797,0.0103106343301708
2013-07-10,-0.011769456424911501,-0.007898906971409048,-0.24719641611644141,-0.013722041133764825
2013-07-11,-0.011622476684655393,0.011708839017227746,-0.24651882146508317,-0.008736073449836188
2013-07-12,0.003067646689948835,-0.0008347657198948255,-0.24713011051796577,0.002861309482331641
2013-07-15,0.013200173139620014,0.005277282209278589,-0.2471474666224869,0.014504438891051394
2013-07-16,-0.00496219599110591,0.0034107957507654163,-0.24671652574164685,-0.004120725543665559
2013-07-17,0.006490168027879405,0.0018387828866064382,-0.2467978986183633,0.006943970260884692
2013-07-18,-0.0022373666234099194,-0.012571790491089807,-0.2467337010963651,-0.005339255375125484
2013-07-19,-0.002063138668725383,0.015690197117202764,-0.24631069162963964,0.0018014959427936452
2013-07-22,-0.005935134290548732,0.0014641693848975734,-0.2461616037339666,-0.005574722119077244
2013-07-23,0.0075163957262950045,-0.004214651163936267,-0.24620319087089912,0.0064787323405205485
2013-07-24,-0.003590409520787528,-0.012753771797640923,-0.24637095727071598,-0.00673257986677818
2013-07-25,-0.00432800725479255,-0.00037192166247645986,-0.24583531886943205,-0.004419475066991951
2013-07-26,-0.0047439147230311195,0.006121977335583395,-0.2458184850937072,-0.003239020670434808
2013-07-29,-0.0013346288038541382,-0.007332406364130684,-0.24593805842837582,-0.0031379546991721205
2013-07-30,-0.005568878756678795,-0.00037251074855060295,-0.24578864284163685,-0.005660447802688936
2013-07-31,-0.002041680331323446,0.0036275243200085683,-0.2457673329299676,-0.0011501547994820845
2013-08-01,0.0034122828048040394,-0.01940553243512877,-0.24579392017720192,-0.0013574808889331826
2013-08-02,-0.0025328416588650342,0.010948291321396297,-0.24561592389579306,0.0001562209558458189
2013-08-05,-0.002616198062089754,-0.007728054575278698,-0.2456166214702865,-0.004514336764723339
2013-08-06,-0.0008824596204261261,0.0029285355746759834,-0.2453954300660521,-0.0001638253767623236
2013-08-07,-0.0056266973865003265,0.007424800973440782,-0.24540067607285276,-0.00380464656374193
2013-08-08,0.0037916429133317366,0.0027115100589432117,-0.2455698845298118,0.004457496648201241
2013-08-09,0.0003641532301409407,0.0015864949971478026,-0.2455068996644919,0.000753644426036085
2013-08-12,0.0031279102138339933,-0.006829695421687987,-0.24550219522780584,0.0014512046759760017
2013-08-13,0.002300394506730484,-0.01456107063129064,-0.24555611580845618,-0.0012751690968701174
2013-08-14,0.0006522343171187121,0.0015226502685345977,-0.24542991988164228,0.0010259296908146252
2013-08-15,-0.007197532253137819,-0.013596550057831003,-0.24542331644731538,-0.010534443108475669
2013-08-16,-0.005186924362188162,-0.0034766317891818943,-0.24454866801949604,-0.0060371893617802075
2013-08-19,-0.00994580501026178,-0.008744830525907688,-0.244413258716427,-0.012083166720672315
2013-08-20,-0.009028969791720059,0.007680320522124973,-0.24376507970125127,-0.007156819812717964
2013-08-21,-0.007650545203864861,-0.011003757674542314,-0.24408731359444924,-0.010336444710826528
2013-08-22,-0.0004059172652959575,0.010131402229482056,-0.24339319946706914,0.002059950057497079
2013-08-23,0.009948118217695631,0.010797846246760834,-0.2432805765589498,0.012575016839125777
2013-08-26,-0.0073045689192541155,0.004973607572954286,-0.24250456771557558,-0.006098499000536643
2013-08-27,-0.012930159957575744,0.012515491816356139,-0.24267942858211333,-0.009892919415761085
2013-08-28,-0.0023758928883081975,-0.008136800153481616,-0.24340575655789393,-0.0043564861515818605
2013-08-29,0.010122078224687529,0.007948168616004558,-0.24318444039346435,0.012054934150113616
2013-08-30,0.00050792212299019,-0.0011318021795814204,-0.24264268061041275,0.00023326186129981504
2013-09-02,0.0011701629129877808,0.0,-0.24264343626693807,0.0011701628617325054
2013-09-03,-0.0049731776749005596,-0.014166861664730135,-0.24264484150552185,-0.008410693673485304
2013-09-04,0.0010397703167715842,-0.0022094509427494913,-0.24192114455747912,0.0005052083283623981
2013-09-05,0.008174315070648515,-0.0140417957346326,-0.2419264448114478,0.004777232990290431
2013-09-06,-0.0015127098821842368,0.00496188925580654,-0.24231520297445383,-0.0003103950490264425
2013-09-09,0.002779510065610578,0.00048459052108018597,-0.24232769329927573,0.002896938921574888
2013-09-10,0.0011622288122963586,-0.0070075389907025,-0.24232333407238563,-0.0005358616952540406
2013-09-11,0.0017330257026365115,0.008848799697671161,-0.24229472546648753,0.0038770412556042725
2013-09-12,-0.0010657116499052843,-0.0013561518078351043,-0.24210531130682753,-0.0013940560532556925
2013-09-13,0.00025665848180566085,0.0038701719604237184,-0.24209115201303819,0.0011935919097852891
2013-09-16,-0.00037867068842856394,-0.006685423528991485,-0.2420685656932677,-0.001997003105146526
2013-09-17,-0.0003395446673852417,0.008229607734643984,-0.24198204091964642,0.0016518667393404433
2013-09-18,0.002280916452678317,0.012266895526566124,-0.24191096809682813,0.005248408204268287
2013-09-19,0.002682021460814858,-0.005923337702711251,-0.24155051518189286,0.0012512117380399101
2013-09-20,-0.004665036231649446,0.005303855065604601,-0.2415904115998176,-0.0033836784094104094
2013-09-23,0.0003088950363563587,0.007264534951117341,-0.2416953583400911,0.002064692296129313
2013-09-24,0.004315178727376519,0.010728269433249338,-0.24161613128240852,0.006907296309317282
2013-09-25,-0.006512935464053516,0.002057171476470998,-0.2412007418252181,-0.006016772353235491
2013-09-26,-0.0006309211677172083,-0.00703086451094137,-0.24126640883789763,-0.002327237053412531
2013-09-27,-0.005761536458109245,0.002442919798284926,-0.241161435060663,-0.0051724055340621
2013-09-30,0.003662509087198373,-0.0015021234266328065,-0.24123011876601513,0.0033001470158572064
2013-10-01,-0.0018951787793253176,-0.0030337342228019537,-0.2412622055564658,-0.0026271063653991434
2013-10-02,0.0031285902798445656,0.0015110711684558353,-0.24120935761364876,0.0034930712010837538
2013-10-03,-0.006417859995848256,-0.0016055431998616143,-0.2411842474478409,-0.006805093427444295
2013-10-04,0.008399279183321218,-0.0007568306522314217,-0.24110965519139319,0.008216794946220171
2013-10-07,-0.005194260938261643,0.0040595128312119755,-0.24115628675289918,-0.0042152870608236775
2013-10-08,0.0021042560926739394,0.0002824550544842097,-0.24125382172187843,0.002172392838353002
2013-10-09,0.00445361502898488,-0.008037627218950405,-0.24125322208980454,0.0025145115237840557
2013-10-10,0.009623180770891696,0.0016127020291181182,-0.241367965062249,0.010012427595033555
2013-10-11,0.0050419263893810755,-0.00033203043525542597,-0.24128804536692677,0.004961805993798926
2013-10-14,-0.0032204817861891466,-0.008044940198515427,-0.24130379855563172,-0.005161757483763705
2013-10-15,-0.0018821581918480662,-0.0006697601338574444,-0.24104712942723447,-0.0020436193590782077
2013-10-16,0.005409323088981651,0.012453217084314794,-0.24103571093013262,0.008410992347763782
2013-10-17,-0.0025176629291260495,0.00902884582327701,-0.2404457449034826,-0.00034675538621720364
2013-10-18,-0.0012119427698222998,0.0021506194940803525,-0.24047126270517924,-0.0006947823153242941
2013-10-21,-0.001987407760235746,-0.003181192772681918,-0.24048070548580056,-0.0027524238829891028
2013-10-22,0.000709229340186427,0.011090897592167082,-0.2404228670310479,0.003375730814129997
2013-10-23,-0.0033432433684868696,0.0038853760461474707,-0.24021860183938243,-0.0024099176221239506
2013-10-24,0.0031303417506721404,-0.0038853760461474707,-0.24027298152992366,0.0021967871751901818
2013-10-25,0.004088765376130555,0.0037008022644009486,-0.2403222587990591,0.004978147193262026
2013-10-28,0.0013586880304694562,-0.0034222101293801543,-0.240224877773829,0.0005365814151846544
2013-10-29,-0.0001227924058761784,0.001295725435872086,-0.24023308182286898,0.0001884831523088506
2013-10-30,-0.004038390596074289,-0.006033002302804569,-0.2402328607979339,-0.00548771601346941
2013-10-31,-0.004833834521660821,0.002139338802877866,-0.24002673472814223,-0.004320349995612819
2013-11-01,-0.003039610622895848,-0.01085553616272339,-0.2400762718332605,-0.005645770633636019
2013-11-04,-0.0010886412003632386,0.0009411293081829086,-0.2397022277128757,-0.0008630757795897911
2013-11-05,-0.0066571820922805116,-0.012020273837882733,-0.23970638498773036,-0.009538518762504937
2013-11-06,-0.0023328628286715483,0.0004759177965754091,-0.2390165410266298,-0.0022191573944092225
2013-11-07,-8.625356612224597e-05,0.00843467870429393,-0.23901998599886898,0.0019298029860147139
2013-11-08,0.0030406849023791394,-0.024359430782807223,-0.23893432769845668,-0.0027796251249277313
2013-11-11,-0.009143916901338192,-0.003779027476191743,-0.2385189558888089,-0.010045314763406013
2013-11-12,-0.0032841084925693833,0.004648397260300641,-0.23828343171382738,-0.0021764884167379786
2013-11-13,0.0002767046710395256,0.0036648420755129862,-0.23834265004551305,0.0011501888266072064
2013-11-14,0.009063399880823672,0.006142206152817131,-0.23832220813732383,0.010527222627447604
2013-11-15,-0.0043931870634839505,0.0020073224503551756,-0.23796540847094064,-0.003915537957945542
2013-11-18,0.0027712864811101903,0.005997170559094656,-0.23800729807916066,0.004198654000678336
2013-11-19,-0.0006823747057310948,-0.0076216239555959575,-0.23787130258443878,-0.002495349548268695
2013-11-20,-0.0007916781152123489,-0.017170641212235438,-0.23775191412197247,-0.004874039028099106
2013-11-21,-0.0021414286830078676,0.0016525639152815685,-0.23724893444462777,-0.0017493937715136667
2013-11-22,0.0045334205254127635,0.009282308430154984,-0.23726458482192567,0.006735782519736233
2013-11-25,0.0014756996317833414,0.0028825375579595303,-0.23691846603340275,0.0021586025314766634
2013-11-26,-0.006710142714265178,0.0037352151246112797,-0.23688726447253303,-0.005825319937544015
2013-11-27,-0.008288666192884115,-0.001721927342272167,-0.23700825846168425,-0.008696785400350703
2013-11-28,-0.0033919282081422957,0.0,-0.23690929061042437,-0.003391934921012896
2013-11-29,-0.001920932808884409,0.00028707057990029483,-0.23690484413778715,-0.0018529246994954892
2013-12-02,0.00366149242065497,-0.007785197762722795,-0.2369056215959433,0.0018171352526957253
2013-12-03,-0.012475855476530769,0.0036710424729280433,-0.23698397248289668,-0.011605882562589494
2013-12-04,-0.004719764001947351,-0.009591785749544002,-0.23721793894404797,-0.006995123517911395
2013-12-05,0.00247704663874973,-0.0028268994676086123,-0.23681568911488865,0.0018075652091462289
2013-12-06,0.00654497051897694,0.004771942881496294,-0.23684541039990828,0.007675181273190751
2013-12-09,0.0072380316210161385,0.002329666683838383,-0.23664638441443858,0.0077893253189434825
2013-12-10,0.0006055565325562884,0.0071471847891366735,-0.23655265762007915,0.0022962357315523744
2013-12-11,-0.008523487279567251,-0.007729092843917762,-0.2364656891606403,-0.01035115844445709
2013-12-12,0.0025707623971452037,-0.003790303603047107,-0.23598609445253496,0.0016762709227391565
2013-12-13,-0.0020708318916973162,0.0048567521023574756,-0.23602208308705785,-0.0009245335845273545
2013-12-16,0.0035228436526250156,-0.0036888586901682174,-0.23604996582594212,0.002652086793621356
2013-12-17,-0.0039846225064640835,0.004463337056543892,-0.236106963684149,-0.0029308014122408892
2013-12-18,0.002826841582124433,-0.005047113265770342,-0.23618165586984166,0.0016348009473708162
2013-12-19,-0.003581978997359543,-0.000973468195794247,-0.2362276695940986,-0.0038119422417316946
2013-12-20,-0.00973102364001522,0.01527153078336596,-0.23620089749308965,-0.006123876178810321
2013-12-23,0.0010062328375677301,-0.005675096452105954,-0.2367414208606889,-0.0003373342230767428
2013-12-24,0.006084475522858773,-0.00803918992623931,-0.23672622532484866,0.00418138740625563
2013-12-25,-0.004378341368598264,0.0,-0.23691936491586937,-0.004378354469024976
2013-12-26,-0.004324880653855287,-0.0038521664252613164,-0.2369139560077404,-0.005237513007743889
2013-12-27,-0.004593867110029184,-0.0028438358204345704,-0.23678909384242064,-0.005267264886237356
2013-12-30,0.0016372761040938594,0.006851818110613195,-0.23669484065953741,0.003259059706933281
2013-12-31,-0.0003849668408620159,-0.006360950241102614,-0.23657434785220915,-0.0018898126687537623
2014-01-01,-0.004045415453252508,0.0,-0.2364990083209919,-0.004045420563442511
2014-01-02,-0.00020541502713353373,0.0030386157608193187,-0.2364941131913302,0.0005131993805198588
2014-01-03,0.0070807765113483955,0.0,-0.23648742979481654,0.00708077605802163
2014-01-06,-0.00027143287427380293,0.00419984342960511,-0.23649572007391753,0.000721811559488685
2014-01-07,0.00641153780577809,0.002530874868537758,-0.2364816144721243,0.00701004222395078
2014-01-08,-0.0013094751398720114,-0.002726226181549052,-0.23638954931602557,-0.001953932762931011
2014-01-09,-0.0001802446174615788,0.005832095352576339,-0.23635471698997979,0.0011981962664202974
2014-01-10,0.0015432464603940326,0.011850724691427672,-0.2363195732062655,0.004343802277896492
2014-01-13,-0.0007290338508999764,0.004967940948225724,-0.23603684468083866,0.00044356407794332104
2014-01-14,0.008583434671190486,-0.004584857637627948,-0.23602783513032757,0.007501280037493413
2014-01-15,0.005804823979583081,-0.0010540164109276162,-0.2362315418624461,0.005555818240498115
2014-01-16,-0.004881082559531895,0.006686966824270613,-0.23627124370440755,-0.003301147284279667
2014-01-17,0.004515588678200134,0.004179964607443409,-0.23639820139259315,0.0055037161818967985
2014-01-20,-0.0021186794797052205,0.0,-0.23627595088514775,-0.002118687771810453
2014-01-21,-0.002046669532839684,0.000758252214120958,-0.2362730760217537,-0.0018675151448075541
2014-01-22,-0.000631497086411508,-0.0024660601657071624,-0.2362791710448359,-0.0012141761515295892
2014-01-23,-0.02071999832481302,0.014050410352584919,-0.23625860107125035,-0.01740046942567092
2014-01-24,-0.016713519728050553,0.006440468205447303,-0.2376463238935289,-0.015183060262446766
2014-01-27,0.002734092335862316,-0.007002192635054527,-0.23819020068223312,0.0010662017763930385
2014-01-28,0.009980963005008534,0.00243305975462782,-0.2382302227776034,0.010560588657734033
2014-01-29,-0.002237527994074515,0.008191101822002445,-0.23809827419571136,-0.0002872497364083717
2014-01-30,0.007772195929966534,-0.002877820860338609,-0.2381162212071868,0.007086938884067236
2014-01-31,0.002436343996550581,0.006671821377235432,-0.23824059340195256,0.004025834244518245
2014-02-03,-0.007853403627075796,0.012076495684358868,-0.23809636818513302,-0.004978043646849919
2014-02-04,0.0093538403044485,-0.010667716376693726,-0.238440925879713,0.006810196763632479
2014-02-05,-0.0008142902428708303,-0.009288514487729493,-0.23885862621973553,-0.003032960385144876
2014-02-06,0.0048993948238693075,-0.004302033873986311,-0.2386874548438371,0.0038725416974865023
2014-02-07,-0.0017320882598303258,0.0008430974678734771,-0.2387848157404885,-0.0015307759901856824
2014-02-10,-0.002528472734008417,0.002805440681342475,-0.238790574131281,-0.0018585603336041332
2014-02-11,0.004575288264677462,-0.005806515361029163,-0.23881956280766178,0.003188576838453369
2014-02-12,0.0010520214357575403,-0.005179279073140641,-0.23892559966923296,-0.00018544811499998407
2014-02-13,-0.006721436760302929,0.005648925908078972,-0.23891636366700905,-0.005371816550187292
2014-02-14,-0.0008594636197465489,0.0005628540225348644,-0.23908612870428297,-0.0007249045454318337
2014-02-17,0.0023691074329621363,0.0,-0.23908772351495466,0.002369107324788042
2014-02-18,-0.005229747332621469,0.0022496874355573127,-0.2390906691154795,-0.004691868258149934
2014-02-19,-0.002649257639661356,-0.0042221441857517306,-0.23914606760937082,-0.00365897057617702
2014-02-20,0.004698438498827725,-0.0024468733122793296,-0.2390503752793732,0.004113506024570345
2014-02-21,0.007964402660416495,0.005263376550222354,-0.23911150091072486,0.009222932381120244
2014-02-24,-0.004299244240576202,-0.0025342797179233045,-0.23884958435672782,-0.004904573663331455
2014-02-25,-0.0021171207991631056,0.008888756304916257,-0.23877050271241929,5.24664823689125e-06
2014-02-26,0.0034012315735113714,0.00529571646587268,-0.23877572808608694,0.004665719773956774
2014-02-27,0.0015177078715840303,0.0054520656334045015,-0.238644238042057,0.0028188030016112198
2014-02-28,-0.00638217482202102,0.00055324020926939,-0.2385637847022991,-0.006250197200901723
2014-03-03,-0.0004900644858452481,0.006639646475893102,-0.2385752413968052,0.0010939899978365541
2014-03-04,0.009270912568430947,-0.015156245212543773,-0.2385393964521135,0.005655548551630933
2014-03-05,0.0009872494371790017,0.0021393316673554708,-0.23902515055217993,0.0014985705629319342
2014-03-06,0.0024105210016178167,-0.009897687095540952,-0.2390101398365153,4.48724066956682e-05
2014-03-07,0.0003475190710571143,-0.006307608035890588,-0.23900604114975496,-0.0011600376327344816
2014-03-10,0.004872548110350248,0.0014154610632859388,-0.23895862282907152,0.005210781520373434
2014-03-11,-0.005193087766335109,0.002637372390214665,-0.23892411099166824,-0.00456295825354562
2014-03-12,-0.006168860048526987,0.006935420647415924,-0.23898831848742424,-0.004511379885115487
2014-03-13,0.001473669618874646,0.013361355149510423,-0.23916477281492712,0.004669223119021555
2014-03-14,-0.00021063722371277493,0.000183785280161608,-0.2388250090200528,-0.0001667677482909526
2014-03-17,0.0017641247770373457,-0.00749209050495292,-0.2388249230628359,-2.51731672182136e-05
2014-03-18,-0.0009993453707628623,0.003614179375992954,-0.23881876185389717,-0.00013621194497774386
2014-03-19,0.015375942366198825,-0.007800518169380766,-0.23882358637593423,0.013512994314155131
2014-03-20,0.0011134766542317725,-0.0017732214060339757,-0.23943449247497592,0.0006888648498045873
2014-03-21,0.003521496755525654,0.010776039772518509,-0.23944093065580155,0.006101721310747338
2014-03-24,-0.0015910276235053425,0.007088972814019989,-0.23908335659161045,0.0001038035378375068
2014-03-25,0.0036472978536401897,-0.0037686201647497697,-0.23908422646441457,0.002746280157710368
2014-03-26,0.006236426755901997,0.007797511304725724,-0.239143750547931,0.008101148816806835
2014-03-27,0.002934717706103599,0.005012873456302636,-0.23880212368125847,0.004131779361073628
2014-03-28,0.005085509300649466,-0.005652605740390726,-0.23869397856917718,0.003736259011839444
2014-03-31,0.0029302602463170567,-0.002471979904924204,-0.2388142964225724,0.002339907943536218
2014-04-01,0.0018374941234516084,-0.008558380466661575,-0.2388481559273891,-0.00020666156538508038
2014-04-02,0.005303081802229865,-0.0057636026401901574,-0.23883101203672397,0.003926553587846183
2014-04-03,-0.0024148338305563857,0.004371792323722978,-0.23895967047391242,-0.0013701605042465812
2014-04-04,0.011588398153338618,0.006660844510938624,-0.23899505719774983,0.013180304667976693
2014-04-07,0.0010018940600344671,0.005975081396069726,-0.23852063791993755,0.002427042106958207
2014-04-08,-0.0076519188326241595,0.0023796537327349654,-0.23844656307955137,-0.007084503603141623
2014-04-09,-0.0020568978651757754,-0.004949137473372112,-0.23853412067201135,-0.0032374419593979293
2014-04-10,-0.007455895925822298,0.009237862104075845,-0.23843486616728685,-0.0052532742436790835
2014-04-11,-0.006093607443526387,0.008069893115360216,-0.23870938985000184,-0.004167266802416019
2014-04-14,0.005145030454311202,-0.002622237860135712,-0.23889987428138001,0.004518565238858485
2014-04-15,-0.0066824627399780945,0.0062276823536606685,-0.23897096330114834,-0.005194232310673154
2014-04-16,-0.0034253491437074507,0.001259662661997396,-0.23915123150658127,-0.0031241114941839873
2014-04-17,0.009820023872354713,-0.011025324220979016,-0.23916984649201176,0.007183097508266378
2014-04-18,-0.0005236870187633883,0.0,-0.23961870332964044,-0.0005237174641841051
2014-04-21,0.002038228672814295,-0.0008181840996446255,-0.23961779430466273,0.00184217714186423
2014-04-22,-0.007955698258804558,0.0033592196415304088,-0.23962801429770475,-0.007150735819724644
2014-04-23,-0.008345933178679628,0.0056941748942218595,-0.23975628848151048,-0.00698072764076037
2014-04-24,0.003093770598701844,0.0018904187502437608,-0.23997520599577496,0.0035474093787975507
2014-04-25,-0.0050574201651322585,0.0014385761401660702,-0.2399435086073316,-0.0047122453086578435
2014-04-28,0.0050317400190148,-0.004862479764826233,-0.23997606272173566,0.0038648590618811703
2014-04-29,0.007850354447410933,-0.0013546658532428424,-0.2400838418471654,0.007525113754416469
2014-04-30,-0.0031963577421711383,0.004149055540604962,-0.24015065344759143,-0.0021999638746551973
2014-05-01,0.00038009320644877276,0.010647533420635291,-0.24020211817974932,0.002937649796684011
2014-05-02,0.0003354582953848999,0.006140949450499811,-0.24003766263493806,0.001809506293019906
2014-05-05,-0.007158163175795068,-0.006051365608107595,-0.23998208865744736,-0.008610386303174782
2014-05-06,-0.0020506254484682087,0.004008795041224644,-0.2396709787333962,-0.001089854719609163
2014-05-07,0.007267132168945682,-0.0035623528321302445,-0.23969685141894279,0.006413245656527493
2014-05-08,0.012787625222899819,-0.004292187600736241,-0.23983204475611314,0.011758211924136569
2014-05-09,0.013063170418346719,-0.003230932393753605,-0.24012984574948426,0.012287306921523604
2014-05-12,0.001890609481944055,-0.004053572350284362,-0.24036818913692345,0.0009162434700247164
2014-05-13,0.015251803065094358,0.008627708407954238,-0.24038681905190742,0.017325789181345093
2014-05-14,0.007207613169613964,0.010769341619282002,-0.23957569408607854,0.009787630645270372
2014-05-15,-0.012950072215560843,0.007935969656924335,-0.23900536509629494,-0.011053371575045568
2014-05-16,0.009839717865879116,-0.0028144235455780375,-0.23949016098968334,0.00916565823473173
2014-05-19,0.0034838562681583102,-0.007425349144829951,-0.2396460810850663,0.0017043898690384813
2014-05-20,-0.012648006794284804,0.0022156298505260352,-0.2397127829785244,-0.012116896521074314
2014-05-21,0.004621587457563094,-0.006127859867708807,-0.23984824882730355,0.003151821810748047
2014-05-22,0.010098928441480842,-0.0014259391824200662,-0.2399558293717448,0.009756758725270322
2014-05-23,0.001068160440486569,0.005338169199602838,-0.24004644875803569,0.0023495628531165175
2014-05-26,-0.0045399965344208116,0.0,-0.23998388815502072,-0.004540000777831448
2014-05-27,-0.00916227600798655,0.005839125300813208,-0.239977162478656,-0.007761019743134625
2014-05-28,0.008344618068188146,0.01227413297843949,-0.24022595995569643,0.011293166569923307
2014-05-29,0.0034153615412841998,-0.005329342694273542,-0.23947408751152396,0.0021390710639311136
2014-05-30,-0.015983206892249604,-0.00043834463649794486,-0.2395361762776649,-0.01608821050177465
2014-06-02,-0.01045872502249065,-0.007443814768967272,-0.23947236312561865,-0.012241317264254158
2014-06-03,-0.009789172196321982,-0.012381294527670228,-0.2389360585038973,-0.012747546286838362
2014-06-04,-8.06053268714239e-05,-0.0002691835800670006,-0.23802171513039297,-0.00014473888309782276
2014-06-05,0.00015577105365703094,0.0004485990530938011,-0.23802088396560586,0.00026254694044364104
2014-06-06,0.013922986335961991,0.0,-0.23802074773880602,0.013922986326721891
2014-06-09,0.004958037174047863,-0.0014348648724817892,-0.2380400046621848,0.004616480626938686
2014-06-10,0.0013166460180472,-0.0036863517009120272,-0.2380822125517872,0.0004389883859395135
2014-06-11,-0.009571730862108585,0.0017995355545501468,-0.23808857112436627,-0.009143282444532596
2014-06-12,-0.0023284270453008582,0.008862248095708125,-0.2381695794675564,-0.0002177146379076191
2014-06-13,-0.0023758000083386214,-0.0005346915933746033,-0.23818715362031387,-0.002503157869062923
2014-06-16,-0.016613322887075056,0.0024932347154553725,-0.2381754772348605,-0.016019496310858167
2014-06-17,-0.004151241283142108,-0.007947709252039026,-0.23837871237648506,-0.006045819766181644
2014-06-18,-4.523322469587431e-05,0.0076805849648051705,-0.23809459361818514,0.0017834532598148918
2014-06-19,-0.0011896872371416787,-0.012893626891963272,-0.23802582418578963,-0.004258708069393382
2014-06-20,0.0028252918612580637,0.007541527735924092,-0.23770262629379013,0.004617910888229469
2014-06-23,0.0019103282274336472,-0.003135791183717984,-0.23751938667113487,0.0011655045998244626
2014-06-24,6.927371027065253e-05,0.010088219645300711,-0.237538938854942,0.002465617373549796
2014-06-25,0.0004911980046316186,0.0025724109805782547,-0.2374105818906721,0.0011019068860937844
2014-06-26,0.0005253605927755338,0.0047734131200734,-0.23739803288487815,0.001658558626443822
2014-06-27,0.004703843871957317,-0.0015002107256973929,-0.23735953236779278,0.00434775194420876
2014-06-30,-0.004941567412824222,0.0024692658659137834,-0.2374008870189167,-0.004355364311007121
2014-07-01,0.0002514040365093783,-0.008387627186780655,-0.23745653656704613,-0.0017402966399212288
2014-07-02,-0.0014232501462993772,-0.010745123500008447,-0.2373658773827259,-0.00397378196276832
2014-07-03,0.007785192989569569,-0.0036077469523503325,-0.2371134894204426,0.006929730401579171
2014-07-04,-0.0006992664628293942,0.0,-0.23725977043530297,-0.0006992763848951109
2014-07-07,0.0032629321152824187,0.007292076290772442,-0.23725863431053132,0.0049930401002573135
2014-07-08,0.008485859999617045,0.011149360693075039,-0.23706746475828558,0.01112899770599868
2014-07-09,-0.00017180371146436365,0.0007980145286596851,-0.2363988423798645,1.6800647459445156e-05
2014-07-10,-0.0068345019573670404,0.00026541661851542386,-0.2363992302085065,-0.006771757699371401
2014-07-11,0.0039781586683834405,0.0063596107864958284,-0.23639970388405596,0.005481568743000059
2014-07-14,-6.959330938208978e-05,-0.004323743074101216,-0.2362177465700422,-0.0010909504970403865
2014-07-15,-0.0030414786406385546,-0.0020358677123946123,-0.23618621016954916,-0.003522324659111793
2014-07-16,0.005451083042265915,0.005302258140196692,-0.23613939618627425,0.006703151902579405
2014-07-17,-0.011368774539043874,0.01252485191338426,-0.2359545776044919,-0.008413490932285118
2014-07-18,0.013157922219308043,-0.0032256688652978482,-0.23653970103764654,0.01239488378204366
2014-07-21,0.004863557472414271,0.004965395137771722,-0.2367778723111459,0.006039237013448267
2014-07-22,0.008357096360912057,0.0020830284105839425,-0.2366233832482279,0.008849979112018841
2014-07-23,0.009044802013253271,-0.0013013021089767207,-0.23653513825439668,0.008736992353443678
2014-07-24,0.0013310569321477329,-0.0074948536008303535,-0.2366099710447848,-0.0004423052371480189
2014-07-25,0.0017619651553885008,0.011739650310151895,-0.2365840051146145,0.004539376883171375
2014-07-28,-0.0022708114262725075,-0.001383902137229498,-0.23630406516559194,-0.002597852115082033
2014-07-29,-0.0006399194961447809,0.0036294003297330235,-0.23627875539960916,0.0002176289798804113
2014-07-30,-0.001342003488629197,-0.01398514850265542,-0.23627765954323826,-0.004646381719531865
2014-07-31,-0.008090251214180772,-0.0029783056419585563,-0.23589697596898437,-0.008792850329940222
2014-08-01,-0.014715513463591273,0.0076890048880340345,-0.23573598184021186,-0.012902949266974962
2014-08-04,0.004761058399161817,-0.002622237629756441,-0.23627516099416312,0.004141452209151105
2014-08-05,-0.002231807981623378,0.0032331268809757674,-0.2363391737895154,-0.0014676977877279924
2014-08-06,-0.006482258419683687,0.0006105162933671693,-0.2363658598638313,-0.006337955021125477
2014-08-07,0.002399349739558575,0.009285335382466009,-0.23637847529169306,0.004594202304148565
2014-08-08,0.007264545368710695,-0.002161752578299314,-0.2361553640046656,0.006754020768323506
2014-08-11,0.005009285884948854,-8.620166100303805e-05,-0.23624444546868387,0.004988915179057896
2014-08-12,0.003073154346309975,-0.00651465967900311,-0.236253860168433,0.0015340402108740582
2014-08-13,0.0010473062998199237,0.00651465967900311,-0.23630590509205654,0.002586755321488759
2014-08-14,0.006349479814041511,0.008018822836236339,-0.2362213724208979,0.008243691415867642
2014-08-15,-0.0039897445625568205,0.010847592390486938,-0.23587319888138628,-0.0014311118614446976
2014-08-18,0.006939669267764403,-0.009989552586319839,-0.2359663969166135,0.004582464215650572
2014-08-19,0.008594011883954068,-0.00309369359364986,-0.23621814754576337,0.0078632082382448
2014-08-20,0.00013627064893591148,-0.0016362882659803901,-0.23636167731134122,-0.00025049492562785857
2014-08-21,-0.002282697834324335,0.005587932807185503,-0.23635731769465362,-0.0009619493202675823
2014-08-22,0.0055743654497536835,0.005557524408037473,-0.2363904921188362,0.006888109129350719
2014-08-25,0.00308037157036697,0.003743892148895256,-0.23619338302203008,0.0039646407530106315
2014-08-26,0.010502593162944765,-0.0032327106043412712,-0.23612028608158908,0.009739279652150956
2014-08-27,0.003687421666718176,0.008485270268380418,-0.23630613718265814,0.005692530500732825
2014-08-28,-0.0002541556882945542,0.005225114376255391,-0.236055053163724,0.00097924193285122
2014-08-29,0.004237836694936285,0.0006725305752555144,-0.23603302669099632,0.004396574628126865
2014-09-01,-5.439320044389883e-05,0.0,-0.2360237964357664,-5.439382652103577e-05
2014-09-02,-0.002420825205803199,-0.017361083331875804,-0.23602343872887224,-0.006518447818113862
2014-09-03,0.005574529490980351,0.0055526050680159145,-0.2353705798575359,0.006881405082925267
2014-09-04,0.01778995146661375,-0.012257205777825853,-0.23517471833449236,0.014907353265193548
2014-09-05,0.0007106836060391994,-0.001899080364914596,-0.23619363777581212,0.0002620637941382924
2014-09-08,0.001784341014826476,0.00043171913960016184,-0.23619454904783124,0.0018863106605091662
2014-09-09,-0.014294273088687942,-0.0007777491318847751,-0.23619296908377227,-0.014477972072517201
2014-09-10,0.0002221825834046651,-0.006329624509332277,-0.2361086580600308,-0.0012723022842332362
2014-09-11,-0.002734379232227025,-0.0033109323373494703,-0.2360558398752098,-0.003515947728484146
2014-09-12,-0.0114778266349579,-0.010528654609554877,-0.23598303429137693,-0.013962415435041946
2014-09-15,-0.0032537458779471123,0.0014983989041317258,-0.23514179795049894,-0.0029014667256341306
2014-09-16,0.003474790175474898,-0.004059292953908944,-0.2351629054308649,0.0025201936187435664
2014-09-17,0.006554367809775413,-0.0025674690696435576,-0.23521886619713722,0.0059504468504660065
2014-09-18,-0.00862034640845591,0.0031861936917350064,-0.23530872752623458,-0.007870613320387758
2014-09-19,0.008361607047530549,0.012644873293619519,-0.235438998701912,0.011338694518355341
2014-09-22,-0.008555020185595029,0.001221432916771903,-0.23467602703002938,-0.008268430912856319
2014-09-23,-0.0032968911940416236,0.006168332164995682,-0.2347208887002422,-0.0018490578293888097
2014-09-24,0.013130713763197369,-0.005558502478735683,-0.234786590911606,0.011825647459139143
2014-09-25,-0.016299392452931778,0.011775836038138365,-0.2351602628112283,-0.013530209101097814
2014-09-26,0.01029379359656242,-0.0014645804689550346,-0.23602907458751665,0.009948051093355706
2014-09-29,-0.01666979102564225,0.007985331974006193,-0.23612210939099676,-0.014784283906191622
2014-09-30,0.0034183940848470616,-0.005660120277071634,-0.2367576387709893,0.002078274265692505
2014-10-01,-0.0074926612646367,0.019161087395642262,-0.23682004388502167,-0.002954935939579969
2014-10-02,-0.005297907228323441,-0.008749934245898316,-0.23714378800430408,-0.007372921739359504
2014-10-03,0.018647774254976802,0.004257289516409912,-0.23677057462699372,0.019655749825515087
2014-10-06,-0.0075137042641275405,0.0005943218210697765,-0.2363438507791426,-0.007373268900500414
2014-10-07,0.0014873566011371128,0.013410542354113986,-0.23635724583663234,0.004657034548560325
2014-10-08,-0.0023460923804436307,0.000251569480414382,-0.23603371949006788,-0.002286735444675131
2014-10-09,0.0018464217748813707,-0.004364889977551023,-0.23603336821348722,0.0008161620677720411
2014-10-10,-0.0010954278962875246,0.009877838579266829,-0.236049893326684,0.0012362337257680143
2014-10-13,-0.0029026807616371834,0.006062228700614902,-0.23599364742273807,-0.0014720371141604424
2014-10-14,0.004946411185853476,0.006519258302873254,-0.236045583108208,0.006485249790652991
2014-10-15,-0.022725583740218776,0.007865829418080672,-0.23582978921306272,-0.020870601483607882
2014-10-16,0.00314113149904555,-0.00638599603962664,-0.23670292294954526,0.0016294883469080241
2014-10-17,0.01968947638648481,-0.005600700054674945,-0.23675664569064056,0.018363469784071516
2014-10-20,-0.0029409496212711495,0.0036273077947894805,-0.23734316675506362,-0.0020800726854805257
2014-10-21,0.00593768245361352,-0.008014956103757243,-0.23738433038468384,0.004035054673780867
2014-10-22,0.004079876808981808,0.0010781866842615173,-0.23755988936031847,0.0043359988104500775
2014-10-23,0.006696457129291037,-0.008906773976925741,-0.23754173204791215,0.004580725380264112
2014-10-24,-0.0004301862887394469,0.001002626488327607,-0.2377631860531054,-0.00019181364141288983
2014-10-27,-0.009872176419385571,0.0018357503974346656,-0.23776464188770025,-0.009435699982291828
2014-10-28,0.004113355313965247,-0.006272357010979057,-0.23784653119068955,0.0026214914020611132
2014-10-29,0.013125123114282718,0.0022625582841584446,-0.23793431171925727,0.013663457408300736
2014-10-30,0.007120916007403682,0.0008367801791928642,-0.23778771231129103,0.007319882108259446
2014-10-31,0.012238154601797517,-0.0025961751044389914,-0.23776581356743778,0.011620871430561534
2014-11-03,0.00292072493116192,0.0,-0.23794540456570595,0.0029207127497199972
2014-11-04,-0.005549737365086223,0.0031053133941920663,-0.23794950720286856,-0.0048108298515047105
2014-11-05,-0.00058783388256368,-0.0014257381393827373,-0.23802686963181846,-0.0009272031161963753
2014-11-06,0.0023534807726627717,-0.006482848512979977,-0.23801651016274242,0.0008104550910191962
2014-11-07,-0.0065417745724218315,0.011422161184063917,-0.238039567707235,-0.0038228498258504736
2014-11-10,0.0054446148940451525,-0.00922813296200875,-0.2382836834326761,0.003245684822574471
2014-11-11,-0.002310163609168564,0.0006739242077733465,-0.23844250320731622,-0.0021494822066498273
2014-11-12,0.00402354859454697,-0.0008424762482999171,-0.23844762052620086,0.0038226617906884142
2014-11-13,-0.00199738124132577,0.002357147191564657,-0.2384697615827792,-0.0014352744143391297
2014-11-14,0.00018978056223702784,0.004866311951721158,-0.23848821873058032,0.0013503373794641518
2014-11-17,0.007025661226280792,-0.0025140794714948456,-0.2384590305613263,0.006426154292955501
2014-11-18,0.002216723295369604,0.002764764155346988,-0.238554014052808,0.002876262439920692
2014-11-19,5.817887558902846e-05,-0.006378747725015899,-0.2385175004701921,-0.0014632665645841843
2014-11-20,0.0041336963887520055,0.005206883979782084,-0.23845744969835814,0.00537531259027428
2014-11-21,0.017118449646788724,0.0060127748168001816,-0.23831787390307854,0.0185513918901278
2014-11-24,-0.007338513668700136,0.0008327921081816569,-0.2377433434615439,-0.0071405618582031155
2014-11-25,0.0013315232134568018,0.008284435643403754,-0.2377655834223087,0.0033012753790254115
2014-11-26,0.0012077905626211188,0.0027195922627409885,-0.23763013085824364,0.0018540384403124346
2014-11-27,0.0033320707043786495,0.0,-0.23760814471635117,0.0033320692130850258
2014-11-28,-0.003242531232258425,0.007868299736771611,-0.2376129756373007,-0.001372921446273504
2014-12-01,0.0017684400605777078,-0.005841597309266255,-0.23767808888665928,0.0003800159595122778
2014-12-02,0.010384164201737746,-0.0097598891984223,-0.23768405422190303,0.008064393763678642
2014-12-03,0.001470950554742303,0.003898814407201634,-0.23811411226987725,0.002399284115896757
2014-12-04,-0.007636713287255227,0.008326727985403792,-0.23807086464119237,-0.005654364889572894
2014-12-05,0.008809082621896475,-0.005845981834768921,-0.2383275795273475,0.007415806508592458
2014-12-08,-0.01245436418677183,0.012148267381788536,-0.23856819987202435,-0.00955619022692377
2014-12-09,-0.005111672777648443,0.005126814633221954,-0.2391982958593937,-0.0038853901928495257
2014-12-10,-0.010950866592631026,0.007278552159216467,-0.23930587319059266,-0.00920907360944775
2014-12-11,-0.005286357614896741,0.004101157886597484,-0.23966336479064143,-0.004303484564483393
2014-12-12,-0.007390250206225669,0.013471032896809731,-0.23975649686794603,-0.004160488866730763
2014-12-15,-0.020232246195378462,-0.002060463678695612,-0.24006805254333663,-0.020726918830506827
2014-12-16,-0.013128215417862662,0.012300747737392648,-0.2397997068697314,-0.010178517917722448
2014-12-17,0.02302696382456454,-0.009054142497985751,-0.24047425714636733,0.020849629879328185
2014-12-18,0.01703389868836948,-0.01795299855957655,-0.2415238290588562,0.012697750541968972
2014-12-19,0.0061580410040960555,0.013356708125825456,-0.24276026420339877,0.00940043513169686
2014-12-22,0.0026418455763762066,0.0013496851943441968,-0.24210969899205143,0.0029685733254552304
2014-12-23,0.003288860228218023,-0.020034346969066696,-0.24209395878860682,-0.0015613352089069727
2014-12-24,-0.0026675835751217595,0.0054187988856764235,-0.24190075485016588,-0.0013567851390867156
2014-12-25,-0.004064927247298706,0.0,-0.24194379440369296,-0.004064930166619979
2014-12-26,0.005757287925744314,0.0037043807025787245,-0.24193707283225174,0.006653514493666365
2014-12-29,-0.001398044982783712,0.0074475696671267855,-0.24181817232574984,0.00040290463751089205
2014-12-30,-0.0015986540979828275,0.002709185075892684,-0.24181028974794203,-0.0009435458044662118
2014-12-31,0.008411800558713014,0.001907468808453494,-0.24182514955750567,0.008873073480670506
2015-01-01,-0.00375984171232298,0.0,-0.24174986973794765,-0.003759846818462813
2015-01-02,0.011509891235136164,0.011056916349239998,-0.24174347062054952,0.014182828133718082
2015-01-05,0.0016150399885367576,0.015586240482432068,-0.24093265669687594,0.0053702193193499595
2015-01-06,-0.00059360466118147,0.017857112223488514,-0.24050789051758267,0.003701142919045225
2015-01-07,0.007073140791016758,-0.001977025315373915,-0.24017864879159137,0.006598279190072261
2015-01-08,0.009556639313301587,-0.013331237894123937,-0.24025753657111495,0.0063537035865524425
2015-01-09,-0.0013388838900903386,0.010892991870137259,-0.2407075125837318,0.0012831105662322
2015-01-12,0.0023219572545043667,0.005705853384120552,-0.240647030201829,0.0036950498237126412
2015-01-13,0.002346655947145226,0.0,-0.2405465355492835,0.0023466491307135265
2015-01-14,-0.004379375356233604,0.0075571368791704785,-0.2405501990408235,-0.002561504824260633
2015-01-15,-0.045891810270633826,0.015612983976851957,-0.24065819778973693,-0.04213442501007014
2015-01-16,0.008999985667679126,-0.012831086816125215,-0.24412698149155657,0.00586733589056604
2015-01-19,0.004012278535945574,0.0,-0.24452627687911718,0.004012251452218547
2015-01-20,0.006227421365865835,0.013201895501054217,-0.24453291531006083,0.009455718910080594
2015-01-21,-0.003860953783717406,-0.011626567844514213,-0.24389594253639588,-0.006696669711717492
2015-01-22,0.014139231312599188,-0.0036046427265903347,-0.24345470350519688,0.013261634157640928
2015-01-23,0.009931299404676222,0.013822401411951901,-0.24372888120146483,0.013300199239184653
2015-01-26,0.0027436033454030537,-0.0030466659607553126,-0.24278589590632957,0.002003851859032668
2015-01-27,-0.00932836970373324,0.0015616199653685214,-0.2428180843360003,-0.008949182318584166
2015-01-28,0.0017455669292406586,0.01621600261355649,-0.24287840113243114,0.0056840796255646555
2015-01-29,-0.003163622530262607,-0.0066018430474326095,-0.2424152723264559,-0.004764041523933708
2015-01-30,-0.009181326212168741,0.01758177650851156,-0.2422310860368143,-0.00492248588719046
2015-02-02,0.0011763831338799154,-0.003774876863837484,-0.24270246801972403,0.00026017922928170883
2015-02-03,-0.0026710813257028714,-0.02139392863251821,-0.24270351978865107,-0.007863463178262467
2015-02-04,-0.0019530050527046565,0.00170785647009275,-0.2417721429311465,-0.001540156108286202
2015-02-05,-0.0011422205980599885,-0.011039966736559492,-0.24178492535148957,-0.0038115189983581876
2015-02-06,0.005940491881321208,-0.01786018705392678,-0.24154263114155983,0.0016264788731097772
2015-02-09,-0.0059177478137978105,-0.0016048638429104756,-0.24167946674607044,-0.00630561973294733
2015-02-10,-0.004384552946162291,-0.00798572706303613,-0.24161326728612473,-0.006314015043747615
2015-02-11,-0.0005125835258854928,0.0018485284246754219,-0.24132705239807523,-6.650302349694534e-05
2015-02-12,0.0012900293261684692,-0.0033148767458559547,-0.24132921402617208,0.0004900525798767766
2015-02-13,0.0011441173147081866,-0.010321605163205128,-0.24133479753878,-0.00134684555635211
2015-02-16,0.0013346247592135635,0.0,-0.24124788500632768,0.0013346188640407728
2015-02-17,-0.003300476634265163,-0.0151702799136606,-0.24124971448023205,-0.006960302456112001
2015-02-18,0.000679915966058512,0.005922926645394178,-0.24066463814681116,0.00210531527891674
2015-02-19,-0.0004560808041179535,-0.006635757963034727,-0.24060789412129527,-0.0020527004023815193
2015-02-20,7.064946630530355e-05,0.0029282649528976634,-0.24052556176062362,0.0007749664545797257
2015-02-23,0.0027953522456258166,0.011393770707619488,-0.24051750416547127,0.0055357529927191
2015-02-24,0.006098960259073366,0.013040321550207068,-0.24020489645211632,0.009231288142937054
2015-02-25,-0.004249467985504696,0.004309256781624526,-0.23959842792213323,-0.0032170179711473604
2015-02-26,0.005569620182807456,-0.013762219548062227,-0.2396705095094777,0.002271217122534508
2015-02-27,-0.0012363565081642532,0.00837288442036499,-0.23982393798216745,0.0007716511989280113
2015-03-02,-0.0017402349365443193,-0.018764524463787957,-0.23979972700548177,-0.006239964422549853
2015-03-03,-0.00452602731739955,-0.0036325375134955706,-0.23915434251653211,-0.005394808213761716
2015-03-04,-0.0005967714135160795,0.0003166270028218676,-0.2390388471850402,-0.000521093093683639
2015-03-05,0.000543568795131133,-0.0012665218863281424,-0.2390389217297424,0.0002408207640198568
2015-03-06,0.004789749534169314,-0.022339703447026515,-0.23903929534186455,-0.0005503174612957887
2015-03-09,-0.0005977704413295559,0.009188699238149134,-0.2389508790419888,0.0015978713217071018
2015-03-10,0.0030678976052941425,0.013072197646014416,-0.2388854726715964,0.006190651282383203
2015-03-11,0.006707820572580469,0.007258780445325463,-0.2384845477325647,0.008438900349916349
2015-03-12,-0.004270593368887575,-0.0007079108748504481,-0.23818442805548476,-0.0044392270724856716
2015-03-13,0.0009287668430933227,-0.003072831869993742,-0.23815998309279118,0.00019693959881613508
2015-03-16,-0.0019435933156715446,0.009581647192683285,-0.23815992739406563,0.00033837108027548165
2015-03-17,0.001194316595368114,0.008250778399284009,-0.2381532159260172,0.0031592655498196925
2015-03-18,-0.005779635374664145,0.019118605490668017,-0.238030285355438,-0.0012288365923554926
2015-03-19,0.005256599876991397,-0.005108343023856321,-0.23817065946280644,0.004039932928830041
2015-03-20,0.001308484508646602,0.0052602703407647056,-0.2382792374856215,0.002561890349695241
2015-03-23,-0.003926122299015025,-0.0012171961804350317,-0.2382183603562182,-0.004216084906572752
2015-03-24,-0.0005084658383923972,0.0096224169872281,-0.23818306185915586,0.0017834285078564438
2015-03-25,-0.004268707571867539,-0.00848146397283056,-0.23810631698399345,-0.006288202926583449
2015-03-26,0.0015110941185236012,-0.01571200515098159,-0.23780872850358037,-0.0022253780337425882
2015-03-27,-0.0021475108178363456,0.01236060485374324,-0.23760654281074275,0.000789436054498328
2015-03-30,0.0013644103915965884,-0.0049719380515718115,-0.23756947477032164,0.0001832271658133926
2015-03-31,0.005698015746377735,0.002144736945630221,-0.23756906032248976,0.006207538859078534
2015-04-01,-0.0010763611236083693,0.013022919920116394,-0.23751171963835,0.002016731091981196
2015-04-02,-0.0015998547871779929,-0.010652001681187961,-0.2373918345122539,-0.0041285611391670704
2015-04-03,-0.0049765320622723,0.0,-0.237145265544547,-0.004976548786749523
2015-04-06,0.001797544738866717,-0.005600013270258053,-0.23713690970971651,0.0004695743308580683
2015-04-07,0.005146413042423819,0.008349858247250985,-0.23714526047623605,0.007126541784985329
2015-04-08,0.0013561720162889425,0.0003052604884921095,-0.23685615330285353,0.0014284552315558601
2015-04-09,0.005601110295284242,-0.013049012303194552,-0.23685619524256984,0.0025103708866313764
2015-04-10,0.002348004161123175,0.0014665867813183908,-0.23701610860526884,0.0026955980062316736
2015-04-13,-0.0035139161988610584,0.0013879276540249563,-0.23700110243465186,-0.003184976832608151
2015-04-14,-0.0053419749271944586,0.007062852526328989,-0.23702010780718627,-0.0036679381490893185
2015-04-15,-0.0011666482610967115,-0.0008417580533519597,-0.23715560983674094,-0.0013662850965144603
2015-04-16,-0.004951280172431474,-0.0049890594709198766,-0.23714626195632213,-0.006134417610693422
2015-04-17,-0.0015211209837236225,0.011399506438508844,-0.23697238024613893,0.0011802353964532415
2015-04-20,0.0018619950967426638,-0.008863751350882687,-0.23691586722243588,-0.00023797207460633397
2015-04-21,0.0003177283145081588,-0.004538369201707582,-0.23689521654394602,-0.0007573910409974774
2015-04-22,0.00325811074279983,-0.01538381582295223,-0.23687129071648041,-0.0003858751901876475
2015-04-23,-0.00751012764868662,0.004297171705349712,-0.23682409209344382,-0.0064924570624235066
2015-04-24,-0.004063540235658618,0.0062169728417185155,-0.23696234361321633,-0.0025903611583399802
2015-04-27,0.00037912438940646595,0.0,-0.23704744104391154,0.0003791186173498496
2015-04-28,-0.0028860305989131343,-0.013886734922758492,-0.23704773442840862,-0.006177849670860816
2015-04-29,-0.006623841946875312,-0.01233116726804706,-0.23658122740272125,-0.009541196277069942
2015-04-30,-0.003934595362437963,0.001748066852813146,-0.23594760514589638,-0.00352218615271918
2015-05-01,0.00046837096569496764,-0.013523738995475654,-0.23597548353504386,-0.0027229017739218127
2015-05-04,0.00017884184469781663,-0.009480340220536121,-0.23576874831157957,-0.002056340125268056
2015-05-05,-0.0038085732623560978,-0.0013853034140343112,-0.23565628795238483,-0.004135036350646413
2015-05-06,-0.011487506815144065,-0.01726881530094282,-0.23561931672002562,-0.015556375784630866
2015-05-07,-0.0021356502409735976,0.013347762892355064,-0.23419981501027684,0.000990297076119272
2015-05-08,0.01014092738544536,0.002697449760207249,-0.2341446327327587,0.010772517025916485
2015-05-11,-0.0012453868300419853,-0.02462536003763116,-0.23401272694128494,-0.007008043431370559
2015-05-12,-0.001842554910719598,0.0025905469464388986,-0.23309680558433524,-0.0012387688186350724
2015-05-13,-0.005096864558073141,-0.00804318134979276,-0.23311359036332385,-0.006971840578958076
2015-05-14,0.005925380241788489,0.0026884617753299977,-0.23280980939171653,0.006551259910161181
2015-05-15,0.0010305435719930678,0.01985147431641643,-0.2327305153849939,0.005650582042387301
2015-05-18,0.00791737916541003,-0.016919627688328553,-0.23218204038133688,0.003988908283839956
2015-05-19,0.012317230811089895,-0.008906342177201765,-0.23251676681457248,0.010246334219810352
2015-05-20,0.005184243709841804,0.001686430438103237,-0.2329877515483584,0.005577129399428828
2015-05-21,-0.00017241678589696282,0.013889172327286481,-0.23294849349199917,0.0030630423207683296
2015-05-22,0.00489953235505307,0.0004153556296468963,-0.23274845412329126,0.004996192167334437
2015-05-25,-0.002062468150817733,0.0,-0.23274482380823322,-0.002062468397057647
2015-05-26,0.0021807605064328274,0.01696486933207364,-0.23274176266916316,0.006129193890598284
2015-05-27,0.002475217807481721,0.0022840205778251743,-0.23223680904127247,0.003005617207861752
2015-05-28,-0.0047677833756282545,-0.0024471058125703493,-0.23220800553053203,-0.00533602288939496
2015-05-29,-0.0006799961473022875,0.002202423434386702,-0.23213148712797355,-0.00016874951034403528
2015-06-01,0.005482052151495234,-0.010779423451155346,-0.2321349599885642,0.0029797708844015304
2015-06-02,-0.01464589264758528,-0.014049960128283523,-0.23229199606739384,-0.017909596582020355
2015-06-03,-0.009768702716689772,-0.016205702124605814,-0.23097607883471385,-0.01351192150528155
2015-06-04,-0.0015173027983305795,0.01293479567464928,-0.22983279987132255,0.0014554599600972607
2015-06-05,0.014569471100432779,-0.012254288658124501,-0.22975027560640662,0.011754039306346342
2015-06-08,-0.02567665147119725,-0.0011063733122522734,-0.230484217481692,-0.025931702840711092
2015-06-09,0.004151703788585749,-0.007948146101605325,-0.23030414211652114,0.0023212006049428144
2015-06-10,-0.005414212760038199,-0.008790931302676164,-0.23039367205339584,-0.007439593776339095
2015-06-11,0.0060304345950796135,0.020816923154099776,-0.23004576820519576,0.010819256075832446
2015-06-12,-0.0039048449096268085,0.0,-0.22893915163437645,-0.003904919970100987
2015-06-15,-0.004040971707224409,0.0016098769248644729,-0.22893387150719702,-0.0036724167083097754
2015-06-16,0.003444054799538138,0.007840922710981246,-0.22896008301466908,0.005239311336460907
2015-06-17,0.00011975479328192617,-0.007756592853758626,-0.22876581454851816,-0.0016547016660263389
2015-06-18,0.002532951453135412,-0.004921128945931663,-0.22869219089310025,0.0014075226990186403
2015-06-19,6.309059464235686e-05,0.01276201280700473,-0.22872465644949835,0.002982075387428877
2015-06-22,0.006483214828114595,-0.02061795730045546,-0.22854708170939084,0.0017710288116051197
2015-06-23,0.010778148420469029,-0.006018330740730882,-0.2287155631219175,0.009401651088156765
2015-06-24,-0.0048083610313489275,0.008586839098370547,-0.22900665489337552,-0.002841937477729019
2015-06-25,0.0035238800554469327,-0.0035116335517679786,-0.22913297468870003,0.0027192404455935438
2015-06-26,0.0026153026672300376,-0.011304168049952601,-0.22918118811120866,2.459673267453811e-05
2015-06-29,-0.01895615659566451,0.026124375846671377,-0.22917265936576647,-0.012969164487106602
2015-06-30,0.012644714967384828,-0.006956879736904398,-0.23087506025720023,0.01103842946711516
2015-07-01,0.006654051410158061,-0.013558667738251096,-0.23126758412655346,0.0035183444539350177
2015-07-02,0.0018244670631580966,0.0032815756835864462,-0.23149874962237924,0.0025841320510213554
2015-07-03,-0.00431401667625478,0.0,-0.23146216038529363,-0.004314019158058829
2015-07-06,0.000593532065596174,0.018364558392041985,-0.23145658974705405,0.004844129745379147
2015-07-07,0.0015807776105280693,0.009350975933537065,-0.23103406899712706,0.0037411429704718576
2015-07-08,-0.011982110521201066,0.008599760236002396,-0.23087219531758194,-0.009996675976007799
2015-07-09,0.007769639343311062,-0.01989903483238553,-0.23129525799405753,0.0031670582520879967
2015-07-10,0.0008381775823778636,-0.015985324132165246,-0.23159599937838188,-0.002863979934325553
2015-07-13,0.012430541059021184,-0.0031070165407776074,-0.23135088597085124,0.011711713403837871
2015-07-14,0.0006763838575757325,0.0032789581457715045,-0.23154334303316335,0.0014355917341818802
2015-07-15,0.0021313053706305584,0.010541532574823265,-0.23152435710359345,0.004571925635110281
2015-07-16,0.005173765267377707,0.0068816679413590265,-0.23129958943119464,0.006765476991094342
2015-07-17,0.005811228967401145,0.005151438730468527,-0.23108271226687552,0.007001622690796616
2015-07-20,-0.003728394666166518,-0.004220425260739624,-0.23091689272934693,-0.0047029734007132205
2015-07-21,-0.00417687312549463,0.005398835510480815,-0.23080819736657282,-0.002930785006117946
2015-07-22,-0.0008111086987307456,0.00620630334315031,-0.23088769914836454,0.0006218450078755668
2015-07-23,-0.00853906932179866,0.012381549069629294,-0.2308746856644894,-0.005680483954997543
2015-07-24,-0.007243773907879404,0.0024743978777754805,-0.23122712987761157,-0.006671649894294207
2015-07-27,-0.011551143768809386,0.005340283274411384,-0.23130215270173668,-0.010315929840109095
2015-07-28,0.0065096968170407,-0.007319189959816619,-0.23156611266802174,0.004814802546079362
2015-07-29,0.007434769571920095,-0.003721267039120235,-0.23174087335729118,0.006572388044470813
2015-07-30,-0.0041101398358739825,0.007675172071225589,-0.2318673996591455,-0.002330526227909644
2015-07-31,-0.006375441539311052,0.0073721478319228595,-0.23195946579173438,-0.004665408311215837
2015-08-03,0.00195454771358194,0.01045251941714298,-0.2321298593287752,0.004380878017925468
2015-08-04,0.009278536014365775,-0.00796400186122792,-0.23191764897466702,0.007431529032306233
2015-08-05,-0.00011207344226761105,-0.0075337357022737805,-0.23221372858382663,-0.001861530382582325
2015-08-06,-0.0018509592494313127,0.008838540840621079,-0.23213492942813002,0.00020076946000172584
2015-08-07,0.00047374023455082814,0.013032675879147249,-0.23213391934611755,0.0034990662974322363
2015-08-10,-0.000860773319672926,-0.012462283762506132,-0.23192434340036144,-0.003751094513846079
2015-08-11,-0.002885477380936922,0.01575431242284342,-0.23167701952869418,0.0007644179902298689
2015-08-12,-0.015792765768886968,-0.005465507874060194,-0.23163211207007187,-0.017058755947310173
2015-08-13,-0.007159436287258756,-0.003229293732593952,-0.23114359084263963,-0.007905899972304837
2015-08-14,-0.00023785037374142464,0.0023423363026138233,-0.231003921094642,0.0003032290230532763
2015-08-17,0.0038427959435860973,0.004507196155315363,-0.23100251067469288,0.004883969475900176
2015-08-18,0.0015718646730422323,-0.00790112383715158,-0.2309040339580006,-0.0002525433733153162
2015-08-19,-0.007557665386977164,0.009826493677199899,-0.23088710792698044,-0.005288855828858095
2015-08-20,-0.005052739976525251,0.010048692675838744,-0.231143955187714,-0.002730062828607577
2015-08-21,-0.016768819458080612,0.003011066714214472,-0.23128326459637283,-0.01607241956768965
2015-08-24,-0.029101775774307753,-0.0003162829339977691,-0.23150140632289146,-0.02917501051461573
2015-08-25,0.009616526906179196,-0.016195977075740053,-0.23141454814802198,0.005868536297895309
2015-08-26,0.01503468809987837,-0.019492217160546943,-0.2318788321789357,0.010514824056283808
2015-08-27,0.01452924897302931,0.0005741335816500381,-0.23288544117043364,0.014662888048402569
2015-08-28,0.009756472083968057,0.00294620461803774,-0.23286361398491878,0.010442534458351579
2015-08-31,-0.005150577238630147,-0.007711907404317486,-0.23272835409311812,-0.006945365930271649
2015-09-01,-0.011173548581421335,0.007161694453224676,-0.23244994807376196,-0.009508831961595347
2015-09-02,0.0032960087291267004,-0.008641782874662773,-0.23277708946226497,0.0012843774741900067
2015-09-03,0.00449805149930246,0.004865024623839531,-0.23282651369814764,0.005630754869140044
2015-09-04,-0.007659205836328014,0.009089020467791364,-0.23270293735170394,-0.005544172457858507
2015-09-07,-0.0025357336934407598,0.0,-0.23294953254455833,-0.0025357504196968036
2015-09-08,0.00027668047096836843,-0.01486353237936111,-0.2329459613215784,-0.0031857196100080827
2015-09-09,0.0011129445205524478,0.00478673653112871,-0.23269850397833333,0.002226794165549865
2015-09-10,-0.003684005882965484,-0.0067741140330106475,-0.2326525321584177,-0.005260023784088666
2015-09-11,-0.0057783102175180305,0.006280162215272611,-0.23246599254167866,-0.004318398727580311
2015-09-14,0.0014507962194498418,0.001564349572062973,-0.23259760463819845,0.0018146512556378935
2015-09-15,0.0018764803967234044,-0.01935060474928818,-0.2325870047028854,-0.002624219520083856
2015-09-16,0.0001870126768163398,-0.003781034918485915,-0.23232127068055994,-0.0006914201843537576
2015-09-17,-0.006895408210827166,0.012131889553025132,-0.23230472991802767,-0.004077114006756397
2015-09-18,0.008084030942185155,0.015267518322318985,-0.23254963761915665,0.011634470183588765
2015-09-21,0.0047197155349588725,-0.016432777861657755,-0.23170878314347534,0.000912039538816962
2015-09-22,-0.0016683804055946739,0.013808198339401834,-0.2317707746630326,0.0015319522154189013
2015-09-23,-0.005431731144661269,-8.188459815450244e-05,-0.23167968873549186,-0.005450708321123107
2015-09-24,0.0008923758084253411,0.00679284397517943,-0.2316702091090619,0.0024660747496087045
2015-09-25,0.0019411870967176832,-0.008683472010302395,-0.2315966146789016,-6.988061634924008e-05
2015-09-28,-0.006002195920078316,0.01696899921391548,-0.23158707255200883,-0.0020723957152213083
2015-09-29,0.0004723245634169054,0.0028268976069458773,-0.23176728745312103,0.0011274947299259664
2015-09-30,0.0061186839043704064,-0.003474186181705363,-0.23175513961138242,0.005313522576819815
2015-10-01,0.00044972291001127846,0.004250435247046269,-0.23184912586497616,0.0014351762316098318
2015-10-02,0.0011367445834245499,0.006039790356235031,-0.23182431989333108,0.0025369131924977435
2015-10-05,0.004458408807678146,-0.013660991264885958,-0.2317575511475407,0.0012923663970363204
2015-10-06,-0.0014149004587604133,0.004304483623249311,-0.23183458491642792,-0.000416977509792959
2015-10-07,0.011943334874480347,-0.0033283494296751925,-0.23184574240953829,0.011171670473159569
2015-10-08,0.000380664531183864,-0.008409859477306547,-0.2320381005687792,-0.0015707563354038258
2015-10-09,0.00566398926355592,0.002620690080742172,-0.23196535885935493,0.006271893644611561
2015-10-12,-0.0012431880371317826,0.007576475721278619,-0.2318955688685102,0.0005137583765012405
2015-10-13,-0.008724163954225164,0.0017029016924903218,-0.2318830394242247,-0.008329290783787024
2015-10-14,-0.002227420496200113,0.008712853003153498,-0.23194196997208047,-0.00020654820375988402
2015-10-15,0.006027501233086596,-0.004911678489577298,-0.23195681070824872,0.0048882029487906115
2015-10-16,-0.0009217189834931976,0.00032241092791718273,-0.2320756925415403,-0.0008469033077259635
2015-10-19,0.0033293440953381945,-0.0027467720843219467,-0.2320759350089322,0.002691884379166473
2015-10-20,-0.0031779240987055276,-0.006168348363686071,-0.23211299339957295,-0.00460968041535823
2015-10-21,0.0005277751593943712,0.009883499497997938,-0.23196428281216558,0.002820383945261154
2015-10-22,0.013446629160899384,0.0016913796729216557,-0.23184031920543716,0.013838750755864427
2015-10-23,0.004651809595533122,-0.008567606757563517,-0.23174637518467217,0.0026662914133498685
2015-10-26,-0.0019631006775875843,0.006633777743421554,-0.2318534070310652,-0.00042504396613015987
2015-10-27,-0.0008856050343204979,0.0024965947753976536,-0.2318715853543206,-0.0003067168787755843
2015-10-28,0.008695047710268074,-0.004029337669183342,-0.23187666252693856,0.007760737994965241
2015-10-29,-0.007704616736436762,-0.0160366905072582,-0.23203474468244586,-0.011425696846362748
2015-10-30,-0.0012320624763324573,0.007520849585819889,-0.2311213509016762,0.0005061044854663712
2015-11-02,0.004336403063187476,-0.004599227912309267,-0.23110932037509913,0.0032734778101073127
2015-11-03,0.0023400747297859397,-0.008233898247957505,-0.23118241575307089,0.0004365372837863646
2015-11-04,0.0014016293862973003,0.0011570884412384075,-0.23119357747983368,0.0016691400454012385
2015-11-05,0.0006829919750658785,-0.0026461390616798752,-0.23118707040518724,7.123839614431155e-05
2015-11-06,0.0031294544580945005,-0.01476462256265787,-0.23118575032288924,-0.0002839159768274171
2015-11-09,-0.007093402276943311,-0.005646174832643069,-0.2311532092231901,-0.008398535916567713
2015-11-10,0.003986499604313117,0.002953498442174407,-0.23090963799145742,0.004668474339259553
2015-11-11,0.0017399648803726323,-0.0021085751164928723,-0.2308509093073791,0.001253194413891167
2015-11-12,-0.004955932037758924,0.004801251506961535,-0.23086331425978449,-0.0038475000436800364
2015-11-13,-2.295736127132513e-05,0.005698052487775662,-0.23095129351135932,0.0012930092637490143
2015-11-16,0.004817211596703608,-0.000919742890827635,-0.2309216080238446,0.004604821075854192
2015-11-17,0.004126625096259852,0.0016716311077322743,-0.2309467703070821,0.004512681195007991
2015-11-18,0.0005418863074414442,0.002085008671548927,-0.2309170805569245,0.0010233484089912652
2015-11-19,-0.0011178712385004255,0.00664368867410392,-0.23090952395826872,0.00041621923800883243
2015-11-20,0.0072976820497526115,-0.003067175182970061,-0.23090184371288344,0.006589465124072595
2015-11-23,-0.005609435150820444,0.003067175182970061,-0.23100478432579305,-0.004900909991527276
2015-11-24,-0.0011438092037938546,-8.278938596451013e-05,-0.23107341981659976,-0.0011629442857961766
2015-11-25,0.0006262168987281286,0.0023149129599691065,-0.231071228793469,0.0011611265323236465
2015-11-26,-0.0033382119901670493,0.0,-0.23106137945599514,-0.003338212658235792
2015-11-27,-0.002806719438907729,-0.0009917080992725147,-0.23105699159949897,-0.0030358608264935347
2015-11-30,-0.00025055044342503036,0.003960343964428681,-0.2310376888596538,0.0006644369639241685
2015-12-01,0.0011612993726534695,0.013384634640974724,-0.23102877036384709,0.004253534450596343
2015-12-02,0.0013761864934128151,0.0003255863771158829,-0.23077045121586712,0.0014513046870917343
2015-12-03,-0.019260880332210035,-0.027559217177974382,-0.23077008666721807,-0.025620723293578767
2015-12-04,0.0008753398598135054,0.008745520597265966,-0.2273288245058172,0.002863215360198123
2015-12-07,0.0033332937196590517,0.009656368355527967,-0.22721854503865763,0.005527392207635517
2015-12-08,-0.007191897795218831,0.0004929698060118781,-0.22697661220259435,-0.007080021588746062
2015-12-09,-0.01557834307705341,-0.0010676102226359063,-0.22698461535505324,-0.015820674715631772
2015-12-10,-0.0021403437429711927,0.0013140040233698969,-0.22688280177048625,-0.0018422257345046148
2015-12-11,-0.017423756819400345,0.01563541843824101,-0.22689283514620254,-0.013876193081802468
2015-12-14,0.007633892305200736,-0.013012578894885607,-0.22792471332612105,0.004667933999891599
2015-12-15,0.01168769224690937,-0.005911692611221042,-0.22821228958880388,0.010338551834804564
2015-12-16,0.005743340935030331,-0.002142878125254377,-0.2285133321447173,0.00525364429489308
2015-12-17,0.007424663385623356,0.011242031772083827,-0.2285720101342138,0.009994273205703633
2015-12-18,-0.00341269109867117,0.005533180955337613,-0.22805532488829286,-0.0021508547643762006
2015-12-21,-0.0012099536415611522,-0.00024302292251476842,-0.2281133497463184,-0.0012653943502376323
2015-12-22,-0.002533618034375954,-0.007250378224129328,-0.2281098963194013,-0.004187501293600343
2015-12-23,0.0050707302439105505,-0.007550576601536463,-0.22795406950359384,0.0033495350109457576
2015-12-24,-0.004769744782626992,0.0057010936551584734,-0.2280734436358447,-0.0034694848172086884
2015-12-25,-0.0002904161033337693,0.0,-0.22816753314409982,-0.00029042248531221704
2015-12-28,0.00012070393931347487,0.0029508688987744947,-0.22816698207132435,0.0007939947530563786
2015-12-29,0.0010098299791716889,-0.01675299349275594,-0.228158713709887,-0.0028125120277586488
2015-12-30,-0.007402198893445759,-0.0009994670543278517,-0.22791833192099614,-0.007630012062086463
2015-12-31,0.006861222853348895,0.004488248638819137,-0.22787178659111684,0.007883964932227884
2016-01-01,-0.000981011822662995,0.0,-0.22771560040406238,-0.0009810224165846563
2016-01-04,-0.0020432582504935834,0.007189726401639618,-0.2277142171968663,-0.00040605542490585996
2016-01-05,0.006824018062915524,-0.004043005269060096,-0.2277325380995267,0.005903292968757863
2016-01-06,-0.0068147870509404785,0.013385328735574298,-0.22785056176985616,-0.0037649403844696194
2016-01-07,-0.013366740863965026,0.0017930358474993469,-0.22809534887463928,-0.012957774330400526
2016-01-08,-0.0021645729143451296,0.004468574331202291,-0.22819080797763266,-0.0011448918020763848
2016-01-11,0.0007272608583802501,-0.011003794134965439,-0.22821659568021388,-0.0017839893278163898
2016-01-12,0.0020032631268233473,0.014321756730842239,-0.22811326432888346,0.005270238796778354
2016-01-13,0.0031888861343250187,0.009808653602397577,-0.22777043042873577,0.005422984133257401
2016-01-14,0.0032067983761553294,-0.009404589938080576,-0.22753106188856087,0.001066945804836517
2016-01-15,-0.007923597142986679,0.015482740568821818,-0.22757338227649887,-0.004400140375371468
2016-01-18,0.0010251546666463448,0.0,-0.22790164767813528,0.0010251324007980347
2016-01-19,0.0006560780231414568,-0.0031217389641495785,-0.2279027925924932,-5.5375082191196216e-05
2016-01-20,-0.003502579176258827,0.010474302414268166,-0.227899562174639,-0.0011154904610777144
2016-01-21,0.005003948867804671,-0.006812128030989406,-0.22796054824642598,0.0034510482905234074
2016-01-22,0.011645877783410875,-0.0038222588339680286,-0.22807168558721314,0.010774121230084699
2016-01-25,-0.007953005924686812,0.005410661005305073,-0.22827807449689944,-0.006717884647752412
2016-01-26,0.0031074170494856746,0.00047643273913244855,-0.2284453849707277,0.00321624456152076
2016-01-27,-0.0014304919259450041,-0.0002381879960466904,-0.22844244444114736,-0.0014849043734510416
2016-01-28,0.003295531721626151,0.0014271257716256258,-0.22843847439991477,0.0036215418863899773
2016-01-29,0.018584294323705723,0.008440862767155721,-0.2284194918691747,0.020512350620354586
2016-02-01,-0.0003929229179545362,-0.003060229954783722,-0.2276315075209251,-0.0010895811239554933
2016-02-02,-0.006463759262597685,0.01838220902105281,-0.22761176261972316,-0.002279753605744637
2016-02-03,-0.0076607396413454765,-0.008327863003503744,-0.22782058628287996,-0.009558012437545711
2016-02-04,-0.0039642312953732245,0.004834032243744346,-0.2274248595971197,-0.002864879032717983
2016-02-05,-0.0002935387840632684,0.0011659670963615199,-0.22748983276786777,-2.829753135136098e-05
2016-02-08,-0.005620357085922001,0.021290934480048485,-0.22749058305724282,-0.0007768700381134439
2016-02-09,-0.006919488948255217,0.0010640138481683437,-0.2275826008005753,-0.006677344150854356
2016-02-10,0.0036934878299562978,0.00877439347153075,-0.22760746133377666,0.0056906035664949384
2016-02-11,-0.002556131421366125,0.006978718404371698,-0.22738568613178586,-0.0009692857914133894
2016-02-12,0.0037876946187334697,-0.016740968927122957,-0.2274209714905495,-1.9555191729481265e-05
2016-02-15,0.012987538375238201,0.0,-0.22740737734883137,0.01298753745316388
2016-02-16,-0.005618069719160581,-0.010626756518033353,-0.22742503632433986,-0.00803486140407135
2016-02-17,0.0047236128868868715,-0.006167454441462716,-0.22700406265363499,0.0033235471183046686
2016-02-18,-0.003272041042382035,0.012221158729601278,-0.22710042248739687,-0.0004966172675759489
2016-02-19,-0.0001786389154254367,0.0008018506721008123,-0.22713689807205598,3.488484857394382e-06
2016-02-22,0.011140745396291977,-0.0004964398825180183,-0.22713725784341882,0.011027985378289865
2016-02-23,-0.003957778688272354,0.004039705613470446,-0.22717747235496966,-0.003040051305648022
2016-02-24,-0.0009595788805312007,-0.0019796510777183585,-0.2272338703545702,-0.0014094264822813807
2016-02-25,0.0022165262126030007,0.0035757651498773413,-0.22721715196959122,0.0030290002520822557
2016-02-26,-0.0031092234980065595,-0.009691910735255327,-0.22717274990865324,-0.005310964523342225
2016-02-29,0.0020569803016381102,0.004361408591936566,-0.22691616885798654,0.003046637026559864
2016-03-01,0.011688124641077453,-0.017728416793951318,-0.2268607791889779,0.007666238436399908
2016-03-02,0.004753305149644058,0.004118423556376705,-0.22749585881003234,0.005690186376856775
2016-03-03,0.0026878276417874832,0.0036377446881470377,-0.22739625348257234,0.003515030398888402
2016-03-04,0.008006124067338286,-0.0064334752475110335,-0.2273434547013364,0.006543511997555614
2016-03-07,-8.758493931740395e-05,-0.0003109319647336406,-0.22754454998200668,-0.0001583494533593367
2016-03-08,-0.0024573925227955465,0.010984879358769462,-0.22754365013200523,4.214696172283189e-05
2016-03-09,0.005885776785064331,-0.006096092257366514,-0.22754983616405403,0.0044986115710684916
2016-03-10,-0.005185588892741512,-0.004111075454674484,-0.22767947840716363,-0.006121605201432085
2016-03-11,0.004776745025002718,-0.010155461851446113,-0.22754994504572293,0.002465861452699739
2016-03-14,-0.0011883979398952878,0.003135887213761457,-0.2276624752498481,-0.00047448172749472675
2016-03-15,-0.013213438556576062,0.0009383420480375548,-0.2276710490270301,-0.0129998058197022
2016-03-16,-0.005099656807948159,0.0029673150794682357,-0.22771179544776643,-0.004423966927324043
2016-03-17,0.0072895945141729,0.004123870555848619,-0.2277695436671786,0.008228882711828622
2016-03-18,0.0018344620427908046,0.0020942980748026585,-0.2276241742014416,0.0023111650523629955
2016-03-21,0.002312879931689168,-0.0077004427881739446,-0.22760590858548538,0.0005602124154414754
2016-03-22,-0.0005949312102510633,-0.0002341549505624485,-0.22762079503696694,-0.0006482307559900714
2016-03-23,-0.0020229879792171995,0.011260829183512122,-0.22761885074672447,0.0005401888861101314
2016-03-24,-0.0004703983404431823,0.00038585899960796866,-0.22759939976171853,-0.0003825783830767253
2016-03-25,0.0013627592304041654,0.0,-0.22759966270864646,0.0013627592125687908
2016-03-28,-0.0016751261204841844,0.0013113664141846115,-0.22760125205373963,-0.0013766575905179146
2016-03-29,-0.004557988870816248,0.010430584169073498,-0.22760866184442421,-0.0021838980684350047
2016-03-30,0.0012423189034162915,-0.010584707642383506,-0.22772000563054984,-0.0011680383328204168
2016-03-31,0.00020334129731453747,0.007069090373585496,-0.22765246677370674,0.0018126325776279192
2016-04-01,0.004810413621854624,0.0026023358162463595,-0.22760004007400472,0.005402701801878179
2016-04-04,-0.003150573163347781,0.0006120792112085383,-0.22754327370784058,-0.0030113025062553805
2016-04-05,-0.007679321434456687,0.010876750372842636,-0.22754810214136126,-0.005204337857157854
2016-04-06,-0.0029369267033023004,-0.0072886756039185485,-0.22781358739114496,-0.004597404047507245
2016-04-07,-0.003373367544777857,0.012268796270801019,-0.2276451779100042,-0.0005804466579827957
2016-04-08,0.00367270260777871,-0.006343049066974693,-0.22768643050868556,0.0022284736090635244
2016-04-11,0.004594148454847293,-0.0012885830165920709,-0.2277505843300849,0.004300668568383898
2016-04-12,0.0024204177265507595,-0.00692602023788691,-0.22778111063088943,0.0008427990739505068
2016-04-13,0.006741726560451686,0.003506963786095163,-0.2278041088934988,0.007540625760720308
2016-04-14,0.0008688079957179727,-0.004806182504366596,-0.22769322394518635,-0.0002255347147632013
2016-04-15,-0.0038245196847161776,0.0085289067612635,-0.2276839894846947,-0.0018826247937310922
2016-04-18,-0.0027521520118606903,-0.0043313174350068095,-0.22776261833196662,-0.003738669544985103
2016-04-19,0.0032278001046136015,-0.0031274893987989216,-0.22767857720223014,0.0025157320676710147
2016-04-20,0.010012379863267551,-0.011061572653382257,-0.22771607894032522,0.007493479368027917
2016-04-21,-0.0033050430026231284,-0.005965871107219911,-0.22810376950847444,-0.004665906987167737
2016-04-22,0.0032434019598506897,-0.0025671746035396126,-0.22796318486848186,0.002658171125426873
2016-04-25,-0.004665550631082771,-0.004137633800324281,-0.22799626852127908,-0.0056089179420886984
2016-04-26,0.0026201599424483107,-0.004547800033949834,-0.22787755544191682,0.001583810335907426
2016-04-27,-0.0009729199647479075,0.009930760153340046,-0.22790951629566772,0.001290392610381753
2016-04-28,-0.0048175018510193115,0.00411546656711792,-0.22785876770922736,-0.0038797601527030237
2016-04-29,-0.004242437035395823,0.0025540254865532575,-0.2279309893258473,-0.003660300378187908
2016-05-02,-0.006929583770636782,-0.010097454884506085,-0.2279714552242154,-0.009231517999471826
2016-05-03,-0.009154247337781975,0.012517361897204538,-0.22751803469480286,-0.006306352514336844
2016-05-04,-0.01707364438650582,0.0054704485343286535,-0.22788580500796232,-0.015827031763924762
2016-05-05,0.012465146741082383,0.006663152234374969,-0.22827134297536106,0.013986127299494711
2016-05-06,0.004106343630989695,-0.0042838054706635376,-0.22786086930731048,0.0031302041505645085
2016-05-09,-0.00300966936420626,0.0031379589283764275,-0.22792413927150057,-0.002294457067912497
2016-05-10,0.002136501219647278,7.661435122852112e-05,-0.22795659831813433,0.002153963764877497
2016-05-11,-0.0010139786771643424,0.005638437553728615,-0.22795853727458013,0.0002713511685806051
2016-05-12,0.0023440598983943514,-0.004569205362670026,-0.2279555744552549,0.0013024838641783945
2016-05-13,-0.004605855100456054,0.009647241229659542,-0.2279815281985218,-0.002406464062429749
2016-05-16,0.0005534389452980298,-0.008655601845363847,-0.22809281465373316,-0.001420849190559782
2016-05-17,0.004883671960925167,0.0016761754598615397,-0.22802750645671918,0.0052658816416446975
2016-05-18,0.001968944051658608,-0.014337854979801001,-0.2279944755447362,-0.0013000099153447316
2016-05-19,-0.0010179690360401562,0.004314940741083184,-0.2278959052060113,-3.461839584850863e-05
2016-05-20,0.005036792194976603,0.0007689853681265291,-0.22789940857869903,0.005212043267948746
2016-05-23,-0.008222578316309312,0.0022254475163441256,-0.22788796569109573,-0.007715426385214684
2016-05-24,0.007186351690914575,-0.00445641414578013,-0.2279589179013322,0.0061704675319190615
2016-05-25,0.0020174379389398356,-0.0037802957340185017,-0.2280911905517919,0.0011551768124345276
2016-05-26,0.00013437738703394372,0.005165734200380356,-0.22811004363753445,0.0013127319621204267
2016-05-27,0.003518801260176187,-0.0014620932515745366,-0.2280837959352224,0.003185319700995641
2016-05-30,0.00019561669891492986,0.0,-0.22810828336029046,0.00019561503796226975
2016-05-31,-0.0007646699793256307,0.0023840995203343596,-0.22810833463097835,-0.00022083701162527487
2016-06-01,-0.0061654502696979595,0.004042784859035642,-0.22811201234745743,-0.005243242729470603
2016-06-02,0.005924584409664657,0.007181830377465559,-0.22820617917869165,0.007563516092392361
2016-06-03,-0.001176826234517525,0.01413511467677786,-0.22796922100360983,0.0020455287745555243
2016-06-06,0.012355632876574773,-0.0074583685285842805,-0.22784808195515932,0.010656249696105818
2016-06-07,0.014154138134256167,0.0024171935802312916,-0.22822474191048145,0.014705775966859309
2016-06-08,0.004411982366830358,0.005341531705288283,-0.22808137231081738,0.005630276523826333
2016-06-09,0.0034760057067069216,0.006432188716166465,-0.2279536188080926,0.004942237736046847
2016-06-10,-0.006164222425855518,0.00483438778829548,-0.22781799094098198,-0.005062871111971912
2016-06-13,-0.006965190228493172,0.004442189921365802,-0.2279280054618508,-0.005952698201986474
2016-06-14,-0.0014647460477880524,-0.00073935072420106,-0.22804549664475846,-0.001633359620169105
2016-06-15,0.0011465631895652322,0.003836547993114614,-0.2280368587034014,0.00202143695627873
2016-06-16,-0.0026229970353302936,0.004848403972583348,-0.22800648384358757,-0.0015175315535785772
2016-06-17,0.004203813891379762,-0.006248227830812247,-0.22804196179299985,0.0027789533526849787
2016-06-20,0.008763823642331515,-0.01075018651333881,-0.2281210781910954,0.006311474137782941
2016-06-21,0.0059614415960819395,-0.0046319795315001855,-0.22843483894338776,0.004903314815799277
2016-06-22,0.00450063358293706,0.001645941075712365,-0.2285425722115953,0.00487679388267077
2016-06-23,0.0061595187715411765,-0.011504305703586404,-0.22851310182532367,0.0035306321919269454
2016-06-24,-0.006234520126122359,0.02649298528377475,-0.2286959598032195,-0.00017569383163415408
2016-06-27,-0.005092852862046283,0.02466055774391851,-0.2287384331035938,0.0005479615948453325
2016-06-28,0.024979565089662766,0.002081753330165803,-0.2286968305109703,0.025455652656323404
2016-06-29,0.011463516057081563,-0.007702228343869244,-0.2284908508365656,0.009703613378099206
2016-06-30,0.001344060415784815,0.003678458916416716,-0.2288408365430496,0.00218581829229633
2016-07-01,-0.006016311776931972,0.0137650459274834,-0.22880994041420646,-0.0028667345341130274
2016-07-04,-0.0033173676583841795,0.0,-0.22899875272920636,-0.0033173804652969516
2016-07-05,-0.0017828987236846762,0.012442915357542716,-0.2289937342850519,0.0010664505890368068
2016-07-06,-0.005472162184617403,0.0016146580733771287,-0.2289449445655992,-0.005102497690863807
2016-07-07,0.001762668962954448,-7.056472956001869e-05,-0.22897642555825198,0.0017465091680913523
2016-07-08,0.01662701858218718,0.007339211571810722,-0.2289791984304493,0.018307545176931284
2016-07-11,0.00490615766088404,-0.008813135942148165,-0.22839610754452458,0.002893232166081506
2016-07-12,0.008214979675376474,-0.016576291060914627,-0.2285089919907634,0.004427140457284831
2016-07-13,-0.005233689147527984,0.011716956749239671,-0.22883596080669488,-0.0025524502699876936
2016-07-14,0.007086318435896502,-0.014649757366189675,-0.22897943474965024,0.003731815543301468
2016-07-15,-0.01415961425753753,-0.008633834456507117,-0.22922102469119607,-0.016138687025428103
2016-07-18,0.0073074693912399,-0.0009396800429231078,-0.2285540182431472,0.0070926564993198955
2016-07-19,-0.0011331562946909981,0.005625397514836372,-0.2285932080571229,0.00015276871162395647
2016-07-20,-0.003362071032358655,-0.00548093375056613,-0.22859422395387238,-0.0046149808985189635
2016-07-21,-0.002371310794074693,0.0020228972628162367,-0.22846718388089715,-0.0019091537701344079
2016-07-22,0.004695082154350266,0.001730512995173683,-0.22848367977612696,0.005090475012491176
2016-07-25,-0.007148424230187092,-0.0007208558610845017,-0.22845178350237078,-0.007313107200785961
2016-07-26,-0.0016122644869613278,0.0015849906495031263,-0.22841664414744564,-0.0012502286252570245
2016-07-27,0.0002641663207246306,0.012376262637329383,-0.22842506683487748,0.0030912143695218095
2016-07-28,-0.001860313652772936,-0.0018500040047042532,-0.2282653137452095,-0.002282616233197032
2016-07-29,-0.005182901626569918,0.008299213105861014,-0.22824094375806017,-0.0032886830478259252
2016-08-01,0.0014302002092431987,-0.01087999856162103,-0.22836769550301708,-0.0010544485867691085
2016-08-02,-0.01327652071563159,-0.010356046892681547,-0.22830428762458593,-0.01564085492495237
2016-08-03,0.00824611958032263,0.0005779278880959637,-0.22753542166056814,0.008377566494774162
2016-08-04,0.01027717604738924,0.007485911503033016,-0.22752516264985018,0.011980408583842824
2016-08-05,0.014887049518558924,-0.010452692964383559,-0.22713932977167264,0.012512805673738596
2016-08-08,0.00803238675116416,0.0018826980160779883,-0.22774280491816415,0.00846111674516454
2016-08-09,0.003016484929267146,0.009788159628254967,-0.22768332327107255,0.005245081607567233
2016-08-10,0.0005067719706496371,0.0038605533720463825,-0.22746551523645156,0.0013848999588623456
2016-08-11,0.004147033969868117,-0.008958449838147864,-0.22744635940981306,0.0021094658689092202
2016-08-12,-0.00998581179407558,0.008387228037568306,-0.22752679377119303,-0.008077498145826029
2016-08-15,0.0035460327271659856,-0.009467923879372009,-0.22783103644679,0.0013889251803137206
2016-08-16,-0.01447914672549584,-0.0026700640990870994,-0.2278839319003393,-0.01508761501865689
2016-08-17,0.0006303281500587157,0.005979748324806522,-0.22767739355131578,0.0019917676534951206
2016-08-18,-0.010031174434433084,0.0015787378680656161,-0.22763097401591736,-0.00967180794439088
2016-08-19,0.0072199050672794,-0.00524874138089082,-0.2276880895501719,0.006024825295643283
2016-08-22,-0.004419956841438932,0.008399272220293241,-0.22783532322973166,-0.0025063159269177356
2016-08-23,-0.009094498466291404,0.0010720476417303004,-0.2279345204558334,-0.008850148529596622
2016-08-24,0.0010564582062255142,-0.002359304974110188,-0.22796597239773633,0.0005186148202721887
2016-08-25,0.004998250171345588,-0.0038011398766188975,-0.22796999105462443,0.004131704075094726
2016-08-26,0.007541909862426347,-0.005837270181544341,-0.22804355070396914,0.006210753054345821
2016-08-29,0.000887482862889242,0.013282452377863407,-0.22821145410074406,0.003918679245379399
2016-08-30,0.005594554953153244,-0.003859174314791325,-0.22799191721903134,0.0047146795113182614
2016-08-31,-0.0017689002183195338,0.0014311178937749247,-0.2280773704779086,-0.001442500408455481
2016-09-01,-0.005091159174673812,0.0011018319196649529,-0.22808573485551217,-0.0048398475989354685
2016-09-02,0.006552992597642752,-0.008189680773410757,-0.2281039274691648,0.004684893014525896
2016-09-05,-0.001436701508890431,0.0,-0.2282770262131354,-0.0014367132499705348
2016-09-06,-0.0017180321858625202,0.007259096831489842,-0.2282747943051726,-6.096350120048532e-05
2016-09-07,0.0002483972618514514,-0.0007164630113853931,-0.22828279909268295,8.484053721088914e-05
2016-09-08,0.0009917949718883656,-0.012620618738107936,-0.22828229972542083,-0.0018892689314761347
2016-09-09,-0.010154224188635834,-0.016611352181715056,-0.22816039370620378,-0.013944285111147358
2016-09-12,-0.0028395671932407896,0.0005165054770399635,-0.22707883585373617,-0.002722353091573857
2016-09-13,-0.002877365605394982,-0.011423070037941407,-0.2270817898919322,-0.005471336996040486
2016-09-14,-0.0027562293987691403,0.0014910337962072973,-0.2267821888892609,-0.002418109812333908
2016-09-15,0.0037364904086665224,-0.004329816182197632,-0.2267963415320227,0.0027545029790811727
2016-09-16,0.011880532054917271,0.008047171882003212,-0.22685006905783447,0.013706029907796355
2016-09-19,0.0026010728959540274,-0.0032705853408652175,-0.226375633460297,0.0018606598872323926
2016-09-20,0.00327748639381582,0.0034931666098438896,-0.22640255338756715,0.0040683464077463025
2016-09-21,0.0033279924973517823,0.008054930628958346,-0.22634633838838025,0.0051511927381929735
2016-09-22,0.00044445068158019787,0.007917385253565001,-0.22617224419963358,0.0022351316639721507
2016-09-23,-0.004206282782435554,-0.0009497551015380523,-0.2261018593504468,-0.004421028950940746
2016-09-26,-0.0025519711798007976,0.006338299160710825,-0.22607591472903205,-0.0011190361590093815
2016-09-27,0.009732990631836436,0.0073084759899879614,-0.2261116620813973,0.011385519860514582
2016-09-28,-0.002117809038983746,-0.0021650074156047694,-0.22575723210303805,-0.0026065991611733848
2016-09-29,-0.008908909956279812,0.002525730692902073,-0.22572605490697056,-0.008338788845925378
2016-09-30,0.00653183957192671,-0.00897717178967472,-0.2258118366788862,0.004504682103443717
2016-10-03,0.0012065817148417958,-0.003299373546981066,-0.22599249818280792,0.0004609357904682359
2016-10-04,-0.006339596878352135,-0.01176403798543113,-0.22599686599560567,-0.008998232890776331
2016-10-05,0.006611030523997952,-0.004670299010009593,-0.22549704712017124,0.005557857985957938
2016-10-06,0.00511751265005522,-0.005588342472568897,-0.22561716149345934,0.0038566785367270696
2016-10-07,-0.004273146947535519,0.0006720389106691371,-0.2257143042544626,-0.004121464741458826
2016-10-10,0.006235069118510977,-0.00591651041349639,-0.22572182458459467,0.004899583082707849
2016-10-11,0.002476618034513744,-0.0022559240984341145,-0.22585350338961666,0.0019671007418859926
2016-10-12,0.007740034016855288,0.000978657811389283,-0.22587382102662376,0.0079610858180704
2016-10-13,-0.006220712020455538,0.003753025973780133,-0.22584942221172213,-0.005373094927674048
2016-10-14,0.005539431362247539,-0.014110684748443347,-0.22593655094447437,0.0023513060088820536
2016-10-17,-0.001140689405126798,0.006363343618801309,-0.22607642771104375,0.0002979031008364282
2016-10-18,0.007345447329468362,0.0032415864789951954,-0.22607359390120266,0.00807828424250243
2016-10-19,0.004705331812055055,0.0008274329701674077,-0.22596847392261446,0.004892298447435026
2016-10-20,0.004314247872257936,0.0010527905559509776,-0.22595693332216335,0.004552132414926073
2016-10-21,0.00013384739983965583,0.001500994328259786,-0.22594182148855854,0.0004729837673931264
2016-10-24,0.003859697075252083,-0.004360074575241235,-0.22594033069826616,0.002874580282734459
2016-10-25,0.004270113455365165,0.002633575558481205,-0.22599620281413169,0.004865287741667445
2016-10-26,-0.007370160822192982,-0.006786192823478032,-0.22594681006681178,-0.008903482793406919
2016-10-27,0.0036595934982073426,-0.010953524072502496,-0.22565706602484717,0.0011878337403831887
2016-10-28,-0.0078085884256032575,-0.002221062475428859,-0.22570694569917205,-0.008309901036417808
2016-10-31,0.0032910909376169537,0.006113922235435609,-0.2256114146873083,0.004670455102687864
2016-11-01,-0.01926305687421639,7.513315722373903e-05,-0.22549391406058292,-0.019246122774444804
2016-11-02,-0.004238678414072966,0.004341587998334617,-0.2254763886895818,-0.0032597540197553325
2016-11-03,0.00045189754170708185,-0.007705784300721774,-0.22553950199993456,-0.001286065492896733
2016-11-04,-0.00802259712933217,0.008920895710379462,-0.2254865183241871,-0.00601105900908468
2016-11-07,0.011177363575383003,-0.008538042609058216,-0.2257275016140396,0.009250076202958679
2016-11-08,0.00858273615974738,-0.004065391003742036,-0.22608646131224625,0.007663581946055087
2016-11-09,-0.0033228823776504796,-0.04335902935891678,-0.22623213590329846,-0.013132098081144766
2016-11-10,-0.023797209945315076,-0.014880711084557241,-0.2236421673005702,-0.027125340097701716
2016-11-11,-0.0042578842333282725,-0.005637928474722109,-0.2218026124973851,-0.005508516272890067
2016-11-14,0.0012789212861660205,-0.005999683282001733,-0.2216537293195301,-5.094098659301185e-05
2016-11-15,0.005728919194900189,0.004933685155754652,-0.22164747708377408,0.006822457638317225
2016-11-16,-0.004200201705151201,0.008982350917673187,-0.22150877424977658,-0.0022105415715428594
2016-11-17,0.0017658336661766725,-0.01482307361708557,-0.22160151530293962,-0.0015189881993308728
2016-11-18,0.006878827570708903,-0.0028924799827168,-0.22148805449539047,0.006238170110759664
2016-11-21,0.00044501453369133795,0.0024792758080671717,-0.22157249333329115,0.000994348128760634
2016-11-22,-0.0006147483340247317,-0.0003297440332961088,-0.22156437381547703,-0.0006878084150185247
2016-11-23,0.002406859476238862,-0.003888571216784875,-0.22156217390609476,0.0015452990348421235
2016-11-24,-0.006628971673069682,0.0,-0.22158726942625176,-0.006628973375268702
2016-11-25,-0.00011729171024475542,0.0014911276548410513,-0.22157999702824258,0.00021311185780562418
2016-11-28,0.0010942820828413798,0.007339255849519333,-0.22157978677807086,0.002720512814826566
2016-11-29,-0.0022064600937246586,0.004181307312860483,-0.221499562511891,-0.0012803077947140056
2016-11-30,0.01160257891152354,-0.016332762699564185,-0.2215250278422538,0.007984461472478856
2016-12-01,-0.013104881626553168,-0.010595683308390669,-0.22209912030871892,-0.015458212508419663
2016-12-02,-0.0016663943203696833,0.007300444811720652,-0.22134818804844922,-5.050502418179177e-05
2016-12-05,0.0030969710768712745,-0.0010873255604266774,-0.22135517014434916,0.0028562854688535403
2016-12-06,0.01642919438321557,-0.0007533652955995507,-0.22137092318016416,0.016262420143727283
2016-12-07,0.0070105569656437605,0.008507844884915627,-0.22144151005733742,0.008894542196469889
2016-12-08,0.005890033221663541,-0.011864348388813006,-0.22112218124212007,0.0032665409672224
2016-12-09,0.0002158088587849475,-0.012517346495305226,-0.22128739634273673,-0.0025541333626230606
2016-12-12,-0.0005748722824717627,0.0018707199736587299,-0.22113288890439203,-0.00016120505041961034
2016-12-13,0.0001615776185285465,0.0035616857168134786,-0.2211353915008104,0.0009491922141708274
2016-12-14,0.005584687139823213,-0.01123624686853475,-0.221124105878417,0.0031000813320990785
2016-12-15,0.010916560908083309,0.005037839957669377,-0.22127196976643937,0.012031283649454784
2016-12-16,-0.006540752310527333,-0.0023021381562635668,-0.2210200349013332,-0.007049588054612004
2016-12-19,0.0014788879169292985,0.010698456612766805,-0.22093903640434392,0.003842589117936816
2016-12-20,0.003535953183223626,-0.0049950081555634185,-0.22076990243117803,0.0024331942479224942
2016-12-21,-0.0037611018734112767,0.004403876614592406,-0.22082174926967216,-0.002788633652518024
2016-12-22,0.0026220747555384823,-0.0017881488458160177,-0.22087664997667564,0.0022271107049659004
2016-12-23,0.00010381098880414812,0.00203474669889836,-0.22089484628462322,0.0005532748138517114
2016-12-26,0.0002173595431886223,0.0,-0.22089194064383186,0.00021735934610249386
2016-12-27,0.0021362094121436604,-0.0032237981605467425,-0.2208919699074957,0.00142409828389141
2016-12-28,-0.0006284728323132758,0.007281511888170833,-0.2209108244959464,0.0009800906835954672
2016-12-29,-0.0021637564683340857,0.003537117675418422,-0.22088619832762882,-0.001382457662336899
2016-12-30,-0.0038905503769145816,0.00151242651577288,-0.22090913576745522,-0.003556443098222432
2017-01-02,0.0046285972208751055,0.0,-0.22093027521097397,0.004628595787012016
2017-01-03,0.0008683784234579893,0.004272036829516601,-0.22093488030785552,0.0018122200566997942
2017-01-04,0.006344118446966746,0.0038372121168093187,-0.22090594700334037,0.007191779460971872
2017-01-05,-0.005740365352506925,0.015532168804302415,-0.22079462187673332,-0.0023109535654851393
2017-01-06,0.0017856198126140186,-0.0092241781318263,-0.22096351532345104,-0.00025259846920386075
2017-01-09,-0.005667670101149314,0.007994220116803064,-0.22094496942453254,-0.003901388639815349
2017-01-10,-0.005906155240938617,-0.0006569465629260307,-0.22108486257692556,-0.006051405670308172
2017-01-11,-0.007252116756732212,0.003361789925239833,-0.22106010035650703,-0.0065089608180729
2017-01-12,0.011486118669022296,-0.0022125621182196298,-0.22115216008132701,0.010996799532963236
2017-01-13,-0.0027251223305851326,-0.004769876094455228,-0.2212692279637647,-0.0037805570720620546
2017-01-16,-0.0034292091139710218,0.0,-0.22118152852510017,-0.0034292150625187165
2017-01-17,-0.006482017117333172,0.010414629189610558,-0.2211776862008358,-0.004178533791155667
2017-01-18,0.004493450897153539,-0.012890843922528816,-0.22137329060236946,0.0016397490917699274
2017-01-19,-0.003138839270539627,-0.006882431999745364,-0.22145744002622583,-0.0046630107501122635
2017-01-20,0.0022479945363656404,-0.001999239642374029,-0.22130548773781378,0.0018055415254638867
2017-01-23,-0.006626314638000324,0.009955294659678593,-0.22132145453813834,-0.004422995426573404
2017-01-24,0.0043187583464113595,-0.0068750213825703455,-0.22151840523812494,0.0027958012148367067
2017-01-25,-0.0065399217765327745,-0.012629986647548108,-0.22160019536891223,-0.00933873483286262
2017-01-26,0.0007544079015489084,0.0033611511807265515,-0.2210617751936283,0.0014973934278600359
2017-01-27,0.0005045628550220179,0.0036009488046984117,-0.22104364711266272,0.001300528482272558
2017-01-30,0.0042742366308935326,-0.003013877339574478,-0.22102705934169675,0.0036080870601822084
2017-01-31,-0.007105375541458263,0.006934761160708902,-0.2210759912955804,-0.0055722696624521725
2017-02-01,0.004002370186716025,-0.006187428555792351,-0.22124538309213068,0.0026334186958922494
2017-02-02,0.006594546229680857,-0.000420008346850409,-0.2213146273746047,0.006501587542146841
2017-02-03,0.006286017413026334,-0.00042018482798766854,-0.22133277120043435,0.006193015509957511
2017-02-06,0.0018080405673561017,0.006032273408159483,-0.22135002003714097,0.003143283237153819
2017-02-07,-0.00011513643114721413,0.007323897849220273,-0.2212746758006948,0.0015054515805272544
2017-02-08,-0.003418113438567272,0.013507029208185806,-0.22123361347649156,-0.0004299073447159916
2017-02-09,0.009930236011348383,-0.011602177305682027,-0.22126950875246382,0.007363025503727637
2017-02-10,0.0029641809989250836,-0.0005794045314599927,-0.22164224666162136,0.0028357351944812335
2017-02-13,0.0049049126637803675,-0.0031515463890396944,-0.2216517379470716,0.004206366285646398
2017-02-14,0.009168099024664712,-0.007253159823772393,-0.2217114244408008,0.007559986579976095
2017-02-15,0.004288585908583057,-0.004613306541710216,-0.22195332811316149,0.0032646307600084174
2017-02-16,-0.015290397130168784,0.00544932320527014,-0.2220185446364394,-0.014080550746439652
2017-02-17,0.0068164031574486335,0.005918590394970558,-0.22234496754956204,0.008132349805882988
2017-02-20,0.002525721451393841,0.0,-0.2221471542975485,0.002525708033958311
2017-02-21,0.005300625693179485,-0.0017471895471921073,-0.22214956930350574,0.004912488123972214
2017-02-22,0.006714650446475444,0.0016641713835356953,-0.2221905714407777,0.007084410856032857
2017-02-23,0.002439859301408878,0.0029878427348615233,-0.22214745242072612,0.0031035980284807485
2017-02-24,-0.006657782029146223,0.01104341733231351,-0.2221124332582686,-0.004204904109287302
2017-02-27,-0.0010847210051681266,-0.005918717260615658,-0.2223209030515127,-0.0024005897117107097
2017-02-28,-0.005383857242527093,0.0037030105338455854,-0.22225079771866266,-0.004560864952579909
2017-03-01,0.00767693547995469,-0.016866699670543994,-0.22232296823381215,0.003927075849651642
2017-03-02,-0.005737952502200404,-0.0036057439222272336,-0.222602087139242,-0.0065406175572782655
2017-03-03,0.0011637577381420304,0.0026009760755245637,-0.22248897714388288,0.0017424385726459357
2017-03-06,0.0034330074669228746,-0.004787226760891272,-0.22247294533657197,0.0023679779420150825
2017-03-07,0.010861411429292332,-0.0030354880651444205,-0.22252063284068638,0.01018594946946986
2017-03-08,-0.015032405071470228,-0.005419012925210076,-0.22266329021501816,-0.01623902999539374
2017-03-09,-0.012314247879007102,-0.00801332602982896,-0.2222573935059965,-0.014095296367197382
2017-03-10,0.010877399464749346,0.003502880211198267,-0.2217428471771663,0.011654103195040918
2017-03-13,-0.0036394853989128078,-0.006330915316180352,-0.22157858598502084,-0.005042291804302529
2017-03-14,-0.0003802364118261401,0.0047951212125827425,-0.22142865001032683,0.0006815306349346814
2017-03-15,0.010557120890667128,0.012140867655731746,-0.22141883619737276,0.013245337011766419
2017-03-16,0.0031427313766264117,-0.005076473360675848,-0.22073970976181076,0.0020221060560460147
2017-03-17,0.008119589424523071,0.006257106114163413,-0.22078202202875238,0.009501043094466243
2017-03-20,0.006195252943362182,0.004289211877601673,-0.22053715339410584,0.00714116691200697
2017-03-21,-0.012797921422766796,0.008274724179855752,-0.22041417872828875,-0.010974063229684803
2017-03-22,0.003615695903824333,0.003987278194075294,-0.22080637423192637,0.004496085742761702
2017-03-23,-0.0002519072224549824,-0.0014100866923572042,-0.22073600627769963,-0.0005631689004051443
2017-03-24,0.011386492182258708,0.003563608132675533,-0.22073052875454477,0.012173088918124351
2017-03-27,-0.01981369291581725,0.004539495473493638,-0.22055668162423214,-0.018812488649777522
2017-03-28,-0.0022182843361719926,-0.006693016913811967,-0.22091360029945195,-0.003696887008832797
2017-03-29,0.01623011834146306,0.005951556704204997,-0.22079590880087221,0.017544189729874794
2017-03-30,0.001864877881469094,-0.00810913839840044,-0.22036350019923862,7.78904306409198e-05
2017-03-31,0.004913149901659128,0.0029034662537812395,-0.22035899536025835,0.005552954502846952
2017-04-03,-0.005923293200551006,0.010011596367037079,-0.22029674076749928,-0.0037177753736673293
2017-04-04,0.002369951249832079,-0.005439483966231506,-0.22046377901727743,0.0011707307287287375
2017-04-05,-0.003931861081802157,0.0030533592746975202,-0.22048773943455316,-0.003258634422848928
2017-04-06,0.002224647147001702,-0.0014844737963928267,-0.22053020338482712,0.0018972729584849507
2017-04-07,0.004072075725715117,-0.004051033915065005,-0.22054293138898287,0.003178647967605243
2017-04-10,-0.0013043242218592835,0.004628332592370832,-0.22059853946938304,-0.00028332458363310446
2017-04-11,-0.001418547369423932,0.00943843522656529,-0.22060784608408257,0.0006636448650562584
2017-04-12,0.005181544001016293,0.005458396757002326,-0.2205893904540202,0.006385607162676395
2017-04-13,0.0030622044554571666,0.0030824125579220762,-0.22044896771071892,0.0037417095972034587
2017-04-14,-0.0021678063912033982,0.0,-0.22040525987584933,-0.002167809355853393
2017-04-17,0.001419609319151107,-0.0030824125579220762,-0.22040273421648607,0.0007402369920894047
2017-04-18,-0.005745173454655055,0.012994683868087442,-0.2204104719195408,-0.002881009575683772
2017-04-19,-0.0077165625632809945,-0.005467944983354123,-0.22058171728957407,-0.008922702873122131
2017-04-20,0.008187888928687628,-0.003877638527480798,-0.22035479897168356,0.007333417278882516
2017-04-21,-0.003758917308856445,0.0,-0.2204826953328204,-0.003758925983913159
2017-04-24,-0.002889701763916964,-0.004949926978434327,-0.22047848863030214,-0.003981054468288107
2017-04-25,-0.009847160774679993,-0.012112387668210545,-0.2203839946059478,-0.012516543562632343
2017-04-26,-0.011242844571880073,0.005501293026003218,-0.21970120709115498,-0.010034250166162871
2017-04-27,0.00334543024368899,-0.0003276304288757359,-0.21993520617437579,0.0032733569058881642
2017-04-28,0.0044121144909766395,0.0022092809717637607,-0.21994279593077093,0.004898029410098943
2017-05-01,0.0006260163082578986,-0.008332042475731605,-0.2199025185171678,-0.0012062235485161355
2017-05-02,-0.0010805372351174831,0.005107407954040077,-0.21985034328607017,4.2324617896912574e-05
2017-05-03,0.003082433386418852,0.0006575532836272657,-0.21985356299061945,0.0032269986002917916
2017-05-04,-0.020559638668432117,-0.004939606767932148,-0.21984804172860828,-0.021645601917771956
2017-05-05,0.0084151338890338,0.0009076842799675688,-0.21935688806159664,0.008614207373666014
2017-05-08,-0.0020674034647638877,-0.0054567543902726,-0.21933232597072988,-0.0032642477634505203
2017-05-09,0.004987600063709328,-8.288098995024029e-05,-0.2192469203920863,0.004969422868945768
2017-05-10,0.013098653292893659,-0.0011610557098329366,-0.21925351063150916,0.012844087305465995
2017-05-11,0.006572373403703232,0.0,-0.21933018444466934,0.0065723682030104855
2017-05-12,-0.004474532843884824,0.007524617015829627,-0.2193366621733451,-0.00282410890287656
2017-05-15,0.008390451439508615,-0.0027221173461207115,-0.21943231683549994,0.007793124435410287
2017-05-16,-0.005369636929496793,0.0037105126235079666,-0.21952988052467115,-0.004555075154200775
2017-05-17,-0.022128384934287818,0.01446148482194154,-0.2196016051593704,-0.018952624519397495
2017-05-18,-0.020179409604803147,0.0011347000797963247,-0.22078303705042185,-0.01992896721015194
2017-05-19,0.01081538312551637,0.0023469313932560354,-0.2208609073971126,0.011333723240777487
2017-05-22,-0.0028733563676508985,-0.0027520336329063255,-0.22075915008707928,-0.0034808998755385978
2017-05-23,0.005720114584624233,-0.006750504979271987,-0.22071149426186504,0.00423019731118951
2017-05-24,0.0011401107668995323,0.005615344875762318,-0.2208341022200603,0.002380162094843832
2017-05-25,-0.0006416943705961014,0.00032446296808341657,-0.2207830102130421,-0.0005700619253095177
2017-05-26,0.0029074077003950457,0.0017022757134332878,-0.2207832825228592,0.003283241701695341
2017-05-29,0.002318861357823287,0.0,-0.22076368639517283,0.0023188600286414593
2017-05-30,-0.005215883529493733,0.004927821850630565,-0.22076592269720524,-0.004127988543437509
2017-05-31,-0.00018554260566885084,0.0024950182021195033,-0.22085363299526098,0.00036548527937427163
2017-06-01,0.0035316468683850334,0.00010413064783687531,-0.22085190824626785,0.0035546442036790728
2017-06-02,-0.007552315998751901,0.011771294781226516,-0.22085396076608987,-0.004952579062192779
2017-06-05,0.003999985755015244,-0.006228997761853705,-0.22111075805058095,0.002622669919744721
2017-06-06,0.00035656709557942254,0.005432271904729724,-0.22117906825324574,0.0015580673005667455
2017-06-07,0.0006548067100945976,-0.004791481916482709,-0.22114832443839819,-0.00040482357262851054
2017-06-08,0.0032488019877165387,-0.0026451339664328444,-0.22113534981164043,0.002663868482697395
2017-06-09,-0.0001526026124346321,-0.0015259476080284884,-0.2211663361220061,-0.0004900929557806838
2017-06-12,0.0013633868089592727,-0.0003219653242920728,-0.22116111618213988,0.0012921802444046354
2017-06-13,0.00014928081621736627,0.0001609956198551643,-0.22116382168255885,0.00018488703926783975
2017-06-14,0.005509255813006592,0.015318333142122498,-0.22116381963928744,0.0088971168810869
2017-06-15,0.002099314976839202,-0.0015843840751914584,-0.2205960872747391,0.0017497675405064902
2017-06-16,-0.0009405632354638276,0.0019803661966566466,-0.2206084385050629,-0.0005036785789203273
2017-06-19,0.0005543732374993185,-0.0014256018653595603,-0.2206136635990614,0.0002398656327368337
2017-06-20,-0.003161856318915031,0.00891631094079326,-0.2206139960447829,-0.0011947933548382068
2017-06-21,-0.0029630761827589497,0.002040480046946236,-0.2206660450395971,-0.0025128150512379772
2017-06-22,0.0035739885404529395,0.002192413260775794,-0.2206869632028094,0.0040578241462052075
2017-06-23,-0.0007114451218122775,-0.00046943763992857157,-0.2206545590045054,-0.0008150308751687217
2017-06-26,0.005093177178180374,0.0037493451569199365,-0.22065140062025887,0.005920475224234128
2017-06-27,-0.011436960465465263,-0.010738857935982615,-0.2205648500045108,-0.013805580925959434
2017-06-28,0.0014521293436843058,-0.0033153785482866738,-0.21989958563371856,0.000723033850613121
2017-06-29,-0.008014340965220738,-0.008416403414998719,-0.21990779840783634,-0.009865174267787918
2017-06-30,-5.7230113193713916e-05,-0.002315233897939528,-0.21953132046508958,-0.0005655220040410389
2017-07-03,0.0010960652749273634,-0.0032209534178377908,-0.21952299703728423,0.00038899136275800673
2017-07-04,0.001579224407657939,0.0,-0.21952603278443006,0.0015792242017468527
2017-07-05,-0.010374827921610822,0.0002410728429040887,-0.21952750359122147,-0.01032190590198751
2017-07-06,-0.007165344614565011,-0.008308189299058633,-0.21952735453672587,-0.008989219442487874
2017-07-07,0.0071381577717786054,-0.0060120621324815104,-0.21918859996602966,0.005820359312735139
2017-07-10,0.005797894185814652,0.0014654769261142064,-0.21934090174213788,0.006119322885824111
2017-07-11,-0.004188866283956547,0.001707677552292175,-0.21930945255173348,-0.003814358587989315
2017-07-12,0.013470828928368348,0.006880317858851903,-0.21933480109038217,0.014979920358017273
2017-07-13,0.0019152914009517856,-0.006312118880556383,-0.21891061862177522,0.0005334727802071279
2017-07-14,0.0028273386643634596,0.0012167268140821363,-0.21892039983317774,0.0030937043215422365
2017-07-17,0.0010807678316938256,0.002753352595795455,-0.21890814805492662,0.0016834983183582155
2017-07-18,-0.0002984215300014156,0.00869493634772045,-0.21889193773108365,0.0016048288360727295
2017-07-19,0.0012088202542151951,0.00040063484019192686,-0.21884031585821306,0.001296491807736905
2017-07-20,-0.007428907856267259,0.002880626607859149,-0.21883956960668463,-0.006798512819823144
2017-07-21,-0.00552047299543473,0.004225398158370197,-0.2189190603309745,-0.004595458192840545
2017-07-24,-0.004376485469023804,-0.003906151264675195,-0.21900119016933478,-0.005231942815737513
2017-07-25,-0.0011664717022416978,-0.01310420062198503,-0.21890412653570712,-0.0040350418770558035
2017-07-26,0.0040640197498747945,0.0016168583074103182,-0.21866135389275274,0.004417547709448809
2017-07-27,0.005077718979693631,-0.0049404100847425525,-0.21863622406816424,0.003997564668891391
2017-07-28,-0.0045688571328834065,0.005909724455702481,-0.21872138398370586,-0.0032762797972646957
2017-07-31,-0.005993556322430044,0.0012097579556114013,-0.2188059785592117,-0.005728859787081252
2017-08-01,0.00026760898440039997,0.006978788447989714,-0.21883066354976222,0.0017947802168941148
2017-08-02,0.0026604574251361188,0.0005617024050899033,-0.21878384544897228,0.0027833456617040245
2017-08-03,-0.0036405511438662337,0.010290845517960001,-0.21878028399368188,-0.0013891172804810755
2017-08-04,0.003614501136082608,-0.008528666327484835,-0.2188483262833579,0.0017480121696564536
2017-08-07,0.001876328614576441,0.0011199246718609501,-0.21890746190059987,0.0021214844709154224
2017-08-08,0.0010191215412124783,-0.0036043506366771894,-0.2189001577586783,0.0002301281227950666
2017-08-09,-0.006701399288125535,0.005441867332564243,-0.21890091826764735,-0.0055101695835209205
2017-08-10,-0.0038223174497851037,0.008503033724636566,-0.2190283378395763,-0.0019599207492007695
2017-08-11,0.0009051713533813737,0.00047488874492884747,-0.21910445344693708,0.0010092164294567938
2017-08-14,0.00905172398930681,-0.005154454699221489,-0.21910364657398507,0.007922364113877743
2017-08-15,0.0018837990198259085,-0.004222762225149168,-0.21928358931878839,0.0009578043569549371
2017-08-16,0.0034679959459306443,0.003665839384624725,-0.2192984559737208,0.004271907854439136
2017-08-17,-0.005733603272512843,0.0074501569790133,-0.21923830651772466,-0.0041002475530081866
2017-08-18,0.002636122928208748,-0.00023700367798085153,-0.219371128039419,0.0025841221548961522
2017-08-21,-0.0023818797849939214,0.00244523118504425,-0.21937614067189654,-0.001845454744569192
2017-08-22,0.004841375286318069,-0.0038678807430381212,-0.2193953307619724,0.003992779009710574
2017-08-23,-0.0013715753253667334,0.006778789728431711,-0.219462754164043,0.00011611196508535344
2017-08-24,0.0032054727207003423,-0.003699396013452372,-0.21946472868202976,0.002393585644391449
2017-08-25,0.0011222233697284552,0.0038560112346290865,-0.2195022104890176,0.0019686238170540317
2017-08-28,-0.009020137996375075,-0.0006282575952774039,-0.21947458402462652,-0.009158026444628826
2017-08-29,0.003988825614047578,0.003216820693274336,-0.21943928878191518,0.004694720065084684
2017-08-30,0.008445890169434245,-0.0003129932512742073,-0.21938175782269712,0.008377221257527136
2017-08-31,-0.005119494511469361,0.0029730409272481495,-0.21940161629722538,-0.004467205873689815
2017-09-01,0.013592409138582218,-0.007665412371747671,-0.21945610993980602,0.011910183862155622
2017-09-04,-0.007256694632865651,0.0,-0.21985499403666944,-0.007256721688695324
2017-09-05,-0.0012840245589547518,0.01573350210186053,-0.2198470295130549,0.0021749386017526112
2017-09-06,0.008740347733571702,-0.006154063047853597,-0.21971500573080172,0.007388198780730098
2017-09-07,-0.006528129512023908,0.010184349724666752,-0.2199130296044257,-0.004288471741243184
2017-09-08,-0.005862167476192832,-0.0021678859824838526,-0.22010399752213383,-0.0063393408002344435
2017-09-11,0.01314807685637281,-0.012009759446224955,-0.22003608882831135,0.010505491753891386
2017-09-12,-0.0034300094445788355,-0.005270576917997261,-0.22057866084703595,-0.004592623045050972
2017-09-13,0.0028906326875676068,-0.003951479578935491,-0.22046539909816715,0.0020194604827608125
2017-09-14,0.0033819615440911187,0.00410895018291324,-0.22049832668124897,0.004287975950401649
2017-09-15,-0.00017706672995001284,0.0003946687297187168,-0.22043049980546528,-9.007430521612752e-05
2017-09-18,-0.009669878927823117,-0.0057709322759427195,-0.22043067748814973,-0.010941969451199404
2017-09-19,-0.0022301973236851886,-0.002461213321472755,-0.22014341776326443,-0.0027720367206011355
2017-09-20,0.011040727910400833,0.0007149911873662873,-0.22010906697505153,0.011198101623574663
2017-09-21,-0.004694260826173385,-0.0005557518516958737,-0.2200868857756153,-0.004816576025001304
2017-09-22,0.0039054703417108995,0.0028564483367556903,-0.2200696951607159,0.004534086890404277
2017-09-25,-0.007953026303715556,0.006240658744661509,-0.22002106783441588,-0.006579953201058141
2017-09-26,0.007055929316043124,-0.0018131433335852876,-0.22019501232125532,0.006656672398918282
2017-09-27,-0.006090923211102832,-0.015182089435850976,-0.22025213914169825,-0.009434814760833275
2017-09-28,-0.0016215459105085523,-0.002968138950811827,-0.21961635349942404,-0.0022734408881426938
2017-09-29,0.0004938300624426318,0.002246515905428126,-0.21958254315174436,0.000987123444872069
2017-10-02,0.006529416056808941,-0.0018259607327655303,-0.21957566829856245,0.006128479042311975
2017-10-03,-0.0021217424534834767,0.0009654860526184805,-0.21962823976653736,-0.00190969801708733
2017-10-04,0.0032488420832958217,8.008842214124456e-05,-0.21963475380706596,0.0032664318423360574
2017-10-05,-0.0022262320009800935,-0.003785160714505409,-0.21963686906923258,-0.0030575929927136158
2017-10-06,-0.005830543238458878,-0.002827725510398338,-0.21958092186777228,-0.006451461607652706
2017-10-09,-0.010155143999258365,0.0031503534809953493,-0.219493771752789,-0.009463666942647896
2017-10-10,-0.006556089087529254,0.0016121414393035494,-0.2196140451820362,-0.0062020483426406025
2017-10-11,0.004663405436356367,0.0019310333045696737,-0.21965156244482373,0.005087557374087169
2017-10-12,0.0019021582410282366,0.00425024877829383,-0.21961603524437223,0.0028355786167519863
2017-10-13,0.0034767083547237554,0.007177467060058618,-0.21957049189200062,0.005052665238488513
2017-10-16,-0.0003316801015974607,-0.0007155437218937521,-0.21942597299957087,-0.0004886987815407981
2017-10-17,0.003019995507281413,0.0012712321256262982,-0.21942320929847323,0.0032989331525911264
2017-10-18,-0.002411618786172187,-0.006612974423505058,-0.2194095174584389,-0.0038625692420995107
2017-10-19,-0.002172007619821551,0.0017568794512428099,-0.21929078498553914,-0.0017867481993147228
2017-10-20,0.0019664901714195665,-0.010670484013695969,-0.2193035563971809,-0.0003735857875327521
2017-10-23,-0.004066590883287759,0.0017731566320238201,-0.21927758685590312,-0.0036777791373828594
2017-10-24,-0.00015958668472046536,-0.006218723589655362,-0.2193029212450666,-0.0015233726527487115
2017-10-25,-0.0033502624526386016,-0.004791501721572722,-0.2192558636678848,-0.004400830492727182
2017-10-26,0.004132892874191639,-0.0033435203983991357,-0.21915740473024756,0.0034001289426642415
2017-10-27,0.00872891557498773,0.006594491374572797,-0.2192066628331898,0.01017446868117207
2017-10-30,-0.0055043251221960614,0.009529272446903825,-0.21893499599181093,-0.0034180523240641783
2017-10-31,0.004780152730831459,0.0003213833621629192,-0.2190779861251008,0.004850551051739057
2017-11-01,0.006990547077777231,0.004433938174624785,-0.21907634374363355,0.007961917930058585
2017-11-02,3.274114035706536e-05,0.004398828364593932,-0.21893698808775688,0.0009957979212893277
2017-11-03,-0.006503491064844049,0.0027097299149696497,-0.21892262557704276,-0.005910270851446105
2017-11-06,0.00785433826093979,0.003733915654513531,-0.21898688780385034,0.008672012470614048
2017-11-07,-0.00746400131714976,0.004193939386023082,-0.21886036294898265,-0.006546122802967805
2017-11-08,0.0046959383480690495,-0.0022133393594065964,-0.218973947049078,0.004211266988107488
2017-11-09,-0.0054583855778153525,-0.0028531758849359434,-0.2190162173253776,-0.006083280234640131
2017-11-10,-0.00730656485441229,-0.01519404221826992,-0.2189332665753855,-0.010633051776192282
2017-11-13,-0.0019813453546489177,0.0020925983465813758,-0.2182208688694541,-0.00152474504634474
2017-11-14,-0.010073735137400647,0.006732126045062792,-0.2182343612356723,-0.008604554825369348
2017-11-15,0.001133998746458896,0.010804264045843226,-0.2184776432361015,0.0034944723905690933
2017-11-16,0.00792229326034406,-0.008730032006226907,-0.21832826420830342,0.006016270393741389
2017-11-17,0.0032908849591151714,0.007385384226629377,-0.21855154375660765,0.004904956938296871
2017-11-20,0.0027709892869866005,-0.0003956023813049825,-0.21840775096167703,0.0026845769073179514
2017-11-21,0.002266996317071753,0.003160994248223581,-0.21841457313482338,0.0029574030637393193
2017-11-22,-0.0048249514777662095,0.003229778303432518,-0.21838009613675916,-0.004119634519895608
2017-11-23,-0.0004415397035034849,0.0,-0.21843481792706623,-0.00044154341521686124
2017-11-24,-0.010704556313310057,-0.0027564623710256697,-0.2184341634106682,-0.0113066619096931
2017-11-27,0.011404458768721232,-0.0014206204117810373,-0.2182872098662363,0.011094345535071935
2017-11-28,0.0065412216995272224,0.0013422069518238544,-0.21836466627226556,0.006834307018855471
2017-11-29,0.0014312076998230015,-0.00990801972177735,-0.2183335569341274,-0.0007320475983152087
2017-11-30,-0.001602182940105499,-0.0033512818898735475,-0.21829393549765846,-0.0023337501402825203
2017-12-01,-0.0014193381774962102,0.01337500043403761,-0.21825542288806735,0.001499825586098655
2017-12-04,0.016271550593312752,0.0004741704641180178,-0.2181818414601477,0.01637500098740007
2017-12-05,0.0024107655247463623,0.0049633536645083964,-0.21816602558142276,0.003493599594515073
2017-12-06,9.270247679131136e-06,0.003451976444645233,-0.21809969753237407,0.0007621407671931559
2017-12-07,-0.003485399403012108,-0.007862506544682013,-0.21809190479393858,-0.005200148960368714
2017-12-08,0.0022242626634497798,7.887161020558864e-05,-0.21790596082986657,0.002241436645097857
2017-12-11,0.0009900068282817994,-0.0020543327890667484,-0.2179074075415133,0.0005423523978600227
2017-12-12,-0.009038192009718789,-0.0003957805780485657,-0.2179108557908594,-0.009124437128077367
2017-12-13,0.003011048199561373,0.0074888156394354866,-0.2178855245886739,0.00464275100552259
2017-12-14,-0.002558975719394132,0.00423233926413058,-0.2177482419650725,-0.0016374005969455843
2017-12-15,0.016344199127855476,0.0037464394597446216,-0.2177791779051176,0.01716009353512226
2017-12-18,0.006873826568221491,-0.009157644771764062,-0.21752670782507944,0.004881777124845512
2017-12-19,-0.003786806016596738,-0.013058427603827916,-0.21771412637647483,-0.006629822886590036
2017-12-20,0.0027957700056460842,-0.011134633044265208,-0.2173285481470616,0.00037587021867698087
2017-12-21,-0.007109613337646475,0.005795676694998697,-0.21733739837027277,-0.005849996643260259
2017-12-22,-0.005352064195786934,0.0013633585264560821,-0.2174799521465967,-0.005055570717946209
2017-12-25,0.0011316786274587316,0.0,-0.21750499415211014,0.0011316769288895452
2017-12-26,0.0015030256976925676,0.002960769912177419,-0.2175059502657877,0.0021470107061070266
2017-12-27,-0.0007029542051660486,0.012941611592363955,-0.21748333357086674,0.0021116290916573586
2017-12-28,-0.008153983756212003,-0.0008682977620892984,-0.2173798097169403,-0.008342741180411414
2017-12-29,-0.0063287720537538944,0.0015781132289580668,-0.21733954730025462,-0.005985788369935018
2018-01-01,0.0003129111983592015,0.0,-0.21737447095711435,0.00031290882952946127
2018-01-02,-0.0017101220704484105,-0.010858296616029328,-0.21737460352746946,-0.004070440001333537
2018-01-03,0.010000721331274552,0.004769755255486174,-0.21717435256919704,0.011036576258016066
2018-01-04,0.0015307647435922672,-0.00015871738809725144,-0.21696602353111097,0.0014963143323228813
2018-01-05,0.005351183072406129,-0.002859576697552768,-0.21696824651140506,0.0047307455797911445
2018-01-08,0.0010641208391473356,-0.0006363897796255458,-0.2170279553559089,0.0009260024164865273
2018-01-09,0.0025701843325289042,-0.01346306976985101,-0.21703069316031603,-0.0003517152173895448
2018-01-10,-0.006479579693751762,-0.0012107310470241828,-0.21699927506349362,-0.006742309584304683
2018-01-11,-0.0023377925766844897,0.004110852983671975,-0.21695682502429348,-0.0014459178445405977
2018-01-12,-0.003080763911514286,0.0016880008215567344,-0.21698362297350163,-0.0027144971953433988
2018-01-15,-0.003951270179413248,0.0,-0.21700145291962686,-0.0039512713887971
2018-01-16,0.0023749719163081535,0.004167431084409756,-0.21699730357092772,0.003279292942997394
2018-01-17,0.0029135733370620693,-0.001360412866470817,-0.21694579240475617,0.002618433995807339
2018-01-18,0.0036473467655262965,-0.009333238780670605,-0.2169622622957606,0.001622385047992531
2018-01-19,0.0014861017514842282,-0.005267909184815345,-0.21702044707011323,0.00034285379846741746
2018-01-22,-0.0017313897384826703,0.0009746367466059169,-0.21702408908937415,-0.0015198703333912864
2018-01-23,-0.0037498882857156393,0.004293272438209428,-0.21702944949689634,-0.00281812209550086
2018-01-24,0.002362600973498212,-0.005430534829661937,-0.21708106450859857,0.0011837311908398664
2018-01-25,-0.004594986545355182,0.008175531241885636,-0.21710500335863017,-0.0028200394313704883
2018-01-26,-0.005000933324916693,-0.0037154557205605343,-0.21720597211742496,-0.00580795934515005
2018-01-29,-0.0024322312088931103,-0.006982750352126921,-0.21710586438667143,-0.003948234050075218
2018-01-30,-0.0073900583526477015,-0.005883678015936589,-0.2169798429019228,-0.008666706432117218
2018-01-31,0.003087903975134029,0.005883678015936589,-0.21675114365686268,0.004363182401601647
2018-02-01,-0.006881040857463721,-0.014571942882322553,-0.2166510801843332,-0.010038074810488583
2018-02-02,-0.003970820442710722,-0.009322439915245617,-0.21601238629521627,-0.005984626256736837
2018-02-05,-0.002239804603915201,0.009405444212912784,-0.21576411709111387,-0.00021046407726856584
2018-02-06,0.008292953439228588,-0.006232424426829475,-0.2157789648229595,0.006948126340966162
2018-02-07,0.00321329318202566,-0.009548842671153857,-0.21596357868007368,0.0011510784243738675
2018-02-08,-0.005978273006089716,-0.0010950290735758372,-0.2160038071732255,-0.0062148061835978876
2018-02-09,0.0037556870262026197,-0.006338834101998536,-0.21596838106885066,0.002386696884419822
2018-02-12,0.0016043356859039523,0.004399519794470841,-0.21602959497043553,0.0025547580131024075
2018-02-13,-0.010221222533068331,0.004463872222963516,-0.21598760247019347,-0.009257084322198052
2018-02-14,-0.0050856007106867065,-0.011154986064553007,-0.21615644078007926,-0.00749683424745184
2018-02-15,-0.004623358034199807,0.0033935825391600005,-0.21578889165189064,-0.0038910855497616076
2018-02-16,0.0073945541986698785,0.005405658333016206,-0.2158432552801446,0.008561325402780663
2018-02-19,0.0004418043699931922,0.0,-0.21565973873788993,0.000441791922286331
2018-02-20,0.005840491883138164,-0.004390234449638264,-0.21565998893718472,0.004893693953326811
2018-02-21,0.005981925052096752,-0.0123442271978087,-0.2157517001256067,0.0033186308267729044
2018-02-22,-0.004615163957183897,0.0029940089042082008,-0.21591810987146517,-0.003968714501022313
2018-02-23,0.012232817955446387,0.008842635237614083,-0.21596661176791304,0.014142528636988016
2018-02-26,-0.0013475663896061185,0.0003386122369617439,-0.21545922409988158,-0.0012746436752563285
2018-02-27,-0.00017325184763642473,-0.0014400409281005722,-0.21545997027063618,-0.0004835230738053403
2018-02-28,0.0017393942709711915,0.006336204306282234,-0.21545537297887524,0.003104563221222802
2018-03-01,-0.01144002352812312,0.006789405699834994,-0.2153799431787471,-0.009977726830588033
2018-03-02,-0.006495919011033271,-0.008162974302641679,-0.21566067881265497,-0.008256370632232429
2018-03-05,0.006130187613808262,-0.0027072379677832714,-0.21536345768136458,0.005547127324147483
2018-03-06,0.0007858954192705332,0.0009314399595394818,-0.2154295971025034,0.0009865506683217201
2018-03-07,-0.0022490706869460627,-0.001100885930052975,-0.21542714751888603,-0.0024862315687533684
2018-03-08,0.004432388659878455,0.005745697295899355,-0.2154124162610953,0.005670082198289436
2018-03-09,0.006035158360794685,-0.006593358095285495,-0.2152845567044686,0.004615701513497018
2018-03-12,-0.00519867005401465,0.005750555780177358,-0.21541177802838693,-0.003959941238024977
2018-03-13,-0.00530304209745269,0.005046770527750155,-0.21550798483469957,-0.004215429276686335
2018-03-14,0.0008053919478674301,0.008770591462575972,-0.21559707304806083,0.0026962997533525046
2018-03-15,-0.0015752068984354899,0.0,-0.21550636382700344,-0.001575213051133113
2018-03-16,-0.00210107325561868,-0.003582810268517811,-0.2155047302729975,-0.0028731859269569447
2018-03-19,-0.00801353892921146,-0.003176413983133841,-0.2154560393068421,-0.008697919807866158
2018-03-20,0.010059096386584825,-0.004027367902986079,-0.2153294375502414,0.009191876933981696
2018-03-21,0.0014696136114493428,0.0010921911742167723,-0.21549045795714994,0.0017049594659370787
2018-03-22,-0.0046469958383450576,0.009860704646710516,-0.21548482636933686,-0.0025221639916531728
2018-03-23,-0.0036806616039523382,-0.0007485843931007707,-0.21559391064928507,-0.0038420592397677743
2018-03-26,0.0029444796530161007,-0.00383545023244114,-0.21557755419029045,0.002117641563248871
2018-03-27,-0.0001425466569972407,0.010635837989260821,-0.21561074785614084,0.0021506520744575125
2018-03-28,0.015084864629723964,0.002641662076852569,-0.21552415682793385,0.015654200748096397
2018-03-29,0.006857708193336227,0.004851867922647912,-0.2153670257201927,0.007902629899009622
2018-03-30,-0.004032461114103993,0.0,-0.21521697681571744,-0.004032471291741141
2018-04-02,0.0001801928989034529,0.0019700831873832314,-0.21521297596916594,0.0006041800931943971
2018-04-03,0.00324137580295855,-0.00774212626983406,-0.21520985204655182,0.001575193742009917
2018-04-04,0.00021955880188481236,-0.0020692190231814678,-0.21525658660272654,-0.00022585739192752742
2018-04-05,-3.257200913625406e-05,-0.007485531802840839,-0.21525270081874698,-0.0016438532103304336
2018-04-06,-0.010030353983338737,0.010876739323079754,-0.2151937944967717,-0.007689751172198096
2018-04-09,-0.015871496121898424,0.001649889946353511,-0.21554527236534798,-0.015515893984360898
2018-04-10,-0.0008458006693375687,-0.0018152560835531517,-0.21563905222815355,-0.0012372471317219289
2018-04-11,-0.0005454626785247733,0.0035451122261376256,-0.21562702427026367,0.00021895850565946154
2018-04-12,0.00826650749309885,-0.0073515366037959495,-0.21562632201982315,0.006681322646395422
2018-04-13,0.005396764148857465,0.002318604770880306,-0.21583314974825007,0.005897181890701233
2018-04-16,-0.009489809316332051,0.0003311972469202118,-0.2157828444513286,-0.009418346044465087
2018-04-17,0.003193077050954782,0.0027245116783705114,-0.2157871799621316,0.003780991448731753
2018-04-18,0.01208268860034421,-0.008030583823324555,-0.2157493219056229,0.010350093018089125
2018-04-19,-0.007391637863168329,-0.008179790945948007,-0.21610140158843102,-0.009159326032430479
2018-04-20,-0.004200927265602453,-0.007233675103914372,-0.2157729451546697,-0.0057617809258718585
2018-04-23,-0.006056806860084059,0.0002532338145719848,-0.2155877951757385,-0.006002225298837454
2018-04-24,0.003132528812122489,-0.004567465836082363,-0.21558876206763475,0.002147834441152161
2018-04-25,0.0030655497561477185,-0.006720507722055125,-0.21562844134297576,0.0016164144596099038
2018-04-26,0.015431024389824358,0.006974836266905093,-0.21567050687683226,0.016935288009636004
2018-04-27,0.00628538363147346,0.007683281771295292,-0.2151958498597844,0.00793876178654361
2018-04-30,0.0007640323180562987,0.0017648907076148745,-0.21495314074372435,0.0011433846560594122
2018-05-01,0.002198482734287483,-0.0035995819389960104,-0.2149468760069164,0.0014247634166397911
2018-05-02,0.0003799532276173018,-0.0010982531454519773,-0.21496680830683979,0.00014386390224255556
2018-05-03,-0.0064693058378526135,0.004470748246447442,-0.2149666249841793,-0.005508244188594425
2018-05-04,-0.0015317239591257467,0.001514093132825245,-0.21506785192625155,-0.0012060980675347522
2018-05-07,-0.007150101521162786,-0.0015978913779077786,-0.21507534887830343,-0.007493769075245197
2018-05-08,-0.004284108428951112,-0.0009268722773914106,-0.21501710488498182,-0.004483405773254143
2018-05-09,-0.0036623985229676417,-0.005999434299215345,-0.2149948286102386,-0.004952247382858818
2018-05-10,0.0026814300783110498,0.008019754920483457,-0.21486162496015873,0.004404558617264599
2018-05-11,-0.007584936107683087,0.0025190985278484845,-0.2147233429812003,-0.007044036229985149
2018-05-14,-0.0018936112243978943,-0.005297514017878591,-0.21479280109472937,-0.00303148381039713
2018-05-15,-0.007660432836949034,-0.01144854558092323,-0.21471902234605753,-0.010118658355693142
2018-05-16,0.005246449262011694,-0.0038452988292183576,-0.21421764101071375,0.004422684409740904
2018-05-17,0.0001510413228921364,-0.005064107625512904,-0.2142898655449595,-0.0009341505181877241
2018-05-18,-0.011985512294798854,0.008568538691136496,-0.21426565774713383,-0.010149570358196608
2018-05-21,-0.007690919876245619,0.0005118435674216215,-0.21462582511721656,-0.007581089457977364
2018-05-22,-0.002125647995243009,-0.0015363173248861273,-0.21463554081656472,-0.00245539695414003
2018-05-23,0.0060801393997472674,0.0072332073911720585,-0.21461646273403062,0.007632503490218813
2018-05-24,-0.005612902587117719,0.00793872405543894,-0.2143972165446519,-0.003910877117921494
2018-05-25,0.00681629013805432,0.006205011481066336,-0.21452850363621545,0.008147433061087127
2018-05-28,0.020164958572344713,0.0,-0.21432874808950678,0.020164945023165664
2018-05-29,-0.00013697406974986582,0.021666711800784277,-0.21434696172632312,0.0045072185399389845
2018-05-30,-0.0007918679004509559,-0.00673073421959991,-0.2139591292111436,-0.0022319962392423464
2018-05-31,-0.004546725605885486,-0.0016485791745095568,-0.21388955250598105,-0.004899344187096441
2018-06-01,0.0011336981579123774,-0.005287755926081772,-0.21385004220171625,2.9086500308851414e-06
2018-06-04,0.001827349941961833,-0.007258333037178488,-0.2138462899700839,0.0002751820960845529
2018-06-05,-0.010116002734649687,0.0023413814299377833,-0.2138496797278816,-0.009615299295659886
2018-06-06,0.008523095908295038,-0.008135567979088876,-0.213936175532607,0.0067825977421565745
2018-06-07,-0.011315867033879969,0.00963821934316389,-0.2141663956495148,-0.009251699952229415
2018-06-08,-0.0005847840903121926,-0.0030069910111576448,-0.21453565023932303,-0.0012299159082504586
2018-06-11,-0.005866635631587596,-0.0018424176439513218,-0.21451696271938692,-0.006261866736180697
2018-06-12,-0.002217237260879855,0.00025143874183441994,-0.21446189114657693,-0.0021633169682372328
2018-06-13,-0.0037035690128256367,-0.0005029407210113135,-0.214462222314857,-0.0038114308200091064
2018-06-14,0.010959994817411688,0.008265778931785484,-0.2144503255341951,0.01273259299318242
2018-06-15,0.0020495855625706056,0.0009137107622665397,-0.21402925537289844,0.0022451178359609142
2018-06-18,1.0148896169581006e-05,-0.0009137107622665397,-0.21402323984559127,-0.00018540684947848792
2018-06-19,-0.005109272837021476,0.005803362965560055,-0.2140216002555713,-0.003867227919479819
2018-06-20,0.00706614588653689,-0.00880140929541895,-0.21411518571298832,0.0051816241529229565
2018-06-21,-0.00010420946796212073,0.005240128940372735,-0.21430355987008617,0.0010187560409449716
2018-06-22,0.003639743141301285,-8.297156410108641e-05,-0.21428568268839251,0.003621962310456376
2018-06-25,-0.006493891953244794,0.002237819384476758,-0.21429004163726265,-0.006014349839830868
2018-06-26,0.007567076017815519,0.001406432534670543,-0.2143418735636676,0.007868529886640326
2018-06-27,-0.0014204648952527593,0.009379484208857036,-0.21430388167005643,0.0005895924018237443
2018-06-28,0.01004954651230388,0.00024567392463126225,-0.21428770283227944,0.010102190315867749
2018-06-29,-0.003669607329971903,-0.0034449394857238858,-0.21428681857455273,-0.004407812512527671
2018-07-02,-0.001986524780190165,-0.0007808610078603451,-0.21421704094618124,-0.002153803247617068
2018-07-03,0.00043074838522172475,0.005341791025679221,-0.21420736066126198,0.0015749986854343753
2018-07-04,-0.0004316544390026237,0.0,-0.2141773821689925,-0.0004316564724077834
2018-07-05,0.0029167742338392735,0.0028647023445023123,-0.21417682462747045,0.0035303270476702764
2018-07-06,-0.001725257771117537,0.0032641667790151985,-0.21413991280663072,-0.001026271885357439
2018-07-09,-0.001673945268679206,-0.0064566427284624694,-0.2141549821259702,-0.003056668498920711
2018-07-10,0.005977861995169362,-8.182008216817138e-05,-0.21406548936234424,0.00596034106905359
2018-07-11,0.0009193355340167751,0.0038466996593617964,-0.21407285161857478,0.0017428090000435488
2018-07-12,0.012091502119241504,-8.207093445644631e-05,-0.214049145142499,0.012073933297898229
2018-07-13,0.0016978063877191758,0.002529376900571201,-0.21406433939773434,0.0022392547524197376
2018-07-16,-0.0037579731771938294,-0.004164382240782416,-0.21404455291361377,-0.004649337854176971
2018-07-17,0.007195629011754913,-0.0018836229222722878,-0.2139566155058555,0.006792609461727432
2018-07-18,-0.0007855885551869391,-0.004025417745657123,-0.21401459001530007,-0.0016470906160054742
2018-07-19,-0.011131972216937708,0.006318322194469594,-0.2139824604749121,-0.009779964267000032
2018-07-20,-0.006620070827801277,-0.012345113618959402,-0.2142344232515736,-0.009264836214267004
2018-07-23,0.004732150778791179,-0.012415183804996843,-0.21374230281915535,0.002078467422449631
2018-07-24,-0.003969787797066922,0.0034316968504608525,-0.21384250827379983,-0.003235951931744827
2018-07-25,0.00873128608345059,-0.0015888205266474387,-0.21388789287615928,0.008391453530464459
2018-07-26,0.0028235602546252256,-0.001926541836021478,-0.21394948315312237,0.002411373446940978
2018-07-27,0.004053899504119153,0.0016754144069821564,-0.2139694113290307,0.004412385586809043
2018-07-30,-0.003910342323968452,-0.0034380276830194845,-0.21394372092343023,-0.004645888501660786
2018-07-31,0.0028724454039615577,0.005445283509846632,-0.21387074179347948,0.004037027277401441
2018-08-01,0.002046365686988732,-0.008163830127356775,-0.2137868568353846,0.000301040414507055
2018-08-02,-0.0032328319070378626,0.0014340647717689947,-0.2137913944322331,-0.0029262415075549768
2018-08-03,0.006696537172622421,0.004961053485047273,-0.21380706078956307,0.007757244374049978
2018-08-06,-0.012871311379687783,0.0005872506176372028,-0.2136577723899487,-0.012745850846941811
2018-08-07,0.005395103979990545,-0.0052109391496344415,-0.21367767173753793,0.004281641285181802
2018-08-08,-0.0064038971855396865,0.001010838455888674,-0.21377019042301057,-0.006187816331768886
2018-08-09,-0.014716025580780825,0.00838263429947439,-0.21379118549440118,-0.012923893680400667
2018-08-10,-0.03613449828208676,0.007236346785217229,-0.21423419352888998,-0.03458425541316378
2018-08-13,-0.03637328601818787,-0.002074001732352393,-0.21524445248238108,-0.036819771910168185
2018-08-14,0.03162727624734878,-0.0022446049489595055,-0.21489327854951937,0.031144901911111904
2018-08-15,0.002227376768754354,0.0058094998046298585,-0.2152096059001864,0.0034776154760813188
2018-08-16,0.0035312003663795985,-8.295722769613434e-05,-0.21513251821817247,0.0035133483403159567
2018-08-17,-0.00938096780888278,0.001240818106390762,-0.2151367321848675,-0.009114022542066362
2018-08-20,-0.010312005543529033,0.006672822295524128,-0.21517592093414634,-0.008876177518985565
2018-08-21,-0.008579755376329292,-0.0033718559638238332,-0.21541703873713472,-0.009306126957835632
2018-08-22,0.007280219357229277,0.0039467180505408095,-0.21527640778166438,0.008129845102847788
2018-08-23,-0.0050785578944646595,0.001557798194949278,-0.21515318318049606,-0.004743401012245332
2018-08-24,0.00548574286295131,0.001964752317006102,-0.21518021307161464,0.00590851685175255
2018-08-27,-0.006109661335507868,-0.005740977918748058,-0.2151386243091296,-0.007344770248052273
2018-08-28,-0.014499070284932431,-0.006021788259627847,-0.2149537254683448,-0.01579348864678749
2018-08-29,-0.0089895879147136,0.0013233440750548553,-0.21454198499240285,-0.008705702977885836
2018-08-30,-0.02001841477508763,0.0021456517991671475,-0.21458240104918355,-0.01955799840157948
2018-08-31,0.012585988720894281,-0.0023524674170189996,-0.21473939127103334,0.012080810651320304
2018-09-03,-0.00819960235916891,0.0,-0.21486665600396077,-0.008199610991383041
2018-09-04,-0.006960453934108378,-0.005741382949173257,-0.2148591015712795,-0.00819404282875251
2018-09-05,-0.002938384976315435,-0.0026693783057565312,-0.2146538407620797,-0.0035113912046874445
2018-09-06,-0.0010781570440928682,0.0036687733131000044,-0.21461040573098494,-0.00029080306097950824
2018-09-07,0.006524909622412093,-0.008525722487686238,-0.21461633311656003,0.004695149922888025
2018-09-10,-0.0024654337952696127,0.003686602816418194,-0.21478164369623517,-0.0016736303955224075
2018-09-11,0.00034048560296946935,-0.007639674738320501,-0.21480748338547695,-0.0013005754541278761
2018-09-12,0.0022140904726584837,0.0023572435988565843,-0.2147611805986395,0.002720331750245037
2018-09-13,0.002772256227256806,0.0015118707575494383,-0.21473816203395496,0.003096911013644233
2018-09-14,0.0029335391756754947,-0.004796696745845708,-0.21472220846562354,0.0019035807749562372
2018-09-17,-0.00986283974716931,0.0,-0.21475902721089948,-0.009862842244540624
2018-09-18,0.0004879787355214904,-0.010514597795260094,-0.21475026072854217,-0.001770034477086349
2018-09-19,0.0051266871459398015,-0.005984669975329204,-0.21466631948265413,0.0038419743753835465
2018-09-20,-0.0014493402905837146,0.0046196341749427106,-0.2147614900838445,-0.00045722722683845085
2018-09-21,0.0014728644539865796,-0.0004263750805959532,-0.21477209091020258,0.0013812902673736485
2018-09-24,-0.0014710314882424227,-0.002565570309061016,-0.21477538604298363,-0.0020220530652963224
2018-09-25,-0.00047962904260132706,-0.0010280739673333983,-0.2147507923785263,-0.0007004104098686599
2018-09-26,0.0041495748746775965,0.007003618744656492,-0.2147465880355515,0.005653577818818871
2018-09-27,0.009130993901840061,0.0006801388439985345,-0.2145913183923406,0.009276935261309956
2018-09-28,0.006409844924547434,-0.002639786734614624,-0.2145734962157785,0.005843415446780289
2018-10-01,0.0005131333659812585,-0.0073528265856177555,-0.2146407413692934,-0.0010650873446736628
2018-10-02,-0.002585221937674998,0.006094217020306658,-0.2146034208387932,-0.001277384649189995
2018-10-03,-0.0016137107997927056,-0.017524034731223104,-0.2146376369015364,-0.005375030524317363
2018-10-04,-0.006286922562215071,-0.007078890155853834,-0.214235175156461,-0.007803497133165022
2018-10-05,0.0020650236759088354,-0.008631970162910285,-0.21399713666391107,0.00021779063141239105
2018-10-08,-7.023488136881893e-05,-0.003367462266482768,-0.2140005243734682,-0.0007908738019882734
2018-10-09,-0.0006756944603553447,0.01006796061819415,-0.21398707810515702,0.0014787181027655662
2018-10-10,-0.0008061086429346856,-0.0027274503614691525,-0.21393199659639303,-0.001389601280493983
2018-10-11,-0.002000870274146948,0.012085953485839518,-0.2139137452763414,0.0005844800632794978
2018-10-12,0.006239257517296989,-0.0034880637972820594,-0.21389122526638965,0.00549318975038374
2018-10-15,-0.0004967481316119932,-0.00043716132927684725,-0.21397275944100497,-0.00059029427792349
2018-10-16,0.004086596385975758,0.0022697341711284125,-0.21397088020511779,0.004572253276937423
2018-10-17,0.0052706840053659875,-0.005947191166766785,-0.21393299065873084,0.003998381043037914
2018-10-18,-0.00043377065518997735,-0.0003507985169024508,-0.21403093346627391,-0.0005088590325643082
2018-10-19,-0.003679046938657115,-0.0021963279537464686,-0.2140294922119426,-0.004149125993086919
2018-10-22,0.0004166781599473097,-0.0013196377302655549,-0.21398733411643545,0.00013428954051528677
2018-10-23,0.0019906577435370282,0.003165044064324718,-0.21398737809035398,0.002667937221419614
2018-10-24,0.003167076470310889,0.007520470570858251,-0.21395633968789687,0.004776126721084673
2018-10-25,0.003024563349748721,-0.004190191968838519,-0.2138162878877826,0.002128622557888915
2018-10-26,2.3052236543178296e-06,0.006018410857381973,-0.21385239820591936,0.0012893543695744454
2018-10-29,-0.0036154276544720504,-0.0022636077254496456,-0.21382464859601738,-0.004099444663148294
2018-10-30,0.0029925363136481028,-0.004980802187861677,-0.2137817655418465,0.0019277287194062324
2018-10-31,-0.0021690291643358924,-0.005093590026856276,-0.2138200905994234,-0.0032581436448972908
2018-11-01,0.0021844933024079117,0.0009217964271330814,-0.2137463537822113,0.0023815189261572425
2018-11-02,0.013002369236991555,-0.012510779718186704,-0.21373963228244355,0.010328319324548411
2018-11-05,-0.0006779249546162273,0.003920699221196422,-0.21427230650253212,0.00016213617995901412
2018-11-06,0.006084761427558112,-0.0006229531311756631,-0.21427185912489047,0.005951280071648342
2018-11-07,0.005391932470849853,0.0013339948070409946,-0.21429138502938141,0.005677794741253997
2018-11-08,0.00027296503804712644,-8.847637370568151e-05,-0.21426540032019514,0.00025400584990455414
2018-11-09,-0.004086310527738111,0.0074383179495960405,-0.2142655362847486,-0.002492535352433757
2018-11-12,-0.002571293031764261,0.006507077132108741,-0.21434380726025049,-0.0011765466541583131
2018-11-13,-0.0030450469010812817,-0.0006139409918874961,-0.21437783706668193,-0.0031766645512096344
2018-11-14,0.0032834006021620803,0.0006139409918874961,-0.21436678685779087,0.003415008410390878
2018-11-15,0.00940707368308593,-0.0004381514827427324,-0.2143611791255739,0.009313150634243832
2018-11-16,-0.0015678123926257943,0.005770796538736356,-0.21438516482128306,-0.0003306408524396706
2018-11-19,-0.0022115314595456312,0.0027858234141788785,-0.21439590606585301,-0.0016142630530890131
2018-11-20,0.005835023475727759,0.000347315022922956,-0.2144145248684792,0.005909491598456428
2018-11-21,0.0021543897204701957,-0.000347315022922956,-0.21441104426390306,0.002079921307631511
2018-11-22,0.0017566897986401524,0.0,-0.21441541050002882,0.001756689502483595
2018-11-23,0.002330040866589579,0.00104275971191381,-0.21441674078542564,0.002553625915208825
2018-11-26,0.000984861882857613,-0.0022610815832022624,-0.21440839167134793,0.000500066450855121
2018-11-27,0.002682872577408578,0.0011311798527060546,-0.2144120149338324,0.0029254108831182923
2018-11-28,-0.0008656132868874191,-0.004880870123574965,-0.2144013656174874,-0.0019120792291138357
2018-11-29,0.008499916971523464,0.003924163947301551,-0.2143584854108126,0.009341091903257773
2018-11-30,0.0038415674264984986,0.003735032095975477,-0.21421772992847132,0.0046416679760328695
2018-12-03,-0.007447657540634075,0.007057714256001546,-0.2141524459716536,-0.005936235197874792
2018-12-04,-0.012216622992702193,0.016602803015790535,-0.2143236976214243,-0.008658260475271752
2018-12-05,-0.00017403761439450846,0.0,-0.2149157801927242,-0.00017407777464488485
2018-12-06,-0.012999238088174731,0.0031359143131624023,-0.2149155101050172,-0.012325281482235535
2018-12-07,0.004621156266003694,0.0018596070943237564,-0.2150651897244085,0.005021082865968305
2018-12-10,-0.005457462754730254,0.0041294654510126705,-0.2150321398173698,-0.004569497204232637
2018-12-11,-0.0003393457960527319,-0.0001682162264424747,-0.21510782478767868,-0.0003755355562374865
2018-12-12,0.002351198162731852,-0.004468071936510221,-0.2151070261831484,0.0013900844415283703
2018-12-13,0.0035462846180098553,-0.002368574978949489,-0.2151310593879454,0.003036728943405227
2018-12-14,-0.00302379736954822,0.0034663663833258695,-0.21516170375846524,-0.002277970151231639
2018-12-17,-0.0013676242612092409,0.005806650616721143,-0.21519398572424034,-0.00011807016093590359
2018-12-18,0.009195723924188444,0.005956313423333803,-0.2151998634985852,0.01047752136116229
2018-12-19,0.00515973609207594,0.013124187210454608,-0.21495638783148563,0.007980847453397088
2018-12-20,-0.007579256646495244,-0.0036377922053034695,-0.21454178735594354,-0.00835974321010335
2018-12-21,-0.0030826888661358966,-0.0001658213226010119,-0.21440749197623604,-0.0031182513091254278
2018-12-24,-0.0038981225345531656,0.004958272638472927,-0.21440238750249394,-0.002835057389206609
2018-12-25,-0.0004991501631889501,0.0,-0.2144601660635013,-0.0004991540822394152
2018-12-26,0.011857232329316927,-0.010773232263230348,-0.21445959637717607,0.009546809247825834
2018-12-27,-0.007037842855186573,0.00016622676513744494,-0.21488290142024055,-0.00700215227787329
2018-12-28,-0.0002427376150473759,0.00837876894830103,-0.21488149626847677,0.0015577046981416428
2018-12-31,0.0002572923348010095,0.0037927085931990234,-0.21483411281036013,0.0010720923066060417
2019-01-01,-0.0008657425858327422,0.0,-0.21482047435736146,-0.0008657435109126444
2019-01-02,-0.002376283395980707,0.00525340458680823,-0.2148195762590059,-0.0012477493096423786
2019-01-03,-0.008214458875959377,0.011315037386819604,-0.21484817077820198,-0.005783445730646145
2019-01-04,0.0216790039236943,-0.011642326363552336,-0.21511694829069525,0.019174523974506447
2019-01-07,0.0007043066098137247,-0.002952645689843436,-0.21604025350664852,6.635365977970367e-05
2019-01-08,-0.008744017778175746,-0.002632159639881948,-0.21603924537507177,-0.009312667628862919
2019-01-09,-0.008249984121999818,-0.0015655036918378329,-0.21592906540273646,-0.008588029344438215
2019-01-10,0.01404731382837875,-0.006454496113539321,-0.21586545428832576,0.012654006777961788
2019-01-11,-0.0007441982666710667,0.0038943053535227534,-0.2162066618001007,9.775335014823713e-05
2019-01-14,-0.0025346544379100644,-0.0037281261733772553,-0.2162073314880705,-0.003340702694730924
2019-01-15,0.009101416595594996,-0.0036589671966185122,-0.21615120285537706,0.00831052262769973
2019-01-16,0.009389217578650771,0.0009990246310316309,-0.21628049281758127,0.009605278348604192
2019-01-17,-0.00013684662959062896,0.00025016111964770715,-0.21625012141072153,-8.275131715065517e-05
2019-01-18,0.0008934245641023047,-0.005255858574501282,-0.2162501557208008,-0.0002431556734073152
2019-01-21,-0.0016487906257646322,0.0,-0.21624144100665,-0.0016487912168732363
2019-01-22,-0.004871240081587212,0.006752152584537541,-0.21623988728489307,-0.0034111554731634966
2019-01-23,0.007253829343679823,-0.00041559943534519306,-0.21633491700901455,0.007163914228573266
2019-01-24,0.010618934892418464,0.006544357873055517,-0.2163529635137404,0.012034824888475742
2019-01-25,-0.0018995609849917318,-0.004800223452768648,-0.21604563552091957,-0.00293664915717655
2019-01-28,-0.003635106733402646,-0.0009965156351858795,-0.2159823918253166,-0.003850340853525404
2019-01-29,0.004154147386352422,0.005053443123681944,-0.2159626159325545,0.005245500841434077
2019-01-30,-0.00015139707884442855,-0.0007438488641575702,-0.2158619036895754,-0.0003119725419094075
2019-01-31,0.008034673508510993,0.008563315104594516,-0.2158600928166055,0.009883151378977264
2019-02-01,-0.0006045030089844518,-0.006045935122337198,-0.2155284371854317,-0.0019075964530298115
2019-02-04,-0.0004964940635042005,-0.004474085920993076,-0.21547575317442869,-0.0014605546705905423
2019-02-05,0.007210822293970507,0.004556925897833963,-0.21544487892381978,0.008192586548130792
2019-02-06,0.0019895249408063073,0.0004957844528625799,-0.21530239952629768,0.0020962588589488796
2019-02-07,-0.0007449298185315967,0.006587998489073321,-0.21530017954906275,0.0006734672884564514
2019-02-08,0.0026928683236833416,0.004259179194058937,-0.21528671130317764,0.003609812091688251
2019-02-11,-0.0014813706005164294,-0.003930777857080514,-0.21522976122188547,-0.0023273948429678236
2019-02-12,0.0010841007173003788,-0.0025881856434946116,-0.21518771082622706,0.0005271521212555863
2019-02-13,-0.0019754493242554487,-0.0037499243654792735,-0.21519196030387777,-0.0027824031876911787
2019-02-14,-0.004264742037284161,0.005681751659030176,-0.21514441879051166,-0.0030423481035738954
2019-02-15,-0.001006721864734523,0.0015587684969951,-0.21521569811073438,-0.0006712552492514658
2019-02-18,-0.001105332665816624,0.0,-0.21522021306746036,-0.0011053329720607213
2019-02-19,0.0019930283473548437,0.0025379333689166117,-0.21521909519502544,0.0025392399948543933
2019-02-20,0.0003068092806781062,-0.002866038438271268,-0.21519651816469673,-0.0003099537435369329
2019-02-21,-0.0008608703315004261,-0.008978796278889867,-0.2151906812142726,-0.002793024015152256
2019-02-22,0.003807437279678311,0.00593967816664609,-0.2150802012986448,0.005084936961689605
2019-02-25,0.00486514044828352,-0.002965151693152812,-0.2149651049813756,0.004227728496434125
2019-02-26,-0.005254582167035825,0.004937598328713655,-0.21501792272820602,-0.004192913613693945
2019-02-27,-0.0007036632935157836,-0.011393532352840907,-0.21510162046574358,-0.0031544362425578476
2019-02-28,-0.003925717387919822,-0.003410634776438215,-0.21494513469766577,-0.00465882735358776
2019-03-01,-0.0026081462897499415,-0.009263907266805482,-0.21487411002922088,-0.00459872493661604
2019-03-04,0.002157977475430772,0.00780705571451179,-0.21469082888111704,0.0038340683061600113
2019-03-05,0.005661494252062206,0.0020881673569128623,-0.21457688670719374,0.006109558973871218
2019-03-06,-0.004594492204826999,0.003665175057212977,-0.21453136409836218,-0.003808200287887741
2019-03-07,0.007022321289213656,0.006464094851495794,-0.21458704913809343,0.008409428551695453
2019-03-08,-0.003154058531998607,0.004203682290885524,-0.214376975760483,-0.0022529000844458075
2019-03-11,0.005763156328255017,-0.002965469734662385,-0.21441605523311869,0.005127309355121767
2019-03-12,-0.0016849182394622249,0.006987724515477467,-0.2144804480308866,-0.00018619232235241606
2019-03-13,-0.005322035317706238,-0.0018859825725803248,-0.21448986351486946,-0.0057265601009313955
2019-03-14,0.0018016284159992288,-0.007249507305901126,-0.2144395279507076,0.0002470440772456654
2019-03-15,0.0029477340396382697,0.006592678717297851,-0.21444236906270683,0.004361483489535691
2019-03-18,0.004753366681165965,-0.0005750791305798586,-0.21433321431737254,0.004630100718786541
2019-03-19,-0.0055119114979873705,-0.0022212654770763507,-0.2143476189942397,-0.005988035441204739
2019-03-20,0.0028644532515268084,0.01040600928151214,-0.21428671436710933,0.0050943186590479105
2019-03-21,0.004893565274177125,0.00219829607265698,-0.21408207097396267,0.005364167169309653
2019-03-22,-0.014904232577667594,0.015415489123250303,-0.21404015779992497,-0.011604701696084376
2019-03-25,0.011186973145026112,0.0016004153754041184,-0.21476606044726418,0.01153063881317532
2019-03-26,0.016100646597528356,-0.0007198699713635293,-0.21470247399222503,0.015946084420730946
2019-03-27,-0.0045868485533605355,0.009160104974718308,-0.21476303379215106,-0.00261960072683402
2019-03-28,-0.009757103025898311,0.003482988710811874,-0.21486396816404535,-0.009008741096680034
2019-03-29,0.0031804756539314982,-0.0009490895633792462,-0.2149851786252133,0.0029764272430569437
2019-04-01,0.019232956895119533,-0.01427228343822673,-0.2149986452772855,0.016164434377460495
2019-04-02,-0.004193352312709193,0.0018476801815694444,-0.21593995891961026,-0.0037944281783793936
2019-04-03,0.00010992634537254143,-0.008705532781003278,-0.21596604864307317,-0.001770174940308118
2019-04-04,0.00028721915606431454,0.0028295514362453034,-0.21589602369615704,0.0008981033102852987
2019-04-05,0.004980502047910642,0.0012905852020272945,-0.21588825056272623,0.005259123702136144
2019-04-08,-0.009370036684466709,-0.003553802196965883,-0.21586616559947688,-0.01013718383602129
2019-04-09,0.005520715186614005,0.0031504369264299115,-0.21570844911836737,0.006200280352339767
2019-04-10,0.006122594349361082,0.002417215888587343,-0.21563672572177867,0.006643830004026787
2019-04-11,0.0045455391808000185,-0.005891155796965641,-0.21557904640120457,0.0032755255195701318
2019-04-12,-0.0009369046882666868,-0.007148039142122364,-0.21565611350555966,-0.002478428256211627
2019-04-15,-0.0038536659754275938,0.002523583255517714,-0.21557712112298733,-0.0033096445202474368
2019-04-16,0.0010140903088357801,-0.006280667062573464,-0.21560959379807282,-0.00034008396788920696
2019-04-17,0.0025429188453466763,0.0004092059899782896,-0.21559629751092868,0.002631141239834087
2019-04-18,0.0062430812453334065,0.005221139565374067,-0.21559437432712414,0.007368729432757571
2019-04-19,-0.0012692791338175776,0.0,-0.21544832662533825,-0.0012692890400579483
2019-04-22,-0.0019641015531005777,-0.004812648419735943,-0.21544705485639387,-0.0030009725674545263
2019-04-23,0.0026916730578156337,0.0021235442115559167,-0.21538248273199215,0.003149042902441979
2019-04-24,-6.2916705929355e-05,0.008125375234197207,-0.21535944182494948,0.0016869580062885458
2019-04-25,-0.0028640499819542592,-0.0014576384612237092,-0.21531076623062353,-0.003177898537534721
2019-04-26,0.0013954312447128862,0.003398398012697257,-0.21528803658940027,0.002127064138691507
2019-04-29,-0.001134980698244457,-0.006401162538466565,-0.2152627960676747,-0.0025129145563927272
2019-04-30,-0.0030731277057117826,0.005107741432979651,-0.21519093916250975,-0.001973992903717285
2019-05-01,-0.0007197123844346848,0.004107185881072617,-0.21523330862499798,0.00016428794801665017
2019-05-02,0.00030420707681478145,-0.004772948457034687,-0.21523332975119006,-0.0007230905137565634
2019-05-03,0.0009324312457978687,0.002834405211869395,-0.21521536325272891,0.0015424375744297358
2019-05-06,-0.0076025209445498825,0.002745565949481943,-0.21520078660405123,-0.007011673981264659
2019-05-07,8.942062324430783e-05,0.0076320000303677915,-0.21527415320298204,0.001732387990658494
2019-05-08,-0.0024283543695996983,-0.004330912398249787,-0.21522710004500992,-0.0033604872771832253
2019-05-09,-0.011744689087705963,0.0040907678825119476,-0.2151621444679686,-0.010864515103442853
2019-05-10,0.009358139305470158,-0.001361730764411817,-0.21533476980563604,0.009064899615808763
2019-05-13,-0.018544198892649306,0.007824944742756301,-0.21539188470360415,-0.016858773170840467
2019-05-14,0.006856445974395735,-0.002947038769696597,-0.2159153420277104,0.006220099584985569
2019-05-15,0.0035415458286291047,0.0061233156375459785,-0.2159931472278514,0.00486413476721881
2019-05-16,0.003931510758688383,-0.0033351963855468014,-0.215880879985824,0.003211498013098682
2019-05-17,-0.0001698957351821556,0.002224699746960823,-0.21592482668919077,0.0003104691912636886
2019-05-20,0.006083828623665381,-0.002065780229263403,-0.21592362038938387,0.005637777795812147
2019-05-21,0.0030310317086562335,-0.0015919297381410402,-0.2159743693058179,0.002687212245243938
2019-05-22,-0.0029755365501557196,0.00571923154464038,-0.21599291478002663,-0.0017402243164442329
2019-05-23,-0.009587758526411447,0.011184779858013805,-0.21603522556433657,-0.007171454956787718
2019-05-24,0.0032152804581492313,0.0008611214676701451,-0.21636010423053204,0.0034015707525193836
2019-05-27,0.005145953784580585,0.0,-0.21635183152555243,0.005145953223452933
2019-05-28,-0.0013917472297868723,0.007873086437505172,-0.21635645834851067,0.0003116455542715902
2019-05-29,0.0010023672709333887,0.0023268551224129297,-0.21635188870342334,0.0015057864614531182
2019-05-30,0.0009355989958066918,0.008562078288122166,-0.2163405288669593,0.002787922770335274
2019-05-31,-0.01599557951581228,0.012441141293999536,-0.21625224632580564,-0.013305160752226977
2019-06-03,-0.00885063974327391,0.00664976581167398,-0.21691601217743559,-0.007408244083933011
2019-06-04,-0.00010108516284036608,-0.011466980695735707,-0.21711186989799777,-0.002590716068569967
2019-06-05,0.002139107576405554,-0.005667925286926945,-0.21698201324504848,0.0009092609287046707
2019-06-06,-0.00979960906194965,0.0032207201070413305,-0.21699991892662052,-0.00910071427435724
2019-06-07,-0.007023877867914432,0.0086148222239526,-0.21711139483160918,-0.005153509359922614
2019-06-10,0.011463895814034392,-0.009457098728902658,-0.2172907367673949,0.009408943699000825
2019-06-11,0.007203401400029189,0.0006130064838600902,-0.21765249585550284,0.007336799253532069
2019-06-12,0.002868099191656005,0.0007652197546894612,-0.21764159008997602,0.003034642096109891
2019-06-13,-0.004223029079188227,0.003437532357947859,-0.21763545869302278,-0.003474900563579435
2019-06-14,0.004714217416335306,0.0025136048247249576,-0.21768235123041638,0.005261381643981008
2019-06-17,-0.0010032369793373046,0.0017480240355656207,-0.21763553555362508,-0.0006228080076475548
2019-06-18,0.011767430420724149,0.0049991049975846025,-0.21764029890423067,0.01285543680355974
2019-06-19,0.001694553840185841,0.0014349501891270933,-0.21739672527771164,0.002006490790931879
2019-06-20,-0.0074187180496424745,0.0026369476148122573,-0.21738785200454422,-0.006845478273673404
2019-06-21,-0.009385040556720336,-0.011047321587910552,-0.2174555488168921,-0.011787346527369678
2019-06-24,-0.004882388589600299,0.00742878843745487,-0.21691219372702641,-0.003271030648021773
2019-06-25,0.004562803694627434,0.003091498785654956,-0.2170115002653936,0.005233687748327718
2019-06-26,0.005097985521892967,-0.006419945268924643,-0.21695320569852244,0.00370515386134018
2019-06-27,0.0031352610684917603,0.007022247587676667,-0.21704831979625036,0.004659421657115131
2019-06-28,0.001175728905352954,-0.0006776156221288687,-0.21692544738940464,0.0010287284990766767
2019-07-01,0.019460730334557724,-0.002335517092023842,-0.21692865552079993,0.01895408953423544
2019-07-02,-0.0033598773697125096,0.0076836991684974265,-0.21712354618116225,-0.0016915785776587453
2019-07-03,0.0033019107398358336,0.007103565116175936,-0.2171792393281085,0.004844653830685279
2019-07-04,0.004282031702198607,0.0,-0.21705009155940808,0.004282022942260419
2019-07-05,0.01428600357809821,-0.013351426488300788,-0.21705413729387432,0.011388020945620185
2019-07-08,-0.0009060953685124512,0.001358500364490034,-0.21766740713383864,-0.0006104357139409183
2019-07-09,-0.0010364653880119178,-0.0003774829462184215,-0.21767093152591444,-0.001118632691605714
2019-07-10,-0.002031296540338295,-0.005521885788160041,-0.21766772242963606,-0.003233233061032817
2019-07-11,0.00505773621344956,-0.013440594612367462,-0.21758882417287884,0.002133207683986107
2019-07-12,-0.004580135889375826,0.001152657709053706,-0.2176966208018355,-0.004329213512889648
2019-07-15,0.006854772829364642,0.0057429349186834955,-0.21771323161191825,0.008105084622756838
2019-07-16,0.003876006912340233,-0.0029822709432911765,-0.21753767306133143,0.0032272387229724136
2019-07-17,-0.004196754808479944,0.010740188710872012,-0.2175771518742829,-0.0018599378159765978
2019-07-18,-0.0033843997063012126,7.563236221574954e-05,-0.2176629443575988,-0.0033679431628538137
2019-07-19,0.005799594123847442,-0.002351310305195753,-0.2176606300382922,0.005287806284425504
2019-07-22,0.0022864848647671807,0.0018969258785777043,-0.21771381256073571,0.0026994682226307715
2019-07-23,0.0030687385127743947,-0.005472328996036779,-0.2176969888437421,0.0018774278272423524
2019-07-24,0.0015154146786184699,0.00433470632277988,-0.21773601474313067,0.002459233711342483
2019-07-25,0.004180590725950933,-0.004791792369195136,-0.21769844491334514,0.0031374224305130436
2019-07-26,0.002070001335143472,0.0023607998756238757,-0.2177582184430072,0.002584080855793005
2019-07-29,0.0042224481441512154,0.0003041974462272279,-0.21773769217883854,0.004288682001787559
2019-07-30,0.001480814304005697,0.0024302540020526564,-0.21773657754061423,0.00200996941736245
2019-07-31,0.006127017743952309,0.008008540549901078,-0.21772045961329797,0.007870639780048835
2019-08-01,-0.017541038409972946,0.01962657853601346,-0.2174806510876059,-0.01327265359726326
2019-08-02,-0.013879026613426762,0.009198822656508732,-0.2185256670019749,-0.011868918638955879
2019-08-05,-0.02856386849653488,0.017140303685282632,-0.21895763088586992,-0.02481089750853298
2019-08-06,0.0016500541800482345,0.00796143517940795,-0.2206459871275275,0.0034065983849824984
2019-08-07,0.0016352258690534036,0.0003572552868957857,-0.2205461207612534,0.001714010362883922
2019-08-08,0.004380589239539555,0.002139908918056932,-0.22054549694204376,0.004852536472970224
2019-08-09,-0.007506103721630823,-0.0019971373904414946,-0.22051021223242384,-0.007946495304773902
2019-08-12,-0.009665900459960453,0.020635412937939357,-0.22043704209401654,-0.005117096032575194
2019-08-13,0.011085845570981427,-0.0034332652434470035,-0.22086703189867235,0.010327521301247906
2019-08-14,-0.0015718940746037734,0.022279591634214668,-0.22101697744993287,0.003352263756582339
2019-08-15,0.007564889663927736,0.011057837461518005,-0.22073769198435608,0.010005752239923353
2019-08-16,0.0024443775882977362,-0.00804231370834696,-0.22031501143792745,0.0006725064817415816
2019-08-19,-0.0029637105421759457,-0.014405885574820587,-0.22033155010832126,-0.0061377827633574385
2019-08-20,-0.00511341604269572,0.010291424769460988,-0.21996309627747754,-0.0028497073770795975
2019-08-21,0.007795780825672513,-0.0066875667843051545,-0.2200835487900761,0.006323949224862598
2019-08-22,-0.002617956588270616,-0.006663204441323067,-0.22025373087384786,-0.004085563769293757
2019-08-23,-0.010985665284829431,0.016300890050499284,-0.22013645808610216,-0.007397253039934014
2019-08-26,0.0037518895931074794,-0.004050264868432407,-0.2206184575860486,0.0028582937115712273
2019-08-27,0.0034777710655311466,0.015291633898323553,-0.22066458560993849,0.00685208999419509
2019-08-28,0.00025331824934820635,0.001286169183506658,-0.22026623600823333,0.0005365908746934933
2019-08-29,0.008453597757978435,-0.0037962603100094583,-0.22026476585059415,0.007617415269967269
2019-08-30,0.014072470849722574,0.00027199426769453083,-0.22038493949440646,0.014132406138717194
2019-09-02,-0.00024169178635323962,0.0,-0.2203848709089668,-0.00024169179100530768
2019-09-03,0.0016073524587778365,0.0012904003991875967,-0.22038441994389096,0.0018917365716597404
2019-09-04,0.005470434753961312,0.00149339611926802,-0.22037748729988807,0.005799545168036078
2019-09-05,0.0018505133433132726,-0.018276672705981767,-0.22035022880283886,-0.002176757518115557
2019-09-06,0.005328117142275679,0.007090137144110997,-0.2201770290101687,0.006889190726006565
2019-09-09,0.002592706602994116,-0.017924677897491748,-0.2199956545820726,-0.0013506569466472174
2019-09-10,0.004318668026859484,-0.017683767762386893,-0.21988538999049598,0.00043025837681074037
2019-09-11,0.003268724678868832,-0.0017783803693252054,-0.21990305950460418,0.002877652196189351
2019-09-12,0.0056670840961725935,-0.00657247492792834,-0.21992473724714773,0.004221632804209221
2019-09-13,7.918935047495062e-05,-0.021590173370830357,-0.22003369345185717,-0.004671383628943415
2019-09-16,-0.001221093658270605,0.012662755264219783,-0.2196156122112472,0.0015598167334133174
2019-09-17,-0.003785994573078693,0.005409124128445519,-0.2195481908425482,-0.0025984357297462444
2019-09-18,0.009934008411030643,0.004234717251516251,-0.2196046965931819,0.010863968375490517
2019-09-19,-0.006932430116964345,0.0030040483559341524,-0.21943710370730699,-0.006273241813965813
2019-09-20,0.0021613501422982724,0.013123794859158266,-0.2195070715669581,0.0050421111738416366
2019-09-23,0.002248650361007139,-0.00021124812198536347,-0.21926086540152348,0.002202315215097401
2019-09-24,-0.005349031695592356,0.011982028121120258,-0.21926459794514316,-0.0027217973702214782
2019-09-25,0.007300199805344702,-0.014735134591789212,-0.21939866418245738,0.004067321865805417
2019-09-26,0.0023543089082299334,0.006411853674488377,-0.21962762877932493,0.003762513596443944
2019-09-27,-0.00021588211901796901,0.002454977443725248,-0.2195410841157948,0.00032308042023661146
2019-09-30,0.003336391464746117,0.0024494287133167703,-0.21953990136511212,0.003874138722643995
2019-10-01,-0.010325668377290077,0.0030012793920857206,-0.21950816290150912,-0.009666865204361087
2019-10-02,-0.0006878808996260512,0.0024402783356425317,-0.21961430889879024,-0.0001519680591788583
2019-10-03,0.003003158657779297,0.009080558370099467,-0.21961718754207457,0.004997405153077267
2019-10-04,0.0022350326998259503,0.007356171520211063,-0.2194504153364955,0.0038493362832641717
2019-10-07,-0.00453817120653464,-0.008322655620238706,-0.2193483536357321,-0.006363738937433873
2019-10-08,-5.561537959043999e-05,0.0026901263716050394,-0.21912739061186437,0.0005338500049787575
2019-10-09,0.0019058763399746577,-0.005664434426043918,-0.2191240631226827,0.0006646622275483147
2019-10-10,0.0003511490388009046,-0.015006633976597072,-0.21913523860034642,-0.002937334036268001
2019-10-11,0.0022318560691662473,-0.012453940553258214,-0.218948213485168,-0.000494924651509276
2019-10-14,-0.0009623362597013035,0.007236259016916158,-0.2189143871362546,0.0006217826537454347
2019-10-15,-0.0005354386900104437,-0.012161836212841948,-0.2189023956134439,-0.0031976945854304837
2019-10-16,-0.0024056114052915553,0.0012160490606776264,-0.218737897382554,-0.002139626548362523
2019-10-17,-0.002613301693383122,-0.0024331044774417165,-0.2187466582934621,-0.0031455357613444325
2019-10-18,-0.0013914937984339615,0.0,-0.21871164311409266,-0.0013914961734715636
2019-10-21,0.0007781254861437129,-0.007550985030264634,-0.21871008814019346,-0.0008733512208427605
2019-10-22,0.0072128473625559,0.0058299841280113895,-0.2186778854016141,0.008487733779321285
2019-10-23,0.0027173946176069657,0.0010041980115609306,-0.2184963624198295,0.0029367959177962087
2019-10-24,0.00015750074357523695,-0.002009405450518642,-0.21848824675160838,-0.00028153128079774444
2019-10-25,0.0059453356115348075,-0.004896929226237745,-0.2184841296841651,0.004875434012159557
2019-10-28,0.0017648601031700656,-0.009137950341680856,-0.21857870709645918,-0.00023250768309857674
2019-10-29,-0.0003191693249857127,0.0006556248749447491,-0.21856337622069633,-0.00017587477865842416
2019-10-30,-0.007863566041113337,0.014527912892466688,-0.21856395310225277,-0.004688288008139818
2019-10-31,-0.007343180473756758,0.01340034191471684,-0.21883610072553342,-0.004410720360197936
2019-11-01,-0.0005887342827395666,-0.00307999445557261,-0.21907216956225797,-0.001263491362627522
2019-11-04,0.006402114360018999,-0.013249488924923725,-0.219053332207052,0.0034997683832588256
2019-11-05,0.0068820587252728825,-0.011310143532290873,-0.21922833337466158,0.00440254293834133
2019-11-06,-0.004580814886165022,0.006033880367364297,-0.219418757346196,-0.0032568812702118404
2019-11-07,0.005071408843535333,-0.01828513018393707,-0.21949646519199845,0.0010578821317556895
2019-11-08,0.00042100477740723103,-0.00421593655705621,-0.2195596866040532,-0.0005046492200351223
2019-11-11,-0.005553375682657819,0.0006668569887899878,-0.21954773931616292,-0.005406969548691996
2019-11-12,-0.0015190197053113058,0.004582021939401493,-0.21955700905986617,-0.0005130053016052195
2019-11-13,-0.002055498468906785,0.006467771218367169,-0.21956874798891224,-0.0006353788364486562
2019-11-14,-0.0034267084435449556,0.010276673015105153,-0.21958854371378808,-0.001170070124655497
2019-11-15,0.00478475040681564,-0.0010882056372931714,-0.21964131519501748,0.004545731910011684
2019-11-18,-0.006720391916585241,0.0018133379194917865,-0.2196640302531157,-0.0063220683417140105
2019-11-19,0.002497613526632186,0.008298122237897942,-0.21970369552809074,0.004320738957794187
2019-11-20,-0.000984734781679254,0.010294606263583361,-0.21957388716596776,0.001275683127713417
2019-11-21,0.004266650153335703,-0.006278571815875544,-0.21953108129481264,0.0028883055901385312
2019-11-22,0.0039827193617898785,0.0012873998714626467,-0.21959989700901025,0.004265427573285166
2019-11-25,-0.0016903730693385928,0.0029263953970941614,-0.21958343342752523,-0.0010477862371831284
2019-11-26,-0.0035299922980552762,0.005827224054816504,-0.21959624556037494,-0.0022503566426100657
2019-11-27,0.005552861845973601,-0.0029093674658904334,-0.21964902249456814,0.004913818546217148
2019-11-28,0.0010744522030523358,0.0,-0.2197072646212572,0.0010744482525587669
2019-11-29,-0.0007346162765600882,-0.0021340661809494677,-0.21970814245852638,-0.0012034880526027058
2019-12-02,-0.006408854578016756,-0.013402989914520269,-0.2196952574598472,-0.00935342877199302
2019-12-03,-0.005699467221783864,0.02075055534426351,-0.21918894430960598,-0.0011512092446501524
2019-12-04,0.004537588676259431,-0.010035251431329328,-0.21929490562015416,0.0023369019735229963
2019-12-05,-1.8999116888839223e-05,-0.0048759323502753915,-0.21938101925103334,-0.0010886919666755967
2019-12-06,0.00640399798771355,-0.0055504059003537165,-0.21935577052169183,0.0051864827121423
2019-12-09,0.0017021340407896955,0.002166012185536914,-0.21946840742031193,0.0021774976455767895
2019-12-10,-0.004555044266001101,7.230995092744052e-05,-0.21945355986257423,-0.004539176596948612
2019-12-11,-0.00479430501905404,0.007830307296650574,-0.21945033043748352,-0.003075941714425062
2019-12-12,0.010909520674890346,-0.016594958719879038,-0.21954609221006116,0.007266155842147493
2019-12-13,0.0019040604789872973,0.011501446181016561,-0.22000852380264466,0.0044344453086882585
2019-12-16,-0.0020016263970924417,-0.009031126846145376,-0.21982320605938604,-0.003986890224621274
2019-12-17,-0.0020895927676488142,-0.0013796356501698526,-0.21967340199763852,-0.0023926721854686094
2019-12-18,0.0027175093373976384,-0.008246005514175536,-0.2196571967443332,0.000906213782632639
2019-12-19,-0.00046770301073503296,0.0015932687177651061,-0.21968101349069521,-0.00011769373951470221
2019-12-20,0.0038427095670562086,0.0013179962869589446,-0.21968257712224507,0.004132250281953648
2019-12-23,0.000915369320658857,-0.001464708486148325,-0.2196661541507752,0.0005936213266042014
2019-12-24,-0.001748676841752655,0.0028541250175626587,-0.21966887082497985,-0.0011217146062200915
2019-12-25,0.00050078786057721,0.0,-0.2196820489352573,0.0005007869667218022
2019-12-26,0.002644125774515506,0.0024087194654525135,-0.21968234983164622,0.0031732789063619
2019-12-27,-0.007831796182766793,0.0010930882219133409,-0.219657302606354,-0.00759169307135377
2019-12-30,-0.006458237008022444,-0.0036481231842673267,-0.21968282013885643,-0.007259668728179847
2019-12-31,0.002391525073962488,-0.00984202163615322,-0.21957073793433757,0.0002304975181451629
2020-01-01,-0.0013876401805881415,0.0,-0.2195727532911879,-0.0013876403172873785
2020-01-02,0.0015148177573410422,0.011266243407074938,-0.21957129378233256,0.0039885612993024264
2020-01-03,-0.007102428522652671,0.015246709242178191,-0.21940890014884187,-0.0037571758319024768
2020-01-06,-0.00369934898477918,-0.0056948319019305416,-0.21963700975751213,-0.004950160307191939
2020-01-07,0.009383758276206277,-0.004964028103221274,-0.21951929574550483,0.008294050338526059
2020-01-08,0.01684676159362434,-0.006596583936113731,-0.21968262844244252,0.01539759561713683
2020-01-09,0.014419729740540637,0.0035038834298166677,-0.22008461631128703,0.015190853314436512
2020-01-10,0.00825323438153676,0.008851469465906092,-0.21989571254323748,0.010199621753680967
2020-01-13,0.008364509121021315,-0.003038172898078173,-0.21956315021074507,0.0076974157513303885
2020-01-14,-0.0026048152887347908,0.0051309804227752664,-0.21965831077138787,-0.0014777592510935604
2020-01-15,-0.005023529271718084,0.006609794033359151,-0.21968982008643176,-0.0035714269469600737
2020-01-16,0.008641386797429335,-0.0031556115469735246,-0.21978223617868908,0.007947833166651553
2020-01-17,0.0068401430973366924,-0.008585162909160893,-0.21988411997210228,0.004952395195583258
2020-01-20,-0.0029832915290613424,0.0,-0.22004622499802248,-0.002983302524450742
2020-01-21,-0.007396083918629415,0.010451110205853098,-0.22004321377865171,-0.00509638824562603
2020-01-22,0.009562478732711797,0.003506939691609645,-0.2202514147546538,0.010334873039225687
2020-01-23,-0.0007205654541736408,0.006977665033999436,-0.22012401813327742,0.0008153775691384211
2020-01-24,0.006032309884315985,0.00805583000333776,-0.2201079667671468,0.007805461158227531
2020-01-27,-0.010259059387092973,0.015434949052041347,-0.21987912875663765,-0.0068652517589347034
2020-01-28,0.0073137911319434154,-0.007862027300226337,-0.22029203669133895,0.00558182111840388
2020-01-29,0.0002605514986079489,0.009731588165228011,-0.22046036385959736,0.0024059695490160193
2020-01-30,-0.013593008622133468,0.00013848200963106905,-0.2203798761312863,-0.013562495433390597
2020-01-31,-0.01566315305348452,0.009088191283947111,-0.22037349836348644,-0.013660356979040889
2020-02-03,0.0020221106650580994,-0.0008092010935882854,-0.22084409543929232,0.0018433714614811219
2020-02-04,0.011416991379746833,-0.013558498325474844,-0.22085090172151225,0.008422584336914143
2020-02-05,0.009042908754486581,-0.010995178183383914,-0.22128816294329762,0.006609776314147322
2020-02-06,0.0016421750617851495,0.004496936986146949,-0.2215655320097481,0.0026385224839241468
2020-02-07,-0.006432961874786864,0.012400681166508498,-0.22152571465733267,-0.003685894817901581
2020-02-10,0.003469919211634546,0.002765716537027174,-0.22170678657867746,0.004083085055755191
2020-02-11,0.0035418361345265297,-0.005053068311330122,-0.22166936500495718,0.0024217231523668667
2020-02-12,0.004649562916582967,-0.005078731543639137,-0.2217147426581549,0.0035235301814433937
2020-02-13,0.0010290428877945642,0.0038287102656484606,-0.22178287808760158,0.001878180648329201
2020-02-14,0.005486822251059556,0.004367800506213548,-0.22175984401708643,0.0064554234476418585
2020-02-17,-0.0007803453519624629,0.0,-0.22166113232987,-0.0007803520474577634
2020-02-18,0.0017947343895147346,0.006825630902283386,-0.22166015888987192,0.0033077047538112225
2020-02-19,0.007663400780767999,-6.86677286338977e-05,-0.22158184982901344,0.007648179946824108
2020-02-20,-0.0055506829567855565,0.0078028379129957415,-0.22159125274525626,-0.0038216429664651758
2020-02-21,-0.013192198781854604,0.009297154583691736,-0.22170774586474795,-0.011130955497736716
2020-02-24,-0.014391888365468638,0.014818220725023146,-0.22210049342320073,-0.011100780870382734
2020-02-25,-0.006056302184912655,0.005310405103002402,-0.22273075025520853,-0.004873554421726518
2020-02-26,-0.005287171899005303,-0.005310405103002402,-0.22282868003536502,-0.006470489101019877
2020-02-27,-0.028411738448313097,0.010790175316686579,-0.22268613713106977,-0.026008925656587308
2020-02-28,-0.03810552036060185,0.022332551676532475,-0.22374193289385166,-0.0331088636954024
2020-03-02,0.0039557283442857374,-0.007372274190812433,-0.22654974043609072,0.002285351089716964
2020-03-03,-0.013088606522047937,0.015406010507461154,-0.226611439563316,-0.00959743248800236
2020-03-04,0.010222627915759362,-0.010674978637613464,-0.22717611965876588,0.007797489389852797
2020-03-05,-0.02079729182587354,0.024586981654378448,-0.22749495473057385,-0.015203899173649617
2020-03-06,-0.01480805921753981,0.05073456830159895,-0.2289188019967313,-0.003194059199968039
2020-03-09,-0.034527739498364025,0.026742540951699922,-0.22955927251806088,-0.028388784694554307
2020-03-10,0.024825921066569424,-0.052618531590194806,-0.232400214196586,0.012597170356633092
2020-03-11,-0.012350184780849757,-0.037491838985362236,-0.23485010288502864,-0.02115531319692114
2020-03-12,-0.0017165182748767518,0.0061775757795805575,-0.23186666213513374,-0.0002843467619848213
2020-03-13,0.015243041727621223,-0.022862327981548525,-0.23187637153943344,0.009941807411738049
2020-03-16,-0.025604164772190397,0.06275437887777269,-0.23271294385385405,-0.011000465267520087
2020-03-17,0.024473223866858965,-0.06901003680614082,-0.23525374769205204,0.008238181740172233
2020-03-18,-0.013902448173973417,-0.0580662731581576,-0.23725784550510678,-0.02767926297553886
2020-03-19,-0.013873505404503966,0.026861240084516957,-0.23151250239697435,-0.007655182194780767
2020-03-20,-0.01066879416180016,0.07250267252682274,-0.23224548649717683,0.006169574574105269
2020-03-23,-0.026009543411644596,0.040382764431582174,-0.23073955857739517,-0.01669174431785024
2020-03-24,0.0024782134444165187,-0.018789783523468273,-0.23306651713089724,-0.0019012137938483368
2020-03-25,0.007558125149403799,-0.002273773521683786,-0.23293186468933416,0.0070284817098032176
2020-03-26,-0.00842746141201237,0.0049098095185753365,-0.23299261284012215,-0.007283516184206376
2020-03-27,-0.023543340895737522,0.02634256621313469,-0.23311073048903563,-0.0174026140546163
2020-03-30,-0.012156150051185755,-0.008262719815042452,-0.23468004391824912,-0.014095351944911001
2020-03-31,-0.004594872801808836,-0.00815008123806038,-0.23426161049302785,-0.00650415234012303
2020-04-01,-0.005998892335074217,0.013893659724782736,-0.23406905633561487,-0.0027468295749636367
2020-04-02,0.007406195847431,0.006325578177420965,-0.23420351619331156,0.00888765937828786
2020-04-03,-0.006392808598219949,0.0023768413004248146,-0.23402273664694095,-0.005836585954578775
2020-04-06,0.0021614368268930055,-0.002614758426822128,-0.23406524856685867,0.0015494098622440776
2020-04-07,-0.0001339376826416383,-0.010527944391661492,-0.23407936980153748,-0.0025983132289737953
2020-04-08,0.0003583532959301882,-0.007302399794538061,-0.2339778445719013,-0.0013502533545326292
2020-04-09,0.006269003225843195,0.0018154441476587735,-0.23393912379592496,0.006693704012663155
2020-04-10,-0.0009751738391644784,0.0,-0.23390498552783476,-0.0009751761547222408
2020-04-13,-0.003690576036137272,-0.009171961516368121,-0.2339038553040962,-0.0058359332721783005
2020-04-14,-0.003704465365329133,-0.0002440444172950862,-0.23371013800129667,-0.0037615141593858228
2020-04-15,-0.0031913629459086883,0.026144487605024302,-0.23370296376939836,0.002918680806998249
2020-04-16,-0.0011074796994732029,0.011293095127069996,-0.2334570607215348,0.0015289564160325662
2020-04-17,0.0025444680628021288,-0.01349552860492409,-0.2334047492091984,-0.0006054559549028551
2020-04-20,-0.0022373760623262398,0.008012585592657828,-0.23336981920947467,-0.00036748278042721003
2020-04-21,-0.003179693901960653,0.012513266758914732,-0.23338306762195213,-0.00025931021841725207
2020-04-22,0.0012968339737340151,-0.01026922860963797,-0.2333995210876668,-0.0011000001817140905
2020-04-23,0.004022329024854955,0.005294542542657155,-0.23335496722029272,0.0052578338043077965
2020-04-24,-0.0040059558361175834,0.0023438634747545706,-0.23326778627479733,-0.0034592139054101557
2020-04-27,0.0029182916152942218,-0.018789249633640814,-0.23329279088249236,-0.001465106566358228
2020-04-28,0.0017956276655510168,0.011445828812083114,-0.23318871184124298,0.004464658682639578
2020-04-29,0.00813176649643919,-0.005202628545918131,-0.23302445196554372,0.00691941568919605
2020-04-30,-0.001900441892946589,-0.011745677593785864,-0.23315153983806025,-0.004638973330597067
2020-05-01,-0.005779966604412661,0.00851727012177772,-0.23295576880042532,-0.0037958326740276183
2020-05-04,0.005838347795331171,-0.004714763344500383,-0.23306570940695417,0.0047394906746198616
2020-05-05,0.0027276626460701055,-0.0064216444241349535,-0.23314421373363867,0.0012304880810738745
2020-05-06,-0.00430790855822454,-0.016267525911958458,-0.23316919352803342,-0.00810099615016176
2020-05-07,0.002763506847906457,0.01656825047122279,-0.23270564412236522,0.00661900080379306
2020-05-08,0.0032076100323206883,-0.013086185409337148,-0.2323474576352679,0.00016704382695782968
2020-05-11,0.0004558286989657024,-0.007836676048568414,-0.23234883235091577,-0.0013650139236768702
2020-05-12,-0.0007588108638467071,0.010212279565641857,-0.23230743405620513,0.0016135747899155128
2020-05-13,0.003037813617340579,0.006972104808268043,-0.2322577457706602,0.004657135593088908
2020-05-14,0.004884613754142579,0.009739538616571508,-0.23215541043039406,0.007145693397792071
2020-05-15,-0.0003558045671977632,-0.0025761150309664416,-0.2319311502778214,-0.0009533011008748567
2020-05-18,-0.0013106619393537609,-0.022198849734616388,-0.23192050453040872,-0.006459031091888996
2020-05-19,0.005513821131639211,0.003734198791061516,-0.23141839978960677,0.006377949383200854
2020-05-20,-0.001508822237992188,0.002989476751558584,-0.23134570584908123,-0.0008172245595262099
2020-05-21,0.006978404307858382,0.0024948988641027015,-0.2313544369422651,0.007555609637571185
2020-05-22,0.00015874222465003286,0.005997997764275453,-0.23129917796149704,0.0015460704287914818
2020-05-25,0.000866277718909098,0.0,-0.23127207401696698,0.0008662758804810623
2020-05-26,0.002028041713576748,-0.013500644215306501,-0.23127279500888667,-0.001094290057421761
2020-05-27,0.0014850076555151478,-0.001838406184336172,-0.23121515890476488,0.0010599363680845718
2020-05-28,-0.006053979596403578,-0.00368698275326107,-0.2312217651713817,-0.00690649070486418
2020-05-29,0.000317341261960689,0.007115918355134809,-0.2311270482830091,0.0019620160426729945
2020-06-01,-0.0017682137320361808,-0.0067455601452000025,-0.23108500915850688,-0.003327014411432355
2020-06-02,0.006550664650797651,-0.003642232482524932,-0.23100259336585682,0.005709293911528704
2020-06-03,0.0018260577025129374,-0.01338658155403305,-0.23107655150716572,-0.0012672724159544385
2020-06-04,-0.006883293778090418,-0.014584912943109707,-0.23101154716232908,-0.010252581491472783
2020-06-05,0.007880738489128805,-0.007148480135493962,-0.23049026114460366,0.006233048077706694
2020-06-08,-0.002342152193509801,0.003836016054762581,-0.23064296777763285,-0.0014574124241044
2020-06-09,-0.005884143663492736,0.01129430447839308,-0.23066213386561388,-0.00327897659199138
2020-06-10,-0.0033955771128165568,0.014718626560036085,-0.23078906778489208,1.312380272686474e-06
2020-06-11,-0.006743326129820444,0.018724587461167452,-0.23079569989580082,-0.002421772311308291
2020-06-12,0.006780563223321518,-0.009688039469771148,-0.23095451434381295,0.0045430560004433825
2020-06-15,-0.0032631401974175522,0.0005542051869005249,-0.23110241810969634,-0.003135072070730876
2020-06-16,-5.0612984906993645e-05,-0.015452232961059131,-0.23110535449413516,-0.0036217069602699574
2020-06-17,-0.0013955780534342067,0.004119183670131754,-0.230906484937389,-0.0004444453204360023
2020-06-18,-0.000970175620527495,0.010532252963376898,-0.23091397064472205,0.0014618682233339586
2020-06-19,0.002816572084404419,0.0008007963275504792,-0.2308683175322186,0.0030014474886361354
2020-06-22,-0.0036945074258465925,0.00012320447610214558,-0.23086337284547429,-0.0036660643603361603
2020-06-23,-0.0015916683683345912,-0.006858071892389184,-0.23086127622320401,-0.003174931740053415
2020-06-24,0.002409896118231377,0.010668296829396517,-0.23078180204938817,0.00487193949467943
2020-06-25,0.0020916565892610548,0.002878765897817104,-0.23061664135567173,0.0027555367092132
2020-06-26,-0.0029468294054590845,0.010646587013225073,-0.23059385725214368,-0.0004917933849273389
2020-06-29,0.002368565788668311,-0.0031518444630993514,-0.23061572560041482,0.0016416994075271808
2020-06-30,0.00036515962093656995,-0.004868319543633426,-0.23063311924100888,-0.0007576372806633429
2020-07-01,0.00020755450056012263,-0.0019435925278017407,-0.2306176197161184,-0.0002406732332137241
2020-07-02,0.004659507533217544,0.0010397409213913633,-0.23061478779332084,0.00489928697307832
2020-07-03,-3.8092007476279565e-05,0.0,-0.23060278522055058,-3.809282159638879e-05
2020-07-06,0.0001131712133000119,-0.004104130267894135,-0.23060261396500095,-0.0008332519661453137
2020-07-07,-0.006575607012008356,0.013957968840695223,-0.2305882884613718,-0.0033570638383170087
2020-07-08,-0.0003394412822447434,-0.004002680660144087,-0.23074854112589857,-0.001263064874911789
2020-07-09,0.004042594239115124,0.015796722117123352,-0.23072837537532634,0.007687344901635816
2020-07-10,0.003269137670471458,-0.005037622366568684,-0.23033602740335607,0.0021087651345055706
2020-07-13,-0.004528409531413974,0.003301095698223122,-0.23037122650767095,-0.003767934454108128
2020-07-14,0.0017124821166442203,0.0014372192930682814,-0.23041060399100174,0.002043630011100158
2020-07-15,0.002011125468179152,-0.004678240534284228,-0.23040330694750277,0.0009332428834345086
2020-07-16,0.0022281945446222537,0.0047380310214011345,-0.23041654231647274,0.0033199143722224926
2020-07-17,-0.004214420210914796,-0.0020963634279258514,-0.23036917626125406,-0.004697360939732984
2020-07-20,0.0014517520683349212,0.0024554219327272975,-0.2303304333421809,0.002017307838252182
2020-07-21,-0.001266293549858022,0.0005978842262672757,-0.23031682787189725,-0.0011285916742722237
2020-07-22,-0.0033677228549150264,0.0029844601127617665,-0.230318116991108,-0.002680347708948076
2020-07-23,-0.003061739364272531,0.011613739560143443,-0.23034352083405274,-0.0003865914270515521
2020-07-24,-0.0010859315478630803,-5.925237357473634e-05,-0.23036339962186286,-0.001099582474429746
2020-07-27,0.002041406249169869,-0.003718367741753603,-0.23036191743587245,0.001184835825912917
2020-07-28,-0.0045586193774959675,0.006894955954174442,-0.23037600448531614,-0.0029701879291786797
2020-07-29,-0.008365965799405224,-0.0017047834983321408,-0.2304446518150202,-0.00875882869536437
2020-07-30,-0.006682929667769177,0.0065670557515788985,-0.23038497423752077,-0.005169982745483786
2020-07-31,-0.004437965044218312,-0.0006429665260396789,-0.23049627120828967,-0.004586173980122189
2020-08-03,-0.002372413624764017,-0.005041200559429804,-0.23048137070773353,-0.0035343174503970646
2020-08-04,-0.0024557677599288006,0.009487301146334559,-0.23041583831958148,-0.0002697477578890536
2020-08-05,-0.009066726322728957,-0.00878124414588033,-0.23042813768282486,-0.01109017289205342
2020-08-06,-0.012453730488172077,0.005570311963789543,-0.23008724213502857,-0.011172095893127955
2020-08-07,0.004309519462720419,-0.006688337876208372,-0.23028647533509583,0.00276927219360927
2020-08-10,0.0016975399729794623,-0.0044838740602051175,-0.23034830778639828,0.0006646829768629069
2020-08-11,0.009525033645197759,-0.011986085714629446,-0.2303569474559792,0.006763954942011579
2020-08-12,-0.011128840433125401,-0.00910754857877194,-0.2306295149075396,-0.013229328431767612
2020-08-13,-0.0010459674363836491,-0.010746315794160743,-0.23020999508426934,-0.003519905198057634
2020-08-14,-0.002752162383333447,-0.003914645799627081,-0.23007572515740882,-0.0036528364617850815
2020-08-17,-0.007251453291860272,0.0025095148087856955,-0.23002275878354755,-0.006674211364980804
2020-08-18,-0.002249399950100995,0.007126371116648933,-0.23007321438776238,-0.00060981626271656
2020-08-19,0.01949099472875076,-0.006270942822198755,-0.23008984692627266,0.01804811332654251
2020-08-20,-0.007374751000765463,0.008998510206295052,-0.2304825233032228,-0.005300778297216255
2020-08-21,0.009127106356191012,0.005974745651046831,-0.2306402546154065,0.010505112515685101
2020-08-24,0.005680056504734572,-0.0016259747790856593,-0.2304432303416351,0.005305348260267964
2020-08-25,-0.001346147358410791,-0.007683123816385695,-0.23047637233564722,-0.0031169281117986664
2020-08-26,-0.0009575381401809751,-0.003833386555170293,-0.2303900805123987,-0.0018407182303326356
2020-08-27,0.0022407605042332026,-0.017155436625229115,-0.2303630424234364,-0.001711219904818158
2020-08-28,0.000907400291299959,-0.0007447372919262563,-0.23025629280286627,0.000735912602650298
2020-08-31,-0.004964713121500437,0.006619202674378322,-0.23025838547764996,-0.003440586342492362
2020-09-01,0.015073436773338974,0.011359715909656565,-0.2303336869308202,0.01768995691368965
2020-09-02,-0.005186885651083929,0.009475142275485737,-0.22968549291555576,-0.00301062689331626
2020-09-03,-0.004694100168685555,0.0028374192284257305,-0.2297815519002321,-0.004042120090552001
2020-09-04,0.009643262766145806,-0.01917143416107958,-0.22981693751272794,0.005237340079355965
2020-09-07,0.0006048395764411405,0.0,-0.23014778408474545,0.0006048171355151406
2020-09-08,-0.0026837782384454374,0.006126069041991755,-0.23014823516471614,-0.0012738742905300446
2020-09-09,0.001691018429607338,-0.002690752208168057,-0.2301754722018669,0.0010716714220584912
2020-09-10,0.0018108849325208622,0.005069807635314838,-0.23018481785753472,0.002977877045723937
2020-09-11,0.0037222459558548266,0.002130180526280334,-0.23013947078263086,0.00421248149900677
2020-09-14,-0.003135015471670484,-6.061824670489102e-05,-0.23011443248793634,-0.0031489663034268795
2020-09-15,0.0003785326342629993,-0.002435294268820165,-0.23011064244344717,-0.00018185475154822384
2020-09-16,0.00431660555591056,-0.002990832643304131,-0.23010782918620015,0.003628391358080758
2020-09-17,-0.0038178505654226603,0.003051995840236188,-0.23014596203678694,-0.003115448633144731
2020-09-18,0.0012462062063907816,-0.0031133459978738287,-0.23017581906625595,0.0005295872161270393
2020-09-21,0.004115035719094088,0.005061460910767757,-0.2301803475621076,0.005280084243544192
2020-09-22,-0.0042161386838265365,-0.0007910879894188483,-0.2300985460228467,-0.004398172428468205
2020-09-23,0.002202163841228333,0.0013383369674739853,-0.23008232347392238,0.0025100904199397626
2020-09-24,0.00591979395163604,0.0038227748905894643,-0.2300739936866284,0.006799314472679446
2020-09-25,0.0027933518218433494,0.0,-0.22999557994681466,0.002793346503133466
2020-09-28,-0.014210527314857014,-0.0028502748634400277,-0.22999812264418343,-0.014866085354936238
2020-09-29,-0.009276785774226857,0.0011530237690777767,-0.22984167662553953,-0.009011783469498649
2020-09-30,0.007656267364144592,-0.009631172335813787,-0.2298680102496444,0.005442367156761531
2020-10-01,0.007180576404768963,0.0016467185115187633,-0.23004325478341828,0.007559381004244394
2020-10-02,0.0033782566618194496,-0.0037408354337200578,-0.23000959026847115,0.0025178263530240656
2020-10-05,-0.0021710745085681236,-0.019732584719127644,-0.2300415392466264,-0.006710390837731559
2020-10-06,0.00044683413972893015,0.005375010677486358,-0.2295871546803878,0.001680836727189811
2020-10-07,-0.0014752373616110281,-0.007319986421039815,-0.2295608833545097,-0.003155621692520456
2020-10-08,-0.0014197619708146447,0.005385446988742437,-0.22947809057677754,-0.00018392549467034512
2020-10-09,-0.002052385019237846,-0.00018703186183000042,-0.2294833663681055,-0.0020953060783592842
2020-10-12,-0.0016819941841230124,0.003180468756877275,-0.22947993711540116,-0.0009521406463994136
2020-10-13,0.003036823321222298,0.007135181736801499,-0.22949032474992606,0.004674277790569829
2020-10-14,-0.0023794502436542205,0.002284947122634051,-0.2293868932882474,-0.0018553203374972143
2020-10-15,0.004424215343855247,-0.0017289076222617439,-0.22940007546508845,0.004027602910704998
2020-10-16,0.000574318642225949,-0.002784101175227427,-0.22942608239366857,-6.442854741284833e-05
2020-10-19,-0.002146634280038509,-0.003786988591703455,-0.22942412477110577,-0.003015460955991426
2020-10-20,-0.002927320848768658,-0.009561555808632605,-0.22938172484236266,-0.005120569888265607
2020-10-21,-0.0027331462401222585,-0.003459708776093251,-0.2292105150709463,-0.003526159483639428
2020-10-22,0.0029417278684375475,-0.010451528875269567,-0.2291652885612757,0.000546597170170008
2020-10-23,-0.004076945417023806,0.006094028262728202,-0.22918028998743561,-0.0026803152701088645
2020-10-26,-0.0012337698602986084,0.009260365808986926,-0.2292344086960447,0.0008890209494265105
2020-10-27,-0.003839770748718589,0.0066869200142418705,-0.22921163023319122,-0.0023070524560510593
2020-10-28,0.00046075545562832237,0.0009337530496535962,-0.22926325808176254,0.0006748272201806668
2020-10-29,0.0054667392805642975,-0.009754896146521475,-0.229262060068743,0.003230311612996356
2020-10-30,0.0018594748933361425,-0.009914612676515944,-0.22936526895972498,-0.0004145999103796716
2020-11-02,-0.002545195853296539,0.007457666845083644,-0.2293470844023873,-0.0008348029393689599
2020-11-03,0.0005446246794366919,-0.005818462633278898,-0.22936989446559508,-0.0007899570278897152
2020-11-04,-0.0007458165098755383,0.021460351385527154,-0.22935146517623992,0.004176145273555481
2020-11-05,0.004785485711165656,0.0017368167063622764,-0.2290677639268348,0.005183315187327496
2020-11-06,0.00225462679893981,-0.012158722092030949,-0.22904339014706857,-0.0005302497821192518
2020-11-09,0.04132775344824964,-0.0212387644801435,-0.2290164196841193,0.03646372581911879
2020-11-10,-0.003660805919208888,-0.005783604604419068,-0.23159432090983725,-0.005000430755927269
2020-11-11,0.011827173204165597,0.0036023848725115215,-0.23149179266320763,0.012661088781798164
2020-11-12,-0.00533098000575898,0.01687462014825325,-0.23135407922138265,-0.0014269771400867758
2020-11-13,0.004346946282721791,-0.0013267285109330729,-0.23143974879758794,0.004039882758564283
2020-11-16,0.0021886224079385942,-0.002405662120048113,-0.23146030884752136,0.0016318057160859577
2020-11-17,0.0011129869737861145,0.006507112566109363,-0.23147347141003474,0.0026192100155184865
2020-11-18,-0.0014108337780415108,0.0028919876010728984,-0.2314225673594963,-0.0007415660353900585
2020-11-19,0.00442343319501133,0.005135283560554704,-0.2314301774248744,0.005611892264375942
2020-11-20,-0.0012814317725960173,0.008830974862620522,-0.23134260077147964,0.0007615429792508569
2020-11-23,-0.0059295718492497155,-0.004592387948904708,-0.23132515837481127,-0.006991907901945508
2020-11-24,-0.0045931169742421726,-0.010001603681732085,-0.23121075971676913,-0.006905603119405192
2020-11-25,0.0029545545845138686,-0.0030835276785321497,-0.23097242059608306,0.002242328566371702
2020-11-26,0.0023152616547630687,0.0,-0.2309956682319408,0.002315260077903823
2020-11-27,-0.002845225957964445,0.009658604887354372,-0.230997624266298,-0.0006141113079341937
2020-11-30,0.000849249806195706,-0.001249221937091427,-0.23102089548009228,0.0005606518571769603
2020-12-01,-0.01240870724929006,-0.014838940755871555,-0.2310230090382571,-0.01583684413701205
2020-12-02,-0.007224080647110319,-0.007968397320411214,-0.23022921052558293,-0.009058692313743406
2020-12-03,-0.004095468137973721,0.008031912270779706,-0.22998025500122007,-0.0022483037921468734
2020-12-04,0.003980561960257405,-0.014774318428750988,-0.23004097789078556,0.0005818591824769355
2020-12-07,-0.00475262584380286,0.008979948619749045,-0.23006323036386475,-0.0026866713652004145
2020-12-08,0.009371411707315744,0.004714479492207602,-0.23014384143312774,0.010456414660258
2020-12-09,0.0005124750573600231,-0.003310475966082471,-0.22999316854433238,-0.00024892201943040016
2020-12-10,-0.011362404968172144,0.008824775388647232,-0.2299886720485868,-0.009332806900402028
2020-12-11,0.0009783818163101106,0.003533096086090204,-0.23025444444085671,0.0017918748657465061
2020-12-14,-0.003322481538249295,-0.0027750111274453815,-0.23023666884823138,-0.003961392061946214
2020-12-15,0.0021503861578081413,-0.0033531364967167576,-0.2301957388093353,0.0013785056483824542
2020-12-16,-0.0014145533045508696,-0.002664953990386465,-0.23021058589845353,-0.0020280549311303994
2020-12-17,-0.005310571443326808,-0.002647243258559584,-0.23018979264737335,-0.005919941230483066
2020-12-18,0.0037682495092857525,-0.0030020636590899485,-0.23013188631822978,0.003077375008855151
2020-12-21,-0.0018441195604486796,0.003958028740512098,-0.2301635376955201,-0.0009331278101068147
2020-12-22,0.0017275930337548313,0.005147548388187317,-0.2301763966165252,0.0029124363009518078
2020-12-23,-0.0037496732086283865,-0.006933225829783396,-0.23013184900233669,-0.005345232309998418
2020-12-24,0.006110605538971222,0.00394986934967978,-0.23000248813011917,0.007019076542793723
2020-12-25,1.9534879195742386e-05,0.0,-0.22991928535890901,1.95292356516055e-05
2020-12-28,0.0011117312062504255,0.0004446484896023506,-0.2299191877426144,0.001213964419189582
2020-12-29,-0.002776439243970795,-0.001271774982268603,-0.22991856513204148,-0.0030688439652957478
2020-12-30,0.0001991415236836172,0.002161303298284345,-0.22990239280846075,0.0006960292265947031
2020-12-31,0.006181393171116441,0.0014591234016245735,-0.2298988757624535,0.006516843762191606
2021-01-01,-0.002830490655016432,0.0,-0.22987395823509324,-0.002830492345142414
2021-01-04,-0.000974445560838992,-0.001205353098638895,-0.22987133532218273,-0.001251521865066881
2021-01-05,-0.010077829287083773,-0.0074544984126356795,-0.22986464876007034,-0.01179135539992826
2021-01-06,-0.00014842699788990288,-0.02074175268658429,-0.22956270750513583,-0.004909980383337143
2021-01-07,-0.00631908306391354,-0.008853569745234324,-0.2292162377869143,-0.00834848851252546
2021-01-08,0.004454302229670398,-0.0032325422849854846,-0.22896340681581168,0.0037141511862025535
2021-01-11,-0.006893115750465993,-0.00165370274091714,-0.22900445310986747,-0.007271823826376886
2021-01-12,0.0014955201848150389,-0.0007945605894432717,-0.22895817707210023,0.0013135959018346585
2021-01-13,0.0038447581906713366,0.011199022333727271,-0.2289622816164788,0.006408911617669115
2021-01-14,0.014132370739024428,-0.009411826142484259,-0.22873719555739525,0.011979520754801494
2021-01-15,0.014311077523430216,0.003959863534285901,-0.22911228117885393,0.015218305449319776
2021-01-18,-0.004991293333573045,0.0,-0.22892952600150623,-0.004991305729637438
2021-01-19,0.0038221346809159773,0.003222339543567543,-0.22892519488142118,0.004559809095126609
2021-01-20,0.007416168333425231,0.0009841323832633364,-0.22888224919775635,0.007641415853860699
2021-01-21,-0.004327032520188064,-0.007043081260068362,-0.22886444286644278,-0.005938944596618781
2021-01-22,-0.00658356134940777,0.003231478264534182,-0.22871943899693872,-0.00584446928905119
2021-01-25,0.00011417040602528157,0.011716712121639716,-0.22877755638714573,0.0027946872320728225
2021-01-26,0.0020016630018762005,-0.0018889794120209302,-0.2286777422027904,0.001569688684591341
2021-01-27,-0.003143207482148647,0.0025395105930199335,-0.2286878587335422,-0.0025624529285919124
2021-01-28,0.002748895739022804,-0.005542839051231319,-0.22870791823801803,0.0014812031978751786
2021-01-29,8.667223251733035e-06,-0.006034706919832544,-0.22873354861474546,-0.0013716744438492248
2021-02-01,0.01398140276318301,0.0011558734178418462,-0.22870265052831837,0.014245751981738539
2021-02-02,-0.0011975889309793167,-0.006468106200097523,-0.2286612392550178,-0.0026765969192036596
2021-02-03,0.0024009740825154773,-0.008912875584245583,-0.22859947042419812,0.0003634912542944928
2021-02-04,0.006014335128307974,-0.0026758801193418336,-0.22860636877868631,0.005402611423031051
2021-02-05,-0.002065563663344808,-0.008408850250635425,-0.22865679480785886,-0.003988307830011418
2021-02-08,-0.004664496696577769,0.0043817743323630864,-0.22854017216952452,-0.0036630931466251297
2021-02-09,-0.004128778954225152,0.0007395413742630197,-0.22859138614788907,-0.003959729640151355
2021-02-10,0.0005111293099262675,0.006631375574163378,-0.2285979029831248,0.0020270474180444165
2021-02-11,0.0019871929470016815,-0.005489799579148524,-0.22855841949154238,0.0007324503537483023
2021-02-12,0.002528970244509551,-0.012496958093980659,-0.2285696803469558,-0.00032745623615122114
2021-02-15,-0.000590255892717737,0.0,-0.228550566027191,-0.0005902571892191116
2021-02-16,-0.0024049653277060656,-0.015344066160346337,-0.22854998023336123,-0.005911851385086301
2021-02-17,0.004165853476185703,0.006330600104358375,-0.22824275350389286,0.005610746236516069
2021-02-18,-0.003943720476578256,-0.004054928331218122,-0.22813401078916232,-0.004868794916129512
2021-02-19,-0.005820628313691069,-0.013381228226817754,-0.2280639119234885,-0.00887240832416208
2021-02-22,-0.007302081419211058,-0.007637381133521082,-0.2276643053462306,-0.009040867594473194
2021-02-23,0.00827846555410693,-0.002887638698468642,-0.2274290506306006,0.007621716669304942
2021-02-24,0.0009784974808898404,-0.006581566447836806,-0.22750538571112852,-0.0005188495101256128
2021-02-25,-0.008650421007979536,-0.016465348408368108,-0.22749104482470625,-0.012396141293527129
2021-02-26,-0.0043321418923855555,0.032524494235195434,-0.22681058933422232,0.003044711658417191
2021-03-01,0.008401182680850123,-0.013281881380344807,-0.2265046680988858,0.005392753796796031
2021-03-02,-0.00450524961520778,7.113411882109233e-05,-0.22673554638629412,-0.004489136642107378
2021-03-03,0.00798910524175551,-0.010904743370840464,-0.22673307314523064,0.005516639097667795
2021-03-04,0.004395597995105877,-0.006470655713934015,-0.2269276843261023,0.002927213877628483
2021-03-05,0.00307291193585924,0.001945317158918769,-0.22698851454795102,0.0035144724620458936
2021-03-08,-0.005368289364753347,-0.007805017178480256,-0.22696970930780244,-0.00713979312043229
2021-03-09,0.00017228860890719597,0.01376245649511354,-0.22678058672912788,0.0032933337397455563
2021-03-10,0.005645635647447153,0.002001686712808315,-0.22664184734092188,0.006099292211309577
2021-03-11,-0.004810207554042401,-0.0072393387199642945,-0.22660766947482308,-0.006450699548156006
2021-03-12,0.0057469808897658205,-0.021450078119710447,-0.22644860039054662,0.000889629931824381
2021-03-15,0.005250105580032743,0.0058628600401888775,-0.22650209433888172,0.006578052029520935
2021-03-16,-0.0009205018352728461,-0.0040269617814656655,-0.22638461363878062,-0.0018321519908830104
2021-03-17,-0.002169295689682269,-0.00751127643352234,-0.22635767782343136,-0.0038695326076882866
2021-03-18,0.011172571020987683,-0.010178055607821257,-0.22625780207812932,0.008869699755281105
2021-03-19,0.00661283028891813,0.006178735928760837,-0.2265514235863286,0.008012611793548306
2021-03-22,-0.023154925005265687,0.011143876048886447,-0.22639981384568153,-0.02063196382578524
2021-03-23,0.007539907204047571,0.008986176898856613,-0.22713146850862556,0.00958090113210528
2021-03-24,0.002054088228352373,0.00536753052951866,-0.22686425515113592,0.0032717709191711947
2021-03-25,0.010294992318695316,-0.00791625994967493,-0.2268121382040288,0.00849948493790064
2021-03-26,-0.002069119988142339,-0.003506498174098205,-0.22703204450623268,-0.002865222353645841
2021-03-29,0.0009956795839949802,-0.008524391277177301,-0.2269959643203215,-0.0009393252814873364
2021-03-30,0.0013140630365994592,0.0052261120883922985,-0.22696578867161415,0.0025002096416496295
2021-03-31,0.004763609323742668,-0.005595024794068593,-0.2269275676050222,0.0034939413640458065
2021-04-01,-0.0023368713138012705,0.0164386432206598,-0.22699067064132591,0.0013945430550865471
2021-04-02,0.00022491080898039064,0.0,-0.22692471261292438,0.00022490633512646665
2021-04-05,-0.0028357071458644336,-0.004372646307266415,-0.2269247810545616,-0.003827968956412216
2021-04-06,-0.008294489827859436,0.00676994576358414,-0.22686610734142312,-0.006758622565330104
2021-04-07,-0.011325678168817618,-0.006989080785637647,-0.22701125453747203,-0.012912288011189108
2021-04-08,-0.009283359909457578,0.008221416508116697,-0.22670820504307845,-0.007419517885474487
2021-04-09,-0.0003376960948169214,-0.003629635178796775,-0.2269023535790702,-0.0011612820283815382
2021-04-12,-0.0014222734877559855,-0.00043640523175003665,-0.22688640052798265,-0.0015212889820356446
2021-04-13,-0.004112812001863961,0.007465945570139354,-0.2268828845695132,-0.002418916973355009
2021-04-14,0.0010629822429853333,-0.003182564157263812,-0.22694207981758713,0.00034072049884032845
2021-04-15,0.0031855064304503766,0.016595898482965943,-0.22694448467235595,0.006951853896223403
2021-04-16,0.0018910546569653798,-0.007796373840030846,-0.22658506246153776,0.00012448842427119944
2021-04-19,-0.009707241334827527,-0.002876467617431544,-0.2265850866081598,-0.010359006000686656
2021-04-20,-0.0014062981463308633,0.004598292304493157,-0.2264803729644745,-0.0003648822928103862
2021-04-21,0.0009261799956558198,0.002005209770843841,-0.22648718995403547,0.0013803338595343945
2021-04-22,0.0003072853929696716,0.004354439713810443,-0.22648000777185864,0.0012934784460367514
2021-04-23,-0.0039664382002360605,-0.0023537043655439405,-0.22646447122154137,-0.004499469668616369
2021-04-26,0.005374449225878447,-0.0014287541345314736,-0.2264260549732301,0.005050939457941766
2021-04-27,-0.0002381367911986846,-0.008761144364930473,-0.2264523811841736,-0.0022221205802107945
2021-04-28,0.0012064281418538675,0.000648919911466983,-0.22638466658980713,0.0013533290666551219
2021-04-29,0.006043051162440343,-0.0029599186747537587,-0.22638300530021957,0.005372975764722065
2021-04-30,0.005240032657750832,0.0023109987632867757,-0.22643682765497294,0.005763324235718313
2021-05-03,0.001853835538355732,0.0005990537926647832,-0.2263990885740519,0.001989458211225292
2021-05-04,0.00816840165463167,0.006762770482772851,-0.2263968723507447,0.009699471590033613
2021-05-05,0.00016025754714060888,0.0016479859384155304,-0.2261959067384359,0.0005330115895163559
2021-05-06,0.0045257404806025026,0.0016452745484816234,-0.2261940589350567,0.004897891683451817
2021-05-07,-0.0027928831078697786,-0.004943503093059576,-0.2261723928252502,-0.0039109685009523195
2021-05-10,0.002368602774460127,-0.010178720767481053,-0.22610523882176994,6.71361294532355e-05
2021-05-11,0.0027315650377553445,-0.005675962922607525,-0.22610322684260362,0.0014482113690446753
2021-05-12,0.00259444514683802,-0.010563586900465438,-0.2261282644387281,0.00020571787651798423
2021-05-13,-0.0063187448857365755,0.0015475103660991252,-0.22613096676579197,-0.005968805053866098
2021-05-14,-0.005372282585104542,0.00930810564891793,-0.2261568805802225,-0.003267192205137054
2021-05-17,0.009479013047123888,-0.0021177299371109015,-0.22625579135953044,0.008999857675317614
2021-05-18,-0.005323911923880015,-0.0025621616685027604,-0.22632252955817306,-0.005903791360604484
2021-05-19,0.004565864829213322,-0.0024216986835714494,-0.2262685864796544,0.004017906832307681
2021-05-20,-0.011938807293660677,0.008194999700571692,-0.22630163120342728,-0.010084267735093667
2021-05-21,0.008675918421774455,0.0032013298570037207,-0.22656273105728,0.009401202747102634
2021-05-24,0.004701563759746688,0.0036976838021978153,-0.22647419287527085,0.005538987708918751
2021-05-25,-0.0016208120656229059,0.009220474111111265,-0.22641393862906076,0.0004668277069278617
2021-05-26,0.011727350349067231,-0.001722114581339973,-0.226404174494667,0.011337455756604204
2021-05-27,-0.005541091285905977,-0.004066619641610814,-0.22647435098903282,-0.006462081089946448
2021-05-28,0.0012096967447350468,-0.0015521054502878329,-0.22638351736275023,0.0008583194924451117
2021-05-31,0.0015034142711190988,0.0,-0.22638767820898306,0.0015034139888938914
2021-06-01,-0.0037592386337172083,-0.0002219927684246059,-0.22638868268826004,-0.003809495352259799
2021-06-02,0.0016739739502445632,0.00231264819178012,-0.22638299826081534,0.0021975177962543072
2021-06-03,0.008877279884362866,-0.003760540436276827,-0.226369171351128,0.008026008524107777
2021-06-04,-0.004214096287934816,0.01360148602942779,-0.2264701641479261,-0.0011337723644148075
2021-06-07,0.006720220164889851,-0.0030781935617687495,-0.22652440273891453,0.006022930527856867
2021-06-08,0.0021865267300541485,0.007001934993597914,-0.2265868740680301,0.003773069055325757
2021-06-09,-0.009076769525051922,0.0087902731208791,-0.22650790119158734,-0.0070857085661762235
2021-06-10,0.0068503881479093694,0.005980823456250839,-0.22670581892628397,0.00820626220288978
2021-06-11,0.00758544199100252,-0.0016149469350912327,-0.2265572156212199,0.007219554030428352
2021-06-14,-0.0026293717369834956,-0.0076885573437337484,-0.22659921371239503,-0.004371595634336355
2021-06-15,-0.004810013867423612,-0.0012044669498099125,-0.22648483613756856,-0.005082815125278087
2021-06-16,0.008291612889734196,-0.0008513553386269024,-0.22646081638230256,0.008098812635486138
2021-06-17,-0.0061366597268973574,0.014861324594662939,-0.22648846741388456,-0.002770742971248173
2021-06-18,0.0008373273471690718,0.018631056562153248,-0.22662452116539603,0.0050595723910097454
2021-06-21,-0.006470053154034818,-0.016884870776953775,-0.22633497224150137,-0.01029170955239407
2021-06-22,0.003982177024408464,0.0024394590471077393,-0.22576465311873584,0.0045328819659143284
2021-06-23,0.005436843980518503,-0.002579383717472794,-0.22573370672340687,0.004854588033854505
2021-06-24,0.003462857336639847,0.001604134406073321,-0.2257761631261684,0.0038250297682149
2021-06-25,0.000647980198599701,-0.010437305644384942,-0.2257600529704378,-0.0017083475692778257
2021-06-28,-0.004790992256894569,0.010228392416969712,-0.22569718345135784,-0.0024824771615133212
2021-06-29,-0.002722816242521651,0.0016714307595444566,-0.22578070138046502,-0.0023454450982437394
2021-06-30,0.005813643952331342,0.0044435387015209216,-0.22579205920585735,0.006816958935521003
2021-07-01,-0.006434610287958797,5.1802341923590234e-05,-0.22570237325094505,-0.006422924459737394
2021-07-02,-0.0001221027196184176,0.0060166799494334455,-0.22569846855858303,0.0012358524659252463
2021-07-05,0.005079510685939906,0.0,-0.2256781713090575,0.005079509309201825
2021-07-06,-0.011002787187660644,0.011652538419968828,-0.2256819552412765,-0.008373019790177566
2021-07-07,0.005156169550111175,0.008820447387362762,-0.2259916835171271,0.0071494962960582205
2021-07-08,-0.018191768848437442,0.003909803566090275,-0.22579982269516102,-0.01730894891013069
2021-07-09,0.008172563971452166,-0.014162443563383142,-0.22600365002340408,0.004971786207514007
2021-07-12,0.0005908666639586491,-0.0012974164945749322,-0.22622586468411457,0.00029734242306419975
2021-07-13,0.001849908793804902,-0.00768260587391012,-0.22622667171532185,0.00011189838210967553
2021-07-14,0.004718663172913501,0.011297637470251587,-0.22622614157525156,0.007274484070765739
2021-07-15,-0.0010506994154447023,0.01096983634204296,-0.22597467266037086,0.0014281887042515349
2021-07-16,0.007227265329596062,-0.0018873698759920288,-0.22593050669185205,0.006800847901473595
2021-07-19,-0.02155214598977922,0.021691357386513843,-0.22597576445149625,-0.016650427992150673
2021-07-20,0.009547237544647862,-0.009686424767113344,-0.22712009275002612,0.007347178234709509
2021-07-21,0.0020511233490989535,-0.012747576879799993,-0.22734789565727867,-0.0008470268808508136
2021-07-22,-0.0017663446166664319,0.009408810547999025,-0.227307380329833,0.00037234471291288024
2021-07-23,0.0014955672561022563,-0.006711161994681802,-0.22730045704112997,-2.9883402164344353e-05
2021-07-26,-0.003944294516680937,-0.00296764016173956,-0.2272968269784478,-0.0046188299552809425
2021-07-27,-0.0024914810084098417,0.010615004656301608,-0.22724834978749373,-7.924200542843419e-05
2021-07-28,0.002975686297649056,6.66844348664597e-05,-0.22725533815081023,0.0029908402174317304
2021-07-29,0.005062339018856274,-0.00556167665720686,-0.22725697502038647,0.0037984090946710488
2021-07-30,-0.006062995579116255,0.0046927096338169605,-0.22732451594642364,-0.004996232214351666
2021-08-02,0.007220664559330419,0.008867155167403773,-0.22739691230851766,0.009237023354800181
2021-08-03,-0.002847181215176255,0.0005307742516489355,-0.22714798994976443,-0.0027266337949020236
2021-08-04,0.002665693978401551,0.0020543062310549587,-0.22715054751723976,0.003132330590077029
2021-08-05,-0.005992556279595393,-0.005110540456380264,-0.22713338609931533,-0.0071533318022889685
2021-08-06,0.005963967577214966,-0.01684168128623309,-0.22700946527516,0.0021407381086917124
2021-08-09,0.0009276871900621973,-0.003593197503737322,-0.22711814106355388,0.00011159948119084685
2021-08-10,0.004539641403070318,-0.004628724997918887,-0.22711786310907175,0.003488375253770119
2021-08-11,-0.00021047910487832864,-0.0006139564020513077,-0.22716962669860585,-0.0003499548626037108
2021-08-12,0.003753115930174504,-0.0016400882812703799,-0.22716831163823167,0.003380539755181695
2021-08-13,-0.00795150105350279,0.01567264856714079,-0.22718765332315685,-0.004390870116098819
2021-08-16,-0.0005060646491316001,0.002420714602950902,-0.22740882482600014,4.4412212166945946e-05
2021-08-17,0.009437423140508768,-0.00040340571715979934,-0.22740944851744105,0.009345684826536433
2021-08-18,-0.003577830444706709,0.003353594884648814,-0.22742836358490612,-0.0028151291309506474
2021-08-19,-0.0008207250427631116,0.007338472617104408,-0.22745741860117513,0.0008484630244319762
2021-08-20,-0.0027425191837225785,0.000664393511161876,-0.22744143827826332,-0.002591409651887305
2021-08-23,-0.001823302899051814,-0.000664393511161876,-0.22744503547624828,-0.0019744161487618393
2021-08-24,0.007898844819139775,-0.0078070237175555945,-0.22743894088850888,0.006123223199938888
2021-08-25,0.003433889464839298,-0.008341362264178365,-0.22759156566271205,0.0015354554150197781
2021-08-26,0.001958249068198671,0.002765667943137373,-0.2276295540374593,0.0025877942520048515
2021-08-27,0.005533860255767304,0.006780649894459145,-0.2276100001120901,0.007077202652685899
2021-08-30,0.009661700595702144,0.0026059813930690012,-0.22746651604003645,0.010254464371696269
2021-08-31,0.009336916278804478,-0.006830341475734691,-0.22739099803122093,0.0077837529914472
2021-09-01,0.0015899348125490383,0.0016741152427020012,-0.22756201875940973,0.001970888256683418
2021-09-02,-0.0010410064387391727,0.004356033869433951,-0.22755376142940745,-4.9775106920367136e-05
2021-09-03,0.0017533976649109365,-0.009135840445396504,-0.22755629767565191,-0.00032552053502951
2021-09-06,0.0049025932724371234,0.0,-0.2275423339361799,0.00490259232529343
2021-09-07,-6.534384967991913e-05,-0.008471499131613491,-0.22754599471683035,-0.0019929997946320343
2021-09-08,0.00040990946827669517,0.0067828440563157955,-0.22748706100676652,0.0019529147305123507
2021-09-09,0.0017767292247988368,0.012027546685588142,-0.22744969739391496,0.004512388544498018
2021-09-10,-6.116607294730937e-05,-0.00885559380985157,-0.22728714719456222,-0.002073939752287276
2021-09-13,0.009452632075902504,0.006046363087103046,-0.22722329458269147,0.010826502285751183
2021-09-14,-0.006496138122082773,0.012050445475712657,-0.2270275835987223,-0.0037603678792847836
2021-09-15,-0.00043209378883370987,-0.003513670108683975,-0.22717328750644664,-0.001230315661557814
2021-09-16,9.604397807392142e-05,-0.004592776087934958,-0.2271569145989675,-0.0009472379780599684
2021-09-17,0.00029380565920033696,-0.004815001877881642,-0.2271401807243291,-0.0007998758725683209
2021-09-20,-0.011411685815581713,0.01232584923882385,-0.22712504277277165,-0.008612177806792201
2021-09-21,0.0039647486606878,-0.0008615036685135635,-0.22745888606258613,0.0037687693517191013
2021-09-22,0.0031851804312272147,0.005946881906694124,-0.22747156449538045,0.004537926102449314
2021-09-23,-0.005767750133377913,-0.022856232933692766,-0.22739261732710492,-0.01096509411729998
2021-09-24,-0.006481556853927248,-0.00982153276706832,-0.2265841170496257,-0.008707015023631099
2021-09-27,0.002568646775487222,-0.003682309823725305,-0.22630369706143674,0.0017353074281012129
2021-09-28,-0.004286472454482937,-0.015699467713197635,-0.22632337003645941,-0.007839630229506702
2021-09-29,0.004876694490374933,0.001733173690618095,-0.2259232338401671,0.005268231554607997
2021-09-30,-0.005760589321127718,-0.00013838320824177686,-0.22589906711274582,-0.0057918515979737285
2021-10-01,0.01012693707548165,0.00837034113483437,-0.22589209523089462,0.012017730499332349
2021-10-04,-0.013508575137178113,-0.0025485690914708314,-0.22558824456769253,-0.014083522974508395
2021-10-05,0.0027550030757085083,-0.009703403794033783,-0.22546362098747502,0.0005672300673341372
2021-10-06,-0.001223479373696951,0.00562537260015894,-0.22547699538301194,4.491183092760687e-05
2021-10-07,-0.0008222381217449968,-0.010512837413304332,-0.22547859522076852,-0.0031926580419962707
2021-10-08,-0.005701256136555956,-0.007023598216858495,-0.2253660713155155,-0.007284144505549492
2021-10-11,-0.00745262211198564,-0.0025402759438231115,-0.22519687432830215,-0.008024695790894609
2021-10-12,0.006308646607784274,0.016955214103151484,-0.22512583746586048,0.010125698563824077
2021-10-13,-0.0032526651500611532,0.009679255133037579,-0.2246013244996149,-0.0010787272040963588
2021-10-14,-0.003018167263585437,0.003708537908314824,-0.22463734508059932,-0.0021850935969636234
2021-10-15,0.01044210706999503,-0.005843686552942984,-0.2246626339612007,0.009129247341652783
2021-10-18,-0.00693288923321804,0.004677854020962435,-0.22483422222110602,-0.005881159201376859
2021-10-19,0.0026223148718021736,-0.01389081137000936,-0.22491809895624235,-0.0005019857037583891
2021-10-20,0.0019226568970145195,-0.006773046402720695,-0.22488981193427005,0.00039946584660981925
2021-10-21,-0.021509605591711056,-0.001191577443105274,-0.22489558832928644,-0.021777586493624067
2021-10-22,-0.007756160102729387,0.010952490543308713,-0.22479782272259877,-0.00529407070652753
2021-10-25,0.009869116005547471,-0.0015275813746420397,-0.2249800698890129,0.00952542827951273
2021-10-26,0.0025567761390187208,0.008235058411130147,-0.22503193890389978,0.004409923782049163
2021-10-27,-0.009412454930375302,0.018030993169035447,-0.2249246972082086,-0.005356846525542267
2021-10-28,-0.021711195215249522,-0.0033898993553682644,-0.22523044977788523,-0.02247472451059081
2021-10-29,0.005148256659774164,0.0030516432123492976,-0.22497360282745116,0.005834778406179862
2021-11-01,-0.02661303605038865,-0.007215234747421029,-0.22492335652939183,-0.028235914276072194
2021-11-02,0.009122896662618535,0.00442884843619229,-0.2242616952424835,0.01011607284119987
2021-11-03,0.0003695315815114282,-0.010387833345646413,-0.22413062051934715,-0.0019587088427410635
2021-11-04,-0.002389919610311745,0.010455769607523813,-0.22406146162900725,-4.718928055835685e-05
2021-11-05,0.006486796110921574,0.01484475521774442,-0.2240668474228408,0.0098130132480134
2021-11-08,0.003241471726385067,-0.0018771702637305765,-0.22362454889798708,0.0028216603723753707
2021-11-09,0.002700370376541733,0.012934404125283017,-0.22364242287479233,0.005593050641191335
2021-11-10,0.0030316378151162083,-0.018451849757748384,-0.22342566633474586,-0.0010909937144533703
2021-11-11,0.0042526078415541,-0.0014858538443363045,-0.2233546862128963,0.003920730607897643
2021-11-12,-0.00406847338527951,-0.00440215434349156,-0.22337513111065382,-0.005051806575679155
2021-11-15,0.004322691757654782,-0.012636363842783993,-0.22330013623970577,0.0015009849031745136
2021-11-16,-0.007379102625537582,-0.002546547710886138,-0.2233553661404227,-0.007947891468074507
2021-11-17,-0.01955231734669185,0.007894042488878483,-0.22328533008973594,-0.0177896982142815
2021-11-18,-0.01622238967422004,0.003753401086227015,-0.22371298106557408,-0.015382734135137988
2021-11-19,6.708813758909016e-05,0.010502201854138526,-0.2238828776742953,0.002418339786726831
2021-11-22,0.010544833703814701,-0.01179764430090735,-0.22380920170086907,0.007904407353524946
2021-11-23,-0.026629135655868434,-0.014564310626679955,-0.2241012519594534,-0.029893035710652396
2021-11-24,0.022174487065508623,0.015927818900110857,-0.22271865645656505,0.0257218157114308
2021-11-25,-0.0032395464623052755,0.0,-0.22146851029062348,-0.0032396312582196715
2021-11-26,-0.03245530599204949,0.02495503130643595,-0.22146602787335234,-0.026928614501537346
2021-11-29,-0.018565208843054095,-0.00807071915070079,-0.22354097078316193,-0.020369485977807873
2021-11-30,-0.012645350686052098,0.01508764009072383,-0.2230125314912613,-0.009280653718593834
2021-12-01,-0.004803643640990355,0.006143511120286327,-0.22344455152972914,-0.0034309388573009053
2021-12-02,0.0066014297727078446,0.0012465856923071783,-0.22350913094163952,0.006880048677095682
2021-12-03,-0.0029355637102266674,0.011861455980058722,-0.2234881253381629,-0.0002846705742470815
2021-12-06,0.006205453765580416,-0.013830260996677168,-0.2235020142994418,0.0031143616324644853
2021-12-07,0.010688848177474328,-0.00811291488703425,-0.22363345903178816,0.008874520042717894
2021-12-08,-4.045555954738239e-06,-0.017435713363402883,-0.22386060757997853,-0.003907230350289928
2021-12-09,-0.003584334795886857,0.005577946095867148,-0.223641152023881,-0.0023368913904870657
2021-12-10,-0.002980737403326676,-0.0024155975042905453,-0.22368144598908987,-0.003521064479105334
2021-12-13,0.0005763061208490723,0.014670730134590748,-0.22365165490516,0.0038574371734238174
2021-12-14,-0.01601194312753283,-0.0023861395633808513,-0.22348408827887944,-0.016545218718204358
2021-12-15,-0.0007471083294734117,-0.009668349377284002,-0.2233486673857721,-0.0029065304641465424
2021-12-16,-0.010238266978743206,0.0003861686524908592,-0.2232566123397815,-0.01015205851757959
2021-12-17,0.005443784550241547,0.011267988918601368,-0.2232611926416807,0.007959488884205349
2021-12-20,0.022325012874992653,-0.007520351396661518,-0.22299325144294244,0.02064800709092762
2021-12-21,0.004609548858173085,-0.003814917003286844,-0.22348620814855658,0.0037569340860452065
2021-12-22,0.006349561226602506,0.0046163410032962204,-0.22353201505619158,0.00738145812622825
2021-12-23,0.005030618242124639,-0.008715202819683299,-0.22343366111065166,0.0030833418975708127
2021-12-24,0.010806898264723848,0.0,-0.22351604857541738,0.010806892676480969
2021-12-27,-0.014016807983119993,0.0024209824470577956,-0.22352398646633564,-0.013475660873806226
2021-12-28,-0.006790246584028206,-0.003970424281992457,-0.2236154666670224,-0.007678101067704273
2021-12-29,-0.015093944648415639,-0.010984861851603966,-0.2235142621189981,-0.01754922480423909
2021-12-30,-0.0010158479348890061,0.008351165127145066,-0.22290269762033663,0.0008456078185383774
2021-12-31,-0.004592075508612859,0.0019589955559027317,-0.22288398029587347,-0.004155448051304991
2022-01-03,0.000158437254632732,-0.02660089050925407,-0.222906561212779,-0.005771077305619242
2022-01-04,-0.0018143014738730228,-0.004166522907292247,-0.22242158366888834,-0.0027410589927505465
2022-01-05,0.002285767679256441,-0.005442831625821931,-0.22238316606967587,0.001075370944102341
2022-01-06,0.005444271743305048,0.002585303801776462,-0.22240029327434577,0.006019242905305673
2022-01-07,0.003761677950617727,-0.00721389070347378,-0.22235733076498282,0.0021576135552675135
2022-01-10,-0.0006805703107912004,0.00245702463927433,-0.22240455355342365,-0.000134120045888709
2022-01-11,0.0037563431792877167,0.0066394944657170996,-0.22240614049209953,0.005233007410586366
2022-01-12,0.0029574637650857634,-0.003838519476424551,-0.22230481380597067,0.0021041355347210726
2022-01-13,-0.0027822448458504428,0.008841307504486196,-0.22232992919203112,-0.0008165592779595541
2022-01-14,0.0033746651665782904,-0.015224840632884096,-0.22235418807848978,-1.0643556422213426e-05
2022-01-17,0.0009858826132191879,0.0,-0.22234898885788568,0.0009858822605622929
2022-01-18,0.0013463361289459098,-0.014174374382004196,-0.22234960985089805,-0.001805330526894498
2022-01-19,0.007887457551139251,0.0068998521734062734,-0.2222653441946333,0.00942104985371513
2022-01-20,0.006873717136411721,0.006148170709736611,-0.22207414508967263,0.008239053921835974
2022-01-21,1.4494131584214757e-05,0.01183619509669942,-0.221926089089951,0.0026412445766395617
2022-01-24,-0.005046793715181204,-0.00824960669624275,-0.2218356095470966,-0.006876856382284851
2022-01-25,0.006377895287034533,-0.0016159680340974703,-0.22165390031466636,0.0060196973443738
2022-01-26,0.0014865423270901013,-0.012167558792828714,-0.22168739887357813,-0.0012108544045004868
2022-01-27,0.005665844516993607,0.018196489580955877,-0.22163742053166188,0.009698864140476965
2022-01-28,-0.0023428957485779767,0.00034923233996320135,-0.22110877822799102,-0.0022657132697441558
2022-01-31,0.006657517591031307,-0.005183558824399803,-0.22110965251091608,0.005511382641296812
2022-02-01,0.00016748746548013725,-0.003319223437463492,-0.22119934702935695,-0.0005667286754028869
2022-02-02,-0.005958364320457439,0.0033811602278461805,-0.22119203316892286,-0.005210479111280621
2022-02-03,-0.0027937140105702067,-0.007836664531777338,-0.22124343206127672,-0.004527528053818699
2022-02-04,-0.005231408754357229,-0.014852231902801272,-0.2211289735415807,-0.008515675313409247
2022-02-07,0.003418297451523797,0.0006475841460353848,-0.22073104823009534,0.0035612123880989677
2022-02-08,0.004055261621884867,-0.0067086246015728435,-0.22072653301858092,0.002574489865995155
2022-02-09,0.008291161180909863,0.0018799869129653146,-0.22077899544512336,0.008706219244540882
2022-02-10,0.00576963882297364,-0.016020135926440027,-0.220735263335581,0.0022334269342825824
2022-02-11,0.0015638401773436293,0.014719196113939681,-0.22084101744111448,0.004814435249887282
2022-02-14,0.004657117811639276,-0.01251933350780643,-0.22063222299155819,0.0018949352671622593
2022-02-15,0.0016238527063424971,-0.011417697565664575,-0.22070183925074488,-0.0008960588683957558
2022-02-16,0.0034831234630954893,0.0059091754945113095,-0.22066619599722015,0.004787076323310174
2022-02-17,-8.038926900733704e-05,0.007411069648316726,-0.22058478013331465,0.001554374377578931
2022-02-18,-0.0003491877317782835,0.010471824739823887,-0.2205529955223018,0.0019604024272623964
2022-02-21,0.0018016611894448005,0.0,-0.2204950158057677,0.0018016572567501974
2022-02-22,0.005255517942522353,0.002601026337520018,-0.22049614964361358,0.005829034158160287
2022-02-23,0.003737583600612119,-0.013877512931762759,-0.22045456540187092,0.0006782196977722958
2022-02-24,-0.013079307559347522,0.0006581533296010633,-0.2204789741014594,-0.012934200244048424
2022-02-25,0.005870667750910082,0.0007309292291983738,-0.22049655769186677,0.006031833937190854
2022-02-28,-0.005857574790551463,0.021682166133612846,-0.22048725888119958,-0.0010769340438715588
2022-03-01,0.0014398644446520239,0.01147820613392092,-0.2205648095311699,0.003971547534172263
2022-03-02,0.004330391164537616,-0.034780611420544005,-0.22043240054147978,-0.0033363914843362002
2022-03-03,0.005253659188197663,0.010134086090821448,-0.22006641627901874,0.007483806372194408
2022-03-04,-0.005385814665889813,0.01711646029871794,-0.21984455930687527,-0.001622869042916757
2022-03-07,-0.002643423141789082,-0.007659097057517883,-0.2199333221462652,-0.004327919822966565
2022-03-08,0.0015500583841983227,-0.010110383413222124,-0.21982733727388046,-0.0006724874691750273
2022-03-09,0.0048145796230796255,-0.009847289975405182,-0.21980288495511419,0.0026501152189245493
2022-03-10,0.004034625056964199,-0.014471795599221515,-0.2198803393315482,0.0008525564762331496
2022-03-11,0.004615387949787498,0.0033414562223335054,-0.2199133669230469,0.0053502165978449225
2022-03-14,0.00021107509394203841,-0.02362618178941478,-0.21986373934772863,-0.004983468946966791
2022-03-15,0.0006623162833576594,-0.0017468301999450375,-0.2194968968787202,0.0002788675926111877
2022-03-16,0.005391245563790448,0.009759590507509408,-0.21949789591344593,0.007533455077402276
2022-03-17,0.0022897869567499026,-0.00748128000153514,-0.21928371892304654,0.0006492495283403921
2022-03-18,0.0033974441096479985,0.01213860821088808,-0.21929620461057778,0.006059393972661346
2022-03-21,0.005745656114797007,-0.02342887858908238,-0.21908202165469437,0.0006127955006255543
2022-03-22,0.004093444627407111,-0.012894628913112882,-0.2191176096349919,0.001268001948945561
2022-03-23,0.0051393896781586216,0.021678326579401386,-0.21916315574691791,0.009890477053274395
2022-03-24,0.0075415320381212216,-0.00786340100484395,-0.21853168377124035,0.005823086944377797
2022-03-25,0.003699971962226242,-0.013969969748835354,-0.21867013847697345,0.0006451473515127259
2022-03-28,0.003727509549401528,0.008513053249816771,-0.21869261232577727,0.0055892498790982076
2022-03-29,-0.0034514255337369307,0.00752412692666482,-0.21855596442289404,-0.0018069919855027252
2022-03-30,-0.005769813411354581,0.007771282983074279,-0.21859832170042004,-0.00407102686683882
2022-03-31,0.004670234502202687,0.002425874009860607,-0.21869353118636256,0.005200750997687133
2022-04-01,0.010930803017306343,0.0037915157377028663,-0.2186596408527298,0.01175985218805926
2022-04-04,0.014687058040107602,-0.006974233069706237,-0.2185343133470556,0.013162940304282693
2022-04-05,-0.005640078181032334,-0.022851503432400833,-0.2188155148477019,-0.010640360743197526
2022-04-06,-0.0067830993451141516,-0.008126931985652064,-0.2180714313323765,-0.008555401505858195
2022-04-07,-0.004290856033535424,-0.007560899466512616,-0.2178548830482111,-0.005938049590762092
2022-04-08,0.005224672961316663,-0.01088972847947467,-0.21771404792697108,0.002853816540547326
2022-04-11,0.006110583844484852,-0.01595149783309946,-0.21780487936925555,0.0026362636221999407
2022-04-12,0.012079747172704946,-0.0013813439086609591,-0.2179265130891575,0.011778707461044242
2022-04-13,-0.0006091070820165654,0.002030758825197765,-0.21798129156043256,-0.0001664433660101883
2022-04-14,0.0006008812300368352,-0.02024890619183406,-0.2179828864185398,-0.0038130338966547075
2022-04-15,0.003035653259090095,0.0,-0.2177424415577164,0.0030356369500036933
2022-04-18,0.003595381889711765,-0.00498127771244139,-0.21774403771844314,0.00251073825934222
2022-04-19,0.00023925020961355285,-0.007518752464224399,-0.21778090719317428,-0.001398193023818383
2022-04-20,-0.0055580290248323705,0.01992572889043842,-0.217745900036051,-0.0012192856282029754
2022-04-21,0.0008277017093201483,-0.007425698713772633,-0.21782499196337515,-0.0007898064180403492
2022-04-22,-0.0062771894638106295,-0.006313749076482189,-0.21780427565943705,-0.007652352413271311
2022-04-25,-0.008324055063919948,0.009951050270709416,-0.2176535513902959,-0.006158183855883001
2022-04-26,-0.006960633863762202,0.010016260099599883,-0.21783653539619977,-0.004778738877623728
2022-04-27,0.009811435406342661,-0.012908610487239791,-0.21798014263908796,0.006997604910354733
2022-04-28,0.007853830631745664,0.0014887646820875844,-0.21824872196262468,0.008178733403501122
2022-04-29,-0.0013061901447705142,-0.013058374713700083,-0.21821735041253296,-0.0041557562033827655
2022-05-02,-0.005272240396622198,-0.0174542658785386,-0.21804862283147022,-0.009078130478561229
2022-05-03,0.00762944610745045,0.006719041010851967,-0.21756581728265384,0.009091247008211064
2022-05-04,-0.002490214006406587,0.00549449423580306,-0.21739105051561866,-0.0012957719866534554
2022-05-05,0.005249379779060845,-0.02778053718729101,-0.21741345005796803,-0.0007904841746258531
2022-05-06,0.002878570897514833,-0.01484469847738712,-0.21733791964927224,-0.00034775011051819645
2022-05-09,-0.009138083545334408,0.008758513966721893,-0.2173171180226543,-0.007234709942874614
2022-05-10,0.002651470950775367,0.00902897221846466,-0.21750452559726074,0.004615300558152452
2022-05-11,-0.0007210600307744032,0.01908904063887551,-0.21738633981803357,0.003428628627948846
2022-05-12,0.0043918435471779005,-0.0018671171574098366,-0.21720081632683705,0.003986291592574841
2022-05-13,-0.0009008165466952588,-0.014891221779399721,-0.21722423273626343,-0.004135552360537853
2022-05-16,0.0037288677614895397,-0.0010352577683168107,-0.21703439512587228,0.003504168341486212
2022-05-17,-0.008233678747982576,-0.012157129621034102,-0.21704649839297785,-0.010872341983687663
2022-05-18,-0.003461613163686748,0.02109323223646431,-0.2166454486979413,0.0011081123959523448
2022-05-19,-0.0034608934225421957,0.0023926676836572014,-0.216584155901133,-0.002942683669342244
2022-05-20,0.012119228412828486,0.011286031811868824,-0.21660421690617304,0.014563829134702588
2022-05-23,-0.007087250680896567,-0.01659148777211339,-0.21612997462155403,-0.010673200679302386
2022-05-24,-0.008898090213718447,0.019540334231237466,-0.21559571438812936,-0.004685314133982565
2022-05-25,0.0013272067314705717,0.00394635650691999,-0.2158699576208627,0.0021790879417867915
2022-05-26,0.006326645989151514,-0.004535537514269272,-0.21584703736159416,0.005347662099200438
2022-05-27,0.005504753373555426,0.002438407414620869,-0.2159197525356749,0.006031248766918512
2022-05-30,-0.006892390241662952,0.0,-0.21588034701258316,-0.006892392914492301
2022-05-31,0.004305138253467886,-0.021389560638509053,-0.21587665325188457,-0.0003123687622450479
2022-06-01,0.006048356709153178,-0.0011375926475096776,-0.21584934972920972,0.005802806223966303
2022-06-02,-0.00012722400225756414,0.0005160580914447266,-0.21587128943286715,-1.5823364778900365e-05
2022-06-03,0.01050810781714217,-0.0021521833960793657,-0.21587142562051226,0.010043512909996279
2022-06-06,0.0017495785681132699,-0.018616093235455544,-0.21593936232028813,-0.0022703733421108587
2022-06-07,-0.005972519876023821,0.01074217938286015,-0.2158071967369462,-0.0036542892211962868
2022-06-08,-0.00393222264688498,-0.008899689453713222,-0.21592456538793253,-0.00585389218524034
2022-06-09,0.005644564957645102,0.0033247913793816863,-0.21576530631820354,0.006361928785709907
2022-06-10,-0.006952554372800391,-0.006221340368797179,-0.21570737226664682,-0.008294547285327246
2022-06-13,-0.00751816314815161,-0.03188212537072754,-0.2155493496439468,-0.014390345255563597
2022-06-14,-0.00042489723485493697,-0.012693262597775146,-0.2141869422130734,-0.0031437207478412633
2022-06-15,0.006358414440362179,0.01848405679935805,-0.21406433157919597,0.010315183387456477
2022-06-16,-0.021880182396760452,0.00790826546660739,-0.21351724021579058,-0.02019166848798733
2022-06-17,0.007115634236325455,0.0032172855398524547,-0.2139774966785915,0.007804029723599701
2022-06-20,-0.003053268109183428,0.0,-0.21390874333191054,-0.003053272772640437
2022-06-21,0.01010692709773871,-0.017097633129727896,-0.21390723313333537,0.006449619599394809
2022-06-22,-0.007265632382910276,0.02712935358995683,-0.21422696843082678,-0.0014538148951074381
2022-06-23,-0.007339336783278671,0.008181253957766366,-0.2143502269458329,-0.005585691501207133
2022-06-24,0.0027615559784990498,-0.013939486562641434,-0.21448341911685995,-0.0002282417944549551
2022-06-27,0.008531139025711239,-0.008565316817688462,-0.2144694558911506,0.006694139241177428
2022-06-28,0.004088849727151671,0.00464822710469015,-0.21463687850818183,0.005086519327424264
2022-06-29,0.006787297855440947,0.015488027347369204,-0.2145718704959617,0.010110588444243099
2022-06-30,-0.0019562406340084314,0.008743699596887033,-0.21412585865495867,-8.40187024519887e-05
2022-07-01,-0.008535604205382363,0.010193725636513662,-0.2141308696234022,-0.0063528132100213
2022-07-04,0.0011013683859016996,0.0,-0.2143195935395913,0.0011013555849849128
2022-07-05,-0.013155825733744457,0.007825903721388805,-0.21432008568246075,-0.01147857741101518
2022-07-06,-0.01252968670301389,-0.01693319481134381,-0.21457828344495397,-0.016163200092115467
2022-07-07,0.009658987741440755,-0.008839311417968787,-0.21376892969309738,0.0077693627029037406
2022-07-08,-0.0025413630996390644,-0.011137374983297477,-0.2139695061636564,-0.004924435329636014
2022-07-11,-0.01509483297729562,0.017097179593682732,-0.21380416734317845,-0.011439395945085307
2022-07-12,-0.010822349743134736,0.005924495669885843,-0.21437180277940607,-0.009552343427853062
2022-07-13,0.010737075825940929,0.01140124950978727,-0.2145331708304183,0.013183011089303068
2022-07-14,-0.0056737291171425185,-0.008192311358645732,-0.21410694270473576,-0.0074277887663697735
2022-07-15,0.030807690109612575,0.005612508899084823,-0.2139241159579366,0.032008328713236486
2022-07-18,0.006551200396413279,-0.010473290424807047,-0.21342050622950892,0.004315951292818688
2022-07-19,-0.0014062946174856407,-0.005409283937674481,-0.2135502424377043,-0.0025614573136417385
2022-07-20,0.00015791133538956535,0.0026210493999023754,-0.2135069710991759,0.0007175207188210627
2022-07-21,-0.004009414652520266,0.017128737168938812,-0.21350267298687872,-0.0003523837735979283
2022-07-22,-0.013494650813190581,0.016671049910771174,-0.21352555993577133,-0.009934957098670255
2022-07-25,0.011248755723330974,-0.009833256441675431,-0.21400543620617246,0.009144352839771447
2022-07-26,0.009046837842997028,0.0007663946574432146,-0.21426710750375297,0.009211033260603577
2022-07-27,0.006949323553792882,-0.005633915119206634,-0.21425151603523246,0.005742247640738441
2022-07-28,0.0030419784594592405,0.007929581216449044,-0.21434608048729625,0.004741646698917463
2022-07-29,0.003944475903324684,-0.0027213683912012954,-0.21424230045272125,0.0033614366395391775
2022-08-01,0.000356837853184504,0.02375616600700603,-0.2142694750159607,0.005447057228679678
2022-08-02,-0.0021473639855532547,-0.021386931023704925,-0.2139065635050349,-0.006722193520605524
2022-08-03,0.0039520594902736446,0.01562182074385099,-0.2134809161666993,0.007286991223714673
2022-08-04,-0.0007327733268046399,-0.00033514628548836356,-0.21316172813610662,-0.0008042353383388605
2022-08-05,0.008188848141139678,-0.024091494110773937,-0.2131603596779628,0.00305349649848671
2022-08-08,0.001610895196285983,0.016013033065775062,-0.21336523617166095,0.005027505881662956
2022-08-09,0.00010992583977265785,-0.003894469791694277,-0.21314173024304958,-0.0007201633501473042
2022-08-10,0.0008270337626718194,-0.006552728850611977,-0.21313187505281675,-0.0005695622924375284
2022-08-11,-0.004077040874414762,-0.023585484020467895,-0.2131185056484401,-0.0091035448906827
2022-08-12,0.00959990352947363,0.010089555449167342,-0.21248940357170631,0.011743784477931847
2022-08-15,-0.0034750659064147075,-0.0008659228731975332,-0.2121584336064658,-0.0036588011961119207
2022-08-16,-0.0007920182058721292,0.004148845360139042,-0.21214719487647513,8.814693694807776e-05
2022-08-17,-0.0020735334223911874,-0.010491854616809348,-0.2121475693285234,-0.00429935490249417
2022-08-18,-0.0057800394139738255,0.0014809253122409771,-0.21201237554374316,-0.005466074090554961
2022-08-19,0.0017129298182540123,-0.016233755549944995,-0.2120334101761107,-0.0017291701577200622
2022-08-22,0.001023508026138047,-0.003366995237589876,-0.21194655250857208,0.0003098791017667229
2022-08-23,-0.0011488063032745932,-0.005518923047924673,-0.21194849530400922,-0.002318533870758327
2022-08-24,0.002801282616758554,-0.007345291886288408,-0.21190881769047984,0.0012447478062587861
2022-08-25,0.00231378779611936,0.013840096829627058,-0.21193306908033097,0.005246960348648507
2022-08-26,0.006638668363867836,0.00750886316301802,-0.21173211814068907,0.00822852223594112
2022-08-29,0.010581382233194414,-0.008307546974623214,-0.21156155318719402,0.008823813122851416
2022-08-30,0.0032675855962307925,0.0024819564185776244,-0.21177265343616464,0.003793181774029306
2022-08-31,-0.0006084172597030695,-0.009606909610526237,-0.21174829221117403,-0.0026426656155517756
2022-09-01,0.005102495385753181,-0.018437394656048767,-0.2116709255481968,0.001199829746522043
2022-09-02,0.008726280099952122,0.005641360199853729,-0.2117281704631172,0.009920711091136706
2022-09-05,0.00042900891985295155,0.0,-0.21157455312385662,0.00042899850017315364
2022-09-06,-0.0003695936629649623,-0.02508059412679131,-0.21157469009103916,-0.00567601260193029
2022-09-07,0.004480720019981504,0.015691555268384505,-0.2111568018437416,0.0077940703015494965
2022-09-08,0.0017344496447133423,-0.010310144486791906,-0.2108169263666198,-0.00043912637973367747
2022-09-09,-0.007797100184106403,0.0022178255529201607,-0.21080005213994482,-0.007329583586472079
2022-09-12,-0.00232192416087607,-0.008251064306694644,-0.21084393957544054,-0.004061614041821959
2022-09-13,0.003792095679142545,0.0023249212490066284,-0.2107436619421492,0.004282051295173773
2022-09-14,-0.0023224107265113134,0.003430597259453272,-0.21071790000570065,-0.001599524223635246
2022-09-15,-0.00413306637253596,-0.000648508642610679,-0.2107340091726236,-0.004269730291441867
2022-09-16,0.0021007346860043895,-0.008370182939213322,-0.21072397443487975,0.00033693578966211425
2022-09-19,0.008722530272130595,0.0023319239638821543,-0.21072917237080993,0.009213934326501383
2022-09-20,0.0029866322322730627,-0.010020097887112556,-0.21067266372525056,0.0008756676866936816
2022-09-21,0.0018835586689481898,0.016614080420627175,-0.2106944072010499,0.005384051019528929
2022-09-22,0.0050782198925626255,-0.025880628264824956,-0.2104479445007523,-0.0003683218454270905
2022-09-23,-0.0038270409419651134,0.004076650879389909,-0.21041133564423956,-0.0029692698686122295
2022-09-26,-0.002581774851524914,-0.019295670051903357,-0.21044590343290528,-0.0066424719126325985
2022-09-27,0.0018139289855155746,-0.026683941875330852,-0.2100724698398152,-0.0037916579188497874
2022-09-28,-0.0035159665418343622,0.0329335303232412,-0.20977498917045317,0.0033926442473114935
2022-09-29,-0.004001440896937058,-0.005189076257917868,-0.20947221611255143,-0.005088428736993362
2022-09-30,0.0017459644950016723,-0.012994806186473085,-0.20939374402040328,-0.0009750719478712782
2022-10-03,0.011878271627137444,0.01572810737371455,-0.20935305691159145,0.015170996225500557
2022-10-04,-0.009706448177245985,-0.002796474990543807,-0.20869153216766195,-0.010290093698120744
2022-10-05,0.0012366698429810777,-0.009608031286167495,-0.2086051970968058,-0.0007676212731864328
2022-10-06,0.004497745645092622,-0.005573446953349048,-0.20858071001330858,0.003335230461412074
2022-10-07,0.0058426350153958475,-0.009755104699651795,-0.2086324409657268,0.003807400201182829
2022-10-10,0.007026198919180971,-0.01566839487659255,-0.20873513867376708,0.003755647375957773
2022-10-11,-0.003970298846638172,0.0044161357674292745,-0.20889673250551827,-0.0030477934752371596
2022-10-12,0.0018891909222162055,0.004894498664543612,-0.20893501549898916,0.002911820479862895
2022-10-13,0.0007499195462139333,-0.009612445967830396,-0.2088976525827275,-0.0012581003863259192
2022-10-14,0.005745504249739902,-0.008284348162499455,-0.20885968875613217,0.004015235295932024
2022-10-17,-0.00511586929441523,-0.004881787143148131,-0.20895182873902898,-0.006135933895235194
2022-10-18,-0.002822572890576582,0.0023421636803249157,-0.20886351052159435,-0.002333386352606459
2022-10-19,0.0039201130532384625,-0.01837394554506222,-0.20887882271654792,8.218390052009482e-05
2022-10-20,0.004686310675323573,-0.017240497622274198,-0.20887664463298222,0.0010851732324432355
2022-10-21,-0.006136726928938449,-0.018187439881235612,-0.20892352771312642,-0.00993651420901967
2022-10-24,-0.002343132496834683,-0.008298560914173692,-0.20840661679689548,-0.004072642562687785
2022-10-25,-0.008678493016392647,0.02869699275182569,-0.20830759240955327,-0.0027006982635708115
2022-10-26,-0.006651172783823869,0.014304041146113278,-0.20853335138763662,-0.0036683184581988134
2022-10-27,0.011010376106841064,0.010416770993693092,-0.20868368339430626,0.013184176050040276
2022-10-28,0.00527846851158428,-0.006898005842086441,-0.2083075562257405,0.00384153625953384
2022-10-31,0.007367750832266296,-0.007153348873424115,-0.2083806239948787,0.005877126574270009
2022-11-01,-0.0003550208624040984,0.009275797378139217,-0.20849772715491452,0.0015789538655206093
2022-11-02,0.0028272211779952782,-0.0043496919053893635,-0.20846051590596262,0.001920479635371455
2022-11-03,0.011537658620485874,-0.005411803571841567,-0.20848297712388467,0.01040938817670121
2022-11-04,-0.009910398010604914,-0.01694332432600021,-0.2086421160208757,-0.013445499844610007
2022-11-07,-0.0004240289383848645,-0.010027015241358406,-0.2079951410505675,-0.002509643271363332
2022-11-08,-0.007400793986212458,0.010875711412161593,-0.20792051994875185,-0.005139515476043045
2022-11-09,-0.0021987622743382825,0.003282159830349407,-0.2080785905730412,-0.0015158258045445039
2022-11-10,-0.019708889908742408,0.037752142367371455,-0.20809305656892113,-0.01185293219270216
2022-11-11,-0.03069786338245558,-0.003671083591709312,-0.20934593794694834,-0.03146647480168417
2022-11-14,0.0072437689998341515,-0.00245468346671629,-0.20901225690955044,0.006730687435272835
2022-11-15,-0.003916179475595949,0.016050825012094982,-0.2090597815458822,-0.0005606007284752475
2022-11-16,-0.0010384209505656023,0.02163257745591718,-0.20908958865068128,0.0034847237493659694
2022-11-17,0.00654286971684425,-0.010608631355163212,-0.20888845534928321,0.004326835457063739
2022-11-18,-0.00023798106782340397,-0.0069009783153353155,-0.20901401337517642,-0.0016803907581769424
2022-11-21,0.011173464728722828,0.00420637331229301,-0.20897898817938887,0.012052505991713602
2022-11-22,-0.002502875544498809,0.014091861151936058,-0.20884411538625072,0.0004401175836634233
2022-11-23,-0.007084692211050349,0.017291468845584745,-0.2088316304139296,-0.0034736874266159093
2022-11-24,-0.0058787522868590505,0.0,-0.2090022350931845,-0.005878763858769737
2022-11-25,0.003056871227056548,-0.003395431912185387,-0.20899989514440867,0.0023472261547239056
2022-11-28,0.005341987043910825,0.002814315032988013,-0.20902175349267033,0.005930238624361226
2022-11-29,0.006234168445839486,-0.011795333966058585,-0.2089786939593486,0.0037691920381217408
2022-11-30,-0.003686780452531507,0.007327221199404654,-0.20909935672117808,-0.0021546713975925673
2022-12-01,-0.009476840705136068,0.03137524283369508,-0.2091445790932043,-0.0029148818161150673
2022-12-02,-0.006290809697021817,0.012497030484265537,-0.2094060210526281,-0.0036738740016327783
2022-12-05,-0.00463349046424505,-0.014105916429244303,-0.20953518219685735,-0.007589184994145832
2022-12-06,0.0031403741323603658,0.012798016375523247,-0.20923228632653593,0.005818111813992099
2022-12-07,0.001196119511736692,0.02328897975680011,-0.20903337787850407,0.006064280125923359
2022-12-08,-0.0027229162739078787,-0.0027440059408423423,-0.20865452224632952,-0.0032954912198583726
2022-12-09,-0.003563710607441875,-0.02635935152217428,-0.2086272930255546,-0.0090629926083475
2022-12-12,0.002321977369433746,0.003192847730099757,-0.20795879416865232,0.0029859127898740723
2022-12-13,0.0019052212486521188,0.00960966882768588,-0.20793477287301645,0.0039034039243862288
2022-12-14,-0.002214729223863784,0.004261821561653001,-0.20783633044795433,-0.001328974546697426
2022-12-15,0.005497901233632469,0.0038852049091486762,-0.20785263012353275,0.006305450186980446
2022-12-16,-0.0010342694790622608,-0.011233493591702448,-0.20778917695704174,-0.0033684721707864613
2022-12-19,0.0010609985282102347,-0.01694753016210626,-0.20768025918038446,-0.002458676316085478
2022-12-20,-0.006151859533315046,-0.01791684941013294,-0.20755954861729511,-0.009870680897178944
2022-12-21,0.004659154073360255,0.002510122751042232,-0.20706529587978229,0.005178879858929252
2022-12-22,0.004895071032787859,-0.00019272383276547345,-0.2070324160654893,0.00485516872185867
2022-12-23,0.0057313741717503995,-0.014768995881278002,-0.2070367712603794,0.002673648654325117
2022-12-26,-0.0022624317301606672,0.0,-0.20714126877522374,-0.0022624388181017134
2022-12-27,-0.003983417741792185,-0.01997060938789108,-0.20714036545638403,-0.00812013713005767
2022-12-28,0.0048755327247353005,-0.005909312515061771,-0.20668737567375098,0.0036541217032077127
2022-12-29,-0.00391269692906559,0.011287199322516095,-0.2067459142038431,-0.0015791185569292577
2022-12-30,-0.004382496365441576,-0.011186835062897416,-0.2067975402937706,-0.006695909841856604
2023-01-02,0.0008990994730159959,0.0,-0.20658682620700725,0.0008990851805323249
2023-01-03,0.004258396963653961,0.018904119400660946,-0.20658711093326632,0.008163744356061375
2023-01-04,-0.0014305555189293104,0.013606783242495979,-0.20617435291351185,0.0013747862144454998
2023-01-05,0.004424825612429841,0.004172330442204775,-0.20612798166586085,0.005284856520018452
2023-01-06,0.005125183687750829,0.01822938828010745,-0.20607107481850262,0.008881729463993212
2023-01-09,-0.010215205858623606,0.005309855463182522,-0.20563867521480894,-0.009123323544738922
2023-01-10,0.0031257905756087987,-0.016688467654328853,-0.20576879061876557,-0.0003081840564745632
2023-01-11,0.005950609526512818,0.01612134447770064,-0.20574938502118353,0.009267564922255977
2023-01-12,-0.002020450146957425,0.019490618761552447,-0.2053512069257489,0.0019819449315145723
2023-01-13,-0.00344163896726287,-0.009416693625723838,-0.20525308484404783,-0.0053744510384770355
2023-01-16,0.0007751595517644051,0.0,-0.20511020397180757,0.0007751498603262826
2023-01-17,0.0026688467388726778,-0.006484620995387935,-0.20511047093856716,0.0013387830545425032
2023-01-18,-0.005206854599070433,0.023942123372004964,-0.20513252050695369,-0.00029554798107837626
2023-01-19,0.0007992379802021188,-0.006278897812077133,-0.2051591376256714,-0.0004889370855705658
2023-01-20,0.005886880131331007,-0.016344586338494338,-0.20514856889174382,0.0025338109179968062
2023-01-23,0.0018227419738073105,-0.004718866564224378,-0.20525673719663745,0.0008541554826419773
2023-01-24,0.005929467721687395,0.014277878633173202,-0.2052664682126875,0.00886023678224511
2023-01-25,0.0003035367826694975,0.002421736182482981,-0.2049315487244657,0.0007998042119607911
2023-01-26,0.000710148531264689,-0.004662537114275445,-0.20492735671849027,-0.0002453331595043706
2023-01-27,-0.0014223732224082739,-0.002527283307200534,-0.20492259989938716,-0.0019402710110514609
2023-01-30,-0.0011747291958252482,-0.0036613766681963256,-0.20490765969103739,-0.0019249743335291308
2023-01-31,-0.0013967936063546866,0.007962822758540433,-0.20488655648645782,0.0002346802971496147
2023-02-01,-0.0003898800139095864,0.011923621311732191,-0.20488408984851855,0.002053080118933971
2023-02-02,0.004250382923290503,0.0012935585130664506,-0.2048223789508882,0.004515328469472807
2023-02-03,0.0006746185340299059,-0.01506898306204274,-0.20480878732683225,-0.0024116425350591943
2023-02-06,-0.005502060505127234,-0.007431109827076732,-0.20470447463637537,-0.007023249013648812
2023-02-07,0.0017385634184537643,-0.008058135561002544,-0.20455793332312872,9.019792193602975e-05
2023-02-08,0.0017796612557578503,0.004747905208352776,-0.20455732998368614,0.0027508800272703408
2023-02-09,0.0024548926244182725,-0.009518460604269308,-0.20452452790644898,0.0005081317380084191
2023-02-10,0.005503788837185777,-0.011252737114465283,-0.2045347284590329,0.003202212615166497
2023-02-13,0.006446638259657747,0.008379561074050912,-0.2046297854938784,0.008161339597169023
2023-02-14,0.0036028450666960752,-0.002304619138594255,-0.20445062700796007,0.003131652086690806
2023-02-15,-0.00021715233752294706,-0.00936927313646052,-0.20447055403742984,-0.002132894158289536
2023-02-16,0.0013847486839102564,-0.014269332479059926,-0.20441258667778764,-0.001532086410156201
2023-02-17,0.007763409617509291,0.0077465010511055254,-0.20434823192240406,0.00934638904578191
2023-02-20,-0.0017731933797508859,0.0,-0.20415858073020304,-0.001773206243563692
2023-02-21,0.002024151700683771,-0.0196285373585523,-0.2041578712808478,-0.001983168750915961
2023-02-22,0.008156565003821314,0.009122121509708592,-0.2040455630877718,0.0100178858060949
2023-02-23,0.0033632560952279534,0.009724900948415716,-0.20380558551856395,0.005345228949739284
2023-02-24,0.005663185884667978,-0.013086366651623216,-0.2036705493408181,0.0029978692405146076
2023-02-27,0.004703467392382619,0.0027691949117505388,-0.20377296030274306,0.005267747490792654
2023-02-28,-0.0007688785352860166,0.004533028377440296,-0.20373644685155048,0.00015466208314733612
2023-03-01,0.002444177436681711,-0.010777166648073155,-0.20373612322666715,0.00024847926248446376
2023-03-02,0.005504433433168569,-0.00890637528163385,-0.20373968521556315,0.0036898510952713833
2023-03-03,0.001359261034058292,0.023936971706458365,-0.20382645768229013,0.006238243298954604
2023-03-06,0.004623390120944468,-0.007783555432546052,-0.20343517428038105,0.003039914624719801
2023-03-07,0.0022353496809216487,0.006113674957278548,-0.203497179328653,0.003479461084332031
2023-03-08,0.009775050015351503,0.0009829792754025846,-0.20344333473785217,0.009975026944903617
2023-03-09,-0.012273663208527501,0.0024520116424140426,-0.20342094184235537,-0.01177487420970245
2023-03-10,-0.020165986500793008,0.033905062137409736,-0.20349507317435334,-0.013266478428399116
2023-03-13,-0.03396177491097226,0.0022700457879221148,-0.2047080107150598,-0.033497160625592624
2023-03-14,0.01420298716435547,-0.01657787782006359,-0.20489949322573686,0.010806175412237317
2023-03-15,-0.010241962738878932,0.019126266901291267,-0.20537833593982424,-0.006313874349277531
2023-03-16,0.009578755727783739,-0.00785359433781796,-0.20570536068696366,0.007963207090137597
2023-03-17,-0.01244469466736331,0.014897274253082848,-0.20587327679605816,-0.009377755391099793
2023-03-20,0.0057616247707712185,-0.008836139639887719,-0.2062481167344275,0.003939162185898701
2023-03-21,0.006504396699091336,-0.008629642331891674,-0.20633986573593638,0.004723751235754971
2023-03-22,-0.0030989647480406377,0.0132455304186756,-0.206447851679746,-0.0003644607733033309
2023-03-23,-0.0038409498295790914,0.0,-0.20646489731931617,-0.0038409509857643704
2023-03-24,0.011054363612088437,0.004220251553103793,-0.20646333355662738,0.011925690710121633
2023-03-27,0.006035553504947986,-0.02377134440347195,-0.2063348736368326,0.0011306874479977518
2023-03-28,0.006852030342121268,0.0018194068685035703,-0.2063991068312279,0.007227549937882504
2023-03-29,0.014288739953112794,-0.00201117878201007,-0.20636733394901333,0.013873696194658076
2023-03-30,-0.0017408590867467727,0.004590627331918284,-0.20644635319122062,-0.0007931461749926842
2023-03-31,0.005187309973700175,0.014870136225840547,-0.2064573013589084,0.00825735742712548
2023-04-03,0.0013955341489970078,0.004677956003329875,-0.20613815579259015,0.002359817725141481
2023-04-04,-0.00380158058833541,0.004959375672239474,-0.2061112353522614,-0.002779399367935346
2023-04-05,-0.0019552270540734197,0.010400528623763172,-0.20614857279270604,0.00018882454545126101
2023-04-06,0.0017596468427277356,0.002582889587503523,-0.20614699345908924,0.00229210165850407
2023-04-07,0.003745934768582147,0.0,-0.2061329927698982,0.0037459338189321984
2023-04-10,0.0063759215145507515,-0.016255783748822417,-0.20613446318939999,0.00302504415802748
2023-04-11,0.0035607258873127817,0.0020584299655608262,-0.20626087054914372,0.0039852908699142655
2023-04-12,0.00685762507126258,-0.0010286853411338726,-0.20624127773273665,0.006645466363164967
2023-04-13,-7.682833691543411e-05,-0.007889602201716528,-0.20626170244477274,-0.0017041525040372223
2023-04-14,0.0037618501428993943,-0.009189035662142686,-0.20622232270689375,0.0018668631941354814
2023-04-17,0.0026821195762119837,-0.011966952833080136,-0.20626536142199728,0.00021374880571231158
2023-04-18,-0.0025161249595129576,0.00355732518961549,-0.2062678800373312,-0.0017823632048822294
2023-04-19,-0.0034872751364022417,-0.0009598862917767903,-0.20628531263176977,-0.0036852867626243307
2023-04-20,0.0010268083589674792,0.008512717992615215,-0.20627410478617605,0.002782760881976638
2023-04-21,0.004128600644594047,-0.005635225179157821,-0.20621512301327977,0.0029665279904036016
2023-04-24,0.003445141345766883,0.009627928506176886,-0.20625866045975372,0.005430982029360452
2023-04-25,-0.0006005652383777277,0.014597154779006694,-0.20612507346640124,0.002408265301799988
2023-04-26,0.0008720308783374758,-0.01071520902755374,-0.20603781326042772,-0.0013357132770831592
2023-04-27,0.002356742171708855,-0.009971937644584372,-0.20599528747415724,0.00030256712546527007
2023-04-28,0.0038183360674543965,0.016001684120325876,-0.20599973827441037,0.0071146785062988745
2023-05-01,0.006499509831545465,-0.0291838197233254,-0.20570597371384616,0.0004962038529718078
2023-05-02,-0.0031000958762110653,0.024614333796269428,-0.2057337538431572,0.001963901529751096
2023-05-03,0.00032310734177347106,0.005566847134177877,-0.20561562269553543,0.0014677300690243136
2023-05-04,0.0060945187695599975,-0.009928195366459391,-0.20559657875705675,0.004053314477256787
2023-05-05,0.012804814976782024,-0.003330834807757199,-0.2057008323045916,0.012119652413164227
2023-05-08,0.00021161110457227012,-0.014114208503552383,-0.20581091116903016,-0.0026932544744908116
2023-05-09,0.0033235721055537696,-0.00358389518755331,-0.20570404693229968,0.0025863431132199088
2023-05-10,0.009041398270328427,0.009656996438964782,-0.20572809620222246,0.011028112131515172
2023-05-11,0.003439323262338042,0.01051631597268976,-0.20545446388081332,0.005599928762356218
2023-05-12,0.010480132564527508,-0.008404068160691835,-0.20530504843924668,0.008754724809039821
2023-05-15,0.008173708036545099,-0.010411421953008926,-0.20549932895306738,0.006034154633940393
2023-05-16,-0.0009922101196952987,-0.003008874392959271,-0.2056632667966269,-0.001611036176439241
2023-05-17,0.007225292201910528,-0.002920323280689807,-0.20564862505625528,0.006624730741385215
2023-05-18,-9.169623106007567e-05,-0.007436386137822382,-0.20570091118689393,-0.00162137118205323
2023-05-19,-0.004870027200979712,-0.0070964091160394815,-0.20566546730168397,-0.006329515902110106
2023-05-22,0.0059792779628884355,-0.003567485793050551,-0.2055417792046027,0.005246002196082469
2023-05-23,0.0041986294534510265,0.0028750759713354057,-0.2055915658558169,0.004789717447383493
2023-05-24,0.009977431041894847,-0.0049617969381801075,-0.20555802189010222,0.008957491603015233
2023-05-25,0.00013230322642654988,-0.0024898531696582182,-0.20567642163014893,-0.0003798088948055371
2023-05-26,0.007776717973354178,0.008044998869335629,-0.20567272574046191,0.00943135456870161
2023-05-29,-0.0008513046091658391,0.0,-0.20547911470013774,-0.000851317741570392
2023-05-30,-0.007574811214387827,0.009941406278736409,-0.20547875594614065,-0.005532063444211771
2023-05-31,-0.00701346982134881,0.0086791652057574,-0.20562584953026375,-0.005228819079882753
2023-06-01,0.005573832148033826,0.0039059062914050813,-0.2057470904449245,0.006377452779415181
2023-06-02,0.0011838189911156948,-0.01101873938501896,-0.20568528341797862,-0.0010825777344972498
2023-06-05,-0.0011242374432495266,-0.001864267278326892,-0.20564888978510573,-0.0015076244078366019
2023-06-06,-0.0010728142105923821,0.005876276091451693,-0.20564012014065713,0.00013558331599895475
2023-06-07,-0.03526709096040925,-0.014954863858177347,-0.20564040129577765,-0.03834241518459898
2023-06-08,0.004856153425738937,0.011629355725578883,-0.2041100903348491,0.0072297184742666646
2023-06-09,-0.0021757975400091465,-0.0013728680313080943,-0.20389567636740583,-0.0024557339392580375
2023-06-12,-0.00026057961722143015,0.002939297156509646,-0.2038853281119785,0.0003386992460423956
2023-06-13,0.002414265740358757,-0.009930125162250114,-0.20388390524139507,0.00038967294623175753
2023-06-14,0.008090890917711287,0.00797155397871574,-0.20389036594491858,0.009716213537359544
2023-06-15,-0.00322670251406254,0.009560195883713263,-0.2036930122886157,-0.0012793708027014654
2023-06-16,0.0022357953924415776,-0.0038912351876945195,-0.2037284030788291,0.00144303786113359
2023-06-19,0.008321770770034992,0.0,-0.2037421383441165,0.008321769838388428
2023-06-20,0.0012484180635655474,0.006896442766277211,-0.20374512022652755,0.0026535344218585584
2023-06-21,0.0063158784862548095,0.0024170892443260428,-0.20370061675793416,0.006808238037466118
2023-06-22,-0.023016618271318783,-0.012143693909344222,-0.2036607423386809,-0.02548981469226356
2023-06-23,-0.006933760089655572,0.009919948274808021,-0.20283245062477354,-0.004921728853038361
2023-06-26,-0.010943332076732553,0.0010639142668136259,-0.2029627700134461,-0.010727405929490999
2023-06-27,-0.0028534888009195793,-0.0026135036670655865,-0.2029891714162039,-0.0033840035355659033
2023-06-28,0.002846999939978396,0.0042560525951698125,-0.20296364307390688,0.0037108221482513902
2023-06-29,0.0006246057578456689,-0.018213306833286147,-0.20292502109057267,-0.003071332535110781
2023-06-30,0.0017774408504874811,0.01172569136824908,-0.202770111924843,0.004155050094320676
2023-07-03,-0.003106714667074561,-0.005672468852684354,-0.2026479924754673,-0.004256237375666383
2023-07-04,-0.006523447522070783,0.0,-0.2025808842257655,-0.006523452073942838
2023-07-05,-0.0017566569927248117,-0.009548102591129037,-0.20257847420724548,-0.0036908972106786436
2023-07-06,-0.012243277213455951,-0.014244207271434384,-0.20248109481179088,-0.015127466501629607
2023-07-07,0.005961998547895664,-0.006037435725090745,-0.20190525822749167,0.004742969470484762
2023-07-10,0.002877994773617546,0.0013116830026937976,-0.20197981971959464,0.003142923212614352
2023-07-11,-0.0025970663566279558,0.005127243114376512,-0.2019705053016422,-0.0015615151057987594
2023-07-12,0.006040213673582965,0.011069458937571497,-0.2019927626019606,0.008276162755206021
2023-07-13,-0.0018101389569345715,0.010458366579771727,-0.201759349857424,0.00029991845266439114
2023-07-14,0.0021461245644118533,-0.005906699580554786,-0.2017549814740305,0.0009544182036621546
2023-07-17,0.0024437359018994053,0.0004940147843663922,-0.2017679048827129,0.002543411353342793
2023-07-18,-0.0032628123875681294,0.004528810374383241,-0.20176564609390724,-0.0023490541895548394
2023-07-19,0.0022233029643401567,0.011233397414415869,-0.2017942949568616,0.00449013653233444
2023-07-20,-0.00794397014042595,-0.012216598771599863,-0.20166779050445194,-0.010407673202819111
2023-07-21,0.005568965076437934,0.00029500148016925465,-0.201326495302272,0.005628333540905346
2023-07-24,0.007375432666159914,-0.0036434368744355794,-0.2013242150724478,0.006641920442582905
2023-07-25,-0.008557592153223867,-0.001876240371502469,-0.2013885900102819,-0.008935449922635908
2023-07-26,0.00038841389827156466,0.0009877419965862444,-0.20134077694378597,0.0005872833961813155
2023-07-27,-0.0038446890856664627,-0.019644739783412746,-0.20133977350441953,-0.007799956612274133
2023-07-28,0.009135614667055519,0.005123226225635769,-0.20092902360676027,0.010164991649616359
2023-07-31,-0.0032593736025997404,0.002401552471474666,-0.20079804622434388,-0.0027771554424610738
2023-08-01,-0.002684121658564721,-0.01647394086929399,-0.20081535656657654,-0.005992343142428434
2023-08-02,-0.006874641630375941,-0.010756996381434014,-0.200549264129725,-0.009031967387649357
2023-08-03,-0.017316420339682413,-0.023341595649643665,-0.2002884750996398,-0.02199149062774892
2023-08-04,0.014454214961903935,0.01755707556849284,-0.19893361243345542,0.01794681552980242
2023-08-07,0.0023956711205769,-0.009889899739464525,-0.1981235425764867,0.0004361942024015129
2023-08-08,0.0029912990560852708,0.011546399307135857,-0.19813146471515308,0.005279003525644967
2023-08-09,0.005245692654384946,0.005157526261798218,-0.19797826943359953,0.006266760387201969
2023-08-10,0.007635604555566005,-0.01659936435867415,-0.19789784962648507,0.004350620589038851
2023-08-11,0.003521572842775228,-0.002304161802074489,-0.19808140785054112,0.0030651487785707853
2023-08-14,-0.004731987295969177,-0.0022044495022033317,-0.19809990784075662,-0.005168689794027397
2023-08-15,-0.004091549247819995,-0.006113507332472068,-0.19806777741791778,-0.00530244023675891
2023-08-16,-0.0004814067791577384,-0.007855056154106421,-0.19797951200689778,-0.0020365529502714276
2023-08-17,0.0018900733565194877,-0.004271293108352836,-0.19793444555413273,0.0010446342665150646
2023-08-18,0.0012206066537630848,0.0035254758761258387,-0.19794484659685146,0.0019184557297534672
2023-08-21,-0.0008434096834556614,-0.013420634497951944,-0.19792901692260367,-0.0034997437498206804
2023-08-22,0.0028817721393179768,0.007645125564443411,-0.19780101674594078,0.004393977067016871
2023-08-23,0.0071097406292069095,0.024474943758520773,-0.197717567046246,0.01194886130244234
2023-08-24,0.0044738994402421664,-0.006615504634842395,-0.1969701923132411,0.003170791526536751
2023-08-25,-0.0004510168440250389,0.003261065250715234,-0.19702325853938252,0.0001914852585619794
2023-08-28,0.0018135132838646994,0.001049069513714862,-0.19702282451818945,0.0020202038931335883
2023-08-29,0.0006036515417512458,0.010332566459659631,-0.19701828821122716,0.002639355790769868
2023-08-30,0.0020260468150330633,-0.0010389174536538093,-0.19695199919137937,0.0018214254492364516
2023-08-31,-0.011929029786874918,0.004459516819154352,-0.1969570746983393,-0.01105069674387178
2023-09-01,-0.002188785217033426,-0.01565775169965722,-0.19708304029933027,-0.005274671070349447
2023-09-04,0.0037250227786070245,0.0,-0.19686147887350172,0.00372500775036136
2023-09-05,-0.004836956361815327,-0.014121403337336247,-0.19686260025045899,-0.007616932618050503
2023-09-06,-0.001911940017346524,0.002456033234815358,-0.19657629098243523,-0.0014291615335310385
2023-09-07,0.003838090925604231,0.0027693390270497886,-0.19658577523297124,0.004382502941814402
2023-09-08,0.002219142684871374,0.0038226495097886115,-0.1965565689243498,0.0029705075756869016
2023-09-11,0.009743625439877075,-0.007231856228035127,-0.19652934022072555,0.00832235165991989
2023-09-12,0.0013213880172027583,0.005746717869957507,-0.1966853346015493,0.0024516725634043785
2023-09-13,0.007722410601603113,-0.00021215739822810775,-0.19665157465150992,0.007680687225270684
2023-09-14,0.003281112342443222,-0.007244185854672125,-0.1966580427577296,0.0018564844921662874
2023-09-15,0.0029903188361550515,-0.0061126784137117696,-0.1966907907212559,0.0017880090642822593
2023-09-18,-0.00018631350484501618,0.00568514191950964,-0.19671738359895602,0.0009320509351866809
2023-09-19,0.004185024444429138,-0.007407545799084758,-0.1967059685421372,0.002727915199230324
2023-09-20,-3.452086309017748e-05,0.003120127336242895,-0.19675639249773622,0.0005793807155261408
2023-09-21,-0.005111991009125314,-0.02601001426405869,-0.19675298647276396,-0.010229539224804638
2023-09-22,-0.0028963224529841135,0.008016438210325383,-0.19605221979785736,-0.0013247294791401741
2023-09-25,-0.006957113396901405,-0.024916935520844063,-0.19608215577584287,-0.01184288185967765
2023-09-26,-0.00039386945468586094,-0.0034820547492291354,-0.19530795772130316,-0.0010739949693566537
2023-09-27,-0.0035169186522046743,-0.005189568396711586,-0.19529674926661808,-0.004530425250435254
2023-09-28,0.004047293128400277,0.0030494195598276264,-0.195232976610397,0.00464263606037664
2023-09-29,0.002690531220849407,0.00011304388596311554,-0.19519869856854272,0.0027125949152320885
2023-10-02,-0.005388967415326344,-0.016828310151002945,-0.19519863954702169,-0.008673830666680813
2023-10-03,-0.016708429067316285,-0.02174620277398187,-0.19481384629669482,-0.02094491657212801
2023-10-04,0.002539514020673004,0.014009404016023908,-0.19362749015519065,0.005252039289752182
2023-10-05,-0.014081800771957295,-0.00499749112398451,-0.19344395392624977,-0.015048547663734382
2023-10-06,0.005305907314256544,-0.01219115287582273,-0.19324479684644433,0.002950016944858478
2023-10-09,-0.0013120019889417973,0.02319821271485978,-0.1933340795162189,0.0031729970567707017
2023-10-10,0.01317966747347867,-0.0013835133673953948,-0.1931532439652509,0.012912425112638523
2023-10-11,-0.0007713598077986774,0.02067146125504138,-0.19320197828791172,0.0032224040951866055
2023-10-12,-0.003377997814317131,-0.02750319107773347,-0.1930387202098035,-0.008687189695248032
2023-10-13,-0.002530561475753074,0.017734638841885086,-0.19241484107136334,0.0008818039214928991
2023-10-16,0.008882169072552945,-0.016225004913695606,-0.1923808886645419,0.00576078590571861
2023-10-17,0.0006834278565704763,-0.01108224351366971,-0.19261610197659784,-0.0014512066444247447
2023-10-18,-0.008632819147502847,-0.00883623499219155,-0.19257084320577705,-0.010334423440561685
2023-10-19,0.0033074890343807763,-0.020686172149924076,-0.19233180569053687,-0.0006711360216672558
2023-10-20,0.0045891507927357834,0.0056620940634131145,-0.1922893547138626,0.005677908327119872
2023-10-23,0.0062329537455572785,0.011942369261940478,-0.19221035089547917,0.008528395373184039
2023-10-24,-0.0038299516365369276,0.013090183517904919,-0.19195617864790643,-0.0013172272708386645
2023-10-25,0.0015272332145491174,-0.022512447088770315,-0.19200424187133294,-0.002795255381469498
2023-10-26,0.011995588827419926,0.015221735220705135,-0.19183559640678735,0.014915648042810592
2023-10-27,-0.0014543553541190412,-0.004257791231184527,-0.19126569498292917,-0.0022687634087735315
2023-10-30,-0.0012588582921789371,-0.004513928724413141,-0.19123906100611127,-0.00212209958943491
2023-10-31,0.0037637071568412937,-0.004893751428094895,-0.19121259418297856,0.0028279584557757568
2023-11-01,0.009711665018644774,0.02138159276836049,-0.19124681551250475,0.0138008242249872
2023-11-02,0.005071412416448663,0.022540711125682122,-0.1905065243886223,0.00936551473719165
2023-11-03,0.0014906117761813748,0.006755450456942924,-0.18998021497107753,0.0027739780072815775
2023-11-06,-0.007161910981594596,-0.009746846403894338,-0.18993566273415285,-0.009013187734811034
2023-11-07,0.005355360709097091,0.014642115534655886,-0.18970670579255366,0.008133052683136008
2023-11-08,-0.0037515690670739702,0.01688985962291767,-0.18941153652637255,-0.0005524548251595492
2023-11-09,-0.0013458121667600663,-0.02326998519275847,-0.18944098153839364,-0.005754102999279952
2023-11-10,0.009914465466938365,0.005584659889010801,-0.1890920041326311,0.010970456327031837
2023-11-13,0.0010802549868035127,-0.002275362574503781,-0.18894155658658518,0.0006503342355013809
2023-11-14,0.006451233280809665,0.022414377684552456,-0.18894463128852973,0.010686309399425935
2023-11-15,-0.00892217768745891,-0.014133846547731643,-0.18834936469844143,-0.011584319081687977
2023-11-16,-0.0017742195597212295,0.012349880573179206,-0.18792708957943222,0.0005466289106352706
2023-11-17,-0.009182368848914187,0.004675549879145535,-0.18791449486432155,-0.008303766109446028
2023-11-20,0.003537727463737077,0.0060900950649678265,-0.1880119821200235,0.004682731695757471
2023-11-21,-0.009002628333981898,-0.0004418748573700171,-0.1879432784232599,-0.009085680403418143
2023-11-22,0.0031205416678742395,0.003528207195160782,-0.18793041918307615,0.0037835982527987186
2023-11-23,0.003532299246575917,0.0,-0.18789891413125157,0.003532297109626054
2023-11-24,0.002955168999094958,-0.011845492768576271,-0.18789986125873365,0.0007294024870956234
2023-11-27,0.0005093546948140536,0.01656596413935496,-0.1879177108053802,0.0036223915424523265
2023-11-28,0.0016763004862529241,0.0019695994406134787,-0.18777296369481125,0.0020461281924857304
2023-11-29,-0.010594454202481727,0.01249302528542362,-0.18776401925088435,-0.008248714168978561
2023-11-30,-0.0025000167809797772,-0.0116184492464102,-0.18802610188030291,-0.004684606279426713
2023-12-01,0.0009621426887170402,0.018599233639812418,-0.18788336863267313,0.00445661967752621
2023-12-04,-0.0056179858421502365,-0.004040760102757446,-0.1876820830036256,-0.006376377768116395
2023-12-05,0.005541786266076361,0.02131220837464376,-0.1876138356860176,0.009540246797049281
2023-12-06,0.0031528340832718653,0.013229751092770137,-0.18711201958452392,0.005628245491256609
2023-12-07,-0.006323872420502346,-0.0057536300889449166,-0.1869309162212637,-0.007399416048650876
2023-12-08,0.004112868685456213,-0.008216122061816655,-0.18681943799276912,0.002577929817953157
2023-12-11,0.0014022665722905733,-0.0021180445501896017,-0.18687062182120645,0.001006462798413957
2023-12-12,-0.0014600349239096795,0.00296362395204941,-0.18687550925146085,-0.0009062065201491487
2023-12-13,0.0022534282864611174,0.02319110408845404,-0.1868829844250182,0.006587450523590597
2023-12-14,-0.00462638106525278,0.025594093730515688,-0.18650919481993025,0.00014712739487111916
2023-12-15,-0.002302967109491068,0.00111026433318262,-0.18650872340206603,-0.0020958931580460395
2023-12-18,0.004690469694013311,-0.007999710208040689,-0.18651421273458438,0.003198409670120946
2023-12-19,0.0017814714612981973,0.00537401456363007,-0.18657659174900085,0.00278413255149609
2023-12-20,-0.0036864581449120525,0.006752631634303619,-0.1865418197023826,-0.002426812310615381
2023-12-21,0.0013647120274724303,-0.006348088666232599,-0.18658444500158486,0.00018025453563967075
2023-12-22,0.0014440314290798187,-0.0046097528293893575,-0.18658509917742339,0.0005839201958528352
2023-12-25,-0.00018573319965873875,0.0,-0.18659037481124965,-0.000185733557498651
2023-12-26,-0.0016060632904176695,0.0028897721512528562,-0.1865902687742267,-0.001066859935211488
2023-12-27,-0.0027652692738852225,0.017564815735716444,-0.18659861901030908,0.0005123005191835176
2023-12-28,-0.008362258231612048,-0.007289633629928183,-0.1865823491725872,-0.009722376302455113
2023-12-29,-0.0036546814208944086,-0.009061058302913594,-0.18639897004543357,-0.005343665794465286
2024-01-01,-0.0003563870271965677,0.0,-0.18627278408236003,-0.0003563955862390335
2024-01-02,0.00422231294055402,-0.005780875968214971,-0.1862726229600351,0.0031454940000192506
2024-01-03,0.005273936919695275,0.004161512651326582,-0.18631716501249798,0.006049295137820114
2024-01-04,0.007480515173557041,-0.0153109820199413,-0.18625747445254065,0.004628726282395456
2024-01-05,0.009207541546028352,-0.009612225865140545,-0.18643097607492665,0.007415513127330681
2024-01-08,0.0006659237353768724,0.009817681998651295,-0.18660824757366015,0.0024979721442676076
2024-01-09,-0.0026864763604009705,-0.006396346769556693,-0.1865511049185583,-0.003879725793621753
2024-01-10,0.004932310804039061,-0.004668136855663363,-0.18648550932768773,0.004061766475629106
2024-01-11,0.002469655172467187,0.005599654172323554,-0.1865325094536896,0.0035141695293413712
2024-01-12,0.00241216364396551,-0.0019670689497637284,-0.18648633147784913,0.002045329039563394
2024-01-15,0.004311844185120234,0.0,-0.18649628785872172,0.004311843509790866
2024-01-16,-0.00021282736190322252,-0.01776982301019725,-0.18649758843852868,-0.0035268565885012535
2024-01-17,0.004300384783281582,-0.0015829294117981618,-0.18633348802285102,0.004005420893952978
2024-01-18,0.004583369771070638,-0.009338832005592934,-0.18634992814743226,0.0028430779827335302
2024-01-19,0.000831006039600123,0.0031936316463196945,-0.18641370826243636,0.0014263384314861754
2024-01-22,-0.003661585491235054,0.005933528572164448,-0.18640385928504385,-0.0025555535342498435
2024-01-23,-0.005078547146003059,-0.007955427270372795,-0.18644307269443477,-0.00656178411068697
2024-01-24,0.0015695716485285682,-0.005874382310905091,-0.1863078450894047,0.0004751189666263326
2024-01-25,0.004884477527933088,0.006513690260964822,-0.18631282375021693,0.006098061215791142
2024-01-26,0.0019044512333222078,-0.001917864204801667,-0.18621770788612937,0.001547304505472255
2024-01-29,-0.007782062369808632,0.01145048847068253,-0.18622484276280507,-0.005649697438748589
2024-01-30,0.00348384124036614,0.009025303440669319,-0.18638872003273912,0.005166044880980986
2024-01-31,0.0014088842681337518,0.00977221290758834,-0.18627710001599299,0.0032292161782463582
2024-02-01,0.0047175090980553745,0.01936540894444949,-0.18620282600659516,0.008323397932368328
2024-02-02,-0.00656635592965904,-0.022336216757987692,-0.18581059741148007,-0.01071668831376802
2024-02-05,0.00035022267477517266,-0.02040013025480203,-0.1852030825649478,-0.0034279855401437055
2024-02-06,0.005613019755242272,0.009726240512939022,-0.18502077934453512,0.0074125639896299444
2024-02-07,-0.0013026831367664443,-0.004851295333764938,-0.18484715072104757,-0.002199443033540402
2024-02-08,0.002103081016519038,-0.005831552621069491,-0.18481817091660172,0.001025302161823697
2024-02-09,0.0030723291349813923,-0.0020223722946290934,-0.18483120700315944,0.0026985307385332387
2024-02-12,0.0028412711378207676,0.0011711433695467122,-0.18484480243984766,0.0030577499804312095
2024-02-13,0.0019795256867367692,-0.017283415289410797,-0.18483718077862568,-0.0012150925865522532
2024-02-14,0.005754108962456456,0.005076275076939751,-0.1847783618910268,0.00669209076606706
2024-02-15,0.001027237047074014,0.005158327922128336,-0.1846976850536442,0.001979962800825616
2024-02-16,-0.000298158557270394,-0.005804750624023747,-0.1846747279673965,-0.0013701508568321687
2024-02-19,0.0018405035326685176,0.0,-0.18465241306888863,0.0018405020190757273
2024-02-20,0.0015057883790059706,0.0008622361232824005,-0.1846528996411979,0.0016650027463418354
2024-02-21,-0.001446904634552677,-0.007134802411962404,-0.1846500857545957,-0.0027643467026261834
2024-02-22,-0.0006974552270055394,0.0048700073789405,-0.18459765939537146,0.00020153318036802444
2024-02-23,-0.00518944700044736,0.013297782598633567,-0.1845970149235549,-0.0027347160713509606
2024-02-26,-0.001507734884476089,-0.0029872438625657693,-0.18469129488368746,-0.0020594592164832792
2024-02-27,0.0022484785527995934,-0.0070767777392370945,-0.1846742944833264,0.0009415784634739155
2024-02-28,-0.0026674130840222106,0.006328892024780153,-0.18468850078739021,-0.0014985404679168524
2024-02-29,-0.00013136864637416587,0.007032287624064715,-0.18471385269852092,0.001167590574361243
2024-03-01,-0.0039391943277230146,0.00619500256434069,-0.18469632041587059,-0.0027950013383161018
2024-03-04,-0.004726202091183842,-0.004030542371529222,-0.18474064796875025,-0.005470810107250377
2024-03-05,0.001965503928722071,0.014140724056739273,-0.1846828223520804,0.004577048835380446
2024-03-06,0.0025485493707105957,0.005851473168526411,-0.18452870658915918,0.003628303692652667
2024-03-07,-0.010211690508404123,-0.0009382655154421826,-0.18447923138141384,-0.01038478436536856
2024-03-08,-0.007153912438562553,-0.0017739191040311297,-0.1844515026804934,-0.007481116363739241
2024-03-11,-0.006648321359754233,-0.0005226353221150504,-0.1844156353371224,-0.006744705917570565
2024-03-12,-0.00035545655898565776,-0.008396367637389268,-0.18440460991285582,-0.0019037862056846511
2024-03-13,0.015152583507407927,-0.004860075161403188,-0.1843614514929645,0.014256570068902897
2024-03-14,0.0035215399452751075,-0.015476119487954243,-0.18453574252847182,0.0006656309221543099
2024-03-15,0.015102512765100166,-0.00032260021210106515,-0.1845559435769734,0.015042973608344841
2024-03-18,-0.008385505710551435,-0.0030174747411333414,-0.1845721469209859,-0.008942448600855643
2024-03-19,0.011210157288750865,0.002801919805736297,-0.18450159672971617,0.011727111181483008
2024-03-20,0.012537283937446029,-0.000322773895816475,-0.18442452493720587,0.012477751287360736
2024-03-21,0.007010750749302365,0.0021509344537875563,-0.18443793298598,0.007407463744495409
2024-03-22,0.010443242935365887,0.009514834283718798,-0.1844013524864347,0.01219778876475654
2024-03-25,0.0015727012339434771,-0.005013196021744548,-0.18412098391154583,0.0006496476328144009
2024-03-26,0.0031827465817148228,0.002776485256827499,-0.18412728332564013,0.003693972841966463
2024-03-27,0.007529820300765368,0.009869301939812836,-0.18410397644076873,0.009346796451701469
2024-03-28,-0.005028140959621197,-0.0008451945115659498,-0.18388208315474033,-0.0051835721378342406
2024-03-29,0.0028159191398167177,0.0,-0.18386931764119316,0.002815918273947251
2024-04-01,0.006137627779815116,-0.018750209427528475,-0.1838701088464876,0.002690024677814511
2024-04-02,0.018856080680912442,-0.00552557723628766,-0.18398836764455095,0.017839430723561613
2024-04-03,0.005959982640981322,-0.00021758015235295858,-0.18423508277631068,0.005919880009210736
2024-04-04,0.001193699653114551,0.007146881974142261,-0.1842398134219269,0.0025104395337050382
2024-04-05,0.005580565678754197,-0.014016172989113507,-0.18419897705811458,0.0029987981820083546
2024-04-08,0.013344208121624644,-0.00010988493488550688,-0.18429804125242916,0.01332394982395666
2024-04-09,-0.005245483351441216,0.009259141537715898,-0.18430528721472134,-0.0035389751024556587
2024-04-10,-0.0038231141761156905,-0.022034773151093923,-0.18438903758663264,-0.007886090471572906
2024-04-11,-0.001847146506014325,-0.004554603423255088,-0.18394885464807356,-0.0026849904461788443
2024-04-12,-0.004952023700523693,0.005330779365404048,-0.18391606002266522,-0.0039716099872085485
2024-04-15,-0.009152316024589447,-0.015627048511334785,-0.18396934470383927,-0.012027217513110804
2024-04-16,-0.013165317225454656,-0.0066597398813454944,-0.18349623048313052,-0.01438738648044963
2024-04-17,0.00406800584528576,0.011037115793216756,-0.18325350213134686,0.006090579503849076
2024-04-18,-0.012071765547567389,-0.0050527293713829025,-0.18309355236565877,-0.01299689856651687
2024-04-19,0.010610752138911552,0.00359550858580171,-0.18292621965364203,0.011268453582267397
2024-04-22,0.002228660638452572,-0.0016836382095695157,-0.18283061993214664,0.0019208335364411283
2024-04-23,0.012110072877549824,0.00033708876497495766,-0.18283840650336108,0.012171705122034249
2024-04-24,-0.008804895242423278,-0.0071014842951138135,-0.18283157999483873,-0.010103271299441352
2024-04-25,-0.0012297334655470018,-0.007038552983317459,-0.18264923595439228,-0.0025153321583519144
2024-04-26,0.02798074031921456,0.005226824033162103,-0.18260217780304225,0.0289351665787653
2024-04-29,0.005083377196696379,0.008351111574686598,-0.18223882819397622,0.006605249338616413
2024-04-30,-0.0005968669143747588,-0.008578062737464975,-0.18210793755133756,-0.0021590091058357216
2024-05-01,-0.005977108315360798,0.007315708743749205,-0.1820582196070255,-0.004645226778618775
2024-05-02,-0.002302994773646782,0.004282035177431531,-0.1821436500829264,-0.0015230550512925847
2024-05-03,-0.0052812608195045825,0.01006810364476518,-0.18216099525065366,-0.0034472462157893384
2024-05-06,0.01037066185985399,0.0038883441824637544,-0.18224954806293733,0.011079304823390156
2024-05-07,0.005314082463238894,0.00607940231814208,-0.1821479588668266,0.006421426295945452
2024-05-08,0.001417193707713503,-0.00607940231814208,-0.18205600033392277,0.000310395799814831
2024-05-09,0.0014513910986727523,0.0048668693356264114,-0.1820582015753997,0.002337444427911789
2024-05-10,0.0023410951185681562,-0.005643197382780407,-0.18203277371705373,0.0013138465216066995
2024-05-13,0.0028434122586304352,0.0025487206334240398,-0.1820490257429527,0.003307403264480827
2024-05-14,-0.0009597220549114066,0.005628873115116839,-0.18203017129414617,6.490140355168651e-05
2024-05-15,0.0018980487011118195,0.013554887751324074,-0.18203156436293635,0.00436546602875916
2024-05-16,0.001870505081021654,-0.000977719907125696,-0.1818927190385262,0.0016926555309447104
2024-05-17,0.010537506177274674,-0.006760780893317886,-0.18189681572566366,0.00930774138308787
2024-05-20,0.006747968539075484,-0.002958874614876983,-0.18205138283855574,0.006209290839689427
2024-05-21,0.0038652430687169197,0.005144497063788833,-0.182097011562728,0.004802037515084484
2024-05-22,-0.0008422486164925431,0.0012004815066521957,-0.18203970153825103,-0.0006237172085895819
2024-05-23,-0.007100965750259446,-0.006454807472811019,-0.1820418325555709,-0.008276010875947704
2024-05-24,0.0016166843751091167,0.002959199122296141,-0.1819053393823455,0.0021549692375821723
2024-05-27,0.00016125556514408877,0.0,-0.18189144762064846,0.00016125462288256147
2024-05-28,3.1719188983699064e-05,-0.01443983793849668,-0.18189144476976515,-0.002594763796084101
2024-05-29,-0.005356020359608523,-0.012175469952259377,-0.1817924870430922,-0.007569436035332056
2024-05-30,-0.00789833099630483,0.00961881545097576,-0.18155882830749787,-0.006151965982111286
2024-05-31,0.002961997189432631,0.006767053660457378,-0.18170654303846345,0.004191605097317161
2024-06-03,-0.014870408418384029,0.015994027610768846,-0.18164073014474313,-0.011965246029218408
2024-06-04,-0.021108866191726267,0.011613667288152385,-0.18211386953127207,-0.018993888394908957
2024-06-05,0.014604145252867325,0.007310842847242149,-0.18265459621932767,0.015939467624310862
2024-06-06,-0.007166965816846807,-0.0015006981252332352,-0.1823760604668994,-0.007440676121622781
2024-06-07,-0.00865624741501749,-0.018516458479171938,-0.1823458487822098,-0.012032648802064965
2024-06-10,0.01268051606463676,-0.006688835745945809,-0.1817886600887095,0.011464523783387293
2024-06-11,-0.0020507581568737178,0.010289077837208893,-0.18197715768972034,-0.00017839380237624823
2024-06-12,-0.006676401232520184,0.007485919625045412,-0.1819856793271796,-0.005314071642180072
2024-06-13,-0.00011138217078036255,0.01459270831846382,-0.18208462104933948,0.0025457188823723715
2024-06-14,-0.0077454029013691176,0.008379616289108327,-0.18200010107399547,-0.0062203176226786165
2024-06-17,-0.0010432905633560121,-0.009978869847693694,-0.18212921447689093,-0.0028607430476907934
2024-06-18,0.010601961403892449,0.009133203304823034,-0.1820544948403366,0.012264697049682806
2024-06-19,0.002661306581390203,0.0,-0.1817874163380304,0.0026612884657758566
2024-06-20,-0.0010578089854359311,-0.006682522479661834,-0.18178815498736176,-0.0022726124677769233
2024-06-21,0.013006270245705612,0.0,-0.18174758970677635,0.013006267494211304
2024-06-24,0.0066489175015065054,0.004036139630682278,-0.18175133788803674,0.007382491025051298
2024-06-25,-0.008253338546514577,0.0016944664804290355,-0.18168215979681065,-0.007945488908913853
2024-06-26,-0.0011098466385629203,-0.014388564466166542,-0.18171341955100295,-0.0037244440104517123
2024-06-27,-0.0060844351403545474,0.003964524872325015,-0.18157535561993116,-0.005364584491508854
2024-06-28,0.004338245293533548,-0.01878110407196676,-0.18162739055592297,0.0009270788397157342
2024-07-01,0.00010193918995515111,-0.017352774819058503,-0.18166265100862994,-0.003050414277705014
2024-07-02,-0.000988878355572089,0.007755130338156668,-0.18152555103785717,0.0004188666531056914
2024-07-03,0.013427997900273474,0.013047697251708179,-0.18152077626128074,0.015796425709958355
2024-07-04,0.004978489436457605,0.0,-0.18102718936636902,0.004978455957050774
2024-07-05,0.0014247968451829725,0.00824518221558268,-0.18102853443769584,0.0029174100066070847
2024-07-08,0.005563926229813364,0.0021585328830378003,-0.18097397603974943,0.00595456080743859
2024-07-09,0.004887637446807029,-0.00443001815532984,-0.1809451397811727,0.00408604523652892
2024-07-10,0.007601793489830194,0.0031354576175735005,-0.18098859257038125,0.00816927260374835
2024-07-11,-0.0067906603470021185,0.009667966799461247,-0.1809296544934499,-0.00504144245202049
2024-07-12,0.0029805865165071273,0.004267333020882447,-0.1810511398986769,0.0037531837840558916
2024-07-15,-0.004523103206574983,-0.011563217554576788,-0.1810148863339699,-0.006616220176907459
2024-07-16,0.0039747523589484315,0.014008085025130512,-0.18082149518488116,0.00650770212037988
2024-07-17,-0.015190732537035475,0.00021236958670911577,-0.18060691372250556,-0.015152391676214535
2024-07-18,-0.0054757359622742505,-0.007673229187503239,-0.1806103645321977,-0.00686160091703259
2024-07-19,0.0026584489223436328,-0.005901906085139963,-0.1804768451829925,0.0015932824750740184
2024-07-22,0.009406577096928817,-0.002909457527555226,-0.1804977739855872,0.00888142507012392
2024-07-23,-0.006905585312851352,-0.0014041826747348551,-0.18056204139009485,-0.007159131762267015
2024-07-24,-0.012754384713867598,-0.010867187293654545,-0.18053489033678105,-0.014716293021820148
2024-07-25,-0.005562936361488395,0.00816128155202911,-0.18013666068589573,-0.004092817367227854
2024-07-26,0.0056746761734981065,0.007772634965279579,-0.18022010368134628,0.007075455592979791
2024-07-29,-0.007733454145271753,0.005362776865469598,-0.18009119599066697,-0.006767673989392236
2024-07-30,-0.005880542006471502,0.0038434688524189298,-0.18017975367398018,-0.005188032742150444
2024-07-31,-0.007840831233192274,0.010176986971151436,-0.18022829720092226,-0.006006653493394865
2024-08-01,-0.009809805172056046,0.008557646950515974,-0.18037934384059884,-0.008266192675614802
2024-08-02,-0.024836492970775018,0.03068618301466941,-0.18055238902576434,-0.0192960410548419
2024-08-05,-0.01626417011790087,0.00527669387147256,-0.1819964262770125,-0.015303928638049115
2024-08-06,0.004289900689258634,-0.022622039064074784,-0.18218963693052698,0.0001683865002998546
2024-08-07,0.017637399005296334,-0.0070653267094265,-0.1821905917876866,0.016350162886165753
2024-08-08,0.009989001658474037,-0.006170317454112784,-0.18247309613960452,0.008863065566526619
2024-08-09,-0.00032936800118348915,0.009813386998660079,-0.18260601798835738,0.0014626065056910365
2024-08-12,0.004679698655217067,0.003629235257994523,-0.1825753383207962,0.005342305429326141
2024-08-13,0.0025497169215334065,0.006911247534727494,-0.18253128978981417,0.003811232860344887
2024-08-14,0.000618810826447732,0.006250643630629327,-0.1824712051913101,0.0017593692274838302
2024-08-15,0.01095233139266831,-0.008102745494039887,-0.18244745257055706,0.009474004507341408
2024-08-16,-0.004676324445796038,0.0034956070725424837,-0.18263326109097988,-0.004037922929813901
2024-08-19,-0.003008955601134332,0.004607138421497403,-0.18266754087342255,-0.0021673832803724507
2024-08-20,-0.01898323279725299,0.00793660436928878,-0.18269280813407254,-0.017533273971826444
2024-08-21,-0.0008219016674871466,0.0006077231216536916,-0.183027512562638,-0.0007106943188038505
2024-08-22,-0.009212671091743098,-0.00997510463240836,-0.18302851488134925,-0.011038399746384943
2024-08-23,0.008461083655731219,0.006525847254447825,-0.18275450314720645,0.00965369304244525
2024-08-26,-0.0051398576448299016,-0.002544290092568957,-0.18260729738588827,-0.0056044735671897696
2024-08-27,-0.0064923827107070805,-0.0017335092436034927,-0.18256999536962898,-0.006808872015435984
2024-08-28,-0.005782472899171239,-0.0012258553983786058,-0.18253858488844082,-0.006006240939404375
2024-08-29,-0.006694783285304463,-0.0032759102793011863,-0.18251838055656083,-0.007292698494766696
2024-08-30,-0.001076846496970107,-0.010720519161107056,-0.18245700832960005,-0.0030328845136503688
2024-09-02,0.011378751473230411,0.0,-0.1823734216914424,0.011378745803649039
2024-09-03,-0.007011631326809886,0.016168809290578956,-0.1823768264643802,-0.004062815431627974
2024-09-04,-0.0021078793506289053,0.012807253461352808,-0.18254041838336502,0.00022995095830466376
2024-09-05,0.0005222477071194452,0.005640539572099534,-0.1825379795469496,0.0015518602387417622
2024-09-06,-0.006606013976679001,-0.0001003821608751565,-0.18251930777099715,-0.00662433692567865
2024-09-09,0.00712506242726326,0.0043097114610883835,-0.18251548739771342,0.007911651255995982
2024-09-10,-0.00906136480360757,0.006976023040616397,-0.18243707421162747,-0.007788684889116938
2024-09-11,0.004861256395512592,-0.0007949848036883367,-0.18256844197250324,0.004716108347993803
2024-09-12,0.010008667692072145,-0.004682241664274223,-0.18257871383477664,0.00915378933441726
2024-09-13,0.00031550201711346554,0.0026923030045411522,-0.18268358675607801,0.0008073344732127929
2024-09-16,-0.002077417763002949,0.009120991446926574,-0.18267953420363073,-0.00041119956888287224
2024-09-17,0.005944444786869168,-0.004847682915468887,-0.18269177795424477,0.005058812145604827
2024-09-18,0.0008009934149333399,-0.012473003311793462,-0.18275089361312136,-0.0014784630960805465
2024-09-19,0.0002348912291713081,-0.0033190531706077664,-0.18270117730977498,-0.000371507064849674
2024-09-20,-0.0030696529089048437,-0.003835960618701506,-0.18269680293134583,-0.0037704709468209963
2024-09-23,0.0002855463383648084,-0.0021260773800895194,-0.18265918955599114,-0.00010280378408578646
2024-09-24,-0.0018693000127118842,-0.00020260599044075178,-0.1826578000314491,-0.0019063076714487671
2024-09-25,-0.0026923717653480855,-0.0083465950098498,-0.18265614384647375,-0.0042169287364325105
2024-09-26,0.0005655850328398197,0.002348178390373157,-0.1825666848017857,0.0009942781089937803
2024-09-27,-0.005893698881336417,0.005186985472222183,-0.18256216025063166,-0.004946751915233768
2024-09-30,-0.0007129994376327434,-0.004779377341030511,-0.18262444230020078,-0.0015858347835973475
2024-10-01,0.0014799892519825487,0.007168262600133701,-0.18260386253646835,0.00278894029454199
2024-10-02,0.010894440378181207,-0.008462992499424615,-0.18255898375896423,0.009349442023852884
2024-10-03,0.0038185152768556102,-0.009464673652949784,-0.18274988946865,0.0020888342640169714
2024-10-04,0.007450407809798146,-0.012377344638760057,-0.18279475180956872,0.00518789112553575
2024-10-07,-0.0020398497551174077,-0.007563895760845263,-0.18294670632019763,-0.003423649878405481
2024-10-08,-0.0023476858923237405,0.0016856798422040242,-0.1828803519216299,-0.0020394126702935078
2024-10-09,-0.0002614330419890802,-0.00570074977801216,-0.1828886220202801,-0.00130403587432301
2024-10-10,0.004557644563029543,-0.0039253550050641906,-0.1828681632599393,0.0038398207154170787
2024-10-11,-0.0010642690250657072,-0.004047143066883585,-0.18290416914212004,-0.001804510807349126
2024-10-14,0.003998261359817713,0.0006933709577809921,-0.18288449207279064,0.004125066820577512
2024-10-15,-0.0008024435906219864,0.012137392160600946,-0.18287899018639345,0.0014172300580186099
2024-10-16,-0.0001361928997379105,0.004205958614998728,-0.18284234908287855,0.0006328319682517413
2024-10-17,0.004341014310138214,-0.01597029233888758,-0.18283762643910034,0.0014210436450261996
2024-10-18,-0.004812360557124472,0.0007463239210974137,-0.18288679356780005,-0.0046758711031793625
2024-10-21,0.006335536818468006,-0.017625621887575882,-0.18289408989880956,0.0031119142495379
2024-10-22,0.002940364715487639,0.0009755094571106682,-0.18302055641489268,0.0031188944210439836
2024-10-23,-0.0010830132625210859,-0.002711677313177674,-0.18301441581709957,-0.0015792897183861602
2024-10-24,0.002789354900015444,0.006387316917859209,-0.18300261324547767,0.003958249787056458
2024-10-25,0.000734888796179507,-0.005627611066898908,-0.18294515082334775,-0.000294659256836599
2024-10-28,8.221568507921163e-05,-0.0027169828034701027,-0.1829389397837257,-0.0004148266896855886
2024-10-29,-0.0022285526710926944,0.0015224452042144065,-0.18293505844316937,-0.0019500443319498818
2024-10-30,-0.0035258249967353825,0.0029300230476243527,-0.18294219031385897,-0.0029898006464791267
2024-10-31,-0.0010016365787576626,0.0016234547363236373,-0.18296349568305983,-0.0007046050702342986
2024-11-01,-0.002543605866021548,-0.014155711680864158,-0.18296660907400555,-0.0051336286424761264
2024-11-04,0.0019416748296942632,0.015403072920052274,-0.18278504346595373,0.004757113867517938
2024-11-05,0.0015566720178853272,0.005297063016517889,-0.18261567560976177,0.002523987271375762
2024-11-06,0.027905861269434982,-0.02777032175361338,-0.18258612890504633,0.022835383717877588
2024-11-07,0.002174376607844051,0.012449890231997607,-0.18410459414194874,0.004466355600442758
2024-11-08,-0.008460803440367126,0.012621418805868423,-0.18397703713281224,-0.0061387608560899715
2024-11-11,0.0016316477259938492,-0.004877291126766714,-0.1841659905087494,0.0007334037581525567
2024-11-12,0.0016352986814865416,-0.015107314881739775,-0.18417288466765494,-0.0011470595474885918
2024-11-13,0.002774924820759886,-0.009531251409151231,-0.18412525810828922,0.0010199774645025452
2024-11-14,0.008038801111643965,0.005774263961625614,-0.18414518768358729,0.009102102680792909
2024-11-15,-0.0016680410218262668,-0.002660553305283919,-0.18402377696591177,-0.0021576543250270545
2024-11-18,0.0024800875861766933,0.0017742727401364178,-0.1840083816000701,0.002806567597357125
2024-11-19,0.002040907586739629,0.005084453630479935,-0.1839978286096881,0.0029764352986179072
2024-11-20,0.004060460153430617,-0.003202206936331997,-0.18396426225781937,0.003471366240026058
2024-11-21,0.0010855864303022645,-0.0007748419118938088,-0.18399055848133508,0.0009430210505568886
2024-11-22,0.0016789647611326415,0.0005532428508763232,-0.18399221899646753,0.0017807570282785592
2024-11-25,-0.002299492250085993,0.025558544310735343,-0.18399050433640823,0.0024030370914473053
2024-11-26,-0.006983359781845097,-0.003889815481443293,-0.18385404788901352,-0.007698527359326892
2024-11-27,-0.010810290691832558,0.00690466181569338,-0.18377869239785644,-0.009541366083167567
2024-11-28,0.002110674188251222,0.0,-0.1839362473286885,0.0021106635014893124
2024-11-29,-0.0023800380109777215,0.01026903950716651,-0.18393679665652166,-0.0004911838165504955
2024-12-02,0.002151097510449628,0.0023912214128793963,-0.18395257867059492,0.0025909677850460586
2024-12-03,0.0037768572453394872,-0.008665810482061609,-0.18393936597449084,0.0021828726634126553
2024-12-04,-0.0009669297846143896,0.010688169848573459,-0.1839818803125635,0.0009994969175296632
2024-12-05,0.0006226008511381312,0.0020176601500505598,-0.18396066073118203,0.000993769506173664
2024-12-06,0.0011415136542903246,0.0014846804833394955,-0.18395687927520551,0.0014146305862346405
2024-12-09,0.0036806338033745305,-0.009259921953423955,-0.18395278987174962,0.001977245048668203
2024-12-10,0.0064729248107958486,-0.004716089453408401,-0.183993527381757,0.005605192113638912
2024-12-11,0.011306600947033976,-0.009498801226631493,-0.1840564436927308,0.009558281106378153
2024-12-12,0.0012907862974781742,-0.01222240613189296,-0.18427235689957183,-0.000961479932563268
2024-12-13,0.002909852334631877,-0.010262831150307683,-0.184239189307913,0.0010190343937772485
2024-12-16,-0.002646746967863086,0.0029905429274412754,-0.18426038089893018,-0.0020957098263583458
2024-12-17,-0.0021352045504839006,0.002430191098005352,-0.184275916200186,-0.0016873799130982718
2024-12-18,-0.001850959321753648,-0.012534208197586771,-0.1842861615087907,-0.0041608411329659215
2024-12-19,0.0079527984476305,-0.015256968529628878,-0.1841556426215564,0.005143132750660318
2024-12-20,-0.00047048265402976387,0.005678270501855209,-0.1843382339101173,0.0005762273169981275
2024-12-23,-0.0071788034020710025,-0.009214728202936229,-0.184332744092433,-0.008877379910151917
2024-12-24,0.007671579095774849,0.004219555029409072,-0.18413175194600806,0.008448519522716408
2024-12-25,-0.0013336075884054922,0.0,-0.18405044603100296,-0.0013336131032881486
2024-12-26,-0.000861504277687339,-0.000568885290585186,-0.1840500663246334,-0.0009662076789056783
2024-12-27,0.0006292172961761171,-0.008232828750619703,-0.18404824836539874,-0.0008860205377777268
2024-12-30,-0.00695968075699194,0.008005051927346685,-0.18402740019368105,-0.0054865332764933855
2024-12-31,0.0028470847139844112,-0.005368077540445881,-0.18413379594274334,0.00185863300285113
2025-01-01,-0.004470032534156329,0.0,-0.18415594835712862,-0.004470034036728016
2025-01-02,0.010575421089558258,0.0027445772086096554,-0.18415478988101475,0.011080848050143945
2025-01-03,8.118007464627205e-05,-0.003202739983927394,-0.18408607439640415,-0.0005084044171961945
2025-01-06,0.0021804099608217307,-0.00447778881341776,-0.18408078142684683,0.001356134737967622
2025-01-07,0.004527344244199648,-0.011341350730130095,-0.18409381778023418,0.002439470805265145
2025-01-08,0.005027244024427062,0.0012798486967380285,-0.18415590415921437,0.005262931507117256
2025-01-09,0.001980067589409212,0.0,-0.18414158297565517,0.001980066618020515
2025-01-10,-0.001630156358672194,-0.006647665048367557,-0.1841420222513251,-0.0028542708737235903
2025-01-13,-0.0013356511817471518,-0.000351461418174992,-0.18409347227204192,-0.0014003562276754824
2025-01-14,-0.001117589091939627,-0.0016402025031023726,-0.18409178911252586,-0.0014195370194092763
2025-01-15,0.001937732110863639,0.017088396415462448,-0.1840852240599954,0.00508345294853043
2025-01-16,-0.008352743373375961,0.0032222734147833165,-0.18388621865362345,-0.007760225197961288
2025-01-17,0.006534990848021137,0.0017222887533021591,-0.18394506828195417,0.006851793378648868
2025-01-20,-0.011801297409151455,0.0,-0.18391929547737013,-0.011801299157289865
2025-01-21,-0.004577552858023102,0.008906023294081855,-0.18391632451948142,-0.002939589989207191
2025-01-22,0.0067960540836187935,-0.005243060511483044,-0.18398130366094412,0.005831424568085729
2025-01-23,0.003291362710859952,-0.007800648826509438,-0.18405350153557143,0.0018556210829963375
2025-01-24,-0.006917833427897541,0.004481389313705009,-0.18408536047104385,-0.006092877421626437
2025-01-27,-0.009631202552408069,0.011740341076307281,-0.18415053707874518,-0.007469216858569526
2025-01-28,0.008916507289605677,-0.0006801547860719737,-0.18436177115982288,0.008791098420828357
2025-01-29,0.002268877499231821,-0.0020432444342937117,-0.18437793001117836,0.001892147223894387
2025-01-30,0.0021103915488106762,0.0037424366596825465,-0.1843867808913945,0.0028004467968348996
2025-01-31,0.005287637381576801,-0.006586889589252465,-0.18436395669132857,0.004073250806475193
2025-02-03,0.0033392751757727133,0.008083358870562662,-0.18442622461469452,0.004830054310917759
2025-02-04,-0.008497972162302653,0.003057447076377784,-0.184337679531775,-0.007934375468858694
2025-02-05,-0.01357726986438349,0.016375533699904743,-0.18439450432727514,-0.01055771529905266
2025-02-06,0.014761893451462869,-0.0004448261394562891,-0.1848090021945143,0.01467965746158693
2025-02-07,0.0028876597029765926,-0.0064761968929305525,-0.18482819507365028,0.0016906746184846943
2025-02-10,0.004352813373174466,-0.0030292821140056603,-0.18485210308381408,0.003792842581914695
2025-02-11,0.0013666475363362028,-0.006425228553512241,-0.1848791751729219,0.00017875474479803294
2025-02-12,0.0020778756743755357,-0.01366284702060927,-0.18487939453696886,-0.0004481032253251351
2025-02-13,-0.014581696978675398,0.016486253669244277,-0.1848593536749997,-0.011534060140204428
2025-02-14,-0.0015757286768778985,0.0052861051938224435,-0.18531423862922053,-0.0005961689718713564
2025-02-17,0.0011222249686171166,0.0,-0.18532355608078147,0.0011222243366255573
2025-02-18,0.011308053336642396,-0.01184802724569245,-0.18532380543292054,0.00911233182368449
2025-02-19,-0.006395678260621693,0.001247725389711185,-0.1855777347688235,-0.00616414543290771
2025-02-20,-0.005886581518653311,0.0037345148321392685,-0.18559486551934107,-0.005193475902560692
2025-02-21,-0.004717775239184593,0.012011928571062036,-0.18564096350182296,-0.0024878723725084
2025-02-24,-0.005890425864100749,0.002897491974286126,-0.18571576686962515,-0.005352320993920299
2025-02-25,-0.005791508959332757,0.01710025133871529,-0.1857522115737269,-0.002615101926700358
2025-02-26,0.006704503795592236,0.0058891207922613376,-0.18586394708281928,0.007799071452003916
2025-02-27,0.011884140151046297,-0.007093008533513689,-0.18575939316091394,0.010566540098408541
2025-02-28,0.0004886772775873141,0.012191051418914967,-0.1859371506504298,0.0027554345847760177
2025-03-03,-0.010798888309297481,0.004639285790864811,-0.1858629884367505,-0.009936621818329161
2025-03-04,-0.009346221117128637,-0.012391235843843162,-0.1859711845821429,-0.011650641264259578
2025-03-05,-0.004199096208876605,-0.008016308180480713,-0.18562131257102624,-0.005687117586709995
2025-03-06,-0.0020601344140861403,-0.0033128944642664138,-0.18550877029696058,-0.0026747130258832222
2025-03-07,-0.0033662466017996464,-0.0032133359281267815,-0.1854857955984565,-0.00396227633129958
2025-03-10,-0.0061995970862060755,0.010377980353686311,-0.18545336051586514,-0.004274967954280056
2025-03-11,0.0012633406564031377,-0.00716464442555953,-0.18556102294908586,-6.61453948838164e-05
2025-03-12,0.007433404711603903,-0.005991521706845582,-0.1855572108287853,0.006321634396489967
2025-03-13,0.006521907153129818,0.008753134586277689,-0.1856462803081427,0.008146887988632914
2025-03-14,0.006270822913779345,-0.005309228946246414,-0.18548291509210332,0.005286040571071601
2025-03-17,-0.002774478204559611,0.004978186958394026,-0.1855486942687791,-0.0018507865763263606
2025-03-18,-0.0009529633407551889,0.0009927973784442656,-0.18557183210866987,-0.0007687296817365189
2025-03-19,-0.021949147964154987,0.005167813076732308,-0.18557376237228096,-0.020990137579196565
2025-03-20,0.008144847449706042,0.0006579101299752921,-0.18582661709928938,0.00826708751268197
2025-03-21,0.007131403777053982,-0.005936197012465172,-0.18581618606893108,0.006028361580919648
2025-03-24,0.0037515215295901355,-0.010306609474385553,-0.185900227257532,0.0018355147856342461
2025-03-25,-0.002013568996093071,-0.00011098910874629553,-0.18594158002967667,-0.0020342092912483587
2025-03-26,0.003912763299750689,-0.006594799255704942,-0.18594042988945506,0.002686523413097623
2025-03-27,-0.005539710943966851,-0.002920210532167289,-0.18598053367688447,-0.006082815977379963
2025-03-28,-7.013787625900726e-05,0.013739293307132527,-0.18593583388442392,0.0024844860498520758
2025-03-31,0.007839207014610158,0.009824930425885725,-0.18586083582249044,0.009665271708434543
2025-04-01,0.003544196405867765,0.008592822309103632,-0.18564261889981318,0.005139375641678474
2025-04-02,0.001775818986012252,-0.000655667579333219,-0.18554285590548594,0.0016541577840139294
2025-04-03,-0.017350083396791744,0.004583169803085596,-0.18554557869189117,-0.016499696688118362
2025-04-04,-0.008294234345081876,0.010828382607292575,-0.18572140020528513,-0.0062831838910592285
2025-04-07,-0.008524691042994694,-0.030620076508619753,-0.18588430605465414,-0.014216493765848187
2025-04-08,-0.012645279376737146,-0.01905922448383368,-0.1848433661272017,-0.016168321191809207
2025-04-09,0.01538926995784376,0.005868689903301139,-0.1841067601953307,0.01646968547943507
2025-04-10,-0.0341033905959076,-0.027955451518775654,-0.1838854261530519,-0.03924400572456115
2025-04-11,-0.005713701327677425,0.005423628071301145,-0.18128749027955618,-0.004730641621294549
2025-04-14,0.0018406265348714958,0.007109982832847805,-0.1813484141072273,0.0031300065135479276
2025-04-15,0.004274215388133039,0.0035361238892086533,-0.1812992398281654,0.004915308625752439
2025-04-16,-0.007620021950116924,0.005564209324839808,-0.18126078110902843,-0.006611451630251093
2025-04-17,0.012506021556982938,-0.008871501236370705,-0.18134738538897593,0.010897192129027651
2025-04-18,-0.0012453862097305413,0.0,-0.18157419307932599,-0.001245401593824033
2025-04-21,-0.012450941286830951,-0.017634288096235906,-0.1815738474192204,-0.015652866846409173
2025-04-22,0.011307806858988478,0.005565510419667241,-0.18091614106132672,0.012314652915718202
2025-04-23,0.010122139089040479,0.009666383580214877,-0.18076005937549133,0.011869424572112925
2025-04-24,-0.0005808427986720257,0.010480808408487086,-0.18049696286322303,0.0013108934418904834
2025-04-25,0.008962756204928195,0.0073392791858752915,-0.18046861321948313,0.010287263818711407
2025-04-28,-0.00736749978808179,0.006280390000216407,-0.1802966118361532,-0.006235178416680563
2025-04-29,0.0049217939783419,0.008349864267174212,-0.18038899944449024,0.00642801137245414
2025-04-30,0.003701179887216392,-0.008125994703295447,-0.1802676537124424,0.002236317657238184
2025-05-01,0.0012670068030797843,-0.005069533535113635,-0.18030797828788983,0.0003529267253332181
2025-05-02,-0.0032660142705331512,-0.010883294483107875,-0.18031045633828324,-0.005228386233329437
2025-05-05,-0.005823470031293015,-0.005600743454076351,-0.18017192769622217,-0.00683257617217752
2025-05-06,-0.0008750472705923405,0.003318486514116259,-0.18007856431252575,-0.0002774653161660966
2025-05-07,0.004851249776757654,0.004218543703795596,-0.18008175421507924,0.00561093231080288
2025-05-08,0.016364718836921414,-0.011211838179431943,-0.18002909642902892,0.01434625816845535
2025-05-09,0.001736054375196171,0.0014946634630739197,-0.18040558775664736,0.0020056744787954038
2025-05-12,0.004987790041567029,-0.009349007628526529,-0.1803995473161876,0.00330123288780943
2025-05-13,0.00290295518490808,-0.004066246601738932,-0.1804693048959668,0.002169117755583733
2025-05-14,0.0013354124289068404,-0.006658783576724225,-0.18048900636020135,0.00013357386124957795
2025-05-15,-0.0018178772984866298,0.00875209909972785,-0.1804887166242865,-0.0002382221838606162
2025-05-16,0.0015203967694367032,0.002668799043010317,-0.18049661804898134,0.002002105435008267
2025-05-19,-0.001088214662230634,-0.002901321030671866,-0.18048550126515991,-0.0016118617968207038
2025-05-20,0.001739633139502915,-0.0072311147643091545,-0.18047309276086657,0.00043461065222531986
2025-05-21,-0.009708758821905998,-0.017237628009569406,-0.18047794780108897,-0.012819770879343205
2025-05-22,0.0018979963525817716,0.005226401633509958,-0.17995182466463092,0.002838461176661041
2025-05-23,-0.003772691851419074,0.0016567421607200927,-0.1799195579007496,-0.0034746137229226598
2025-05-26,0.001966020836316403,0.0,-0.1799327688432244,0.0019660199402340268
2025-05-27,0.00842096914088185,0.013859875994630677,-0.17993318842671122,0.01091482079133474
2025-05-28,-0.004322539877387601,-0.0043248866976197675,-0.17958681056726106,-0.0050992559798725004
2025-05-29,0.0028861849765765522,0.009212015678716767,-0.17953247087631063,0.0045400372273318515
2025-05-30,-0.004684247650680271,0.0015080128459210584,-0.1794389805435318,-0.0044136577042987405
2025-06-02,0.00462382883283478,-0.009321132955301792,-0.17945397697448276,0.0029511134369080427
2025-06-03,0.0036596064468995436,-0.001762661170300106,-0.17951566170579128,0.0033431769765487063
2025-06-04,-0.0031076725991708333,0.016102713978508376,-0.17952956442416107,-0.00021676031556707985
2025-06-05,0.002556549844851226,0.00069469987673898,-0.1795433320395259,0.0026812776416475594
2025-06-06,0.00614585406775206,-0.012805921143375087,-0.17953984135845963,0.0038466807804528446
2025-06-09,-0.0008393663777296416,0.0010538905876513738,-0.17965119944136462,-0.0006500412228632535
2025-06-10,0.001309314565164985,0.005136794352399221,-0.1796529850870286,0.002232154883233492
2025-06-11,0.004066974269983922,0.003022510850674287,-0.1796285407727986,0.0046099018255319904
2025-06-12,-0.009045983382626558,0.011886469487324192,-0.1795981607238,-0.006911197385845834
2025-06-13,0.0019248810310453926,-0.009682967036253487,-0.1797924492752039,0.00018394349298699955
2025-06-16,0.007069577662726734,-0.010128834559982813,-0.17979316553545488,0.005248482385419435
2025-06-17,0.00109381255664361,0.012096386094804679,-0.17991479741638963,0.0032701231602162875
2025-06-18,0.00339147884003045,0.001732324461367618,-0.17982762879941566,0.0037029927276867173
2025-06-19,-0.0010572535848300747,0.0,-0.17981415434134113,-0.0010572544987863981
2025-06-20,-0.003284480293222545,-0.0018482268637720622,-0.17981385942131062,-0.003616817118687616
2025-06-23,0.003654499314736423,0.0032323228586434993,-0.1797966872298831,0.00423565909200881
2025-06-24,-0.004409562036812873,0.007234099429056506,-0.17976691255448815,-0.003109112336919705
2025-06-25,-0.0007170834007836005,0.0012576754204793872,-0.17982116868768352,-0.0004909304169716365
2025-06-26,-0.0008311816975311942,0.0050155912780631695,-0.17982290088322758,7.073635824199455e-05
2025-06-27,-0.0005792913264373839,-0.006387323777390819,-0.17982385474337123,-0.0017278845742809807
2025-06-30,0.0004207459472435719,0.009792649314612767,-0.17979536226228637,0.002181416945661101
2025-07-01,-0.0014149202534705513,0.002470273540529533,-0.1797495835222905,-0.0009708927184912382
2025-07-02,0.004915846511951848,-0.006373759812582591,-0.17975577702282688,0.0037701259441864873
2025-07-03,0.00819593696762164,-0.0069893409623498215,-0.17981040477065052,0.0069391770347668425
2025-07-04,-0.0024905209472118966,0.0,-0.17992259065830898,-0.0024905285566460453
2025-07-07,-0.0024223283454184903,-0.009589434315822487,-0.17992193918051966,-0.00414767800735445
2025-07-08,0.0026916964448652214,-0.001277563705854412,-0.1798247500746252,0.0024619522785351033
2025-07-09,-0.002175170407732778,0.010406873061896249,-0.17983217396794607,-0.000303680304357296
2025-07-10,0.0034898977061655688,0.0006904342505160699,-0.17984318259003446,0.003614066852445917
2025-07-11,-0.002019463546548213,-0.013890818332145116,-0.17983846989197347,-0.00451756738060522
2025-07-14,0.0008540406980732887,-0.0021004321155357886,-0.17968620230496776,0.00047661169990555153
2025-07-15,0.004243069527991934,-0.007033253043536192,-0.17968785327649342,0.0029792792750651348
2025-07-16,0.000387538776765137,0.0014108801528154302,-0.17973476444752992,0.0006411198067666704
2025-07-17,0.00334517951636455,-0.00023534188517437826,-0.17973328305016056,0.0033028806462215387
2025-07-18,-0.00023555691728402027,0.0015264030328294709,-0.1797357466144054,3.879210435547069e-05
2025-07-21,-0.003564938441260161,0.008876245017077622,-0.17973613597195381,-0.001969556486359975
2025-07-22,-0.00346398247841402,0.006028830774063465,-0.179779544862702,-0.0023801249701716123
2025-07-23,0.0030489952783505,-0.005563731209635492,-0.17981451185765102,0.0020485532950134046
2025-07-24,-0.002957887602681757,-0.0017447443438376453,-0.17983948309797493,-0.0032716632173849032
2025-07-25,-0.0003575756671566322,0.006267672164121052,-0.17982474781802985,0.0007695058996861635
2025-07-28,0.002942633926910297,-0.006500270566848876,-0.17981593100149115,0.0017737811251366889
2025-07-29,0.0036599904105446422,0.016744851619241885,-0.17984080267357586,0.0066713962793833554
2025-07-30,0.006233681554090713,-0.005166983532628677,-0.1795886871468857,0.005305732664262687
2025-07-31,-0.002196459890722084,0.0005753569118445157,-0.1796518071815832,-0.0020931002630910182
2025-08-01,-0.010185508956558304,0.014061094218327241,-0.1796542684415645,-0.007659373528221123
2025-08-04,0.007307870231857543,0.002729070714819315,-0.17990775472263873,0.007798834022969703
2025-08-05,0.006511193571443112,0.0030615683285191153,-0.1798612046802463,0.007061847781787927
2025-08-06,0.00925403694220801,-0.00579063904333843,-0.17981382827449413,0.008212796754184817
2025-08-07,0.0034971711999918307,-0.0017093784455353145,-0.17992423109670377,0.0031896051090346514
2025-08-08,0.0039139449181633985,-0.004344239091558677,-0.17993702148963273,0.003132254607832497
2025-08-11,0.005770708824907075,0.001145085852815697,-0.17996775219440936,0.0059767852674811025
2025-08-12,0.001034794760056541,-0.0050478248618262,-0.17995372250384545,0.00012641893400638023
2025-08-13,-0.0035842117082419116,0.00824697810056918,-0.17995328604607205,-0.002100140928698901
2025-08-14,-0.0028351308114371028,-0.0074423415832063355,-0.17999607966676906,-0.004174726022595163
2025-08-15,0.0032803885690447228,-0.007149971224865048,-0.17992003223393305,0.001993960357589189
2025-08-18,0.0007597749641958124,-0.0028977265079062065,-0.17995090858504392,0.00023832435196127655
2025-08-19,-0.003702843254190996,0.005787080452455129,-0.1799514416567765,-0.002661449819945561
2025-08-20,0.0016306324657149292,0.0021905214161979103,-0.17998869950699878,0.0020248990395033447
2025-08-21,0.006611172008283936,-0.004964062259407598,-0.17997967477365764,0.005717741085142735
2025-08-22,0.002026251950869222,0.007379082589462627,-0.1800450704253969,0.003354814959655251
2025-08-25,0.000962701546030913,-0.002876058390140379,-0.17999116305043078,0.0004450327949160357
2025-08-26,-0.0053605928717774766,-0.0005759449336952827,-0.17999311185551714,-0.005464259124835821
2025-08-27,0.003394035351697372,-0.0011535384224172773,-0.17998421284509308,0.003186416043142829
2025-08-28,-0.005533657424684517,0.006556573241971897,-0.17999304833904295,-0.0043535204195047465
2025-08-29,0.00061127139570227,-0.007133515412345304,-0.18006068810906878,-0.0006731988860057132
2025-09-01,0.0037778281202933426,0.0,-0.18004665304496886,0.003777827168311785
2025-09-02,0.003949203183798753,-0.007440586087805734,-0.1800475311432673,0.002609543968870035
2025-09-03,0.0020195298713612505,0.010918075218917522,-0.18009037503099848,0.003985767226103261
2025-09-04,0.0029190669808985825,0.007594485903975823,-0.17999446278368966,0.004286025885690364
2025-09-05,-0.002240148310852115,0.015131945033606264,-0.17992285154766827,0.00048242953175268755
2025-09-08,0.0020082936715325374,0.013236499092421639,-0.17991178757012707,0.004389695133964157
2025-09-09,0.0048925829546686925,-0.005699043191562225,-0.1797832629119039,0.0038679816565404136
2025-09-10,0.005645482164552914,0.005699043191562225,-0.17983312497421108,0.006670355528970694
2025-09-11,0.006519251282618077,0.006664097590965312,-0.17974891712051416,0.007717109896461843
2025-09-12,0.007144229293520917,-0.004326545802065596,-0.17963432388711004,0.006367025390878727
2025-09-15,0.0025676450704207833,0.0023321003810057306,-0.179698086737377,0.002986714722009396
2025-09-16,-0.0017057985244568557,0.0021047850896858122,-0.17968360988388882,-0.0013276041234599257
2025-09-17,0.0022438081852190067,-0.0025490219670905034,-0.17969052486322168,0.0017857726210298815
2025-09-18,0.006262955307832711,-0.010372695059464476,-0.1797004873489206,0.0043989762747817535
2025-09-19,0.0052537035487780935,-0.0019081991011882238,-0.17980316766340956,0.004910596341169453
2025-09-22,-0.00034997182082340716,-0.003601289250622308,-0.1798253310662333,-0.0009975763558988508
2025-09-23,0.0042127724876368945,0.006965838496644672,-0.17981526461414718,0.005465335897375103
2025-09-24,0.0038968220591382996,-0.003813843545137807,-0.17973123869988708,0.0032113495351861706
2025-09-25,0.0028635379046564454,0.0,-0.17975884796497044,0.002863536031953123
2025-09-26,0.004944141421210476,-0.0008998281688503695,-0.17975953719156335,0.004782388679276589
2025-09-29,-0.004643184683279279,0.008178164790197506,-0.1797703180951555,-0.0031729941287666277
2025-09-30,0.0011170257649273795,-0.0029047287677474998,-0.17983288253433283,0.0005946557739721071
2025-10-01,-0.0015242442239659076,0.002574784845793765,-0.17983580993229983,-0.0010612059043830656
2025-10-02,-0.0014015118615605757,0.0029079248363341748,-0.17984286415364545,-0.0008785428087300866
2025-10-03,0.004170128855181914,-0.0019002091932236453,-0.17984968668861145,0.0038283763643734625
2025-10-06,0.019712750742068887,-0.007975097054348623,-0.17986671133810767,0.018278295107539422
2025-10-07,0.0014362532023010782,0.005734628007665776,-0.18020561303808988,0.002469642370672225
2025-10-08,0.012762705659467716,0.0007851125951470195,-0.1801758019108694,0.012904161928835665
2025-10-09,0.003458353161202616,-0.0007851125951470195,-0.18015596726141656,0.003316909096854311
2025-10-10,-0.04177697196876925,0.01601871201856575,-0.18016247400542287,-0.03889100162246868
2025-10-13,0.021695541090722494,-0.0005519866548233665,-0.18160038906769788,0.02159520256739306
2025-10-14,-0.003963828209564725,0.0031967954119780373,-0.18163343648348929,-0.003383185514719062
2025-10-15,0.00010413186948864659,-0.0022039339603114882,-0.18165884106421326,-0.0002962339426858279
2025-10-16,0.002046015168173931,0.0074726584866429135,-0.1816562897302173,0.0034034704102245796
2025-10-17,0.008968361635002808,-0.0015336407719823697,-0.18160141716643674,0.00868984657544642
2025-10-20,0.0046777555290580825,0.0038303138778594814,-0.1816338976961322,0.005373468164977931
2025-10-21,-0.0028538547483323937,0.004903403550263974,-0.1815892964551972,-0.0019634521726526986
2025-10-22,-0.0014179377249886691,0.0006519336405137466,-0.18161305474557804,-0.0012995396765398913
2025-10-23,0.011226808709794516,-0.006866900482275007,-0.18161488490036332,0.009979677244946689
2025-10-24,0.006954258549655521,0.0004369698664659083,-0.18177314719462612,0.007033677202770723
2025-10-27,0.004447219169508999,0.003383726929476083,-0.181768071956506,0.005062272345259863
2025-10-28,-0.011230575423286768,0.002611425180226057,-0.18173122675008221,-0.010756000420884374
2025-10-29,0.010804210613102388,-0.010157792299249735,-0.18179433743157838,0.008957577211570894
2025-10-30,0.007650532786627904,-0.00583588913530253,-0.18200275986106043,0.006588370720716359
2025-10-31,0.0034898266452757995,-0.002985465926380826,-0.1820908456936568,0.002946194655195187
2025-11-03,0.006048656868211554,-0.002493884060143614,-0.18211061553992805,0.005594492765968634
2025-11-04,0.000804759787599591,0.002225935799287093,-0.18214320642758156,0.0012101966607828798
2025-11-05,0.0033036933705486286,-0.010955745632855063,-0.18213821951274498,0.0013082330292894264
2025-11-06,0.0008964851959326044,0.008952875719307585,-0.18216684394204996,0.002527400368363584
2025-11-07,0.004381096401605196,-0.0021192645766623386,-0.1821190842427196,0.0039951346381523175
2025-11-10,0.011265976248434912,-0.00022353917554696068,-0.18213871215515498,0.011225259779546816
2025-11-11,0.0031200875276597,0.00456824362855901,-0.1821472870014246,0.003952180129341733
2025-11-12,0.00625921360654939,0.0017769170111563426,-0.18210859056615075,0.006582802834271316
2025-11-13,-0.011856674999073964,-0.008244761194811545,-0.1820840391446299,-0.013357916084501617
2025-11-14,0.0018346320172322856,-0.005722436777072737,-0.1818223472483837,0.0007941473801971244
2025-11-17,6.643979081905104e-05,0.002472445510094623,-0.1818304585840357,0.0005160051415614318
2025-11-18,0.007687905545606367,-0.00033713441717697634,-0.18182869369633325,0.0076266047152207875
2025-11-19,0.012794761185538824,-0.002022680092405693,-0.18183639800606505,0.012426963800643114
2025-11-20,-0.004281792222436347,0.003929727207325762,-0.18189669815754575,-0.003566991908850839
2025-11-21,-0.01193165038426899,0.003021237299892121,-0.18192989289056535,-0.011381999257461545
2025-11-24,0.004137130201204082,0.005682272441198677,-0.182007692856205,0.005171342221328731
2025-11-25,-0.002195930959125545,0.0025521037050841855,-0.1819436592919677,-0.0017315962154497684
2025-11-26,0.00921742653358818,0.004422959693454409,-0.1819545060890555,0.010022203244337247
2025-11-27,-0.0008512021470447912,0.0,-0.18185670852296043,-0.0008512087805363529
2025-11-28,0.0010842435940061805,-0.0047551771675538035,-0.18185643053280692,0.0002194840289080041
2025-12-01,-0.0033855490601634123,-0.01248640393847733,-0.18185669643660007,-0.005656285248823788
2025-12-02,0.0007682131327665024,0.0004505875599853937,-0.18168648016221436,0.0008500672549794788
2025-12-03,-0.0011473110312857295,0.0028112688482551107,-0.18168596682359464,-0.0006365429674085889
2025-12-04,0.006695340550568621,-0.005403980744763004,-0.18169114765168462,0.005713484735755673
2025-12-05,-0.008281463078666906,-0.004639902651415895,-0.18176141256646092,-0.009124823104743985
2025-12-08,8.727477820587998e-05,-0.003294203439066834,-0.18165921406561902,-0.0005111545615089455
2025-12-09,0.0009063001994655145,0.0010234789478493767,-0.18165367572540514,0.0010922185367109526
2025-12-10,-0.003991280745803219,0.003857610943835077,-0.1816517794483331,-0.0032905389820584124
2025-12-11,0.00784590291761168,-0.001360034153659484,-0.1816819218487196,0.007598807254272077
2025-12-12,0.0007549801942096108,-0.00968466314470895,-0.18170704843210467,-0.0010047930651806392
2025-12-15,-0.0006028762690837124,0.0006868659953473966,-0.18167994163540882,-0.000478088333759145
2025-12-16,-0.002415647546099687,0.005476741411336583,-0.18168084022330905,-0.0014206286257524043
2025-12-17,-0.0009984700338406026,-0.0009109213494937762,-0.18170084417444946,-0.0011639865688641538
2025-12-18,-0.0007551338471925615,0.004772474880889277,-0.18169764879425215,0.00011201340085584403
2025-12-19,0.0049905245353784496,-0.0037201687016255036,-0.181698527159024,0.0043145753019315685
2025-12-22,-0.0010619982199554278,-0.002172430043384743,-0.1817349386301974,-0.001456807130314751
2025-12-23,-8.407808395930925e-05,0.0016010617911579317,-0.1817262476543555,0.0002068762781121199
2025-12-24,-0.0008625195150418495,0.006038947914692727,-0.18172620380807783,0.00023491556151592733
2025-12-25,-0.000580601721858022,0.0,-0.18172564609106584,-0.0005806017596872977
2025-12-26,0.004141771544622406,-0.0032998588427641806,-0.18172544949003414,0.0035421031998322094
2025-12-29,-0.007893843977416696,0.0037543540189766134,-0.1817517844713651,-0.0072114852212006395
2025-12-30,0.007092571149231799,-0.002387617833443656,-0.18181405551345525,0.006658464444147093
2025-12-31,0.0008053048170062826,-0.007998665037565189,-0.18185130323278811,-0.0006492653706655942
2026-01-01,-0.00257152189047132,0.0,-0.1818355249475237,-0.0025715229606934776
2026-01-02,0.00187388657053943,-0.0014931468112955315,-0.1818348369893035,0.0016023804168430282
2026-01-05,0.0011911558829603528,0.004929164516918938,-0.1818400380262808,0.002087474993374589
2026-01-06,0.004038727865250529,-0.002060193553336198,-0.18181898407645383,0.0036641441383179277
2026-01-07,0.004816841721282844,0.00582591051004222,-0.18183633699989016,0.005876202771090108
2026-01-08,0.0035546700918667254,-0.005024325604806812,-0.18176143149715385,0.002641436396878864
2026-01-09,0.0027853850741181587,0.006618182990998811,-0.18179037453035424,0.003988505075591039
2026-01-12,-0.002566032877672725,-0.0029616839449779775,-0.18173346337077212,-0.0031042738186188514
2026-01-13,0.009295688828215324,0.0017098070717587177,-0.1817100837907778,0.009606376428681809
2026-01-14,-0.004997559478093732,0.005790191029114489,-0.1816753534044555,-0.003945626832320481
2026-01-15,0.005648471712046548,-0.00022623865761062234,-0.18172963214287347,0.005607353762360773
2026-01-16,0.0008045393546628758,-0.005792137106050532,-0.18173382974660862,-0.00024808818875555056
2026-01-19,-0.0006856097854832509,0.0,-0.1817277452752864,-0.00068561019818564
2026-01-20,-0.006761376633713593,-0.013184313397904823,-0.18172752283134955,-0.009157329262835115
2026-01-21,0.004629932237934325,0.007587949731229671,-0.18144093440335268,0.006006677488425109
2026-01-22,0.0008332152938358309,0.004342631403874364,-0.18134078972746642,0.0016207047094165016
2026-01-23,-0.01684223675886956,0.002733793870566714,-0.18132691001535986,-0.016346527305144985
2026-01-26,-0.005306791722412356,0.004765129868473217,-0.18142696694384586,-0.004442275450023134
2026-01-27,-0.00698093477645117,-0.0062451914762391425,-0.1814767042453099,-0.00811429491656143
2026-01-28,0.005385023214555101,-0.002280280431464554,-0.18135507431228637,0.00497147453744158
2026-01-29,-0.0011144190356639334,0.00022807213260200854,-0.18138137603624818,-0.0010730527824314366
2026-01-30,0.0021943302656287226,-0.00560789265981132,-0.1813817249998398,0.001177160997708424
2026-02-02,0.014597075124841255,-0.0028515583270491973,-0.18139468234375486,0.014079816729040386
2026-02-03,0.0016141047074538198,0.0024233866644518542,-0.18148931797470017,0.002053917081352876
2026-02-04,0.0016991351949457744,-0.0025390239200930864,-0.181479404911674,0.0012383539724796049
2026-02-05,-0.013292586187984897,0.010803654410495689,-0.18148575479616386,-0.011331877243444229
2026-02-06,0.017725715074207313,0.0006855406482895177,-0.18176970849474547,0.017850306337769538
2026-02-09,-0.005651088097614295,-0.00022867192248554602,-0.18174626215865008,-0.00569264995512352
2026-02-10,-0.0058723370693826915,0.011474325273929331,-0.18174168317704462,-0.003786974191364699
2026-02-11,0.002831854458901226,-0.005323486738545213,-0.18184590455725125,0.0018637931283207755
2026-02-12,-0.007521297249915609,0.013199257632699357,-0.1818667676906541,-0.005120792343461687
2026-02-13,0.0034418146922921607,0.005476364096362651,-0.1820268950177398,0.004438649383495224
2026-02-16,-0.0005111825562580693,0.0,-0.18197453186995832,-0.0005111861079875532
2026-02-17,0.0036458499790797522,0.0016705478607157431,-0.18197434663500553,0.003949846821991741
2026-02-18,0.004277274657231624,-0.00379030109500178,-0.18196090211969626,0.0035875871387544864
2026-02-19,0.001976739894188667,0.001004296584589781,-0.18199136024096446,0.0021595111297656967
2026-02-20,0.007703992858746326,-0.0023459602569726457,-0.181987338502757,0.0072770575225569525
2026-02-23,-0.0035095790801544964,0.0036844822318427006,-0.18202739346038274,-0.00283890510012079
2026-02-24,0.006153257255979976,0.0017808884584917806,-0.18205235490020508,0.006477470500558488
2026-02-25,0.0014298281659829693,0.0001113155998284654,-0.18202827455079723,0.0014500891192091255
2026-02-26,-0.00879496865584398,0.0039960687869600164,-0.18202828251285214,-0.008067571118290488
2026-02-27,0.0024802274549616276,0.006074216464684312,-0.18210211305023236,0.003586350100468391
2026-03-02,0.012608641533988423,-0.01006290564984802,-0.18205567391175767,0.010776629314483869
2026-03-03,-0.009814368041186333,-0.0020111101029360867,-0.18230326931664256,-0.010181016782006537
2026-03-04,0.0008955983059104593,-0.003135836773476619,-0.18225253140497027,0.0003240806743798824
2026-03-05,0.007413460138936662,-0.004045850166328968,-0.18225346427022052,0.006676089866929829
2026-03-06,-0.007384393748703249,-0.0037239613982089637,-0.18231540143923053,-0.008063333467085772
2026-03-09,0.003858599734933948,0.008666945245718871,-0.18224250972598163,0.005438080644013972
2026-03-10,0.009953429419532967,-0.010703603287423036,-0.18213945845267626,0.008003873923425232
2026-03-11,0.002178504460329965,-0.012997538205775427,-0.18233346888584137,-0.00019139492720021348
2026-03-12,0.0011798266954767,-0.0019528468227418827,-0.18232163493831158,0.0008237796672878512
2026-03-13,0.004246490175897342,-0.004956494022635205,-0.1823245815491906,0.0033427992774042337
2026-03-16,0.0024379129159960897,0.0077121612533312955,-0.18236112645979383,0.0038443088507957236
2026-03-17,0.0005392633019295221,0.0027480943922535417,-0.18229750080705606,0.001040229725967547
2026-03-18,0.006461274679252312,-0.005676124393778181,-0.18229242407842827,0.005426559859791377
2026-03-19,-0.009673152516878277,0.006133511774836009,-0.18236182603829032,-0.00855463881704349
2026-03-20,0.0013866855388634607,-0.019155762506857243,-0.18248304003429897,-0.0021089244593627985
2026-03-23,-0.0026088864246543303,0.006445249877182313,-0.18238086500116954,-0.0014334031073150366
2026-03-24,0.007323962161646109,-0.004350516664229254,-0.18240465542326023,0.006530406054918436
2026-03-25,0.008683026450977906,0.009604024051944826,-0.1824693682267975,0.010435462262779431
2026-03-26,0.007122719439177423,-0.008441821063261301,-0.1822464159727883,0.005584212683530587
2026-03-27,0.0014155581533722799,-0.005473171669677868,-0.18235188644369668,0.00041750782064083503
2026-03-30,0.003951651742008019,0.013223695590162343,-0.18235459123465103,0.006363053162500806
2026-03-31,-0.00021800292649897836,-0.001037524748577212,-0.18216942421664228,-0.0004070207722144568
2026-04-01,-0.0011898594023330624,-0.0009838786533604704,-0.18216781221850092,-0.0013690905334441238
2026-04-02,0.008363233235853088,0.00612598880960924,-0.18216387095207387,0.009479166803489222
2026-04-03,0.0005819166694368775,0.0,-0.1820359360712797,0.0005819079917674212
2026-04-06,-0.0021910178117293053,-0.0016146017654232736,-0.18203602827656093,-0.002484933510609455
2026-04-07,-0.0001718566196249546,-0.00011529276138944056,-0.1820253931079292,-0.00019284355121009343
2026-04-08,0.0004158713536340946,0.0032263407469583782,-0.1820251883000151,0.0010031466217273297
2026-04-09,0.0011743029142818485,-0.002534150405615776,-0.18201950548752152,0.0007130377251623102
2026-04-10,0.005122095208894569,-0.0024250825897196293,-0.18202256162909194,0.004680675256457274
2026-04-13,-0.004661899294042361,0.0030016475507332885,-0.18204852166320215,-0.004115455555715359
2026-04-14,-0.002359760546307261,0.005288732196595092,-0.18207721549109868,-0.0013968048607410216
2026-04-15,0.0005000374351528148,-0.0043672984260894054,-0.18209627821735822,-0.00029523264710444125
2026-04-16,0.004955520628066845,-0.0063540592360729065,-0.1820911140033124,0.0037985025530448504
2026-04-17,-0.0016121410199291994,0.009114538002994443,-0.18214427844606568,4.801632191510746e-05
2026-04-20,0.0003650536136784753,-0.00022948634877550944,-0.18214759766189728,0.0003232530014143888
2026-04-21,0.0056694899025214445,-0.005529871273910025,-0.18214768620759977,0.004662236638946913
2026-04-22,0.0030433529347445257,0.001962285240735717,-0.18220520829839756,0.0034008876241192498
2026-04-23,-0.0012399908487867321,-0.002193097249818088,-0.18219164492088055,-0.0016395557641901712
2026-04-24,-0.0011312779388760069,0.0018469051223899413,-0.1821818953746401,-0.0007948059244018988
2026-04-27,-0.005450153911056998,-0.004971273493616479,-0.1821859006874787,-0.006355850121730869
2026-04-28,0.008254835948698008,0.00104275296205536,-0.1821095177348025,0.008444726006770417
2026-04-29,-0.00012630261705694776,-0.007787715920872351,-0.18209184846245627,-0.001544383402874636
2026-04-30,-0.01770198861377108,-0.0009342297833736524,-0.18206012509931963,-0.017872076756761255
2026-05-01,0.0005060880601825183,0.0035598760698958287,-0.1820170919788159,0.0011540434313450042
2026-05-04,0.006691181429066724,-0.007621539456295956,-0.1820095903459712,0.0053039876459938864
2026-05-05,0.006306647316540183,0.005517093350610125,-0.1820997930121807,0.00731130275537655
2026-05-06,-0.0034587430756886526,0.007579765011179518,-0.1820117329496448,-0.0020791428836611637
2026-05-07,0.0027627242000737755,-0.005007839377947576,-0.18205088945633577,0.0018510399311250907
2026-05-08,-0.004013515770200985,0.005007839377947576,-0.182070123751689,-0.0031017391395686635
2026-05-11,-0.004541354869406442,-0.006059336644539393,-0.18210727777697763,-0.00564480669099075
2026-05-12,0.003315857497474605,-0.0066842095081822706,-0.18202467127892852,0.002099160855888595
2026-05-13,-0.002791744669249249,-0.002237820470553764,-0.18205407861601663,-0.003199151007788364
2026-05-14,0.006616171564799008,0.0014138750257712829,-0.18203582253016248,0.00687354622978174
2026-05-15,0.002919253877147235,-0.014948954550801474,-0.18201582237630587,0.0001983062643306466
2026-05-18,-0.00454008417269229,-0.0011956262960337583,-0.18201549426224048,-0.00475770670617339
2026-05-19,0.0033167574682571714,-0.006483704026408965,-0.18200077125958933,0.002136717336188231
2026-05-20,0.00036469852031489436,0.010663460266988167,-0.18202983586989668,0.0023057644711022723
2026-05-21,0.009529706646893947,0.003687814661569533,-0.18197913592110115,0.010200808533526846
2026-05-22,0.005042825955236154,0.005446612222108627,-0.1818971695741424,0.00603354374252668
2026-05-25,0.0016992355468792423,0.0,-0.18182599113058762,0.0016992307189308224
2026-05-26,-0.005039891942396649,0.004947469107731806,-0.18182634104798068,-0.004140311760824334
2026-05-27,0.0019912160698809566,0.0023479116115359133,-0.18187454353427837,0.0024182381529710747
2026-05-28,-0.0013836864744321462,0.005145062004217493,-0.18186321382316234,-0.0004479897315064227
2026-05-29,-0.004812411342538956,0.000232774897841459,-0.18187080510832537,-0.004770076899367286
2026-06-01,0.019420964632266578,0.0005335834140716145,-0.18187225750528643,0.019518008553836817
2026-06-02,-0.000552055966842423,0.002104144092362148,-0.18185334864597508,-0.00016941160017795907
2026-06-03,0.0034243029601226725,-0.003977721874774964,-0.18185509819503012,0.002700933839323139
2026-06-04,0.0006740570379001108,0.0022246822517058007,-0.18187832174987476,0.001078676937041235
2026-06-05,0.010894762964360042,-0.005159153110867898,-0.18187413061657695,0.009956446193323592
2026-06-08,-0.005904126562718712,-0.005186551790852256,-0.18199138110483715,-0.006848042239267611
2026-06-09,0.005155530541916917,0.005891380150161218,-0.18190594519712197,0.0062272018216324495
2026-06-10,0.007859472067054419,-0.0028235825556288674,-0.1818263962780213,0.007346064830663203
2026-06-11,0.003398971532858638,0.012876343799739232,-0.18187411580601387,0.005740841939492134
2026-06-12,0.01211474923201518,-0.002445301500395125,-0.18171291708111367,0.01167039542931947
2026-06-15,0.0011295392411015,-0.0005831878176127958,-0.1817796841938325,0.0010235230150570133
2026-06-16,3.2442233023208516e-05,0.005467825902029766,-0.18178094826992147,0.0010263887247282538
2026-06-17,0.005868673838395024,0.0016229248914889638,-0.18177107886018767,0.006163673977399807
2026-06-18,0.0063067180563423815,0.0048536588767458255,-0.1817504941142886,0.007188871559214523
2026-06-19,0.0053547552047671,0.0,-0.18167494857887043,0.005354750080604079
2026-06-22,0.004780285840531896,-0.007637611319391446,-0.1816762152009643,0.003392713436935358
2026-06-23,0.0034925980369269532,0.00127730897254974,-0.1817322692034898,0.003724722492906663
2026-06-24,0.007331146731237646,0.01359596814684938,-0.18172290985316258,0.009801844990320524
2026-06-25,0.0014437759193907215,-0.0003435490899024174,-0.1814279732786051,0.0013814264990940563
2026-06-26,-0.0025302207768132415,0.0001147373233658655,-0.18142916646057708,-0.002509404160805156
2026-06-29,-0.0008840714045418837,0.0010295523541188345,-0.18142920030339216,-0.0006972805465591462
2026-06-30,0.0015789871921293441,-0.011848235586177758,-0.18143114327158716,-0.0005706518678111913
