date,G10_net,EM_net,ALL_net
2008-04-16,0.09388793617611252,-0.3084288666245584,0.049684087180505467
2008-04-17,0.09663147711320559,-0.3039001169662318,0.05311645494346647
2008-04-18,0.09895627934737077,-0.29914912868343374,0.059426855519840165
2008-04-21,0.09368937499849711,-0.3105386649918115,0.046066111148850765
2008-04-22,0.08950547593463867,-0.31452175466515475,0.04127933324857946
2008-04-23,0.10115930580312424,-0.3090470353982048,0.04507465058885137
2008-04-24,0.08084610847577649,-0.3020229025300025,0.044248811561825294
2008-04-25,0.0745742094650854,-0.2982519435670726,0.046012579735503496
2008-04-28,0.07455592210950242,-0.31057771248218574,0.03458104893569284
2008-04-29,0.06513291767295772,-0.3164753774245593,0.026969560365123657
2008-04-30,0.057126068767942,-0.3233437601274818,0.020390399556157613
2008-05-01,0.05795321854602773,-0.31884065808046347,0.031152648520114772
2008-05-02,0.06567100392144512,-0.33243791053746863,0.016036962960369685
2008-05-05,0.060649115755512975,-0.33055458238948127,0.0175514258945712
2008-05-06,0.0604259688107661,-0.32981082694057035,0.017660881587580633
2008-05-07,0.04784622172472749,-0.3452031766447746,-0.006412420377237269
2008-05-08,0.04839349042442077,-0.3463993849842869,-0.007680868483991674
2008-05-09,0.05711389369723828,-0.3389734200128742,0.003617992017269792
2008-05-12,0.05732119299642017,-0.33896199999270726,0.004980908005155776
2008-05-13,0.05581834554027364,-0.3288089574539125,0.012204955539247756
2008-05-14,0.05432317408881683,-0.32675983509856715,0.010706687884055549
2008-05-15,0.05422697401467146,-0.3267803030233041,0.010725010240346802
2008-05-16,0.04017980289422953,-0.32354879490006244,0.0052008849510332715
2008-05-19,0.03973969531300548,-0.32193951579188523,0.006799581451347174
2008-05-20,0.03847795866539216,-0.30425067452562926,0.019106542607789257
2008-05-21,0.04219247796859868,-0.2972001677182693,0.023156195087241566
2008-05-22,0.04185085690747818,-0.29907607935380387,0.02059027161745235
2008-05-23,0.041674461566096006,-0.2983384624597493,0.021820367591763392
2008-05-26,0.042034069988778594,-0.29562544735218205,0.025414839524422948
2008-05-27,0.025724327288593172,-0.28813563342800697,0.03582543496394664
2008-05-28,0.02655262254834342,-0.28212385999257833,0.03917343558577689
2008-05-29,0.018957732031962368,-0.2647130265743304,0.04574657148520138
2008-05-30,0.015504849854909016,-0.2666728201986682,0.04500496465837429
2008-06-02,0.015498341529270983,-0.2706664590237224,0.039628406523138295
2008-06-03,0.020673125426468344,-0.26731020941960365,0.043950409599414424
2008-06-04,0.024233476927064578,-0.2614003968835339,0.04649603676101546
2008-06-05,0.024448810207248543,-0.26306791549381775,0.05000991563921356
2008-06-06,0.026556338997969633,-0.255945680616697,0.058334605099290344
2008-06-09,0.019021988836152352,-0.2481700678132125,0.0688070034215262
2008-06-10,0.007847993758719692,-0.253210232367706,0.059077635436178375
2008-06-11,0.00978105183269833,-0.25690421777720457,0.05795122614131765
2008-06-12,0.006002591079137457,-0.24322100725052961,0.06672632991621426
2008-06-13,0.01053974963229594,-0.2430647390712777,0.06709060679213467
2008-06-16,0.005033909372004835,-0.24784813989429447,0.05662896963774605
2008-06-17,0.0048230123038527735,-0.24864728699111308,0.05608076497765556
2008-06-18,0.007937489705406134,-0.24472086888689376,0.06184619719089771
2008-06-19,0.009651669877722808,-0.2442588301988487,0.06199338202971875
2008-06-20,0.011497346541684382,-0.23717642004189785,0.06738769064701292
2008-06-23,0.014499389932528636,-0.24781289530050007,0.05843845170140991
2008-06-24,0.014521222492720377,-0.24550986566703317,0.059882969185046556
2008-06-25,0.012286030206927707,-0.249300239844301,0.057287501147865405
2008-06-26,-0.0038345988499270075,-0.21689026094673902,0.07714985157366566
2008-06-27,-0.0010802799884123521,-0.21542446143747646,0.07858653662430053
2008-06-30,0.0002048529997443491,-0.2158877816289018,0.07868826373647238
2008-07-01,0.001086384387706218,-0.21376010784103971,0.08034591861264284
2008-07-02,0.002883321414734142,-0.2189294371704814,0.07223115860717122
2008-07-03,0.015368932805434717,-0.21358222975541682,0.08077759191237484
2008-07-04,0.01674640083396721,-0.21365939933258957,0.08044152063686548
2008-07-07,0.01709899367956323,-0.21320162953143695,0.08029024240746478
2008-07-08,0.016248709202089814,-0.2208177612751607,0.07832178214479366
2008-07-09,0.016229104822364653,-0.2129642413906015,0.07890610477101259
2008-07-10,0.012793105987141435,-0.21533686441663047,0.07730417628152032
2008-07-11,0.0012742492426617233,-0.21644977188361506,0.07946912848646552
2008-07-14,-0.01418752295389272,-0.2256701919280703,0.06835056705298581
2008-07-15,0.02333074914035216,-0.23071788649082173,0.07010441623661758
2008-07-16,0.022889079052722434,-0.22745910374978923,0.07364148035911307
2008-07-17,0.02437326813572898,-0.21943585873079835,0.08105451375027896
2008-07-18,0.021528688744433394,-0.21981183458728484,0.08053676946461412
2008-07-21,0.02285888826559921,-0.21890319224274007,0.08137381303927683
2008-07-22,0.014762168615719213,-0.21864377490868286,0.08047685323194037
2008-07-23,0.005137883986505144,-0.2092237118624261,0.08913009496322397
2008-07-24,0.0029785901163179363,-0.21131640828032858,0.08542935089172675
2008-07-25,0.005458757352477572,-0.21104610188921297,0.08577351592793984
2008-07-28,0.021984299661779012,-0.19873621769384736,0.09516996943038204
2008-07-29,0.020110893409242325,-0.1813015522832411,0.10920935502817769
2008-07-30,0.019524160554003474,-0.17935675806776166,0.10503412410502759
2008-07-31,0.03154195432025611,-0.1670898581579532,0.11186083278919345
2008-08-01,0.03477309301194764,-0.152542040859711,0.12257118216839795
2008-08-04,0.03184713431550733,-0.15667519715808187,0.11864617981153346
2008-08-05,0.02159038971350531,-0.14494266605608,0.12241456015274811
2008-08-06,0.021591489757535456,-0.1469582240761428,0.12298557790208028
2008-08-07,0.020934735736594635,-0.15110241537404637,0.11874968499516687
2008-08-08,-0.018321224115169187,-0.14543886543362486,0.11359026899467457
2008-08-11,-0.019098694287088856,-0.1434838097249746,0.11470969618890794
2008-08-12,-0.017432116232504843,-0.1362727205423161,0.11755172157389557
2008-08-13,-0.01597272090609896,-0.13614801208416405,0.116987509765004
2008-08-14,-0.0136918026523041,-0.13407215672139577,0.11952667699417831
2008-08-15,-0.01019412017550971,-0.1350135659233112,0.12034053404799414
2008-08-18,-0.010015135653521245,-0.13474272841711957,0.12004662683377759
2008-08-19,-0.01166198832333911,-0.13634727109475855,0.11906448063805998
2008-08-20,-0.010792517016925303,-0.13524217026477375,0.12013031372788079
2008-08-21,-0.0015876462486454934,-0.13677793183908624,0.11891575394074924
2008-08-22,-0.016804482352164474,-0.13927133393943913,0.11982705917069231
2008-08-25,-0.016097431761815776,-0.13699483611280935,0.12163506737546145
2008-08-26,-0.03929954662771169,-0.1370953526250398,0.11506614759185115
2008-08-27,-0.04237508899927438,-0.13764971043130655,0.11496934608098826
2008-08-28,-0.039386688766813144,-0.137384925433742,0.11634029901381061
2008-08-29,-0.040558138551921114,-0.13532995298000605,0.11724320788883898
2008-09-01,-0.04865880368804065,-0.13222328435250089,0.11496406047875916
2008-09-02,-0.06421800131074878,-0.133528160331016,0.11231882684120903
2008-09-03,-0.06329937120044932,-0.13144417665193636,0.11402298645020262
2008-09-04,-0.07556148436159062,-0.1462765767314725,0.09781850949679188
2008-09-05,-0.0818760387665666,-0.15134902783149942,0.09279507636314183
2008-09-08,-0.07697694866892897,-0.1642711338439558,0.08553205720265727
2008-09-09,-0.062185588185891025,-0.15985805916587123,0.09237657964433443
2008-09-10,-0.06428689804382147,-0.16758297324145857,0.08632640100946205
2008-09-11,-0.06766189784765929,-0.17283558934510063,0.08032823511604938
2008-09-12,-0.1234419414358768,-0.1911084446277957,0.05159567320854032
2008-09-15,-0.11683449564243512,-0.18933353116990714,0.055069989277641625
2008-09-16,-0.11774820449541835,-0.2011137379848744,0.04732522370862643
2008-09-17,-0.08951364862429939,-0.1328947193797837,0.11234742507316231
2008-09-18,-0.09399442204468869,-0.1291159738333368,0.1150020097600271
2008-09-19,-0.12453469261658454,-0.14736032105028454,0.09171033206359208
2008-09-22,-0.08791796832883642,-0.12633169515581139,0.11773946251367848
2008-09-23,-0.09411968567445586,-0.13227154410021222,0.11258195450305176
2008-09-24,-0.09250729777135056,-0.13272278133471987,0.11166785023575075
2008-09-25,-0.09230201122386347,-0.1253973865245551,0.11786375289088839
2008-09-26,-0.09238104286832195,-0.12717324131546434,0.11696255885723587
2008-09-29,-0.13731033041101198,-0.16074654324378307,0.07951957374542928
2008-09-30,-0.056198463092232954,-0.10355098146360946,0.1434817817770876
2008-10-01,-0.05742419263357574,-0.10472945816415702,0.1425452347839479
2008-10-02,-0.06748332280762313,-0.12635653408740524,0.1200198823889232
2008-10-03,-0.0670210903227113,-0.12757405680776793,0.11903609311385638
2008-10-06,-0.13846491885584486,-0.17898799079095676,0.05685626711818662
2008-10-07,-0.12384442988148395,-0.16717152338811309,0.06521411595153251
2008-10-08,-0.1245349024136591,-0.16530653398679107,0.06747173588286724
2008-10-09,-0.11457082709492404,-0.15984255758655103,0.07167748986124473
2008-10-10,-0.15125424145634522,-0.16973271159417488,0.052410306044763884
2008-10-13,-0.20529169945730977,-0.18038527735725518,0.029368117278105375
2008-10-14,-0.20159545952263255,-0.18243280478729898,0.027446685008474372
2008-10-15,-0.22714981101073964,-0.21822463851395313,-0.011371599241478543
2008-10-16,-0.21515070407346285,-0.2067842984839077,-8.402008349560924e-05
2008-10-17,-0.21052867826364496,-0.2060656993930397,0.002445911282199842
2008-10-20,-0.19232935097273224,-0.20871128657022237,0.0025253426927680602
2008-10-21,-0.22322738087881003,-0.23129134394251763,-0.021660902871597346
2008-10-22,-0.2425690186393573,-0.27183682960458644,-0.07222162539952588
2008-10-23,-0.24191617967100526,-0.271178824427438,-0.0650238867368333
2008-10-24,-0.29850895166402586,-0.2801713116210424,-0.08383003939456149
2008-10-27,-0.30742036588765054,-0.26755182828505847,-0.07651635730875157
2008-10-28,-0.30676752511487926,-0.2680278619629977,-0.0778027479595075
2008-10-29,-0.3084120391770195,-0.26720826960033134,-0.0662011344614808
2008-10-30,-0.3164843479091746,-0.24686952258322045,-0.05190818944944056
2008-10-31,-0.3174745255747029,-0.2324028423785261,-0.0383718143046902
2008-11-03,-0.31148655865369657,-0.23140793593134584,-0.03539256185721686
2008-11-04,-0.3085747343440839,-0.2518089373762269,-0.05050136039051217
2008-11-05,-0.3074625832943245,-0.25137626370710003,-0.05095268308576077
2008-11-06,-0.30130021103939425,-0.2550915570528303,-0.04452268051737093
2008-11-07,-0.3045960935997329,-0.2574756715499678,-0.048781079804543256
2008-11-10,-0.30454558462996134,-0.2572257180691273,-0.04847122458524533
2008-11-11,-0.30384664764832275,-0.2590622796376637,-0.054234626104389526
2008-11-12,-0.307546691856491,-0.2655121728505725,-0.061403868606976345
2008-11-13,-0.3164461546849866,-0.26515156698982184,-0.06228739293144681
2008-11-14,-0.31101396079411425,-0.26496366689126866,-0.06308655556855054
2008-11-17,-0.3110648478866865,-0.2697339846676019,-0.06834401084168028
2008-11-18,-0.3153367781104072,-0.27131026742910175,-0.0725541391044847
2008-11-19,-0.315985133228768,-0.27040003076492536,-0.07263695733493401
2008-11-20,-0.32198193717166423,-0.2728510684055372,-0.07416083456717844
2008-11-21,-0.32689395127894166,-0.2823576196579259,-0.08113507340487756
2008-11-24,-0.32279066809645035,-0.29169019144878283,-0.08819158141886717
2008-11-25,-0.31336386008167416,-0.2898250312903492,-0.08809536751288577
2008-11-26,-0.3071786743288818,-0.28572233989499773,-0.08301989153210704
2008-11-27,-0.3065145337509623,-0.28547465127490784,-0.08238418089307749
2008-11-28,-0.3004432908442275,-0.28268947260453325,-0.08002655287291963
2008-12-01,-0.3026046186667699,-0.2810839015634853,-0.07999174720375546
2008-12-02,-0.30394972780889395,-0.2850534555214606,-0.08119906387226253
2008-12-03,-0.30344842795787275,-0.2847945249349727,-0.08099239331770904
2008-12-04,-0.30156750585886166,-0.2859940130312777,-0.08268657708566303
2008-12-05,-0.2983915464016732,-0.2825520973959561,-0.07937705044416692
2008-12-08,-0.2999086625260073,-0.26876859513028345,-0.07172632896824783
2008-12-09,-0.2995321604144144,-0.2666463493944177,-0.06950806875421335
2008-12-10,-0.29910672227432233,-0.2657626636914013,-0.06877094320953278
2008-12-11,-0.29444443088146455,-0.255498998894395,-0.06475877783916177
2008-12-12,-0.2948284314145804,-0.2539386831603546,-0.06393276942696895
2008-12-15,-0.29055740153269566,-0.24837937300834853,-0.06192656855128491
2008-12-16,-0.28672319987203926,-0.24684715788628045,-0.056834452343279475
2008-12-17,-0.2793953946643251,-0.2280414976481006,-0.04002073858691218
2008-12-18,-0.28018807183731986,-0.22852842813531302,-0.0376858563015014
2008-12-19,-0.2759657767034817,-0.21398546069086474,-0.029501412331740834
2008-12-22,-0.2764084685052706,-0.21353158042998024,-0.02860281108349656
2008-12-23,-0.27683364017421225,-0.21382631855171083,-0.02865427305786273
2008-12-24,-0.27925809823148473,-0.2152786743545719,-0.029834729602753733
2008-12-26,-0.2789002785002261,-0.21487223443635822,-0.029812917519005944
2008-12-29,-0.28054477767334896,-0.214393465996352,-0.02983340377629052
2008-12-30,-0.2801740358972643,-0.2125783208618672,-0.029425453272946663
2008-12-31,-0.27782566940979486,-0.21308945040608215,-0.029810175240927828
2009-01-02,-0.2741921086941764,-0.21189402995077034,-0.02934599729532393
2009-01-05,-0.2668098730004357,-0.20443425744278684,-0.02215547345489057
2009-01-06,-0.27132434887042883,-0.20211973280887854,-0.020830801480422777
2009-01-07,-0.2683282420855276,-0.1980764373677773,-0.01742391398809035
2009-01-08,-0.26427999717774314,-0.1945509311774393,-0.012566079808180626
2009-01-09,-0.2565464426051226,-0.1874371298024056,-0.005450150880982504
2009-01-12,-0.25613398545059174,-0.1874257987050962,-0.006412537999027172
2009-01-13,-0.25752850897456175,-0.18479474599038873,-0.002598547522227747
2009-01-14,-0.25485115052735585,-0.17719076484676438,0.003442689907695745
2009-01-15,-0.255698991123946,-0.17605710189916698,0.003577339900560803
2009-01-16,-0.25652500031646763,-0.17753817462232055,0.002910977543567489
2009-01-19,-0.255631084355893,-0.1776890948270887,0.0036410213709339896
2009-01-20,-0.2587763530387851,-0.1775476334234443,0.0013552538247883232
2009-01-21,-0.2609961855888082,-0.17954906412520605,-1.5281860897783084e-06
2009-01-22,-0.26135792593307494,-0.1795490565118374,-0.0012839989312548846
2009-01-23,-0.26096789782067653,-0.17960600937115498,-0.001549634968392082
2009-01-26,-0.258693940877984,-0.16928046109643705,0.003917115792131603
2009-01-27,-0.2590166223612095,-0.16869090824844762,0.0037765052271606014
2009-01-28,-0.26266435751239886,-0.16373662264483405,0.006733728264122159
2009-01-29,-0.26449819556253035,-0.16679952475070972,0.006014085015488593
2009-01-30,-0.2629062814535006,-0.16778544649481092,0.0054940567891383196
2009-02-02,-0.26203737915593905,-0.16517557477987876,0.007446567030841044
2009-02-03,-0.26614062944354755,-0.16218301263953452,0.012596496262108771
2009-02-04,-0.2647923988617147,-0.16168763946675926,0.01360520276815712
2009-02-05,-0.2606952963136273,-0.16102523242359137,0.016171979731960877
2009-02-06,-0.26745519947379554,-0.16217773943369954,0.013229471869517511
2009-02-09,-0.26846103186872095,-0.1608145922295057,0.013514661920370024
2009-02-10,-0.27543017832957595,-0.1637592798208852,0.007563682851666472
2009-02-11,-0.27714007706777566,-0.15803753861060119,0.010544665638656027
2009-02-12,-0.27625260481114555,-0.1565845296456582,0.011656927810173493
2009-02-13,-0.27734411584004903,-0.15714180964071053,0.010060102047348727
2009-02-16,-0.2810674694748857,-0.1344372746947054,0.017146545471832517
2009-02-17,-0.28316623257364965,-0.1341756395611792,0.01558814507327394
2009-02-18,-0.2835568941909762,-0.13549055757258566,0.015114299414852244
2009-02-19,-0.286718079939916,-0.1363163314248333,0.014098253856574422
2009-02-20,-0.28283600102823253,-0.1333551980214738,0.019379047808547305
2009-02-23,-0.28108274360292756,-0.13337794413567056,0.022352749675912963
2009-02-24,-0.2823603155580499,-0.1341316336934957,0.02134936357815424
2009-02-25,-0.28702081572768307,-0.13793744282846107,0.01613615685137529
2009-02-26,-0.2868892044547127,-0.1387138893329057,0.015424514508985925
2009-02-27,-0.2880775952418907,-0.13886475869292936,0.014737220858081195
2009-03-02,-0.2945110216136984,-0.14389737003436617,0.007936193052883263
2009-03-03,-0.30258128262513345,-0.1414977732434593,0.007568707817615618
2009-03-04,-0.30499812403637877,-0.14624931320541737,0.0020035251820396077
2009-03-05,-0.3140819012066445,-0.14732415088839987,-0.0032934956156137197
2009-03-06,-0.3195117982248917,-0.14602152066467836,-0.006607789860123205
2009-03-09,-0.3212923821102167,-0.14784318957067816,-0.007400665770861359
2009-03-10,-0.32061146586840267,-0.14701804867931173,-0.005035830057503818
2009-03-11,-0.32104263806604777,-0.14335830248300707,-0.0016568030512122396
2009-03-12,-0.3226929208411283,-0.14533340020305602,-0.004659428449154388
2009-03-13,-0.3254105460109464,-0.1463906584689689,-0.005423023523978142
2009-03-16,-0.3221082588195653,-0.1513226161486498,-0.010352498199840167
2009-03-17,-0.32528109637393515,-0.15157185333859996,-0.014628267166757419
2009-03-18,-0.31074902618366285,-0.1450344147846721,-0.0008837877247382777
2009-03-19,-0.3099845391370994,-0.1396832890797534,0.008426979380747416
2009-03-20,-0.30574676522100364,-0.1367431996236189,0.0122879728183436
2009-03-23,-0.3135271506314406,-0.14017849369715535,0.008380389137251726
2009-03-24,-0.3123697638245757,-0.13644486560644215,0.01200862736256583
2009-03-25,-0.3122963889442117,-0.13634179572208835,0.012290219288418463
2009-03-26,-0.30909746353921164,-0.13534415908101682,0.013449666824402368
2009-03-27,-0.31090081658095725,-0.13507514471249604,0.012509505230354778
2009-03-30,-0.31325200175735707,-0.13438383739233803,0.01222068335757224
2009-03-31,-0.3160907067058374,-0.135969147875326,0.009725478695684003
2009-04-01,-0.3168532165538389,-0.13488870106811862,0.01061413377579075
2009-04-02,-0.32291501718677007,-0.138976824135127,0.0028352530114572356
2009-04-03,-0.3235104449019326,-0.14004434073148403,0.0018359109125515246
2009-04-06,-0.32246728904987193,-0.1410151398554675,0.0017897790434748004
2009-04-07,-0.3246978492391857,-0.1387064678390035,0.002946535676688799
2009-04-08,-0.32592443086239264,-0.13891973590988638,0.0024248419791854992
2009-04-09,-0.3245607230421728,-0.13960279077990623,0.0018777877069998498
2009-04-13,-0.3232008144069631,-0.13909444372482554,0.00420118554291666
2009-04-14,-0.32228724903608114,-0.13675140296362634,0.006224083200163344
2009-04-15,-0.32568499698434417,-0.13605201507521641,0.005837572881823124
2009-04-16,-0.32518469856961046,-0.1365095623372832,0.005459009517333865
2009-04-17,-0.3217298355459549,-0.13745139656366165,0.004530802699844724
2009-04-20,-0.3250319270092747,-0.14038439771887218,0.0013834171926975294
2009-04-21,-0.32432617397480595,-0.1397746466107391,0.0019003471237438623
2009-04-22,-0.32069236952699115,-0.13865659062790925,0.0031058427971568377
2009-04-23,-0.32426722438252803,-0.13584182445339743,0.0021050941555239336
2009-04-24,-0.32501459702628444,-0.1418021489006272,-0.0032472713081038813
2009-04-27,-0.3251497799119588,-0.14552339364249475,-0.007284039401907958
2009-04-28,-0.3228263199012459,-0.1507093872140995,-0.010444340718894758
2009-04-29,-0.3262747418687605,-0.14794998099747536,-0.009185610476070818
2009-04-30,-0.3264353168209956,-0.148233259691676,-0.00962345434354467
2009-05-01,-0.32989741570341136,-0.1503671309779935,-0.013347612524489592
2009-05-04,-0.3293588881372746,-0.15572590329935326,-0.01822196846630462
2009-05-05,-0.32928434557620845,-0.15821198267581624,-0.020096327699392482
2009-05-06,-0.32922054694128217,-0.16046176074408383,-0.02090410120532522
2009-05-07,-0.3285215333733515,-0.16031274753425961,-0.020538031344097325
2009-05-08,-0.32356421637213356,-0.16644324723764695,-0.021416529821919657
2009-05-11,-0.32380125737071236,-0.1671600217529598,-0.022096780793037743
2009-05-12,-0.32549380516889787,-0.17284178200193615,-0.026183533603812
2009-05-13,-0.3284001652107792,-0.17708604985694099,-0.0296664846666405
2009-05-14,-0.3291112212944536,-0.17689131192643978,-0.029728405915118383
2009-05-15,-0.3299201591610737,-0.18078532538144076,-0.03277692991264461
2009-05-18,-0.3322988952486251,-0.18352591276557362,-0.03451167515948298
2009-05-19,-0.33448515827213116,-0.18774498035019238,-0.038505783643806565
2009-05-20,-0.32889005712895003,-0.18431741831973592,-0.03633466213618672
2009-05-21,-0.32862888592774725,-0.1866784801808166,-0.037933299386214384
2009-05-22,-0.32856913833990203,-0.18289846770346638,-0.03590476720259344
2009-05-25,-0.3285112227182649,-0.18263591984714186,-0.035733834888423445
2009-05-26,-0.3292722907304925,-0.18275029400711126,-0.03603889129175692
2009-05-27,-0.33028513593866843,-0.18436977214681527,-0.03641380990651115
2009-05-28,-0.330012091198785,-0.18263078347270925,-0.03722806396336618
2009-05-29,-0.3321883232944262,-0.1871460221295674,-0.03964105500953951
2009-06-01,-0.3340480730015635,-0.1899692935673259,-0.042996923860669806
2009-06-02,-0.3323814930856883,-0.1906951739743165,-0.04204726020903826
2009-06-03,-0.33743192419126505,-0.19364036533003834,-0.043540401793476215
2009-06-04,-0.33821925236429706,-0.19812221369042674,-0.04716279858471688
2009-06-05,-0.33177261506536754,-0.19477819485488024,-0.03931662504662314
2009-06-08,-0.33166808732199776,-0.19377246783550092,-0.03716258138751973
2009-06-09,-0.330364591273123,-0.19518902762708878,-0.03740791269662393
2009-06-10,-0.3285516750141826,-0.19501747686401633,-0.036830262694656286
2009-06-11,-0.3315855901532781,-0.19747881271585405,-0.03913818606008833
2009-06-12,-0.3286550657051937,-0.1987455905667466,-0.03861623506042031
2009-06-15,-0.33318881830798813,-0.20026244508915075,-0.04036903830962239
2009-06-16,-0.33189218824585454,-0.198428733673138,-0.03731639029269128
2009-06-17,-0.33054514113757205,-0.1954600057877346,-0.0335509445882684
2009-06-18,-0.3313321583243964,-0.2074942970565557,-0.043984124004351886
2009-06-19,-0.3320120069773673,-0.20843937083209396,-0.045022861676567535
2009-06-22,-0.3350571088268625,-0.21213898608053186,-0.04844850687375261
2009-06-23,-0.33449752396920923,-0.21532796884011315,-0.05110339893038205
2009-06-24,-0.32932680897472427,-0.20895380299394514,-0.042213740476138045
2009-06-25,-0.33509708874509575,-0.211698616396483,-0.046320561238086706
2009-06-26,-0.3335692017934462,-0.2128638602625245,-0.04662061705359887
2009-06-29,-0.33426893966789006,-0.2131442793686689,-0.04679223132858169
2009-06-30,-0.3342634976188849,-0.2106506427011487,-0.045402776015683675
2009-07-01,-0.3347345520530806,-0.21415922778618834,-0.04708063934985287
2009-07-02,-0.3360053439480495,-0.2152030133650979,-0.04804088653949924
2009-07-03,-0.33605914404711545,-0.215623344695634,-0.04963584666410421
2009-07-06,-0.33562939856338764,-0.2153310269035974,-0.04923578961499224
2009-07-07,-0.33612808323545146,-0.21647312763299006,-0.05048389290937592
2009-07-08,-0.33677406049742725,-0.2173458951543706,-0.05194449297337743
2009-07-09,-0.3370483869444401,-0.2231983963186042,-0.059033843197993624
2009-07-10,-0.33695530752322056,-0.22339344026699343,-0.059467997249345796
2009-07-13,-0.337448534274903,-0.22383602969017483,-0.06000077740742193
2009-07-14,-0.3402204413317859,-0.2260094088659752,-0.06283324702742524
2009-07-15,-0.3393217508377178,-0.23000607266634318,-0.06695314506617642
2009-07-16,-0.3389588376490295,-0.22965432832607907,-0.06672845688350532
2009-07-17,-0.3386505322781047,-0.22997518909958647,-0.06696878895050211
2009-07-20,-0.34056249211160095,-0.2324186018572543,-0.06984659726717346
2009-07-21,-0.34199916441174255,-0.2375386635024115,-0.0747214338028536
2009-07-22,-0.3416114412542241,-0.2380349436506191,-0.07534765263561077
2009-07-23,-0.3414555384636574,-0.23784271235982504,-0.07492207034041888
2009-07-24,-0.3400025822308435,-0.23947308949757268,-0.07624915898820661
2009-07-27,-0.3405834256350339,-0.23952084089980763,-0.07661105795804819
2009-07-28,-0.33783714383625596,-0.24049812718553726,-0.07772510345522328
2009-07-29,-0.3363741675732374,-0.24050274873985214,-0.07818937422140745
2009-07-30,-0.33663922979320793,-0.2406894763132364,-0.07874294358941247
2009-07-31,-0.32968209156396977,-0.24529226565099618,-0.07976303731178543
2009-08-03,-0.3299969421815232,-0.24856182907886962,-0.08311338347056657
2009-08-04,-0.32944918974974136,-0.24852381201067233,-0.08274792914059735
2009-08-05,-0.3296382549802919,-0.24797922673068754,-0.08237891861736352
2009-08-06,-0.32971699422354983,-0.25183169921296866,-0.08569304428563139
2009-08-07,-0.3229556232188616,-0.24467905190043512,-0.07627143688132236
2009-08-10,-0.32224514643085533,-0.24620991849578536,-0.07787893713440852
2009-08-11,-0.3212431241292196,-0.24551647620293268,-0.07723772857121498
2009-08-12,-0.32306413387527,-0.24598338871383588,-0.07694683840020038
2009-08-13,-0.32790319936320494,-0.2471613008328141,-0.07814473369393952
2009-08-14,-0.32655072669462865,-0.24984138887601284,-0.08195526089745146
2009-08-17,-0.32869484151059236,-0.250711962668139,-0.08321703972265836
2009-08-18,-0.3264962581909749,-0.2549863820102009,-0.08654689301063849
2009-08-19,-0.32372798377293494,-0.2533182210224466,-0.08308020837121304
2009-08-20,-0.3243374839042971,-0.25338028610019564,-0.08324535815741306
2009-08-21,-0.3241625342683295,-0.2553176203622525,-0.08399373346519125
2009-08-24,-0.3211699061946472,-0.2571025998123187,-0.08398189733182801
2009-08-25,-0.3166882596753996,-0.257488955520567,-0.08397669363304765
2009-08-26,-0.31604163814876873,-0.25869170870230107,-0.08448867427012872
2009-08-27,-0.30824096760233255,-0.24989361651751818,-0.0754074569037582
2009-08-28,-0.30627502623713937,-0.2486989792987009,-0.0743800061100196
2009-08-31,-0.3110005276723468,-0.2446384365292251,-0.07247248493062768
2009-09-01,-0.31865468722204776,-0.2505659238980605,-0.07687730250642869
2009-09-02,-0.3172280673034299,-0.2497392755287631,-0.07565821025805003
2009-09-03,-0.3158544700692367,-0.24785184166712615,-0.07355276173736282
2009-09-04,-0.3027795792455004,-0.2443488536997953,-0.06711022799776459
2009-09-07,-0.30465209181724257,-0.24521268372540603,-0.06848447507771746
2009-09-08,-0.30168566543476216,-0.2475480589846551,-0.06963048507189835
2009-09-09,-0.3141452455177457,-0.2713829379962005,-0.0933951767573164
2009-09-10,-0.31238250616386554,-0.2714799373234941,-0.09319746611487571
2009-09-11,-0.30208518004608365,-0.264500972592844,-0.08475792409720051
2009-09-14,-0.3205326929702645,-0.27506220234907847,-0.09874991609400435
2009-09-15,-0.31792400441726704,-0.27300515010539195,-0.09699704184969771
2009-09-16,-0.3207357642939484,-0.2733794885132901,-0.09794631779769682
2009-09-17,-0.32064018776770753,-0.27588223241624094,-0.10035746203261536
2009-09-18,-0.3210612427646244,-0.27650741169835086,-0.1010424958274068
2009-09-21,-0.3037216030669897,-0.26428416118482473,-0.0870302682361089
2009-09-22,-0.3448654327822226,-0.2942222036537824,-0.12070977154515725
2009-09-23,-0.34499926478960713,-0.2938718172143981,-0.12056730314764703
2009-09-24,-0.3399055902207235,-0.28198534811715825,-0.10820405312290358
2009-09-25,-0.33972995963655644,-0.28178214399867973,-0.10797050951723927
2009-09-28,-0.3101790624119685,-0.2594274209210188,-0.08219897008202638
2009-09-29,-0.31856660344919224,-0.2655444792697051,-0.08685063235796658
2009-09-30,-0.3220849748015509,-0.2647840182806216,-0.08790941859380454
2009-10-01,-0.3274179711644742,-0.2691507381274433,-0.09123814118603742
2009-10-02,-0.3128228501179576,-0.2676086788345709,-0.0862382643728952
2009-10-05,-0.2918042429340424,-0.2661454487946323,-0.07956099698408636
2009-10-06,-0.2940059586784444,-0.26617402119096617,-0.07831831759434317
2009-10-07,-0.2775396232018229,-0.24635240966724442,-0.05596257905304152
2009-10-08,-0.2870793267881726,-0.25305127863936594,-0.06264673506358526
2009-10-09,-0.284678825991796,-0.25379134945984166,-0.061115818452058025
2009-10-12,-0.2934320070379331,-0.25226044098622624,-0.059850540834277065
2009-10-13,-0.27420252357928154,-0.24014871559252246,-0.04509738088274463
2009-10-14,-0.26149970393277455,-0.2187407462270286,-0.015971435660900615
2009-10-15,-0.2620194257029996,-0.21934990672366342,-0.016460579404382086
2009-10-16,-0.23068322825140858,-0.21705047196799657,-0.011310495795274015
2009-10-19,-0.22390303398832598,-0.2256479187230683,-0.015860735196976776
2009-10-20,-0.22923541340974388,-0.22825522289769531,-0.019967767063872533
2009-10-21,-0.2224925137366486,-0.2231696904505592,-0.014867015322091923
2009-10-22,-0.2180684091013557,-0.23405472393770407,-0.022679786998120448
2009-10-23,-0.2152285981671248,-0.2422424985937856,-0.029121863059690042
2009-10-26,-0.21784799994435922,-0.2469671664130465,-0.03173747478805931
2009-10-27,-0.2182636292780681,-0.23654345956976844,-0.02238058081292187
2009-10-28,-0.22685779819807508,-0.2421919924235944,-0.028345277873244076
2009-10-29,-0.23470605127977132,-0.24632662270441982,-0.03279104427818608
2009-10-30,-0.2414723183992465,-0.2501220622910837,-0.036919543034551215
2009-11-02,-0.2414912968768747,-0.25025350197928375,-0.03712311780575171
2009-11-03,-0.23949463764413484,-0.24857175295187078,-0.031084331808002005
2009-11-04,-0.2391055966611502,-0.24858629340253358,-0.03201938107402539
2009-11-05,-0.23611341033817693,-0.24753600004238493,-0.031141674412616824
2009-11-06,-0.23899453341765495,-0.2464749838607489,-0.02889763386278613
2009-11-09,-0.2427225480466682,-0.2452360943456935,-0.025597788646837726
2009-11-10,-0.243799675604713,-0.2451276854603797,-0.025242806271592207
2009-11-11,-0.24431317138495007,-0.2453602345340947,-0.025212122714072725
2009-11-12,-0.24036425719783597,-0.24746421876895017,-0.02497657341849383
2009-11-13,-0.24253936832602765,-0.2490115711894658,-0.025675049981445843
2009-11-16,-0.243702700898762,-0.23921218356134266,-0.01626363341009877
2009-11-17,-0.2507714114144355,-0.241316814962018,-0.015428666005034217
2009-11-18,-0.2535245975486644,-0.24280576081536318,-0.017890821999708394
2009-11-19,-0.25504314450162535,-0.2436349668879461,-0.01874818554798742
2009-11-20,-0.25833746379140216,-0.2445002077097087,-0.018109731032818127
2009-11-23,-0.25840132078962585,-0.24111566491261563,-0.013379286969565682
2009-11-24,-0.2586608789810113,-0.24103502853402345,-0.013344840328819156
2009-11-25,-0.25644868294582057,-0.2430354610616864,-0.012598029157574008
2009-11-26,-0.26639706044749767,-0.24682495581390823,-0.016805900766166393
2009-11-27,-0.2694115075269858,-0.24879365498975262,-0.018767795271879956
2009-11-30,-0.2697784781103721,-0.2590319871786388,-0.024164934018340186
2009-12-01,-0.2717908951533719,-0.2657152868111447,-0.031911939410782804
2009-12-02,-0.2712451660668495,-0.2648511766555716,-0.029664215481606155
2009-12-03,-0.2766717087581953,-0.27456792439906064,-0.033055735919981545
2009-12-04,-0.2590243820109321,-0.27269531222247917,-0.01697785511071333
2009-12-07,-0.2654724322153087,-0.27920194183262753,-0.019464711414858102
2009-12-08,-0.2778456195030539,-0.2919105337511074,-0.034237729178263454
2009-12-09,-0.290053445645545,-0.3122639835217821,-0.04952908065809146
2009-12-10,-0.2879957010273529,-0.3119192052181663,-0.051980032855660246
2009-12-11,-0.2936856206562383,-0.332667097351778,-0.0601709069998716
2009-12-14,-0.2936758269835139,-0.3345319253011791,-0.0618071586056997
2009-12-15,-0.2913484794034471,-0.3376362503392388,-0.06054633550115087
2009-12-16,-0.2913246023978959,-0.3375605492660957,-0.0605892654022746
2009-12-17,-0.2971303437618159,-0.3430715024945489,-0.06441219501261553
2009-12-18,-0.29725901167774293,-0.3439957082818727,-0.06500262397171509
2009-12-21,-0.29838841143960604,-0.3448275084448345,-0.06549868835824062
2009-12-22,-0.300550020338028,-0.34358995900479755,-0.0630747489783908
2009-12-23,-0.3042726095531817,-0.34855868730562295,-0.06470850020730032
2009-12-24,-0.3135233757056684,-0.35930902552408883,-0.07402835376400305
2009-12-28,-0.314370970079532,-0.36022735527325106,-0.07440762189533916
2009-12-29,-0.3167698408534154,-0.3646084458990184,-0.07752957427555836
2009-12-30,-0.322311567733916,-0.3689649288226701,-0.08341802433869658
2009-12-31,-0.3292986837833845,-0.37613632316770695,-0.08965258589216966
2010-01-04,-0.32821839142343284,-0.37246340415650014,-0.08522974639902424
2010-01-05,-0.3258675241905397,-0.3797835367104496,-0.09141480520782043
2010-01-06,-0.3258223902056985,-0.3788203162504546,-0.09091690846879272
2010-01-07,-0.3240040895577428,-0.38127161612628474,-0.09146479479073964
2010-01-08,-0.32130327840023537,-0.38513875601517233,-0.09444378342499578
2010-01-11,-0.3206784920643834,-0.38505150416412415,-0.09428133222141151
2010-01-12,-0.3186920661488382,-0.3927730926465191,-0.0943223426508171
2010-01-13,-0.31754457894999344,-0.39119153453617944,-0.09366314662553875
2010-01-14,-0.31908429865118365,-0.39197721525567747,-0.09407359607589333
2010-01-15,-0.3214104268515161,-0.3942198732099612,-0.09775344439818727
2010-01-18,-0.3246163975449793,-0.3950014215345312,-0.0995402446750363
2010-01-19,-0.3234332489540564,-0.3960343110648795,-0.09893529789002613
2010-01-20,-0.3274199990688939,-0.40748767860492263,-0.11006409634078954
2010-01-21,-0.3251086548533302,-0.40797984511023916,-0.11007848227471209
2010-01-22,-0.3259082564378083,-0.40761446652311645,-0.10943274923262611
2010-01-25,-0.32550429701269457,-0.40737268481314615,-0.10934220301529782
2010-01-26,-0.32384879477875766,-0.41583037584341026,-0.11934025609228646
2010-01-27,-0.32359230894918833,-0.4177782656113594,-0.12101679408267094
2010-01-28,-0.3295914693573334,-0.418187590425736,-0.1233016429397569
2010-01-29,-0.323311900281586,-0.4217606603105438,-0.1224563414659831
2010-02-01,-0.3225117674062054,-0.42764742374977505,-0.12655419593041944
2010-02-02,-0.3105259828986412,-0.42494894911445097,-0.11775699019345204
2010-02-03,-0.311365008600804,-0.42517062279662715,-0.11340954183976067
2010-02-04,-0.3241069828154696,-0.43782217055367867,-0.12484734977259758
2010-02-05,-0.3186093750072633,-0.4392712686859395,-0.13045291320590804
2010-02-08,-0.3157313570200521,-0.4460076457247529,-0.13170563517723283
2010-02-09,-0.31861472995441226,-0.4460293432813139,-0.13022644158225913
2010-02-10,-0.3216724153347409,-0.4494531169551358,-0.1350484589092687
2010-02-11,-0.3196871497253796,-0.4512859576972177,-0.13586287624246549
2010-02-12,-0.32544725197543417,-0.4605266121809417,-0.1468920543496271
2010-02-15,-0.3285070751346352,-0.46391532141779124,-0.15377832490333215
2010-02-16,-0.3313842950544977,-0.463849348896849,-0.15223446494701467
2010-02-17,-0.3276410461092336,-0.4720748611997042,-0.14833242490948176
2010-02-18,-0.3283099792864881,-0.47148656447874926,-0.14769119587222648
2010-02-19,-0.3270727318177297,-0.46856042829583316,-0.1489692479187328
2010-02-22,-0.323592336683428,-0.4659506636667491,-0.1420484511195043
2010-02-23,-0.3277202382684,-0.4699166736021028,-0.14435312969650968
2010-02-24,-0.3245970756322287,-0.46925119239852686,-0.14371002033499125
2010-02-25,-0.3204138195759463,-0.46698527471812107,-0.13881438039296934
2010-02-26,-0.32110656808862403,-0.4691586390200165,-0.13601338202237417
2010-03-01,-0.31524258031674995,-0.46246842587682035,-0.1305855771495031
2010-03-02,-0.31424614176085436,-0.46145927174851087,-0.12942296626011177
2010-03-03,-0.30918770841259,-0.47158956769312094,-0.13318325632938166
2010-03-04,-0.3081909264054189,-0.47033300498739894,-0.12855101689511034
2010-03-05,-0.3093089369697406,-0.47099569142780784,-0.13027470710019845
2010-03-08,-0.3094076338050878,-0.47582536197429115,-0.13131178567175847
2010-03-09,-0.30852215008632144,-0.47573141041079875,-0.1308319998001038
2010-03-10,-0.33563369408172217,-0.5154261963425735,-0.1664296048137857
2010-03-11,-0.3397216472653025,-0.5387320793804979,-0.19033930689533718
2010-03-12,-0.3427493505960123,-0.5485920212388021,-0.1969324044369404
2010-03-15,-0.3361507933261906,-0.544332627068452,-0.19201618171938709
2010-03-16,-0.33568065418262016,-0.5488983474719531,-0.19405126697080255
2010-03-17,-0.33650876303004357,-0.5493322455261063,-0.19489111156671865
2010-03-18,-0.33927996333407257,-0.5539951040595071,-0.19991881846878612
2010-03-19,-0.3396177428139532,-0.5617635936558489,-0.20081907825414025
2010-03-22,-0.3333528153140294,-0.56734866093069,-0.20185849613914592
2010-03-23,-0.3310681209451403,-0.5641883942350769,-0.1977073571108242
2010-03-24,-0.3205710150501387,-0.5668496235595446,-0.18537827781290062
2010-03-25,-0.31456701496862044,-0.5680916694294423,-0.1773753222432693
2010-03-26,-0.31054980337201826,-0.5682076713206015,-0.1768008995073076
2010-03-29,-0.3182580952958796,-0.5678375894383364,-0.17807593648268377
2010-03-30,-0.31159319459801027,-0.5740340910319901,-0.1756274888638233
2010-03-31,-0.30930471514177377,-0.5782090016728135,-0.1776441399607377
2010-04-01,-0.31293976031830484,-0.583246637653802,-0.18191617603019467
2010-04-02,-0.31231851511337566,-0.5860896569877242,-0.17934668221192557
2010-04-05,-0.3118751347246417,-0.5859577747810563,-0.1795103507976611
2010-04-06,-0.30923945902748706,-0.5895187272391716,-0.1783269359008259
2010-04-07,-0.3083488345012355,-0.5914418642710193,-0.1799748498563825
2010-04-08,-0.31283502621086584,-0.5955110944379054,-0.1809238152608735
2010-04-09,-0.30352436174246417,-0.593451350984012,-0.17305122800389006
2010-04-12,-0.29545775394810453,-0.5947796578561647,-0.17104624982776823
2010-04-13,-0.29843022091652244,-0.5932970790659211,-0.1697379833438254
2010-04-14,-0.2987464676236149,-0.6008608367008638,-0.17681867638933546
2010-04-15,-0.3002027309472142,-0.5954104127582607,-0.16844930219859441
2010-04-16,-0.3001575926941132,-0.5988302747184442,-0.16568747515955634
2010-04-19,-0.30473134667899965,-0.5929315606738423,-0.16247462531423917
2010-04-20,-0.29574403498112545,-0.5971424236056168,-0.15863073849851994
2010-04-21,-0.29582236309418064,-0.5952132691571788,-0.15766774241634024
2010-04-22,-0.29039405312253924,-0.5968904929628764,-0.15588414128387387
2010-04-23,-0.2911855343580088,-0.5876549869813473,-0.14577896738990584
2010-04-26,-0.29078693633531105,-0.5845070490455898,-0.14335919902852348
2010-04-27,-0.2970180415624575,-0.5990935159843263,-0.15084931333439144
2010-04-28,-0.2943409876050593,-0.5949696692549167,-0.14822113354980715
2010-04-29,-0.3010013948421768,-0.6016508928853647,-0.15216564658594056
2010-04-30,-0.2989817150350473,-0.5990647312083649,-0.1478524372298242
2010-05-03,-0.2926026004884723,-0.6003909541409478,-0.1459185399582221
2010-05-04,-0.29790797616791237,-0.6043680828725588,-0.12923009455231327
2010-05-05,-0.28725112745665526,-0.6087171398080701,-0.12464758081936063
2010-05-06,-0.3251852061081576,-0.628035213355481,-0.15284473653504435
2010-05-07,-0.32064717210013777,-0.6265806662809312,-0.14796016995916447
2010-05-10,-0.3316090967969828,-0.6345321280954564,-0.15885855920079675
2010-05-11,-0.3507279636056671,-0.6589405404104259,-0.17279706801523306
2010-05-12,-0.3516588600045395,-0.658135884587495,-0.16978800664245505
2010-05-13,-0.349776371444181,-0.6678005688248214,-0.17109790885748077
2010-05-14,-0.34976840885232485,-0.6681571811994969,-0.1553043387582037
2010-05-17,-0.3511750389561782,-0.6691344587929648,-0.15738993321067607
2010-05-18,-0.35511051023903906,-0.6654206484247176,-0.1372856736255857
2010-05-19,-0.31802240763342554,-0.6435226372710758,-0.10035492999305212
2010-05-20,-0.2656449253209088,-0.6087768455555982,-0.07153388047047676
2010-05-21,-0.2671131881831789,-0.6107620101853443,-0.06841658146483516
2010-05-24,-0.2754349017662744,-0.6108858257722011,-0.05275896623775127
2010-05-25,-0.2628965336034626,-0.6119464945475055,-0.05531807584342174
2010-05-26,-0.26515585213737103,-0.6067119824263731,-0.0459779300718724
2010-05-27,-0.32864550924827896,-0.6389618066209896,-0.06903735779535865
2010-05-28,-0.329918513320867,-0.6366794054148462,-0.063943297836846
2010-05-31,-0.3354706649922187,-0.6445375530564003,-0.06454253844937219
2010-06-01,-0.3389732904624286,-0.6475710664265192,-0.0663729432713717
2010-06-02,-0.3314421459430024,-0.6491139862283233,-0.06070197013630639
2010-06-03,-0.3371082948835886,-0.6526978680732551,-0.0617402670649447
2010-06-04,-0.3456683187255557,-0.642044318887898,-0.04206550397398352
2010-06-07,-0.3527961248871587,-0.6506986944322297,-0.05303896179961308
2010-06-08,-0.3567110415640051,-0.6584721815720874,-0.06142583026371826
2010-06-09,-0.3586256351125317,-0.6483302193311726,-0.051438916485326336
2010-06-10,-0.3741691524853574,-0.6437046099314155,-0.04565915256072857
2010-06-11,-0.36266306970166684,-0.6333283154135285,-0.030977393991130395
2010-06-14,-0.36153564277815897,-0.6206664706736762,-0.017125799246960137
2010-06-15,-0.3758618498124369,-0.6372364515503887,-0.028676811127301787
2010-06-16,-0.37553024521284323,-0.6345286080060396,-0.025726349088784777
2010-06-17,-0.37708159605911046,-0.6341835185224909,-0.018402255223202345
2010-06-18,-0.3764050265180805,-0.6346945606358803,-0.0183822022348464
2010-06-21,-0.3756154498729002,-0.6376289917547282,-0.01807981461549636
2010-06-22,-0.38116957422275144,-0.640371903773506,-0.019034257046415735
2010-06-23,-0.37475292922378933,-0.6408034692868152,-0.010680506571968281
2010-06-24,-0.3751800959004577,-0.6404678525656237,-0.009099795286652317
2010-06-25,-0.3747086376703015,-0.6404552955961749,-0.0036679933987192313
2010-06-28,-0.37327252426890434,-0.6361312539501378,0.00018632285132719951
2010-06-29,-0.38127362130121634,-0.6357025913961549,-0.003906275430063115
2010-06-30,-0.38436123350438467,-0.6325846360904995,0.011360471023582164
2010-07-01,-0.35765211344139236,-0.6001795527224935,0.04523795902923459
2010-07-02,-0.35618611955946244,-0.5986085452574942,0.04614312182654825
2010-07-05,-0.35642063941920654,-0.5981729663387048,0.046538675538135704
2010-07-06,-0.3580170693515286,-0.5985895492872512,0.053015916641062664
2010-07-07,-0.35887945488144546,-0.5984592312894853,0.05265437851451153
2010-07-08,-0.3585892928262334,-0.5977274086443275,0.053734793874231065
2010-07-09,-0.3524551605934764,-0.5919126503585321,0.06277889643303639
2010-07-12,-0.3513708542423283,-0.5913690998503977,0.06254912509211885
2010-07-13,-0.355434959798944,-0.5874595015178131,0.06506318838019871
2010-07-14,-0.3555923392843206,-0.5868894083492207,0.0653493512400301
2010-07-15,-0.34303622297742714,-0.5771446355314159,0.0754065096698939
2010-07-16,-0.340263713782234,-0.5763975786987445,0.07685272487939279
2010-07-19,-0.3408166951053066,-0.5749592404839681,0.07922511759214623
2010-07-20,-0.3411854186225705,-0.5774228661716533,0.08312176935546603
2010-07-21,-0.340883226214707,-0.5710034217949618,0.08328483460796995
2010-07-22,-0.34850593163245475,-0.5690085251772068,0.0854895820249939
2010-07-23,-0.3474828796692401,-0.565474349823533,0.0939844261673419
2010-07-26,-0.34683133092367524,-0.5641283760450575,0.09408384973322366
2010-07-27,-0.3466606439041847,-0.5656783263009134,0.09436959414599073
2010-07-28,-0.3480479508705439,-0.5597699856664862,0.10185267097833911
2010-07-29,-0.36435751700618424,-0.5826623790191768,0.08070966651479401
2010-07-30,-0.3652328476425833,-0.579747363689603,0.08463471680252323
2010-08-02,-0.3709999689580981,-0.5734868610328996,0.08550687906420631
2010-08-03,-0.36516402193476133,-0.5714298795141705,0.08539377345754537
2010-08-04,-0.36157183192480546,-0.5678922167055618,0.08866647881391468
2010-08-05,-0.35835209395304735,-0.5643792768394723,0.09412939496969022
2010-08-06,-0.3500778799016298,-0.5611022478878404,0.0991048153931059
2010-08-09,-0.34530549197862076,-0.5547952011223208,0.10760572278581074
2010-08-10,-0.35121581622892534,-0.5610263952243552,0.09875262463220613
2010-08-11,-0.3507457729518512,-0.5638528260328345,0.07881703430665817
2010-08-12,-0.3515906832051096,-0.5603253249677999,0.07947203789282342
2010-08-13,-0.3530189341382624,-0.5576161046005211,0.08104812172844772
2010-08-16,-0.35030774590970387,-0.5564065177655437,0.0821119911731068
2010-08-17,-0.35323953485465154,-0.5540281616585336,0.08312402227483374
2010-08-18,-0.3543185127286296,-0.5573007662084521,0.0830979778382985
2010-08-19,-0.3567593414025457,-0.5592988206909959,0.08185103372043082
2010-08-20,-0.35345443406698035,-0.5570378376388095,0.07890096477699982
2010-08-23,-0.34671096378642935,-0.5485565909713086,0.08535172259650359
2010-08-24,-0.3509083119253689,-0.5459623123497507,0.08619383809947133
2010-08-25,-0.3519617111169554,-0.5464469758251015,0.08577778882491968
2010-08-26,-0.3456160928401148,-0.5426383731841711,0.08845511847689255
2010-08-27,-0.3454055067458823,-0.5419088041000683,0.08983359168645226
2010-08-30,-0.35515165594267695,-0.5405292750905681,0.09177346940765402
2010-08-31,-0.357077553791982,-0.5424232849583213,0.09004333772761705
2010-09-01,-0.37264151989230526,-0.5391623356191645,0.08497927605710534
2010-09-02,-0.3742955647053459,-0.5423305572058327,0.08312945104162049
2010-09-03,-0.3763814779553589,-0.5428317273693751,0.08143154219599641
2010-09-06,-0.3757046526982166,-0.5410993441397427,0.08366969300581535
2010-09-07,-0.3767767773670469,-0.5497829847276248,0.07906114116097275
2010-09-08,-0.37837479019586906,-0.5501011270558008,0.07783704326328779
2010-09-09,-0.37716585957981175,-0.5486337495527235,0.07999962935103597
2010-09-10,-0.3785438981920299,-0.5475714266490991,0.08126710560409175
2010-09-13,-0.3749687390263209,-0.553997257479127,0.08197384595501045
2010-09-14,-0.3625892008643995,-0.5405880626356743,0.09160953260710149
2010-09-15,-0.3599158079227269,-0.5489043793527507,0.09077292529911109
2010-09-16,-0.35944082028352337,-0.5496975476791607,0.08947087599575469
2010-09-17,-0.3608059965187758,-0.5474370720830748,0.09194875484309292
2010-09-20,-0.3617360082102407,-0.5476618772868315,0.091693517307946
2010-09-21,-0.34872572370476435,-0.5577801162347698,0.09462272689134904
2010-09-22,-0.33688875131079654,-0.5442618097981765,0.10847263301189057
2010-09-23,-0.3400107207744683,-0.5435832857257952,0.11031494223048643
2010-09-24,-0.3323328576099116,-0.5450225761400177,0.11504651609303064
2010-09-27,-0.332128637571935,-0.5431115098471732,0.11588265828965441
2010-09-28,-0.3329664537026,-0.5456945619786311,0.11670178202844769
2010-09-29,-0.32518406106102493,-0.546336369968436,0.11648293249241749
2010-09-30,-0.3310097251421105,-0.5466190836227529,0.11392194583526359
2010-10-01,-0.3321029831316222,-0.5417414241395243,0.11748325081188152
2010-10-04,-0.3333249388946995,-0.5470634720797495,0.11334811168586645
2010-10-05,-0.3345123867029766,-0.557084559247667,0.10804264935434008
2010-10-06,-0.33424534008299783,-0.552394377735985,0.10678868471599995
2010-10-07,-0.3336836568849085,-0.5504433810457735,0.10819741450795943
2010-10-08,-0.33154030136851487,-0.5520292230649316,0.10767132108297671
2010-10-11,-0.3309805960811095,-0.5514857804100296,0.10895245854315665
2010-10-12,-0.3285616600848305,-0.5566072378046332,0.105929733475258
2010-10-13,-0.33050818167395435,-0.5586531976577469,0.10438565959219503
2010-10-14,-0.32863663847745583,-0.5579323601118987,0.10749547822361077
2010-10-15,-0.32969012569401024,-0.5542152396503527,0.11239971538241071
2010-10-18,-0.3295842936750986,-0.5522243001548395,0.11323002054519496
2010-10-19,-0.3199125241648873,-0.5587061913885463,0.10792860877787379
2010-10-20,-0.3136705641284094,-0.5521411937583823,0.12194582394035483
2010-10-21,-0.30322069327150436,-0.5500078408401379,0.1271467742960139
2010-10-22,-0.3025953926721966,-0.5496905331497668,0.12721817718223336
2010-10-25,-0.302355363406693,-0.5513480352784574,0.12357486349133175
2010-10-26,-0.2998434855195873,-0.5421271619278349,0.13366837362276665
2010-10-27,-0.3005887251500252,-0.5520200398954653,0.12516885719051765
2010-10-28,-0.2938158199706442,-0.5596187053928434,0.12265092410836709
2010-10-29,-0.2854217115739681,-0.5655238318845357,0.12244940370031326
2010-11-01,-0.2853243691520459,-0.5654562027259171,0.1226298647573788
2010-11-02,-0.2878965998262062,-0.5643206201516463,0.11725730776888492
2010-11-03,-0.2915880298406443,-0.5610800238787053,0.11907279954337865
2010-11-04,-0.29060817423033375,-0.5604515672916724,0.11953639563846503
2010-11-05,-0.28261687706485517,-0.5579356350663015,0.12310291287652221
2010-11-08,-0.2865789264753219,-0.5551899111063181,0.12366887917944436
2010-11-09,-0.2891219368757739,-0.5566113118790992,0.12245972633444116
2010-11-10,-0.2863556523645116,-0.5550927262079268,0.12540586637867596
2010-11-11,-0.2884668582041057,-0.5598331288855777,0.11908070846593659
2010-11-12,-0.2818917230021244,-0.5653298227773133,0.11479511500606486
2010-11-15,-0.2787934275352348,-0.568915950746538,0.11103476930964802
2010-11-16,-0.28234522682096547,-0.5660432152902122,0.11604681879963703
2010-11-17,-0.2699346646925274,-0.5620666788161095,0.12623691183473165
2010-11-18,-0.2748377114827324,-0.5621740264899671,0.12105995077684989
2010-11-19,-0.2736099470061311,-0.563605842024802,0.1204850675428207
2010-11-22,-0.2696338658001303,-0.5569368929498817,0.13162867670653283
2010-11-23,-0.2830763403339351,-0.5642245885153152,0.12000297702034235
2010-11-24,-0.2810968578387484,-0.5632921059401559,0.12170415479911202
2010-11-25,-0.31331896244510327,-0.5805169050741731,0.09679845106716259
2010-11-26,-0.3195053669336738,-0.5847401873540446,0.09334308198723026
2010-11-29,-0.31403566703154623,-0.5726969074779235,0.10573676412463227
2010-11-30,-0.3149262782760442,-0.5690924714805659,0.10846799566129818
2010-12-01,-0.3222007733086023,-0.5663081684653936,0.09976077529144227
2010-12-02,-0.32737612296368807,-0.5679892651330014,0.09971426552487234
2010-12-03,-0.32344608417703336,-0.5634191768708151,0.12357361068222315
2010-12-06,-0.32690538418738807,-0.5601364570877402,0.1264050454492339
2010-12-07,-0.3252473093446238,-0.5592465190987176,0.13166848328824762
2010-12-08,-0.31951811284181547,-0.5551984419054867,0.136689993036264
2010-12-09,-0.3202373803018232,-0.5557984438411159,0.1362046551294585
2010-12-10,-0.319774028636113,-0.5550940829002265,0.1369757229339908
2010-12-13,-0.31408063778592815,-0.5663997690197224,0.12747924254054405
2010-12-14,-0.31450031050639404,-0.5620411288197478,0.12981591765941833
2010-12-15,-0.3173150297723571,-0.5595734099376859,0.13404101681327726
2010-12-16,-0.31705012230941015,-0.5606682714176311,0.1336795321298526
2010-12-17,-0.320277015657801,-0.5640483344699965,0.12937753255944362
2010-12-20,-0.3180496105503948,-0.561405410966905,0.13089983398605892
2010-12-21,-0.3175172261082306,-0.5607757642236264,0.13189313718465132
2010-12-22,-0.315032025687137,-0.562522609157709,0.12965394871408614
2010-12-23,-0.3171399707634066,-0.5625630626766926,0.1281233979798069
2010-12-24,-0.3161810113528877,-0.5631652347546916,0.1279134476050782
2010-12-27,-0.31886957028307983,-0.5626478657348409,0.12618276912677462
2010-12-28,-0.3209246824725178,-0.5584957113898898,0.13098996440819333
2010-12-29,-0.3234903214824286,-0.5454121337744526,0.15737366016221477
2010-12-30,-0.3219901371285062,-0.54291071861952,0.1613455748268806
2010-12-31,-0.32596267713230465,-0.5366763260719931,0.1667651577958042
2011-01-03,-0.3257407228055106,-0.5374268604585063,0.16573543075236646
2011-01-04,-0.3234007220629553,-0.5360608368866583,0.1720069587491204
2011-01-05,-0.30593537615136435,-0.5325402155309371,0.17563835528509178
2011-01-06,-0.3080384931657536,-0.5353823335089168,0.1677051890842604
2011-01-07,-0.3029289330984784,-0.5262897212142932,0.18313561486171034
2011-01-10,-0.3032395907351428,-0.5268391542629077,0.18427428386415992
2011-01-11,-0.30353709057496975,-0.5264007102772393,0.18403843218757354
2011-01-12,-0.2994555620768645,-0.5325497812881319,0.17514409458335675
2011-01-13,-0.2910230790779972,-0.5354987369019072,0.1756458306236913
2011-01-14,-0.2913495381189386,-0.5351085068084201,0.1767092834855428
2011-01-17,-0.2890355160917502,-0.5351099832153593,0.17538829976519768
2011-01-18,-0.28907514821512914,-0.5341620010799968,0.17527284476673446
2011-01-19,-0.2815891004121562,-0.5256012998345797,0.18522034427559075
2011-01-20,-0.2839226560738225,-0.5261386108075913,0.18641996910327507
2011-01-21,-0.2764864850947906,-0.53010553610505,0.18401823796376549
2011-01-24,-0.2609322013821059,-0.5207630969090237,0.19773491875547958
2011-01-25,-0.26711101408456556,-0.5197663721204488,0.2083452363756757
2011-01-26,-0.2685093111452792,-0.5186169865516479,0.20981463806256975
2011-01-27,-0.26086957346062817,-0.5140541467530724,0.21513710998560165
2011-01-28,-0.2614698149213328,-0.5167829991382283,0.2080210873303619
2011-01-31,-0.26200759786508143,-0.5181024331054138,0.20464972722950325
2011-02-01,-0.26735797328852656,-0.5187146352436507,0.2070396808374471
2011-02-02,-0.2681319866489312,-0.5182506656008985,0.20815939926619972
2011-02-03,-0.25316674959986324,-0.5208617238168103,0.20603828060580462
2011-02-04,-0.25973728170324867,-0.5232815054621448,0.19767397771825454
2011-02-07,-0.25948686887949995,-0.5233433721407807,0.19744803136027925
2011-02-08,-0.2594815491780878,-0.5274169218884314,0.19877733776108208
2011-02-09,-0.2555415306150047,-0.526637813877036,0.19925825037322958
2011-02-10,-0.25287728690805084,-0.5258171088119991,0.2026277650090979
2011-02-11,-0.2524064678790434,-0.5229903329881425,0.2051454672743074
2011-02-14,-0.25406624051946514,-0.5229431425156971,0.20524782568737587
2011-02-15,-0.2530869498232978,-0.5235047712037901,0.20206340089157482
2011-02-16,-0.2631687430344481,-0.5299949925492127,0.19460029869382026
2011-02-17,-0.26353991648502995,-0.5329349760122554,0.19318118580887575
2011-02-18,-0.2669592993052559,-0.5333463271867143,0.19136109464968953
2011-02-21,-0.26611481460018244,-0.533625832387036,0.19134752507733666
2011-02-22,-0.2668200369582123,-0.5325136310055836,0.191951711783841
2011-02-23,-0.2652822160290006,-0.5337353285666556,0.1913963639156455
2011-02-24,-0.2665700621561021,-0.534946390019602,0.19239641209390046
2011-02-25,-0.26354036240735573,-0.532922759234161,0.19489685552360891
2011-02-28,-0.26412271596660813,-0.5364307066744276,0.18941899525236983
2011-03-01,-0.2705457629305509,-0.5356781346998472,0.18928148165995695
2011-03-02,-0.2721781924018631,-0.539942837064046,0.1833350290833049
2011-03-03,-0.2722134567961439,-0.5386627875583575,0.18341841829259958
2011-03-04,-0.27056105591222807,-0.5386715581511011,0.1838773040551528
2011-03-07,-0.27218586491135327,-0.5353597400792993,0.18964524404465402
2011-03-08,-0.2655323305549449,-0.5351355416435056,0.1904815159094662
2011-03-09,-0.26538471258470064,-0.5352664648526239,0.19059942133625518
2011-03-10,-0.2714763600892791,-0.5404058898657557,0.18446473435472888
2011-03-11,-0.28988909540861596,-0.541341789285122,0.17737638086911717
2011-03-14,-0.2798864555215281,-0.5460938629184118,0.1738872050315117
2011-03-15,-0.2830769050565083,-0.5446721345457234,0.17608755927418127
2011-03-16,-0.2883759485422772,-0.5482472641263721,0.16845687090408265
2011-03-17,-0.2618933737964056,-0.5410261648208758,0.17698091738033803
2011-03-18,-0.2850589075876553,-0.5440310485387115,0.16856262257641388
2011-03-21,-0.2925766247516893,-0.5462226772445157,0.1661049151580338
2011-03-22,-0.2964682689502991,-0.5474822260992876,0.16101616392572793
2011-03-23,-0.2921126246426832,-0.5444184905523414,0.16244740799231383
2011-03-24,-0.29991110025831536,-0.5476686676341304,0.15838051103857512
2011-03-25,-0.2843918168313745,-0.5422034456171155,0.16437027986679548
2011-03-28,-0.28482798965910316,-0.5425248492691394,0.16493122915312466
2011-03-29,-0.2787771636017769,-0.5366852618444337,0.1696724747954202
2011-03-30,-0.28791510322476654,-0.5357202618691501,0.16824189651891222
2011-03-31,-0.29088604321831363,-0.5358524929589195,0.16614635395549784
2011-04-01,-0.29014843911553717,-0.5366987237758418,0.1685128882394202
2011-04-04,-0.2911199014139918,-0.5366021793963758,0.1668207149346575
2011-04-05,-0.2863196904403805,-0.5335452604221511,0.17095466139911486
2011-04-06,-0.29184143310579813,-0.5330931525185691,0.16886452998177165
2011-04-07,-0.29322057076626284,-0.5330582124202324,0.16789420011496672
2011-04-08,-0.29537454232532095,-0.5360217190936878,0.1661190762719781
2011-04-11,-0.3014507627065896,-0.5340723669050148,0.16504699801926961
2011-04-12,-0.29847689609717487,-0.5310549498064813,0.1692800357721975
2011-04-13,-0.2977819371217585,-0.5330449867201175,0.1678649979241919
2011-04-14,-0.29276538217056475,-0.5112734744694415,0.18288872191119143
2011-04-15,-0.2964911536367693,-0.515341016989748,0.17914260938395618
2011-04-18,-0.3056906577553735,-0.5240373533648834,0.1705340256752181
2011-04-19,-0.30706574256250857,-0.5260913071557117,0.16709629690593517
2011-04-20,-0.3210696195702148,-0.5275559820768929,0.16044099304615553
2011-04-21,-0.3119925716802989,-0.5193193798981106,0.1514917905256823
2011-04-22,-0.32345518613037666,-0.5133917735643688,0.15038997235239107
2011-04-25,-0.27742308768866497,-0.4849299652416932,0.19302538774037795
2011-04-26,-0.278390462972199,-0.4832145956581211,0.19228169489072108
2011-04-27,-0.27166273236816285,-0.4753127045264999,0.20355169031377893
2011-04-28,-0.26493463743270435,-0.46223971868445357,0.21257769412871472
2011-04-29,-0.26497511159515097,-0.4684617207598743,0.20611364727390125
2011-05-02,-0.26920139540111016,-0.4713452602243207,0.20191279662410225
2011-05-03,-0.271384601315074,-0.46988254484426145,0.1848870743427466
2011-05-04,-0.26731533124511797,-0.4694177607099055,0.18862619106853887
2011-05-05,-0.27942163774143053,-0.44116406913994644,0.1515082153706879
2011-05-06,-0.30043790576568424,-0.4512268213071531,0.12153894824270682
2011-05-09,-0.3527118448019893,-0.4881281521680569,0.09348663301499321
2011-05-10,-0.35024000942288064,-0.4856282214551387,0.0925478383159192
2011-05-11,-0.3557605694217445,-0.4992209621995016,0.06071634169738795
2011-05-12,-0.357861026885406,-0.49774048075499583,0.0701779340179657
2011-05-13,-0.3581703960429114,-0.5036948837104682,0.05313928585198085
2011-05-16,-0.30741918550449415,-0.4959009292684014,0.05913256070804924
2011-05-17,-0.3047104160657399,-0.4972813343920706,0.054502764787221526
2011-05-18,-0.3031794161062848,-0.4972873084879815,0.057396522687503324
2011-05-19,-0.3023501507463783,-0.49343259056688277,0.0577541405503899
2011-05-20,-0.30554886020518757,-0.4990323483014995,0.050890606108656485
2011-05-23,-0.31190207744804593,-0.49909000754405897,0.03510032303423459
2011-05-24,-0.29312897977609365,-0.507374412957871,0.023592699685854084
2011-05-25,-0.2888434566460837,-0.5081120166270062,0.024025648825751356
2011-05-26,-0.29060784721848304,-0.5074714795878709,0.024510787448659255
2011-05-27,-0.2891391671555947,-0.5090294940754606,0.021640701732151664
2011-05-30,-0.2737623387582601,-0.5120410902167881,0.019900146155453304
2011-05-31,-0.2818670604273603,-0.5173655430699513,0.008152303748099868
2011-06-01,-0.2871793036922838,-0.5302876524765555,0.00023202877406462206
2011-06-02,-0.2891992603205306,-0.5340490752046766,-0.007924992895171332
2011-06-03,-0.284508438616467,-0.5310208960165437,-0.0035442823682621228
2011-06-06,-0.28724206999375324,-0.5311851704209837,-0.010377051995088602
2011-06-07,-0.28836177501804433,-0.5322553494601676,-0.012626222462765993
2011-06-08,-0.29520850660574394,-0.533881238829889,-0.017489948540236288
2011-06-09,-0.2881132122511341,-0.5297108270513274,-0.010662752280987906
2011-06-10,-0.29019847986151853,-0.5306145511971994,-0.01410537402658888
2011-06-13,-0.2879326845411599,-0.5310683952814989,-0.012831564453626057
2011-06-14,-0.2897190601090327,-0.5290957505812433,-0.016705926322981388
2011-06-15,-0.293441795350913,-0.5369441482966929,-0.024013461506803307
2011-06-16,-0.2823910009834177,-0.5363766715651546,-0.018859916517653376
2011-06-17,-0.28094803850792194,-0.5356586705260447,-0.0204219183988954
2011-06-20,-0.30202081185309604,-0.5642043077178781,-0.050934632503116216
2011-06-21,-0.30226853007130056,-0.5634858302210006,-0.051428373800103996
2011-06-22,-0.29908222154664194,-0.5663082033969464,-0.05386644385531092
2011-06-23,-0.2950194355590099,-0.5661406355901165,-0.0566480021725129
2011-06-24,-0.2956919753443883,-0.5662136093544752,-0.05738374670630717
2011-06-27,-0.29499014205491064,-0.5694331194103094,-0.059998570169940826
2011-06-28,-0.29931847458121363,-0.5696251350717867,-0.06061721153324719
2011-06-29,-0.30518379602855505,-0.572718735964933,-0.06357610959851075
2011-06-30,-0.30400323581924565,-0.5719534062117922,-0.06559502509784619
2011-07-01,-0.3031696290828603,-0.5717441692454828,-0.0640104967539111
2011-07-04,-0.3136917116583105,-0.5802869866290135,-0.0745447815463011
2011-07-05,-0.31821816731125885,-0.5791613743465619,-0.08086700927465763
2011-07-06,-0.31726428687165015,-0.5776026102873236,-0.08129117930622823
2011-07-07,-0.32486366276469875,-0.5811856549167669,-0.08731767161749518
2011-07-08,-0.32805955259771513,-0.5900412732123332,-0.09124294295909997
2011-07-11,-0.33611656630292014,-0.5980414249416834,-0.11114691769552637
2011-07-12,-0.33000796740093313,-0.5968315121000326,-0.10433464719245676
2011-07-13,-0.3366712195082182,-0.5978206610393454,-0.09997690229745419
2011-07-14,-0.33782115454740685,-0.5996782047876418,-0.10192309566469279
2011-07-15,-0.33720054629560575,-0.6002544849769663,-0.10160779391984266
2011-07-18,-0.34106688203086777,-0.6069176436665092,-0.10942295433363812
2011-07-19,-0.346206185583144,-0.6080912688904823,-0.11306626559707433
2011-07-20,-0.33964346235992615,-0.6095169463851833,-0.11329026123563433
2011-07-21,-0.3411368927811161,-0.6046704390529121,-0.10498372327814678
2011-07-22,-0.3427527214821609,-0.6080137504456916,-0.10672735997705703
2011-07-25,-0.34175778613457475,-0.6083294969700496,-0.10524216134171385
2011-07-26,-0.34470003958468054,-0.6148187314725917,-0.1100823476615505
2011-07-27,-0.3413145695961446,-0.6083954232566902,-0.10472576396049163
2011-07-28,-0.3410318264368073,-0.6066538764079711,-0.10620360175976265
2011-07-29,-0.33575077165201567,-0.6044828702233157,-0.08876551544488599
2011-08-01,-0.332436069049249,-0.6099073291871999,-0.08445749474857742
2011-08-02,-0.3430538958161391,-0.6164929903799198,-0.09799122245567748
2011-08-03,-0.3440207236434726,-0.6240680574550472,-0.10463219614406852
2011-08-04,-0.3721473454934368,-0.6625208337650672,-0.14873690137129278
2011-08-05,-0.37058791913968764,-0.6602427327651768,-0.14280469106197927
2011-08-08,-0.37798735100544534,-0.6719329548326359,-0.16268576489027692
2011-08-09,-0.3813726721183345,-0.6802018607348724,-0.16410587543536068
2011-08-10,-0.38345760054767786,-0.6826359088343966,-0.1658061105090613
2011-08-11,-0.37894393100471835,-0.6830801887309805,-0.16401686513861702
2011-08-12,-0.37951868858298154,-0.6840445242699117,-0.16582053708259417
2011-08-15,-0.3898678897752259,-0.6937846954542303,-0.18670831069131447
2011-08-16,-0.3889223208277464,-0.6966258978129287,-0.18833518721690543
2011-08-17,-0.3860720104804453,-0.6980837262534754,-0.18871846387178792
2011-08-18,-0.3982463079787832,-0.6971013754538558,-0.19445912123785175
2011-08-19,-0.3850315864790046,-0.7014061746387933,-0.18833203800792706
2011-08-22,-0.3837888832175061,-0.7012381679905565,-0.1876196392253279
2011-08-23,-0.38432396433563343,-0.7036362380700453,-0.18940214354616294
2011-08-24,-0.3841255932207755,-0.7063109509902856,-0.1914570598554018
2011-08-25,-0.37923226458432285,-0.6921752192402642,-0.18244684605013042
2011-08-26,-0.3862533915379299,-0.6999922263839863,-0.1934523776679319
2011-08-29,-0.3880774452145837,-0.7016054241190294,-0.19689807069033363
2011-08-30,-0.38489348833748205,-0.7028335879447623,-0.1956973659647243
2011-08-31,-0.38932105507468484,-0.694951430095142,-0.19506427182462555
2011-09-01,-0.40029494919228525,-0.7146258234877169,-0.21273898765916827
2011-09-02,-0.40962893534711914,-0.7261235177093112,-0.22674654973145864
2011-09-06,-0.3775910886491591,-0.715066799404466,-0.20576453028285888
2011-09-07,-0.37931887597459707,-0.7165313358453973,-0.2093213345440733
2011-09-08,-0.3726446036671411,-0.7109651448086486,-0.20578023781498547
2011-09-09,-0.3841213108130195,-0.7146227447823758,-0.214569564324145
2011-09-12,-0.39315004384957974,-0.7241996433283258,-0.2267502150303823
2011-09-13,-0.3865671617486913,-0.7181397650636531,-0.22664324072734096
2011-09-14,-0.38540931774721526,-0.7115583476803017,-0.22424146798258512
2011-09-15,-0.3860443076522907,-0.7025929233921668,-0.21961363039698104
2011-09-16,-0.3836950398194842,-0.7040924535443308,-0.22360096866717716
2011-09-20,-0.38573042283900494,-0.7037611797744002,-0.22167982073781628
2011-09-21,-0.39043947872104784,-0.7211360786546325,-0.23571190905432116
2011-09-22,-0.4092932491271097,-0.7048652543695811,-0.2300045965264465
2011-09-23,-0.40772820277267185,-0.6966229771922371,-0.22444720945937752
2011-09-27,-0.4066580704182973,-0.6952636546645639,-0.23594432925890152
2011-09-28,-0.40897646342706434,-0.7025727488508077,-0.2392723031563283
2011-09-29,-0.4093282943382838,-0.6985320810869053,-0.23637150414585903
2011-09-30,-0.41177421464740527,-0.6950854224948403,-0.23461903285961594
2011-10-04,-0.41088122865986726,-0.6941320386471918,-0.23593004557771408
2011-10-05,-0.4115985817828596,-0.6889968204427084,-0.24178354474316793
2011-10-06,-0.4103510375377196,-0.6902268134719621,-0.24411147275662812
2011-10-07,-0.4129032107822072,-0.6938290705016888,-0.24776088814196617
2011-10-11,-0.41241761459602977,-0.6894284006091247,-0.24570196901857455
2011-10-12,-0.4172522703200787,-0.6871545045300569,-0.2506831421793532
2011-10-13,-0.4166389572781514,-0.677318234393222,-0.24982301051252584
2011-10-14,-0.41462899034151557,-0.6741317104297649,-0.2578175238141932
2011-10-18,-0.4140689888731296,-0.6713641988539234,-0.256420660857893
2011-10-19,-0.4148438153320601,-0.6717070259052424,-0.25669530079756964
2011-10-20,-0.41560163651619597,-0.6701276841329337,-0.25293238796027434
2011-10-21,-0.41507850190918877,-0.6769442131694701,-0.2577290229836743
2011-10-25,-0.41507922267548525,-0.6664079620003979,-0.24966956911078939
2011-10-26,-0.42356569326105553,-0.6598921613204191,-0.2509489354361186
2011-10-27,-0.4277542023903845,-0.6462583624174746,-0.25185772978241655
2011-10-28,-0.4282577953476076,-0.6474397765384668,-0.2493911786137043
2011-10-31,-0.40689983578173994,-0.6398039029583209,-0.23262362290364902
2011-11-01,-0.4084602526622861,-0.6473310660444834,-0.2490444511733317
2011-11-02,-0.4074467892002801,-0.6521326260215611,-0.25385444874784174
2011-11-03,-0.4166226068573189,-0.6657624281534639,-0.26912640696602463
2011-11-04,-0.41369261450322964,-0.6740168157887514,-0.27473656649553624
2011-11-07,-0.4124922778698687,-0.674172283436998,-0.2768788168899414
2011-11-08,-0.4118699443889243,-0.677029970516669,-0.28069467771434126
2011-11-09,-0.4201912651158986,-0.7168797834479591,-0.3091515092808706
2011-11-10,-0.420862426385025,-0.7203019120312874,-0.3109283872815682
2011-11-11,-0.42283400557271233,-0.7191538938495242,-0.30796569598585466
2011-11-14,-0.4240665446688826,-0.7325872032750217,-0.3204615063854366
2011-11-15,-0.4245406035949126,-0.7356171058380859,-0.32367191225315367
2011-11-16,-0.42070659158657114,-0.7387771880210467,-0.32089736597632934
2011-11-17,-0.42239322514764543,-0.7374239659805001,-0.32097630896556356
2011-11-18,-0.42063439679673564,-0.7368840237642034,-0.3198016571851807
2011-11-21,-0.4134886133234878,-0.7410236643603505,-0.325816921424366
2011-11-22,-0.41558543416577354,-0.7419731716694786,-0.3276963248019852
2011-11-23,-0.4162236577961519,-0.7520704292876719,-0.3372951835144085
2011-11-24,-0.41255586526762417,-0.7503858938837044,-0.33870836208911853
2011-11-25,-0.4084967129316575,-0.7550165938441245,-0.339201513161357
2011-11-28,-0.4106818947096795,-0.7685056537176539,-0.35482889932962375
2011-11-29,-0.4060529185123293,-0.7719259251808059,-0.34861616833762493
2011-11-30,-0.4157207403021179,-0.7806540733002795,-0.3597856556273927
2011-12-01,-0.421600698482281,-0.7866094307820637,-0.3880728768891647
2011-12-02,-0.419668561593101,-0.7849036249600544,-0.38756856566404796
2011-12-05,-0.42159063632171473,-0.7861647027824283,-0.3939799685788622
2011-12-06,-0.4207051111147282,-0.7858459059429311,-0.3922510987430476
2011-12-07,-0.42057568471226786,-0.7854175191114177,-0.3923397568072063
2011-12-08,-0.4237624324029894,-0.7845757699799457,-0.39248031461213195
2011-12-09,-0.4316676039668205,-0.7782563019634141,-0.39085420948910315
2011-12-12,-0.4333076805865048,-0.7776149108625297,-0.38967120103920155
2011-12-13,-0.43112909093620727,-0.776759568625609,-0.39948701681968807
2011-12-14,-0.43147384777222164,-0.7759458775070633,-0.399022940294199
2011-12-15,-0.4294133806732596,-0.7731728957696825,-0.39511448697012186
2011-12-16,-0.432492414291817,-0.7767031976873592,-0.3983288265991652
2011-12-19,-0.4326634805231204,-0.7771671729139823,-0.39907850295988606
2011-12-20,-0.4360438157370221,-0.7752867389829745,-0.3987074377851997
2011-12-21,-0.4336733987505124,-0.7749055515954277,-0.39596270339424106
2011-12-22,-0.4337355760113308,-0.7748365773443409,-0.3956395060988415
2011-12-23,-0.4338993393325615,-0.7732536086372579,-0.3931478529744809
2011-12-26,-0.43389233408534983,-0.7733206976467708,-0.39323085034298144
2011-12-27,-0.4330608441722484,-0.7868266172109469,-0.4196160874284679
2011-12-28,-0.4319138558238338,-0.7832427898623178,-0.41813915411654534
2011-12-29,-0.42820323518110365,-0.790181679973917,-0.42506446460057956
2011-12-30,-0.42712364661688357,-0.7876643687137767,-0.42221633998616864
2012-01-02,-0.42679321823670124,-0.7875174129995572,-0.42243984379911936
2012-01-03,-0.4487865112721652,-0.7817672583085508,-0.4312665325029315
2012-01-04,-0.44396207461692944,-0.7783141659258209,-0.4240975628419659
2012-01-05,-0.4423608449261117,-0.7692228378686359,-0.4153271902379105
2012-01-06,-0.441709797950987,-0.7640663050622901,-0.4143136319292494
2012-01-09,-0.4419325420580806,-0.7645529569090994,-0.41559115361155535
2012-01-10,-0.44868810161986583,-0.7611218451974905,-0.4177668314800574
2012-01-11,-0.45397258894640163,-0.753798201099604,-0.4201939370747346
2012-01-12,-0.44531842753049367,-0.7508660550284224,-0.4187346369724798
2012-01-13,-0.43850514132931695,-0.7442916207007299,-0.4133043279875203
2012-01-16,-0.4393338832626641,-0.7446176170945081,-0.41278700561637705
2012-01-17,-0.4474751312120339,-0.7503671907608149,-0.4227032518622149
2012-01-18,-0.44461804409130923,-0.747087916157206,-0.4254659941487333
2012-01-19,-0.4515406556735458,-0.7452066530461098,-0.4309517079196762
2012-01-20,-0.45081990343534206,-0.7447431558328392,-0.43097644541379254
2012-01-23,-0.4496637469546067,-0.7413929194141001,-0.4293572535682239
2012-01-24,-0.4491380161251155,-0.7422833651513594,-0.42902293475600434
2012-01-25,-0.4502322048013936,-0.7387967506954818,-0.4295488756310193
2012-01-26,-0.448912232325134,-0.7358128466658533,-0.4241742575135926
2012-01-27,-0.4425237183083935,-0.7324156166333826,-0.4194902610544317
2012-01-30,-0.44041190882886333,-0.7328235445402895,-0.4283205705587661
2012-01-31,-0.4391862671645121,-0.7326750898957074,-0.42755352492087945
2012-02-01,-0.4493397854686149,-0.7350483923053048,-0.43160185868374695
2012-02-02,-0.45237916742900675,-0.7371071446182382,-0.43576408411612283
2012-02-03,-0.4534367870927792,-0.7377973853368671,-0.43678778688749265
2012-02-06,-0.453835239761728,-0.7382631339922769,-0.4371526999438863
2012-02-07,-0.45816109377652164,-0.7402056028425468,-0.43850318232958646
2012-02-08,-0.4571100566356868,-0.7383251214871456,-0.44339246906165697
2012-02-09,-0.45791627421245323,-0.7408229111797314,-0.44659193620381504
2012-02-10,-0.4597174050704224,-0.7422325169372167,-0.4476457518208503
2012-02-13,-0.46145306193924945,-0.7434546850821246,-0.44888891674769693
2012-02-14,-0.4469953133797633,-0.7410406649145224,-0.4419475387112564
2012-02-15,-0.44760862594266915,-0.7392836816546827,-0.4420691186418398
2012-02-16,-0.4483627602391012,-0.7384956066222208,-0.44347860011288226
2012-02-17,-0.4483766909950437,-0.7385720495373088,-0.443797853686557
2012-02-20,-0.4458004607822631,-0.7387585224407061,-0.4431599210857855
2012-02-21,-0.4448828809470605,-0.73573791790375,-0.44353338551493027
2012-02-22,-0.4458645248953959,-0.7350917075604816,-0.4456189690321822
2012-02-23,-0.4470315853688153,-0.7349661299088656,-0.44334069194731757
2012-02-24,-0.4497493321646234,-0.7319258665914437,-0.44187873458605575
2012-02-27,-0.4470736421927548,-0.730210817401547,-0.44237766790149635
2012-02-28,-0.44583686163732283,-0.7303663867853907,-0.4412981012976028
2012-02-29,-0.4396129395467892,-0.7297363171158543,-0.4349495848213086
2012-03-01,-0.4400967054680944,-0.7289637403983971,-0.43451637851086294
2012-03-02,-0.437581611599403,-0.7397178061244475,-0.4356214841443324
2012-03-05,-0.4387352831442687,-0.7393688839758756,-0.4355946452229881
2012-03-06,-0.4534096671015778,-0.7518302481889299,-0.44648813652119407
2012-03-07,-0.4510679404848957,-0.7499362500714872,-0.4455697903103986
2012-03-08,-0.4518056735484513,-0.7515321921462502,-0.4518058376260787
2012-03-09,-0.4524432333990289,-0.7535136774554434,-0.4369410557301451
2012-03-12,-0.4517719027774445,-0.7527116579183354,-0.43625891840891984
2012-03-13,-0.4339370481837746,-0.7449155166530927,-0.4232964735058722
2012-03-14,-0.47150491930234995,-0.7591994052721251,-0.43800229700100746
2012-03-15,-0.4533808723626144,-0.7533602138448364,-0.4250164322110911
2012-03-16,-0.4467648267073871,-0.751110443765212,-0.41948312395006104
2012-03-19,-0.44408946230110313,-0.7468653045417983,-0.4128607430584261
2012-03-20,-0.4506120114769581,-0.751359349652895,-0.41612477891751554
2012-03-21,-0.44569421095941913,-0.7491594928805676,-0.41478983776914535
2012-03-22,-0.46228470529412435,-0.7558507911713951,-0.42489508891194144
2012-03-23,-0.4649296959217287,-0.7555954322308132,-0.42335768172248944
2012-03-26,-0.4739119694692645,-0.7614536497170222,-0.42802463115351436
2012-03-27,-0.47250197564837504,-0.7600341846091898,-0.4254297683461104
2012-03-28,-0.4712395643067181,-0.7597978958665639,-0.4241352067483169
2012-03-29,-0.47085206902529186,-0.7598263341417525,-0.42442087931391836
2012-03-30,-0.47146165220078623,-0.7618682234823828,-0.42683935882612106
2012-04-02,-0.47247686839961145,-0.7616484649044089,-0.42530227344724536
2012-04-03,-0.4638318045202515,-0.7567608228648232,-0.4099747824026601
2012-04-04,-0.4650061750252787,-0.7594254493820498,-0.41192314631567756
2012-04-05,-0.4620311557890273,-0.7550213509871982,-0.4092171254375717
2012-04-06,-0.460648276838799,-0.7542143493218924,-0.4070814941527163
2012-04-09,-0.4633154108511767,-0.7558600700295639,-0.41086945750043574
2012-04-10,-0.4673200937793745,-0.7577651949883655,-0.41446456406609217
2012-04-11,-0.4679262555784495,-0.7604880630009376,-0.4186298186041766
2012-04-12,-0.4746989913832308,-0.7601588472180942,-0.4178234875688407
2012-04-13,-0.46430687507798524,-0.7474531057117334,-0.40104212849729753
2012-04-16,-0.45873238432615454,-0.7437958385166821,-0.39538422161205444
2012-04-17,-0.45519977393523214,-0.7428611258813986,-0.3972736113121847
2012-04-18,-0.4580097084458287,-0.7442500925696846,-0.39877075852396004
2012-04-19,-0.45801058423140534,-0.7442636386935381,-0.39880075767460904
2012-04-20,-0.45835625299648397,-0.7445008692411936,-0.3965733077902855
2012-04-23,-0.45960207081024684,-0.7431905059512535,-0.3973963530254718
2012-04-24,-0.45674406773066833,-0.7415821184421183,-0.3957676585686117
2012-04-25,-0.45959314648419086,-0.7509237497449528,-0.40347611429463837
2012-04-26,-0.46086641047896537,-0.7510018456662785,-0.4037939070582492
2012-04-27,-0.4610103340229463,-0.7496855407022008,-0.4009309142493718
2012-04-30,-0.45993652414532465,-0.749580772467007,-0.39956372101229193
2012-05-01,-0.4627955428514104,-0.7483582062610512,-0.3998722548628173
2012-05-02,-0.4502668422450898,-0.7815318191964299,-0.39932839717385415
2012-05-03,-0.46491187274451784,-0.79432234801512,-0.4071676682178888
2012-05-04,-0.46649796818260975,-0.795826386438029,-0.4088756593094223
2012-05-07,-0.4640170960274716,-0.7954496564062266,-0.4073001660406222
2012-05-08,-0.4602690452925737,-0.7932265349784451,-0.4056888428969928
2012-05-09,-0.4605330482635916,-0.8000883915863,-0.41508388055577916
2012-05-10,-0.4585465495014341,-0.8008188044430157,-0.4124776117828737
2012-05-11,-0.46367124040838437,-0.7975089952345349,-0.4126903918876325
2012-05-14,-0.46542921837529594,-0.8048805615878502,-0.4194103028227911
2012-05-15,-0.4665567439343918,-0.8073545676318098,-0.4200623134749887
2012-05-16,-0.4669296689290835,-0.8103092946288539,-0.4189839097776926
2012-05-17,-0.4671394132431847,-0.8087704684686908,-0.416657246720204
2012-05-18,-0.4652920623651842,-0.8157150907552517,-0.4120503753515799
2012-05-21,-0.46768161330847446,-0.8140267095566167,-0.40950682487474793
2012-05-22,-0.4667823297504211,-0.826236979248482,-0.41837244808870894
2012-05-23,-0.46334939285834953,-0.8127961541132418,-0.40560127297109205
2012-05-24,-0.4653699686451114,-0.8130091188250066,-0.40584123984373593
2012-05-25,-0.46523879826432896,-0.8128475408056863,-0.4052456322198584
2012-05-28,-0.46160196122423897,-0.8101408861364219,-0.4001827976950181
2012-05-29,-0.46126312933751273,-0.8101116808347041,-0.40005476015520514
2012-05-30,-0.4645388777386718,-0.8205809244466747,-0.40871343487399814
2012-05-31,-0.47064775000817805,-0.8245782471526472,-0.4171704375877443
2012-06-01,-0.4678576635866861,-0.8246903876328515,-0.41528128569039297
2012-06-04,-0.46913147881356515,-0.8225137458446822,-0.4148768024815256
2012-06-05,-0.46331440254447537,-0.8192670878329572,-0.4124888979590894
2012-06-06,-0.47665420317563156,-0.8242445545113609,-0.4166856922823675
2012-06-07,-0.47680936685364933,-0.8267035556286036,-0.42310048806235023
2012-06-08,-0.4730375371543972,-0.8202188706007713,-0.4217490769840506
2012-06-11,-0.47040685498848384,-0.8220439065141252,-0.42149792530951186
2012-06-12,-0.4757464679784031,-0.8317637427523037,-0.43392489792784344
2012-06-13,-0.4702846183601814,-0.8311952349906725,-0.43426647475526053
2012-06-14,-0.4752010567409717,-0.8361071249633243,-0.4381242812332939
2012-06-15,-0.4752291798522299,-0.8353542608630469,-0.4358112085900126
2012-06-18,-0.4709981167203805,-0.8368821594565162,-0.4340816508920759
2012-06-19,-0.4713632332245957,-0.84176179800478,-0.4373502583891823
2012-06-20,-0.474516485597317,-0.8452727890885856,-0.4383033295603184
2012-06-21,-0.4710643600619499,-0.8492389513912627,-0.43589706400221145
2012-06-22,-0.4732239402665584,-0.8446480998342557,-0.43233186458365513
2012-06-25,-0.4721490798353122,-0.8437618886892524,-0.43380344278666
2012-06-26,-0.4681972972910277,-0.8417271015585227,-0.4317967101184599
2012-06-27,-0.4648288323903107,-0.8462809761214425,-0.431227453096365
2012-06-28,-0.4656714339144626,-0.8463967091578705,-0.4314699228006485
2012-06-29,-0.4726623068257424,-0.8811951928569836,-0.45776444587295206
2012-07-02,-0.4669279040211021,-0.8823337493893596,-0.4503397712037941
2012-07-03,-0.4682610755045993,-0.8858205333840097,-0.4525803940150824
2012-07-04,-0.46480480556949305,-0.8826629187896652,-0.44719305006005833
2012-07-05,-0.44099535635908155,-0.8620231509528451,-0.4272011233817759
2012-07-06,-0.43206421201809,-0.8616873199444411,-0.4162733392107658
2012-07-09,-0.4379100078700201,-0.8619484357072429,-0.4215090652732219
2012-07-10,-0.43125475981883016,-0.8622939291062043,-0.4276621522870487
2012-07-11,-0.42968483213070074,-0.8616458084383382,-0.42732686605768455
2012-07-12,-0.4316876736577987,-0.8607499744595251,-0.4280530207611243
2012-07-13,-0.43330634542516605,-0.8605945708430597,-0.4263382096296939
2012-07-16,-0.4250990616203657,-0.8583976056315612,-0.4202259405262026
2012-07-17,-0.4306464293081474,-0.8653101746616614,-0.42523744778763145
2012-07-18,-0.4332453733902301,-0.8767863577900803,-0.4412347783687341
2012-07-19,-0.4357918548814272,-0.8743548630731848,-0.4407213598345222
2012-07-20,-0.4324163904429306,-0.8718214999254694,-0.4389700289788907
2012-07-23,-0.43541884138429654,-0.8687890183063092,-0.43918850567696005
2012-07-24,-0.4419343673301104,-0.8807831156232827,-0.4517053517813579
2012-07-25,-0.43891123722077674,-0.8811680586230831,-0.44906079675483834
2012-07-26,-0.45272318299370184,-0.8849703360436622,-0.45769673629246743
2012-07-27,-0.45726360439485225,-0.8811966325698075,-0.46136363879304637
2012-07-30,-0.44799228075487896,-0.8785714832816195,-0.45221460893771404
2012-07-31,-0.44903174205229995,-0.8695294045060122,-0.4470538557745061
2012-08-01,-0.4151485579439864,-0.83728658888842,-0.4031185205426691
2012-08-02,-0.41620826639742303,-0.8380297858306992,-0.4124242055702289
2012-08-03,-0.40703208680317665,-0.827856800780349,-0.3916866624081563
2012-08-06,-0.4073080435674123,-0.8225538602581854,-0.3920560855587105
2012-08-07,-0.4068142822445559,-0.82209684826841,-0.39197728256746484
2012-08-08,-0.406096638925599,-0.8212774025404668,-0.39182551063885906
2012-08-09,-0.4038854827256952,-0.82038353777843,-0.3886104966563318
2012-08-10,-0.3945276494564691,-0.8129198304544195,-0.36903410821599886
2012-08-13,-0.3916102206411525,-0.8101035127149394,-0.3658363994736231
2012-08-14,-0.3928140638257203,-0.8069506389475525,-0.3648786429774543
2012-08-15,-0.3771480108711436,-0.8084644585843846,-0.3595040000627518
2012-08-16,-0.377753238019163,-0.8068373078573197,-0.36406823263394794
2012-08-17,-0.378337101407858,-0.8058713534857465,-0.3628940129477021
2012-08-20,-0.37417035437867435,-0.8018186158894013,-0.3581588702820631
2012-08-21,-0.3651475927697284,-0.7966504344616637,-0.35077053173712797
2012-08-22,-0.3599435541233168,-0.7993235695240398,-0.3490514452707853
2012-08-23,-0.3490336741683674,-0.7889632943258972,-0.3353896203546
2012-08-24,-0.3461630463322017,-0.7870320068752514,-0.33005136484245295
2012-08-27,-0.34909345507157713,-0.7864188952064013,-0.33156942637838865
2012-08-28,-0.34190352753005404,-0.7866955261406265,-0.3282007478571772
2012-08-29,-0.34225294409225415,-0.7839693369343679,-0.3239794850058246
2012-08-30,-0.34148502330161973,-0.7797822627251011,-0.31819590967768324
2012-08-31,-0.375163435213634,-0.7915105781868844,-0.3392641524596715
2012-09-03,-0.3724122708044893,-0.7913138147594191,-0.33742614119051095
2012-09-04,-0.37931044714908774,-0.7999024330858697,-0.34293441759192955
2012-09-05,-0.37232310668238255,-0.7966465292760438,-0.3405230109212408
2012-09-06,-0.3711300874573959,-0.7963591832305497,-0.3372946651076484
2012-09-07,-0.38346424711626204,-0.7932702119713239,-0.32732684904171944
2012-09-10,-0.3852932519051777,-0.7950314153550023,-0.328230978382159
2012-09-11,-0.38336744895200775,-0.8017432316625965,-0.32458346615092587
2012-09-12,-0.3882830250388027,-0.7975975621473154,-0.3208593876720012
2012-09-13,-0.3879109767793302,-0.802128101041567,-0.32058935346970857
2012-09-14,-0.3787065632930542,-0.7759308625001692,-0.30981984968854726
2012-09-17,-0.3563336909088819,-0.8044930399938446,-0.3238095543962375
2012-09-18,-0.35266001673728603,-0.8033401135407173,-0.32216508296047625
2012-09-19,-0.35352905847914057,-0.7850877897593757,-0.29852290664728837
2012-09-20,-0.3459134743939405,-0.7764218682971039,-0.2899081229735038
2012-09-21,-0.34448330855303827,-0.7820714972591625,-0.29457637956311544
2012-09-24,-0.34220485413836854,-0.7843014046712014,-0.29677845510145107
2012-09-25,-0.3433571169921561,-0.7855919088751395,-0.29550970586055997
2012-09-26,-0.3409436503886568,-0.7891336630353539,-0.2875458284217142
2012-09-27,-0.34658038847573397,-0.7851413761251146,-0.2820831033017599
2012-09-28,-0.34693161567038333,-0.7869951034284008,-0.2796527374956555
2012-10-01,-0.34470418494442057,-0.7884275278112445,-0.2814052658818171
2012-10-02,-0.33733262301771794,-0.7918310688087722,-0.27553793460358966
2012-10-03,-0.3410065893339003,-0.7942779643027946,-0.27696375277007407
2012-10-04,-0.3346401922941456,-0.7942005804459068,-0.27293652935278945
2012-10-05,-0.3342462124438225,-0.7934611536860793,-0.27251362214554725
2012-10-08,-0.3343344691959495,-0.7968329062577272,-0.27615285760728364
2012-10-09,-0.32944035140193123,-0.7974829243369064,-0.2771617943267351
2012-10-10,-0.32982223373317804,-0.7978418267302481,-0.27528702642166253
2012-10-11,-0.3295602012667292,-0.8015048271378888,-0.27922712026722857
2012-10-12,-0.32918985906345594,-0.8004175551418821,-0.27929030434542357
2012-10-15,-0.3173445148741559,-0.8258079468949646,-0.28109077254850673
2012-10-16,-0.31378091631713156,-0.8269013957458478,-0.2882116444814254
2012-10-17,-0.34401416254703343,-0.8459349758432237,-0.30840631722911815
2012-10-18,-0.331391485118012,-0.8435311768719302,-0.2817479676473853
2012-10-19,-0.33453595337274944,-0.8353580318747916,-0.27755756004126136
2012-10-22,-0.33472181085267694,-0.8244358659515285,-0.27176064981213216
2012-10-23,-0.3407224362334731,-0.8255762247203153,-0.27589212735299584
2012-10-24,-0.3421218375405859,-0.8255337294361794,-0.27492561441586366
2012-10-25,-0.34416165114147507,-0.8227627305357813,-0.27159870380776246
2012-10-26,-0.32159562359502264,-0.7655366937073531,-0.22005060236682555
2012-10-29,-0.32352824916041584,-0.7609889087453606,-0.21847815928028827
2012-10-30,-0.3250694127754548,-0.7568923361572941,-0.22042370313922904
2012-10-31,-0.32585056261300566,-0.7445106427643441,-0.2127656988904578
2012-11-01,-0.32005573432688705,-0.7383328925074194,-0.20558077350348283
2012-11-02,-0.3139107753383225,-0.7367838784513098,-0.19067778518116482
2012-11-05,-0.30868948794481155,-0.7391199223195626,-0.18902674941819467
2012-11-06,-0.31296179601781615,-0.7397482553960665,-0.19335504437954393
2012-11-07,-0.31362962948378426,-0.7331128668833456,-0.1880563014782601
2012-11-08,-0.3140597283477385,-0.7337707315486978,-0.18893321360234752
2012-11-09,-0.30810151955010784,-0.7144566580094251,-0.16121140878564835
2012-11-12,-0.30807946545611525,-0.7143763995783993,-0.16122712252321478
2012-11-13,-0.31385161579824694,-0.7141682152012495,-0.16055844357615393
2012-11-14,-0.30440432817597174,-0.6984364894948177,-0.14398383806747142
2012-11-15,-0.3016199237971271,-0.6971059224607751,-0.1435308795246464
2012-11-16,-0.2785284772449495,-0.6760153991052236,-0.12418626048394826
2012-11-19,-0.28773876488859584,-0.6690337696708236,-0.1232264039501558
2012-11-20,-0.29137352604288375,-0.6735059573844966,-0.12891652050681185
2012-11-21,-0.29171747305812423,-0.6730394924533311,-0.12907905793463692
2012-11-22,-0.29067423029065614,-0.674581947670768,-0.1298223242505615
2012-11-23,-0.2928009072218641,-0.6644166002098223,-0.10713187634648252
2012-11-26,-0.28688984243524007,-0.6654406772281806,-0.10462009854767988
2012-11-27,-0.2864396097198425,-0.6618594912594657,-0.10107316874662561
2012-11-28,-0.27928261222525375,-0.6621335620580703,-0.09294812831200522
2012-11-29,-0.27359038985533085,-0.6742443358810858,-0.09194005151012122
2012-11-30,-0.2724209217116953,-0.6746485190984585,-0.09117093552267218
2012-12-03,-0.2716001045970336,-0.6734129917764716,-0.08912488785423271
2012-12-04,-0.27292149890046546,-0.674041945864659,-0.0885259622626598
2012-12-05,-0.2693180784298209,-0.6697536556917333,-0.08058174519944726
2012-12-06,-0.24232613816778595,-0.6409026866215596,-0.03685473139813683
2012-12-07,-0.24231184462323696,-0.6398824919528489,-0.03563595264990004
2012-12-10,-0.2415894732750151,-0.6393110553091391,-0.03544056112956148
2012-12-11,-0.24598204193237114,-0.6392716916507937,-0.036255832175231185
2012-12-12,-0.2502879053834514,-0.6398764237228725,-0.03900516964137945
2012-12-13,-0.2518445885507392,-0.6420338443531781,-0.041839490872516864
2012-12-14,-0.24838766185599595,-0.652363335891581,-0.03918545983034386
2012-12-17,-0.24843291046233673,-0.6520068570162073,-0.03898240437579342
2012-12-18,-0.24409865064478972,-0.6609091321524839,-0.04707929063579286
2012-12-19,-0.24297389530142538,-0.6618357180969867,-0.049129854990463705
2012-12-20,-0.23313652298295592,-0.6828882261040184,-0.04854776929642631
2012-12-21,-0.2553890807050517,-0.6987645627414872,-0.05929426723982963
2012-12-24,-0.2557873814911968,-0.7118977118253823,-0.06355854431415103
2012-12-25,-0.2570741490183433,-0.722059524151969,-0.06612115874802289
2012-12-26,-0.25692125352784184,-0.7219263352858095,-0.06404772996352726
2012-12-27,-0.25396897054043194,-0.7222281317920491,-0.0556388826767747
2012-12-28,-0.26047060174706965,-0.7359114086016844,-0.058517976545132154
2012-12-31,-0.26953961741117827,-0.7410306479000881,-0.057820025146770024
2013-01-01,-0.2837010987867043,-0.7619497812199069,-0.06337868223070704
2013-01-02,-0.27456269550023704,-0.762558501528037,-0.06035893929193159
2013-01-03,-0.2651507562998881,-0.7586305605133175,-0.04551579724578271
2013-01-04,-0.2645394501987916,-0.7622518194612933,-0.03615432140317326
2013-01-07,-0.2653111134600414,-0.7622364548307496,-0.037408862714339394
2013-01-08,-0.2664439257101294,-0.7632641327252677,-0.0383456245379407
2013-01-09,-0.2596278567332632,-0.7630540416423434,-0.03468851161865293
2013-01-10,-0.26685801981592777,-0.7397958874098467,-0.01852717338003216
2013-01-11,-0.2565557497612957,-0.7376741193234028,-0.012162432999192686
2013-01-14,-0.262492711090724,-0.7378548579896034,-0.01132289970684863
2013-01-15,-0.27771508862440003,-0.7525556862632738,-0.01968725687958175
2013-01-16,-0.27582823898685255,-0.7531306539906889,-0.013398495504284064
2013-01-17,-0.2773729993441339,-0.7621746190856505,-0.023812266414962386
2013-01-18,-0.27318440388147697,-0.7479086753773633,-0.0058924391753202784
2013-01-21,-0.2733519448068609,-0.7486697441558758,-0.006636755458109803
2013-01-22,-0.27141850231339326,-0.7451223999542488,-1.8304392796453376e-05
2013-01-23,-0.268911329953749,-0.7443485878042004,0.0019400734852531797
2013-01-24,-0.2677507190865271,-0.7452111000263394,0.002764745504534482
2013-01-25,-0.2641535674255772,-0.7524808185899476,-0.0014143133176039476
2013-01-28,-0.2640095209004314,-0.752682713295653,-0.0007117345132846464
2013-01-29,-0.25925942203854857,-0.7545589866631982,0.005747179424721716
2013-01-30,-0.24031377934521983,-0.7557192429982734,0.01076597136451085
2013-01-31,-0.2573742011897161,-0.7670071972698442,-6.813237061225095e-05
2013-02-01,-0.2585776375480652,-0.7693349172372438,-0.002600485908722308
2013-02-04,-0.2518255122667731,-0.7845927692563897,-0.021684572746268865
2013-02-05,-0.25187721671932284,-0.7852028833878291,-0.023009279853606616
2013-02-06,-0.25691839715268505,-0.7878812604545543,-0.026795944438934
2013-02-07,-0.2562273072810464,-0.7855912943824463,-0.02188803824472356
2013-02-08,-0.2557102309515973,-0.7847112484578106,-0.022977480381539718
2013-02-11,-0.25589560222003443,-0.7871074607519124,-0.029141267316003618
2013-02-12,-0.24849757909023745,-0.7885724858219634,-0.021116997018430384
2013-02-13,-0.25028204328914105,-0.7916308500265429,-0.020717314874108876
2013-02-14,-0.2523502644324247,-0.790888654590879,-0.019129099113307266
2013-02-15,-0.26225118619347937,-0.7935305827751705,-0.026600538554712512
2013-02-18,-0.263550709420447,-0.7934245249913329,-0.02614264697719498
2013-02-19,-0.26787289489417526,-0.7669736066523433,-0.014607844184285953
2013-02-20,-0.29629519547296457,-0.7669787509541288,-0.024135548018646858
2013-02-21,-0.267564301821833,-0.7427381566810095,-0.005894235777756646
2013-02-22,-0.2626468282937664,-0.7417265978598616,-0.005299236301683605
2013-02-25,-0.25468699329781785,-0.732595065747155,0.0019209513324398419
2013-02-26,-0.27752180098619567,-0.7110573094279722,-0.004390835344405091
2013-02-27,-0.28054796237347035,-0.7162262161223679,-0.01182387048097923
2013-02-28,-0.29500027585405164,-0.7348172690449833,-0.032937525095130524
2013-03-01,-0.2635776052500227,-0.7245139154926684,-0.025982090249187656
2013-03-04,-0.2551536002952228,-0.725184054130336,-0.028810635010782775
2013-03-05,-0.25479507780608474,-0.7241056863666728,-0.035702654540640984
2013-03-06,-0.2488965124625633,-0.7391835581397133,-0.04293171862855873
2013-03-07,-0.23955967551774895,-0.7409163211376729,-0.04236490895904123
2013-03-08,-0.2252942730362626,-0.7314955634846239,-0.03011215222908472
2013-03-11,-0.2217576816024764,-0.7281736788513109,-0.027151454586835187
2013-03-12,-0.21437428992133392,-0.7263825396392974,-0.029161252925252477
2013-03-13,-0.20083515767716095,-0.7183236316920002,-0.021768498049404145
2013-03-14,-0.19511670172367768,-0.7225100462701001,-0.026225302304749978
2013-03-15,-0.1832003239794119,-0.7141577077488931,-0.017257184465505254
2013-03-18,-0.17065849539913538,-0.7095680197068552,-0.011690111880513509
2013-03-19,-0.1733884627439697,-0.7143973621072979,-0.015566529517540608
2013-03-20,-0.16890001677770003,-0.7097417893329652,-0.019069264433368874
2013-03-21,-0.17365896850716234,-0.7181759920499091,-0.03954105816048877
2013-03-22,-0.1609510600306769,-0.7152727061492944,-0.029850315486542146
2013-03-25,-0.15076228985543258,-0.728568048725984,-0.04162988113828724
2013-03-26,-0.15375189940408485,-0.7306059195500957,-0.046555176593327176
2013-03-27,-0.15226234629665675,-0.7250038044486448,-0.041894840980385026
2013-03-28,-0.13740398804737464,-0.7172397561030702,-0.03143813327621151
2013-03-29,-0.13599483275474997,-0.7183061098593772,-0.031576750517186884
2013-04-01,-0.1130179594207178,-0.7215426869688714,-0.030301384427074137
2013-04-02,-0.10532349098390646,-0.735858716825716,-0.04841630231534702
2013-04-03,-0.11279211048421346,-0.7403005487047081,-0.05811156419162177
2013-04-04,-0.11319159455785249,-0.7396505613519841,-0.05709630778717533
2013-04-05,-0.11287425888004916,-0.7453574334574291,-0.06208727104615839
2013-04-08,-0.10232522672422961,-0.733960528486139,-0.04610781082688579
2013-04-09,-0.10890208281667232,-0.7326715464020489,-0.05230797215859661
2013-04-10,-0.09557093365838638,-0.7298450464604973,-0.047516755720958696
2013-04-11,-0.10089221307819153,-0.727157839394043,-0.04393335221110858
2013-04-12,-0.10364965360063967,-0.7244077531477531,-0.04208024792255398
2013-04-15,-0.11501758210384527,-0.7272286975751693,-0.04613619158046073
2013-04-16,-0.12091565202919995,-0.7213632984591238,-0.041853577506746675
2013-04-17,-0.11467102339331378,-0.7189700199907371,-0.018106664490949945
2013-04-18,-0.11039302881887866,-0.7166037951551312,-0.016747401085555825
2013-04-19,-0.10973386996677302,-0.7216279144017747,-0.0210501621103074
2013-04-22,-0.10610114858346437,-0.7222568803872169,-0.021533109404373696
2013-04-23,-0.09440994091537222,-0.7161661279449189,-0.007094471924141198
2013-04-24,-0.09543160884851862,-0.7196765624039234,-0.009845639220798237
2013-04-25,-0.09372692490883064,-0.7192174564487549,-0.008043288380261816
2013-04-26,-0.08044675314319179,-0.6975905448873808,0.02158541083882914
2013-04-29,-0.08566335086640892,-0.6999524396489303,0.02504073415190464
2013-04-30,-0.07368214608596511,-0.7026981949764084,0.029977947767086878
2013-05-01,-0.05435591845553919,-0.6787898326214755,0.055123092392916476
2013-05-02,-0.02713426159180485,-0.6469598026270517,0.10731282733545928
2013-05-03,-0.028154465275932943,-0.6427481993669014,0.1080805250095117
2013-05-06,-0.030295493396061846,-0.642485432309388,0.10794918694463211
2013-05-07,-0.031772899504868404,-0.642238836245694,0.10581001689278682
2013-05-08,-0.02124358327629523,-0.6375181032005228,0.11313868415994344
2013-05-09,0.01267409354747922,-0.5996502486748534,0.19371525498158426
2013-05-10,0.016904827848936207,-0.6215459170635387,0.18085542018035652
2013-05-13,0.00939999533672366,-0.6292770323386507,0.17629944754414456
2013-05-14,0.008793510595047427,-0.636421479007597,0.1782883531593191
2013-05-15,0.009814021420892471,-0.6259915800962964,0.18458496796289606
2013-05-16,0.017892344465342932,-0.6114464555331002,0.19722918748149926
2013-05-17,0.02979055975893249,-0.5715573660449765,0.2669663122301975
2013-05-20,0.024228456455839632,-0.5502430892058809,0.3029137216760762
2013-05-21,0.021518821816468383,-0.5474092741376811,0.3043672910153081
2013-05-22,0.017148992767638538,-0.5408227447938444,0.3233309542947524
2013-05-23,0.029754978922180358,-0.5596723499579118,0.3487055439646755
2013-05-24,0.05700795569790572,-0.5527244365719598,0.35898519058050454
2013-05-27,0.05792755681748101,-0.5516339973305724,0.3650036497387101
2013-05-28,0.06277286695753655,-0.5605689505407653,0.3854233147834214
2013-05-29,0.08570861145103358,-0.5545974625131653,0.43119260750019545
2013-05-30,0.09996005599386941,-0.49415860973350995,0.5060197638140275
2013-05-31,0.07705221436070821,-0.4933602305581029,0.5111081663786212
2013-06-03,0.05118021829922962,-0.45092743055124773,0.5365834908848811
2013-06-04,0.05037592837486616,-0.4477340865663883,0.5393373823613131
2013-06-05,0.04881871767700944,-0.4378650525701383,0.5492549179400199
2013-06-06,0.08008448713421133,-0.3902273393985805,0.6054269934245904
2013-06-07,0.0760980409032773,-0.3900246415968901,0.6079625158822926
2013-06-10,0.0829177378708401,-0.3743863281060585,0.6274662501687952
2013-06-11,0.11746657064784882,-0.3755856277827455,0.6427983390491863
2013-06-12,0.11979445745924457,-0.3752155060315769,0.6437521183121311
2013-06-13,0.11498855829838733,-0.37692560515778684,0.6403330803677753
2013-06-14,0.11300171718269945,-0.37406362017095957,0.6421220969867859
2013-06-17,0.11356037157428911,-0.37568631361200483,0.6408530810246506
2013-06-18,0.16021739044532032,-0.28217927882559396,0.75071367290481
2013-06-19,0.13593196503575072,-0.298701066164353,0.7290777560663018
2013-06-20,0.09687581221261297,-0.31747498456143713,0.684385079795326
2013-06-21,0.10344721507788629,-0.3032758250117721,0.7013015706346007
2013-06-24,0.08326153722820916,-0.3139319585590138,0.7189288102622405
2013-06-25,0.0978076142157317,-0.3109812028181116,0.7397314910489327
2013-06-26,0.10416730778640343,-0.3111288695596119,0.733927573089796
2013-06-27,0.09991223835332315,-0.31560383216398674,0.7272864556367078
2013-06-28,0.08990296889410834,-0.3198050673869314,0.7285783941332662
2013-07-01,0.09175118722211888,-0.31834435076080936,0.7299611911877816
2013-07-02,0.09312470295587427,-0.3117100191604715,0.7310158504277534
2013-07-03,0.0964268385472266,-0.306421413964249,0.7383506552811308
2013-07-04,0.09841821426730453,-0.30592130005177154,0.7389251141614048
2013-07-05,0.06256421018257587,-0.3026671511311612,0.7052074036236535
2013-07-08,0.05694019859526934,-0.3113728029298569,0.7045852956334957
2013-07-09,0.062010012580795436,-0.3042010776933709,0.7195343321437627
2013-07-10,0.08680602020888668,-0.2831487190204393,0.7375100354689025
2013-07-11,0.11378014989494525,-0.1962496284247535,0.74632809063946
2013-07-12,0.10891349902892547,-0.18802256583159893,0.7536030300158214
2013-07-15,0.1322578658801546,-0.1650947639640068,0.7739602199653601
2013-07-16,0.12540972163922148,-0.1559599951157818,0.7744123223327201
2013-07-17,0.12492911942722398,-0.1437664331259444,0.7773362987245327
2013-07-18,0.1231101584217485,-0.14976308647648834,0.7752266463228316
2013-07-19,0.11741090501194372,-0.14469615880502518,0.7711699281599481
2013-07-22,0.11341010324652055,-0.13880463089461684,0.7773617874691431
2013-07-23,0.12844772261344817,-0.12599906199682448,0.8035650123284549
2013-07-24,0.11930591380935497,-0.1325647435773977,0.7968390656619774
2013-07-25,0.11580128170167926,-0.1348210076841901,0.7985279123221621
2013-07-26,0.11660542026569849,-0.13112721247212974,0.8009775936202274
2013-07-29,0.11414968056464828,-0.13144539048672296,0.8006764015761085
2013-07-30,0.11046346912837651,-0.13490681640553717,0.7964878300614855
2013-07-31,0.11001584029015689,-0.13636011066584822,0.7930102062749197
2013-08-01,0.11154099820146185,-0.14260853389002318,0.7791123054181708
2013-08-02,0.11832047542917523,-0.14653247925184387,0.7788438014682368
2013-08-05,0.11801758943002418,-0.14361486175297097,0.7828962242779909
2013-08-06,0.11686624089703493,-0.1446529572054857,0.781524349469589
2013-08-07,0.11781668646418604,-0.14158596387747602,0.7840039780499036
2013-08-08,0.10650652327119402,-0.14281337982421888,0.7814974039610232
2013-08-09,0.10454330113813073,-0.141734132603114,0.7778423933589061
2013-08-12,0.10301047219150881,-0.1398075692762199,0.7782943529236401
2013-08-13,0.10524039391019924,-0.13855311598462627,0.7768959744657569
2013-08-14,0.10482839123378553,-0.1390345067602427,0.7774396888176236
2013-08-15,0.1061996354926745,-0.12876633134444798,0.7769670531882823
2013-08-16,0.10911791114587184,-0.1299494308053448,0.7782341415420211
2013-08-19,0.11202677117376596,-0.12813235339235418,0.7801224546776528
2013-08-20,0.12852685789233803,-0.10924556634637901,0.793628021210337
2013-08-21,0.11749959468833802,-0.12512336197599197,0.7836306435123023
2013-08-22,0.11973507190936473,-0.12103054016861309,0.7813676743239379
2013-08-23,0.11744544748666239,-0.12521239556274286,0.7782351461567162
2013-08-26,0.1232981305435529,-0.12531399162689855,0.7816403102940431
2013-08-27,0.15283096597711512,-0.11516255736659911,0.7974698513217916
2013-08-28,0.15530764298093538,-0.11639343167165588,0.7935518624491638
2013-08-29,0.1633075250882556,-0.10661042131219889,0.7962137061663701
2013-08-30,0.1637883790728543,-0.1086361841922952,0.7945325017873653
2013-09-02,0.16919601369633847,-0.09740094899969778,0.8028866123335314
2013-09-03,0.1716898520638077,-0.10665292624707329,0.812862527724983
2013-09-04,0.16846418753392003,-0.10794868559775941,0.8128225179501777
2013-09-05,0.16430923532902242,-0.09362710059210302,0.8148011490321138
2013-09-06,0.15880805233456416,-0.10524904876004762,0.8090153662883809
2013-09-09,0.15289826491282274,-0.11081170560619659,0.802853621102124
2013-09-10,0.15258747006467077,-0.11025419619237133,0.8049622414503722
2013-09-11,0.15754688190217553,-0.11577586722911629,0.80282996507393
2013-09-12,0.15758453248635199,-0.11563469875886954,0.8026779965800267
2013-09-13,0.1585216418539786,-0.11880197497428945,0.8051531916435258
2013-09-16,0.1686103115244403,-0.11645196048340238,0.8098387815200018
2013-09-17,0.169550222432735,-0.11038376790898288,0.8118254812517207
2013-09-18,0.15472507005496222,-0.13670397858912725,0.7830958295279676
2013-09-19,0.1533501973474793,-0.14057678214158748,0.7840939301970411
2013-09-20,0.15822209474021784,-0.13719423025556712,0.7871597549638377
2013-09-23,0.16154755658944492,-0.12765754426839285,0.7989217224660763
2013-09-24,0.15874166780275814,-0.1261501062188864,0.7993289532294616
2013-09-25,0.1648376372189019,-0.11672947303431663,0.809162037679192
2013-09-26,0.1630104637625095,-0.1148857050636953,0.8110701038704732
2013-09-27,0.16799295461220243,-0.10905475414639872,0.8136262629096578
2013-09-30,0.16923368624765342,-0.10624047983065023,0.8175280274872776
2013-10-01,0.16754876795666893,-0.1085166129382215,0.8163277909926354
2013-10-02,0.16921838555672858,-0.1146462222765185,0.8132301276893394
2013-10-03,0.1679309003029659,-0.10613690350932994,0.8248387044540042
2013-10-04,0.18738410803228756,-0.0952785084784559,0.8353114732137088
2013-10-07,0.187884831495516,-0.09495445372154733,0.8355461872594211
2013-10-08,0.18999164931651738,-0.09379945135736956,0.8371606752038798
2013-10-09,0.19392647450983855,-0.09126224646703182,0.837885500120901
2013-10-10,0.20238109735035079,-0.0778864018576356,0.8533410317278444
2013-10-11,0.2031993425106787,-0.07844942412314541,0.8513989989578761
2013-10-14,0.2015541243688975,-0.07630997511636554,0.8505565078914439
2013-10-15,0.20153423847670104,-0.07704779857797495,0.8481435794211953
2013-10-16,0.2018914461667658,-0.07611403735373161,0.8498103849933155
2013-10-17,0.2034277044851815,-0.08380838991863535,0.8393549478999454
2013-10-18,0.20365460935136087,-0.08383172878258464,0.8393361526020954
2013-10-21,0.1987819208113761,-0.08503042826061302,0.8374627419013081
2013-10-22,0.19800285124819467,-0.08421227923370884,0.8247079610512521
2013-10-23,0.19398834980616747,-0.08469797891306984,0.824240221031509
2013-10-24,0.19717360099012868,-0.08419644760923035,0.827123417217323
2013-10-25,0.20199060895585172,-0.08212733976707545,0.830208939974664
2013-10-28,0.2029689524261391,-0.08188018181248712,0.8314848934864907
2013-10-29,0.2009007574624797,-0.08451923553380745,0.8257076236710488
2013-10-30,0.20140984450133678,-0.08551989434990645,0.8228154934714584
2013-10-31,0.20535098753257544,-0.09204857694292343,0.8120064463866632
2013-11-01,0.20941272229446076,-0.10414866359231617,0.7988843256808309
2013-11-04,0.2077772424500241,-0.10536891380818018,0.7982799472568907
2013-11-05,0.20642506278802705,-0.11114927885830429,0.7932520024598229
2013-11-06,0.216673219124388,-0.11286021473837732,0.7984734690434306
2013-11-07,0.20726662510704172,-0.11226102343970798,0.7936930185546524
2013-11-08,0.20019444449355075,-0.11430184398661264,0.7914520096791253
2013-11-11,0.2024891143864545,-0.10580562003257238,0.799287452113433
2013-11-12,0.20811423701844808,-0.11205177661123203,0.782838398874663
2013-11-13,0.20599337929351857,-0.1163322283977443,0.7802955263497343
2013-11-14,0.20787864958181004,-0.11614725713676326,0.778611097157945
2013-11-15,0.20542880914051637,-0.11419744762784577,0.7800795829453648
2013-11-18,0.20269068949773217,-0.11280435957143599,0.7812330957524088
2013-11-19,0.2012654283672528,-0.11251687195308559,0.7815923708866983
2013-11-20,0.19139662550980194,-0.11108197557437116,0.7727079045502244
2013-11-21,0.1956210539712084,-0.10840759785169136,0.7750379798480376
2013-11-22,0.19776978874783727,-0.12212596125122192,0.7593080084232372
2013-11-25,0.18218443926623842,-0.1489954935375932,0.7230586937000577
2013-11-26,0.18671027267767173,-0.14603768478329804,0.7243848149959058
2013-11-27,0.1860079265864135,-0.15001131263442768,0.7210607899173781
2013-11-28,0.1920970175852665,-0.14749933795342882,0.7247761929811711
2013-11-29,0.19784855965964313,-0.14565876055892454,0.7289629734485974
2013-12-02,0.20373624727645834,-0.14376938947429527,0.7316179828528674
2013-12-03,0.19850301952716437,-0.1302999944484203,0.7388646659603711
2013-12-04,0.19760156850912547,-0.13114505472936117,0.7383452720580849
2013-12-05,0.197693928666181,-0.12960163280056505,0.7364319535566427
2013-12-06,0.19771565890766532,-0.1271564390418576,0.740519995400576
2013-12-09,0.19645231933142085,-0.12919260041196406,0.735469765307464
2013-12-10,0.21075553574956893,-0.11864833429895635,0.7466270747573525
2013-12-11,0.21359913822495769,-0.11865207140759418,0.7473944142814261
2013-12-12,0.20902603427165078,-0.1197277243576045,0.7473473676117779
2013-12-13,0.2098052776479633,-0.11935980591281646,0.74804333012396
2013-12-16,0.21034434875243418,-0.12107985149517488,0.7459154398500026
2013-12-17,0.21079267286317618,-0.12202919973420613,0.7447990578308997
2013-12-18,0.2059337311693737,-0.12273661599868065,0.7445497432628762
2013-12-19,0.20390669652400564,-0.13049479090892369,0.7319837739238547
2013-12-20,0.1963112680452279,-0.12868380226636977,0.731144013275238
2013-12-23,0.19482141485981538,-0.12734202794101016,0.7292064248498309
2013-12-24,0.19317894684002573,-0.1278867392547742,0.729170319632733
2013-12-25,0.1940662642484022,-0.1252687762406496,0.7313290451834129
2013-12-26,0.19494404201851553,-0.1231903702377848,0.7328702006782898
2013-12-27,0.18900106698148106,-0.12540715570533678,0.7304807817753035
2013-12-30,0.2000297051067317,-0.13478836052918064,0.7298553525321334
2013-12-31,0.19350306841607376,-0.1412488632268469,0.7260438603087018
2014-01-01,0.19699384699258246,-0.1407789967705691,0.7273292629223523
2014-01-02,0.19782919525213905,-0.12930749545091644,0.7268007140404028
2014-01-03,0.20531110676576872,-0.12739149657041532,0.7296997630567363
2014-01-06,0.2079616129066061,-0.11882532855407148,0.7373132937137442
2014-01-07,0.21059927123261654,-0.11882409796111157,0.7367499141151033
2014-01-08,0.20980699658632543,-0.11878371025717623,0.7353439901838527
2014-01-09,0.2111161812392206,-0.11939896267597408,0.7328267250328871
2014-01-10,0.20597465771717555,-0.12010618373194727,0.7281121089196381
2014-01-13,0.20409530425902717,-0.12321435569636141,0.7267548156291238
2014-01-14,0.20401003776153592,-0.11210057319648577,0.7347611357041454
2014-01-15,0.20159841115423932,-0.11113706365517402,0.7374437113896931
2014-01-16,0.21050471986012348,-0.10724169265308339,0.7409758565548454
2014-01-17,0.197285269017949,-0.09944814110025106,0.7440002301277802
2014-01-20,0.19913092734946686,-0.0957548068620671,0.7471853435832503
2014-01-21,0.20028089646248468,-0.09301635344491768,0.7501668706381229
2014-01-22,0.1979303102872639,-0.07521785519377214,0.7727810843205273
2014-01-23,0.23529515484795704,-0.06026186671942678,0.8031919205940323
2014-01-24,0.23896873249517236,-0.05744086062432559,0.8067071802971408
2014-01-27,0.2366312409993895,-0.058325655361046086,0.8084216841768508
2014-01-28,0.2378973414882424,-0.058749073820292506,0.809470867416724
2014-01-29,0.2386273624566823,-0.06028772079164435,0.8097343142694147
2014-01-30,0.24519651080529753,-0.05214986558145071,0.8161720811373783
2014-01-31,0.24062297608454486,-0.04788740941869678,0.8171603090730936
2014-02-03,0.24668840551906104,-0.03768885960308203,0.8272898167589151
2014-02-04,0.2552745172988601,-0.03192868862709447,0.8313536129448429
2014-02-05,0.25467756308569833,-0.032943775790550356,0.8306619700058843
2014-02-06,0.2541656868866003,-0.03763102458833841,0.8280293700472191
2014-02-07,0.27615018542228575,-0.03464031512008364,0.8415003762672347
2014-02-10,0.28296376904950693,-0.027561391729922745,0.8576851122130267
2014-02-11,0.2822295669787521,-0.02743639668285034,0.8576321985251144
2014-02-12,0.28915128375502025,-0.027611730600046163,0.8605231186968059
2014-02-13,0.30062035611756266,-0.03428287200071803,0.8626241138219605
2014-02-14,0.2984689599554573,-0.03343296597426728,0.8682455356061627
2014-02-17,0.2965589686313421,-0.02413219337373212,0.8789645885663013
2014-02-18,0.2885229205489443,-0.016795356645838297,0.8826931764590027
2014-02-19,0.2877183493672542,-0.015047026555823325,0.8809505713101163
2014-02-20,0.2903837273010179,-0.007143998536391485,0.8855919813138572
2014-02-21,0.2828325034261321,-0.001517437308625332,0.8821211208804787
2014-02-24,0.2839626959631354,0.0064979060530411656,0.8889509299944546
2014-02-25,0.27788467653680715,0.007540585414330367,0.8908623895324299
2014-02-26,0.27853349369565855,0.008852095709647496,0.8920774936486799
2014-02-27,0.27744150151382807,0.006747325455766065,0.891066667268957
2014-02-28,0.2883181748592279,0.01333150649776367,0.8927366802558238
2014-03-03,0.28442336715575955,0.01344548651735114,0.8929291391871623
2014-03-04,0.2834786932098668,0.014961427592540488,0.893956439069422
2014-03-05,0.2737274458369646,0.016783961471769946,0.8962146383284727
2014-03-06,0.27038524825477583,0.02569250845472438,0.8963576416022215
2014-03-07,0.26953392614555827,0.02301116962981102,0.8982324158704834
2014-03-10,0.270304189293533,0.025141866846011045,0.8989488737751762
2014-03-11,0.26772173859986353,0.03179884640443332,0.9015507322465466
2014-03-12,0.2577508347516335,0.04348711149968823,0.9138949466218185
2014-03-13,0.2564161422817534,0.04270919383692743,0.9129673893922056
2014-03-14,0.25690521794578697,0.034851857041771774,0.9100333312445484
2014-03-17,0.25162503685837484,0.034795626007434736,0.9106880443272188
2014-03-18,0.2520796877107388,0.035197949054727506,0.9105596467630741
2014-03-19,0.24188835152433275,0.05678226745047369,0.9300800897106797
2014-03-20,0.23524834041373738,0.05946518942913627,0.930788615353843
2014-03-21,0.23222573796535592,0.05731115354634931,0.9282215859034845
2014-03-24,0.23158089055955144,0.05938983112849199,0.9290937208634714
2014-03-25,0.2327738085456896,0.06580076174161384,0.9353677681216482
2014-03-26,0.22433245724700263,0.060702470673949877,0.9246771936312931
2014-03-27,0.2372418780356878,0.06778091494564556,0.9340323216605794
2014-03-28,0.23106553059699356,0.0670313901213162,0.9346705432069681
2014-03-31,0.2353313473417144,0.06651767412061824,0.9355963751926711
2014-04-01,0.2389135835726601,0.06676101010066463,0.9377979549293856
2014-04-02,0.2507455927602322,0.06925582606872259,0.9426266176752038
2014-04-03,0.2635863779833122,0.07311686850972143,0.9477325351740501
2014-04-04,0.26812298408699436,0.09573221703254325,0.9562566514555568
2014-04-07,0.2686287949538526,0.08711857819526685,0.9533248537445155
2014-04-08,0.26206590538830193,0.08674461123430162,0.958145545814402
2014-04-09,0.25818511955903195,0.09018727299839006,0.957283157674482
2014-04-10,0.25538582160609724,0.092054571941812,0.9553556737230093
2014-04-11,0.2548210431660139,0.08879293884894611,0.953117127917848
2014-04-14,0.2616298140785126,0.10925117223326261,0.9624716850984264
2014-04-15,0.2547339288936332,0.1069523817501206,0.9571178419178277
2014-04-16,0.26248455485433947,0.11273038605335568,0.9588584552651177
2014-04-17,0.2571029670002456,0.12363138581823352,0.9651830219602754
2014-04-18,0.24904895351339618,0.12131899855390772,0.9632833049093125
2014-04-21,0.23556577479437923,0.11617052243983948,0.9411649075433316
2014-04-22,0.23779216030099365,0.11488543302488079,0.9436192091264461
2014-04-23,0.24051681829660668,0.11639489305991338,0.9454123263225712
2014-04-24,0.23992236557608873,0.11544786685669917,0.9453227903966207
2014-04-25,0.23876320209100121,0.11511259054575278,0.9431859289162866
2014-04-28,0.2108926503073742,0.12918830552399943,0.9076300348420586
2014-04-29,0.21167702164355717,0.12917134227568758,0.9061539462263002
2014-04-30,0.2088649700890355,0.12508402004852806,0.9039461965932982
2014-05-01,0.20875708701260623,0.13300047728319492,0.901170284466572
2014-05-02,0.20711543271360772,0.12272711910079752,0.8946328209439923
2014-05-05,0.20094286411552298,0.11140370232701569,0.8859412232616886
2014-05-06,0.1968500172943979,0.11780011526363858,0.8559758685622197
2014-05-07,0.20556468984237622,0.10561813687596074,0.830958385579311
2014-05-08,0.2089096708614964,0.11333334857578241,0.834278286259608
2014-05-09,0.2267647393417233,0.11076074722209422,0.8330110226045717
2014-05-12,0.21539744001097752,0.13031766241745704,0.8070374119227248
2014-05-13,0.21590767842740405,0.13945734645572078,0.8177319029682083
2014-05-14,0.21571384536475646,0.13999256485743872,0.8163250084586607
2014-05-15,0.2015958347504295,0.14551778524763,0.7989459626907313
2014-05-16,0.1803352088432464,0.1465347404561151,0.7573034866723911
2014-05-19,0.17216305984219213,0.09204441737018454,0.6802269451731403
2014-05-20,0.1879738777224754,0.09363785339742167,0.6778881277133423
2014-05-21,0.225283264850898,0.0596904071528486,0.6543863386918018
2014-05-22,0.2302054917036474,0.05813608262053848,0.6567795078215467
2014-05-23,0.22295811457908404,0.04886832203223613,0.644835448738587
2014-05-26,0.19663300025923602,0.03230215182825364,0.6022901013965967
2014-05-27,0.19970527580316083,0.0277045186225064,0.5977972569755382
2014-05-28,0.19335100168540487,0.04065782054457773,0.6027304599072782
2014-05-29,0.15005566522564964,0.04625418047138962,0.5809194778220909
2014-05-30,0.156764645439128,0.051082216301185875,0.5914777932946979
2014-06-02,0.16245164904284032,0.03923909853250219,0.5832567884575103
2014-06-03,0.16178275501546188,0.040773487536592476,0.5867033443184441
2014-06-04,0.16568679133021302,0.04125179351245732,0.5893228510616249
2014-06-05,0.15880651169780738,0.03388560602765356,0.583299463374581
2014-06-06,0.18449061630588962,0.06519443982703003,0.600296168962084
2014-06-09,0.2413754113447058,0.10215731968967531,0.6632292181579889
2014-06-10,0.23842706333784563,0.08859705152518725,0.6398044832424039
2014-06-11,0.24123264949913684,0.08885006814861278,0.6431336817770321
2014-06-12,0.22544656845050365,0.08201976459554673,0.6377855575640144
2014-06-13,0.21614783752491995,0.08407627664301352,0.6397766276013868
2014-06-16,0.2200601882905368,0.0916074564161961,0.6502505118553074
2014-06-17,0.22731931848985454,0.09250990450888072,0.6452002529811649
2014-06-18,0.2290078173706596,0.09111014790336856,0.6448779205153914
2014-06-19,0.25477775707621103,0.09746431098379592,0.6493793553184258
2014-06-20,0.24909449716317378,0.09479292669603363,0.6404511990309795
2014-06-23,0.2470864573416738,0.09358960851772129,0.6387778708782462
2014-06-24,0.31025562478603486,0.1239490398982956,0.6803143877525558
2014-06-25,0.3211949808492184,0.1364295575381954,0.6813792205526914
2014-06-26,0.30838246838668804,0.13433402246825626,0.6681511644094513
2014-06-27,0.28929873346312207,0.1058653022352153,0.6446726991244455
2014-06-30,0.280767021472197,-0.004825227497129612,0.6380683307767246
2014-07-01,0.293099143450943,-0.010801174708453206,0.6363367347899367
2014-07-02,0.28905353355392666,-0.023781225401801,0.6296609494634025
2014-07-03,0.3044589818388211,-0.030192442714961323,0.6364428309939237
2014-07-04,0.3015874114768123,-0.05322582422619581,0.6301232089525634
2014-07-07,0.30003010024339244,-0.04861155412181331,0.6312743155800761
2014-07-08,0.3012723791343997,-0.059124280535790365,0.629466710477258
2014-07-09,0.2998562620542327,-0.07009780015534561,0.6220800534863199
2014-07-10,0.3040800219906695,-0.05968701008313714,0.630059636721299
2014-07-11,0.31978374912726293,-0.04111465767264217,0.643546474851249
2014-07-14,0.3270971090956366,-0.037649794298801796,0.6405156059955551
2014-07-15,0.32026886371840835,-0.05006966418484638,0.6312301321217316
2014-07-16,0.32191189725874453,-0.04356653338976788,0.6354942799121118
2014-07-17,0.3330015395570662,-0.03333045258578387,0.6451048701076533
2014-07-18,0.32941009784302466,-0.03014130398659731,0.6490053443206928
2014-07-21,0.33839300689320917,-0.006763114804692721,0.66930318894815
2014-07-22,0.33094591417861086,-0.0019416458672587354,0.6808491555906198
2014-07-23,0.33281634594744947,-0.001823125091796359,0.6829016218444484
2014-07-24,0.33395164118776516,-0.0005828989356892327,0.685363043012566
2014-07-25,0.33143030261203543,-0.006738861428272037,0.6798355676765295
2014-07-28,0.3412606170467363,0.0015528408749334636,0.692135193192116
2014-07-29,0.3301046920639461,-0.007390499529454891,0.6903161104625637
2014-07-30,0.33102147247775965,-0.025048802290554308,0.6842271645838052
2014-07-31,0.32716760757665087,-0.02350063174849687,0.6866573763725127
2014-08-01,0.32946662064086557,-0.014112005402833338,0.6999253339412314
2014-08-04,0.3155815664842862,-0.03865663090105844,0.6918901120156769
2014-08-05,0.3140711194884211,-0.03303585104901164,0.694726641833021
2014-08-06,0.3140286116449667,-0.03299591436515854,0.6872243728958664
2014-08-07,0.28914165931009583,-0.06040808239736358,0.674870933515858
2014-08-08,0.31904253788782316,-0.03328218252616773,0.6879828278167517
2014-08-11,0.32181173448582506,-0.03843185431489034,0.6952362791341936
2014-08-12,0.32517025363282753,-0.025659494144064706,0.7049653242778152
2014-08-13,0.330738402136843,-0.021596569333214154,0.7073625563300792
2014-08-14,0.3166522747862194,-0.03856006172175457,0.689408042230976
2014-08-15,0.3187686019580471,-0.028384345325356473,0.7008756021444534
2014-08-18,0.31635921228215536,-0.04305189565062919,0.6873387547790012
2014-08-19,0.3181878824463474,-0.033334389836621986,0.7001049631273627
2014-08-20,0.32476830106936444,-0.027986662034163223,0.6933121334605659
2014-08-21,0.31320305430404266,-0.014858985960314125,0.7078157921761092
2014-08-22,0.3275048514558494,-0.01735965803903493,0.7155001393929696
2014-08-25,0.3251034591899024,-0.049583476560330166,0.70475533568366
2014-08-26,0.34122605605610834,-0.026841903634340202,0.719228595664444
2014-08-27,0.34812879475013003,-0.025863256900075685,0.724773312625149
2014-08-28,0.34672605632503745,-0.02295548763545061,0.7243596225473525
2014-08-29,0.34672093066447696,-0.01673845292650779,0.7362613956782145
2014-09-01,0.34686292512115147,-0.017318407173924435,0.7360273280890524
2014-09-02,0.33444289352054546,-0.010784594809828662,0.72832646089164
2014-09-03,0.3380305886331012,-0.011710715763981508,0.7233665499736035
2014-09-04,0.4579991547882629,0.037097440948722256,0.7795979122119073
2014-09-05,0.5087067788783799,0.10175374627460214,0.848329253616863
2014-09-08,0.47955547984515307,0.08812192869462586,0.8366853751040209
2014-09-09,0.4785827071759854,0.08893332103246739,0.8353569281108504
2014-09-10,0.4782792628116642,0.08885883216572069,0.8353566844533344
2014-09-11,0.483714416301284,0.0852042080354708,0.8333118602734377
2014-09-12,0.4776518994445231,0.07963787374359003,0.8314658653180167
2014-09-15,0.47178978099602853,0.08319522183288004,0.8345331448640092
2014-09-16,0.4548074169793449,0.054018139767546214,0.8213333026079737
2014-09-17,0.4413768693940206,0.05151443343185654,0.8301047708162451
2014-09-18,0.43856886856802557,0.05066490141635625,0.8315092997000733
2014-09-19,0.43585111576126695,0.06488661166389256,0.8523400441427089
2014-09-22,0.43598122430231206,0.0575225576596846,0.8467044130738666
2014-09-23,0.43075418557042333,0.044302385380543624,0.8375896715548613
2014-09-24,0.4518441336387787,0.06293914251296971,0.8549322606720922
2014-09-25,0.4287574511385611,0.049559079621285765,0.8382207210809761
2014-09-26,0.4082546825346668,0.06749833171569372,0.8521787635142614
2014-09-29,0.41384555980169935,0.0715670956629026,0.8582435093599334
2014-09-30,0.45411306996438106,0.07652512127037273,0.861260825250827
2014-10-01,0.4560926430741325,0.07224141950847304,0.8588994109331998
2014-10-02,0.4333431807040453,0.08539866037879743,0.86822882161401
2014-10-03,0.3779991529549799,0.1759259106051336,0.9178543541464607
2014-10-06,0.3777804526708147,0.2271276001707072,0.9522493558573087
2014-10-07,0.37811364615938753,0.2139119416939732,0.9446792919113908
2014-10-08,0.3673717745972932,0.20108190473467502,0.9405015981380241
2014-10-09,0.362755505276606,0.21740705268072122,0.9597268735898221
2014-10-10,0.33657860761160263,0.2150449708758132,0.9484571442393198
2014-10-13,0.33232404739623755,0.20729903621997875,0.947811625908497
2014-10-14,0.31476054803209935,0.21560352506813982,0.9511066154160124
2014-10-15,0.3091660298775626,0.3085915574345552,1.0106039425167819
2014-10-16,0.31678646104213226,0.3155568821061184,1.013058744107962
2014-10-17,0.3190355538138961,0.3388625775576422,1.0322999435059081
2014-10-20,0.3115455995305435,0.362476153634736,1.058162327751149
2014-10-21,0.31456345065218927,0.3992087141071231,1.0919591914836297
2014-10-22,0.31668658564314267,0.41555612829855054,1.0896699065130704
2014-10-23,0.3147760835567044,0.4282024194699202,1.099289420380997
2014-10-24,0.319528696077629,0.42243717048722024,1.0995771553186093
2014-10-27,0.3394895312853421,0.44678051464536955,1.120450704351352
2014-10-28,0.3541008048442164,0.45833341912918285,1.12630358950552
2014-10-29,0.31915618524951006,0.474577479814755,1.1355323104348514
2014-10-30,0.3323868518203086,0.4903712961778215,1.1424258027879868
2014-10-31,0.39253717481073624,0.4999595488303894,1.1572220318678272
2014-11-03,0.3780543982299194,0.493409344286376,1.1491571377527439
2014-11-04,0.3916402937505159,0.4924434810116258,1.1493958775684345
2014-11-05,0.38181375216466773,0.49569494617212123,1.1345927644029368
2014-11-06,0.39341021274305976,0.47605420183037794,1.1211643566452503
2014-11-07,0.398169479413266,0.4805659249831007,1.139174765277836
2014-11-10,0.3982020699698887,0.4766761144334584,1.140960754164645
2014-11-11,0.37220469215977564,0.49935193068191625,1.1605224665732095
2014-11-12,0.3803002311679373,0.5039298252128523,1.162429147147539
2014-11-13,0.3702047885456615,0.499066008370317,1.1580532476807741
2014-11-14,0.3668509132103901,0.4979944709202757,1.1609182606212907
2014-11-17,0.370016120083005,0.49177763056462936,1.1627319143029968
2014-11-18,0.3692413298269751,0.476424109872731,1.1506639359227713
2014-11-19,0.35842836531500766,0.4798109830873004,1.1503760074219926
2014-11-20,0.3603065464477066,0.45705144934047803,1.1319527837572052
2014-11-21,0.3949826992735722,0.5015029273729723,1.1590376144215693
2014-11-24,0.39183584244384795,0.5227449161044695,1.182763858475832
2014-11-25,0.41070692140058646,0.5198673446662371,1.1754647881419675
2014-11-26,0.4134736765468042,0.5179226505308451,1.1776644811917072
2014-11-27,0.4172640878582577,0.5218355656345586,1.1804169876471677
2014-11-28,0.36862282028132576,0.4858194648606984,1.1279639244580073
2014-12-01,0.3595784825892886,0.4867778748766404,1.1158907028139922
2014-12-02,0.34139238353357926,0.47322823615597837,1.119924856392475
2014-12-03,0.34217426417473784,0.4751865353981815,1.1213811354132153
2014-12-04,0.35110724001114685,0.48248649735160926,1.1267910605120703
2014-12-05,0.3392403768160732,0.4796153057006241,1.1285666628681665
2014-12-08,0.3609011861092053,0.5217006413503646,1.17110316466154
2014-12-09,0.36687790850507696,0.5273128168552563,1.168207777804973
2014-12-10,0.37658907924123614,0.5421507963175765,1.1822292773901688
2014-12-11,0.3622061476492681,0.5207588925583201,1.1630605443929667
2014-12-12,0.37966895758953406,0.5226817363314675,1.1683139516282166
2014-12-15,0.374816133680962,0.5127050996293792,1.1601521764691138
2014-12-16,0.3753630965981421,0.5274773624873571,1.172942407089768
2014-12-17,0.43320659244969834,0.6459201059823347,1.229943697662047
2014-12-18,0.4372062553115911,0.6523488765219537,1.2343152683960814
2014-12-19,0.44590370214181996,0.645148740111978,1.236824201835831
2014-12-22,0.4513636395525213,0.6556619874824641,1.2568844860823316
2014-12-23,0.44432337402209454,0.664088526126613,1.2530957685545048
2014-12-24,0.4432238746018046,0.6629631873150924,1.2554704561400463
2014-12-25,0.44258330321755146,0.6641697632394783,1.2546226481507108
2014-12-26,0.4462261675532556,0.669195595554599,1.2599364346539554
2014-12-29,0.4490265075712752,0.6618262061621623,1.2579713347219612
2014-12-30,0.4548745630299143,0.6651431623807345,1.2697336363979066
2014-12-31,0.4601702419984442,0.6817854357278508,1.2757799826896021
2015-01-01,0.45777026407859794,0.6800117617614758,1.2728995798055016
2015-01-02,0.4208398852699313,0.6860728675308527,1.273554538680297
2015-01-05,0.410487431552499,0.6890167802065392,1.2685434598154344
2015-01-06,0.41216722680872636,0.6928554948114927,1.2683357267776056
2015-01-07,0.4263147393381085,0.694374236654979,1.2703896833444648
2015-01-08,0.4513629371931428,0.6991134633784925,1.275672736295265
2015-01-09,0.4536558024655478,0.6917034360804041,1.2667143952408684
2015-01-12,0.39723485789969937,0.6871078224494669,1.2314945727975448
2015-01-13,0.3949671189074599,0.685449491625317,1.2269814636203096
2015-01-14,0.39154618368959704,0.6883295713143913,1.228972367728583
2015-01-15,0.3397251013177737,0.6889668672079696,1.1998105570178383
2015-01-16,0.34312239173029946,0.6883257744608273,1.2025837829862167
2015-01-19,0.3348072465830697,0.697744412684966,1.2039334525197358
2015-01-20,0.31960079559608223,0.6969717389519263,1.2035504917999178
2015-01-21,0.32345800659447765,0.6932143315063468,1.199500481326847
2015-01-22,0.3403539717149594,0.6919621437244118,1.1931254776580968
2015-01-23,0.31911040432500504,0.6858649513768922,1.1966488283998886
2015-01-26,0.3226264160723793,0.6911467076404096,1.2021672904983267
2015-01-27,0.3241115100715085,0.7097204606176664,1.201846977101201
2015-01-28,0.3038901457791498,0.7088573836835493,1.1953658795282545
2015-01-29,0.3059949244215367,0.6978008457782465,1.1896943628089904
2015-01-30,0.30574052526498613,0.6995237590436875,1.1910924784002113
2015-02-02,0.27384876882345116,0.7105177266606988,1.181682138191275
2015-02-03,0.2692373745513191,0.703213844972362,1.1523360009835406
2015-02-04,0.26797369370771396,0.6904856416601042,1.144858369520519
2015-02-05,0.2614468612412177,0.6827494494849595,1.1352507982863165
2015-02-06,0.26954425136978455,0.6476763959820655,1.1083158310952859
2015-02-09,0.26758597861395844,0.6419754007272569,1.110448355528924
2015-02-10,0.2678163085839352,0.6361671679057816,1.1073047489334904
2015-02-11,0.270166887256362,0.6347745287601033,1.1042381429461985
2015-02-12,0.2657450219209635,0.6055479384395879,1.06581981239752
2015-02-13,0.26699550489257284,0.606384434802908,1.0662090670013755
2015-02-16,0.26794488104700176,0.6108288400703319,1.068636883708866
2015-02-17,0.2516777511071082,0.6174408567394617,1.074080157527617
2015-02-18,0.2541551272803523,0.627936229348988,1.0815350907741694
2015-02-19,0.25229490275522787,0.6238132680402987,1.0788621068420838
2015-02-20,0.25290288740360395,0.6210512084867118,1.0783115968435124
2015-02-23,0.2629321747837007,0.6278622682046726,1.0954141020971313
2015-02-24,0.26217728479304314,0.6244098634630436,1.091923442657239
2015-02-25,0.25637027719607136,0.6317545533535367,1.0930276340082223
2015-02-26,0.2452565575157541,0.6115341124481476,1.068662194177645
2015-02-27,0.24501712928547748,0.6119665140349,1.065737854490933
2015-03-02,0.2444333457399223,0.6116191262862829,1.0648337085505462
2015-03-03,0.23925943537178465,0.6229449652022205,1.0686660190798283
2015-03-04,0.24482516391159467,0.6113243219891085,1.0583615178562455
2015-03-05,0.24476811151617966,0.6076873324736193,1.054013309061034
2015-03-06,0.23373355380117783,0.5704957411556716,1.0076175162308014
2015-03-09,0.23401587908268148,0.5710971544983265,1.0082130659641653
2015-03-10,0.2203109397298586,0.5763400604809006,0.9900954825003168
2015-03-11,0.2246679660345442,0.5600530396832936,0.9757762772125966
2015-03-12,0.2169759811269676,0.564807856725168,0.9771676896052316
2015-03-13,0.20819368323467127,0.5519261107907317,0.9598587048711092
2015-03-16,0.20750195780315384,0.5449398100089512,0.9477803042426914
2015-03-17,0.20869727927535814,0.5436205748837926,0.9473536877685502
2015-03-18,0.19900591116686983,0.5274108586233118,0.9359840082199918
2015-03-19,0.20245214100362505,0.5243177816525774,0.9346220442109977
2015-03-20,0.18049001150919752,0.477759609752962,0.8816451356926959
2015-03-23,0.16592729124683966,0.4727759019502781,0.8746207360167471
2015-03-24,0.16767427440502922,0.47715545793219366,0.8784558259760353
2015-03-25,0.1670568930569483,0.49052616678516436,0.8825111893582549
2015-03-26,0.16882705171164297,0.49570525562427215,0.8768026509802517
2015-03-27,0.17561487216830698,0.49597993166359544,0.878330475213961
2015-03-30,0.1692835583298431,0.4939056403208865,0.8684325566600628
2015-03-31,0.1689337601804722,0.49667756955584114,0.870398132960372
2015-04-01,0.16653951314448712,0.49365756644360614,0.8684333452332191
2015-04-02,0.16229757586140175,0.48721087450314715,0.857925383958761
2015-04-03,0.1576164132398775,0.48569882838426864,0.850137819271842
2015-04-06,0.15689481086850313,0.48574500073776605,0.8511321474891466
2015-04-07,0.16022572137287797,0.47922176128952093,0.8422103676481969
2015-04-08,0.16044814228672527,0.4791063326609187,0.8421385053268758
2015-04-09,0.16932842349528202,0.47393188632062644,0.8282755264738234
2015-04-10,0.16759079620477715,0.47224010319678766,0.8259604085463856
2015-04-13,0.1651949853677253,0.4721947799379441,0.8266281904281036
2015-04-14,0.15693522128167955,0.47602510096216594,0.8230753009704405
2015-04-15,0.15070335968941548,0.4710001968050998,0.8225122432634675
2015-04-16,0.1412471906437575,0.4711295903902866,0.8153716309237833
2015-04-17,0.14636527902104526,0.476571856677773,0.8156807089684862
2015-04-20,0.14583465448409164,0.46781242900709236,0.814596214678313
2015-04-21,0.14626110620403973,0.46813138317779895,0.8147302593461182
2015-04-22,0.1438416898679532,0.46695120170453236,0.811660983933193
2015-04-23,0.15954050785119822,0.4737172514555302,0.8173413802687426
2015-04-24,0.15761892180089745,0.4761276627178198,0.8174132008872383
2015-04-27,0.1535976432682887,0.47306297797008046,0.813512258220793
2015-04-28,0.13460435169645354,0.4691412008318416,0.7986571334845245
2015-04-29,0.14516091334914752,0.4609416060617293,0.7969371622419631
2015-04-30,0.14837314518439412,0.45573883747233124,0.7885365052817469
2015-05-01,0.13587639784397096,0.4507384736314718,0.7843554814855918
2015-05-04,0.13416003022126974,0.44932344506620775,0.7803026684211016
2015-05-05,0.13077595718540216,0.4484446941224597,0.7808662069418311
2015-05-06,0.15545181804267863,0.4586249859053789,0.7884707476939108
2015-05-07,0.1552882841011659,0.46079416034528903,0.7819171245600588
2015-05-08,0.15721461775455708,0.4622467718170961,0.7837252382182597
2015-05-11,0.1532338765977857,0.46238918363325593,0.7805859237142924
2015-05-12,0.1419519698131803,0.4543118030965662,0.7778609696778457
2015-05-13,0.12925071142401548,0.44495272330497465,0.7717762193106709
2015-05-14,0.13236465767860633,0.4458436858895514,0.7666613599851964
2015-05-15,0.13665151874969114,0.44105277262800074,0.7609950804843068
2015-05-18,0.13469881094043334,0.450179207665638,0.760980805011396
2015-05-19,0.13802126069219273,0.4516757914576211,0.7630161096147914
2015-05-20,0.1383909026175506,0.4622697180718629,0.770348578238349
2015-05-21,0.13545054946240695,0.45741458365517923,0.7667413245315912
2015-05-22,0.13292010837417173,0.4546103672159592,0.7654471239010509
2015-05-25,0.13568839052046128,0.45859170178680403,0.7680822033193136
2015-05-26,0.12191860836517575,0.45065838798002805,0.7512980089006616
2015-05-27,0.12009968484275536,0.4490213596529586,0.7501352318878219
2015-05-28,0.13430133663606061,0.4540406067892404,0.7513769514842173
2015-05-29,0.13498904431271833,0.45303689229291066,0.7496012776174592
2015-06-01,0.13903992221417225,0.4597766492890864,0.7509108767168644
2015-06-02,0.1121954418386626,0.4539044552920939,0.7573465556320359
2015-06-03,0.11182015501610126,0.45483350156495467,0.7572951050967612
2015-06-04,0.11310061846950631,0.4554707201100699,0.7586409459179081
2015-06-05,0.10577445315274474,0.4613567422231355,0.7694448451027978
2015-06-08,0.08391442068566861,0.4744940401124107,0.8021143651461347
2015-06-09,0.0833995139552541,0.47382825628949177,0.8002793614206521
2015-06-10,0.08256009676461964,0.48384556918919724,0.8020624616363707
2015-06-11,0.07623279885489591,0.488938589092954,0.8036193619825708
2015-06-12,0.07761808174891349,0.4892376795300793,0.8045711439128836
2015-06-15,0.07701470227881156,0.4905962040769791,0.80560083935084
2015-06-16,0.07506006251069261,0.49446979787984996,0.8092249677451865
2015-06-17,0.07096771097686844,0.48791809391934365,0.7997086222035108
2015-06-18,0.0752311047131732,0.48893194017938113,0.797099869291997
2015-06-19,0.07552298542812208,0.4897577423342166,0.7975767436282897
2015-06-22,0.07591251194937763,0.485274014458288,0.7967996856132915
2015-06-23,0.08976531591356535,0.48907509185634196,0.7996920151209028
2015-06-24,0.09133781878459751,0.4888713819857823,0.8017401885602808
2015-06-25,0.08951232965530384,0.49024841529421115,0.8023787551477047
2015-06-26,0.09038439836137996,0.4901197132177915,0.8034329470473351
2015-06-29,0.10370965057196789,0.4933722466326883,0.8204397362530245
2015-06-30,0.10695384706986945,0.4937947940300203,0.8274343979065706
2015-07-01,0.11180163976974028,0.49373032379509124,0.8271841513978014
2015-07-02,0.11249851391799327,0.4917263258071752,0.8269481264334404
2015-07-03,0.11313422517136079,0.4917639246647847,0.8265496787206302
2015-07-06,0.11087246894287132,0.49128273414637297,0.8241829420213278
2015-07-07,0.10947330703961827,0.49321936993791465,0.822790660913364
2015-07-08,0.11226404735316776,0.4948439445144249,0.8298234614698891
2015-07-09,0.11303401375658638,0.4969210114012559,0.8299211078214328
2015-07-10,0.11856840594076036,0.503986252246048,0.8239422674938526
2015-07-13,0.1251736299818986,0.513536229254966,0.8305880114385531
2015-07-14,0.12433647441840502,0.5089936217060664,0.8292759973708539
2015-07-15,0.11823893328281652,0.5087092433499723,0.8276449076322998
2015-07-16,0.12109860891684321,0.5142463376775641,0.8289668263596555
2015-07-17,0.12201231680873124,0.517297385547194,0.8307334690846937
2015-07-20,0.12179033969130278,0.5171921565249119,0.829510543784388
2015-07-21,0.1179159890345929,0.5144840153453512,0.822262845207956
2015-07-22,0.11716087563593842,0.5115296488708462,0.8216691194865532
2015-07-23,0.11899737502619812,0.5092988150269783,0.8249662458946264
2015-07-24,0.11832835079596332,0.508599054580179,0.8250103363519659
2015-07-27,0.12222059450130986,0.5245452364668721,0.8309349660311164
2015-07-28,0.12468304318587778,0.5288865514624635,0.8352867720090897
2015-07-29,0.12533884401304324,0.5302237427752373,0.8363341608420662
2015-07-30,0.12293012227892869,0.5308942629119021,0.8297394389867895
2015-07-31,0.12313375172273447,0.5333281374943641,0.8314977114488916
2015-08-03,0.12334795561388158,0.5336841235322756,0.8324001701488609
2015-08-04,0.1296646680587653,0.5414161793537595,0.8347940636590604
2015-08-05,0.12907740680807825,0.5412231747482518,0.8338647020281122
2015-08-06,0.12767574893798347,0.5422616455635502,0.8314512128727504
2015-08-07,0.11966584226624438,0.5403728037516238,0.8313899633919488
2015-08-10,0.1230772058125877,0.5434001619054024,0.8291054169177987
2015-08-11,0.12056521183745911,0.5452278244728658,0.8278448287771493
2015-08-12,0.11349255990277406,0.5652197463968714,0.8379525189805733
2015-08-13,0.1110729641545643,0.5616595550796913,0.8355983789774071
2015-08-14,0.11212539838412594,0.561777359537165,0.8385733939949936
2015-08-17,0.11418898775419235,0.5618499763248286,0.8391781972677727
2015-08-18,0.11273291394313027,0.5629428427212659,0.8384524155091463
2015-08-19,0.12198796220210902,0.5621623975051889,0.8397227012802925
2015-08-20,0.1254432815356001,0.5608658913209318,0.8419477416978073
2015-08-21,0.14551900404351706,0.5540284581624363,0.8553554272638747
2015-08-24,0.21577596603020022,0.5766659292220426,0.8751090690155264
2015-08-25,0.23157546666719686,0.5728639814653528,0.874100209002153
2015-08-26,0.24424747064918903,0.5891049706061632,0.8835206649637118
2015-08-27,0.25398298328689767,0.5917105697760647,0.8901751158668736
2015-08-28,0.2547988632463167,0.5944295162834143,0.8936412416267953
2015-08-31,0.258131660087291,0.5968925410389918,0.8944400231103832
2015-09-01,0.2636291553125341,0.6017320813413155,0.8969377400580311
2015-09-02,0.2674815852517828,0.6035176745123382,0.8969586621446278
2015-09-03,0.26863424683220977,0.6100833408695053,0.8988278318413646
2015-09-04,0.2741656077905788,0.6145704917101369,0.8990483805400207
2015-09-07,0.2759641287351825,0.6144785549529012,0.8983907672637075
2015-09-08,0.2690071264442346,0.6175156842419777,0.894645926495208
2015-09-09,0.26859274628555063,0.617336655530848,0.8942964087462086
2015-09-10,0.2659197709687242,0.6195227769108036,0.8923176294338849
2015-09-11,0.2593625736475019,0.6195996454440952,0.8885293212581221
2015-09-14,0.2638235435393979,0.6222067785784549,0.891711335775435
2015-09-15,0.26758363155456877,0.617070690744382,0.8874994607221564
2015-09-16,0.2648538965386883,0.6160841215792641,0.8847168070430138
2015-09-17,0.260086635654372,0.6230911657026367,0.8826474739722101
2015-09-18,0.26184312558961853,0.627042101258879,0.884732617438682
2015-09-21,0.26273244740052726,0.6292227379970076,0.8781948691599876
2015-09-22,0.27031371461577325,0.6173141364589858,0.8636030972239606
2015-09-23,0.2731323092948708,0.6191925738158848,0.865336249807316
2015-09-24,0.2740407414229469,0.6223056041681777,0.8670158654506099
2015-09-25,0.27804879849581626,0.6266628126436645,0.868166507803782
2015-09-28,0.2818130143197946,0.6289336442801021,0.8694669230919505
2015-09-29,0.2876934392409889,0.6286308335264738,0.8711682979760317
2015-09-30,0.29035588870299683,0.6382412698161588,0.8732899446567317
2015-10-01,0.2926627237646453,0.6372421579310833,0.8717084927684784
2015-10-02,0.29324305008539997,0.6091798093895564,0.8522322792958136
2015-10-05,0.294071557774859,0.6095744326036732,0.8548978590670023
2015-10-06,0.2885923663572405,0.5970344923335775,0.8471536942083229
2015-10-07,0.2895104936557896,0.5965723475026022,0.8468196640511699
2015-10-08,0.28525757980780275,0.5950862172292044,0.8447878744460959
2015-10-09,0.2826177607295144,0.5865031290028042,0.8369422544542089
2015-10-12,0.282350651657044,0.5856939295917333,0.8363393629048959
2015-10-13,0.2843570294907168,0.5876667296636667,0.8378136191506966
2015-10-14,0.2755564705686412,0.578479227215588,0.8284418027404429
2015-10-15,0.2809436055129857,0.5805123822143814,0.8307507611637562
2015-10-16,0.2875268484103008,0.5734825609815515,0.8240759836985581
2015-10-19,0.28562841461109756,0.5690009512433961,0.8228644886291212
2015-10-20,0.2698695703714452,0.5690311174056694,0.8171548932963363
2015-10-21,0.2723392695701881,0.5698515288426526,0.8173307725662947
2015-10-22,0.2850901630652896,0.5848068255708745,0.8203649719861398
2015-10-23,0.2878387559599333,0.5757724428184964,0.821938968000402
2015-10-26,0.28230787668984836,0.5802696460911851,0.823687076530007
2015-10-27,0.2853978019585382,0.5808814001999753,0.822083261846426
2015-10-28,0.28013838298526367,0.588046203427273,0.8230819662836206
2015-10-29,0.2867320134942092,0.5940226840455247,0.8255754157990117
2015-10-30,0.279487509253244,0.5937696622750384,0.823982779064416
2015-11-02,0.27964596230686933,0.5932098343227558,0.8235637809549534
2015-11-03,0.28144486951880643,0.595459130898697,0.8242704665990229
2015-11-04,0.27671696843490134,0.5907818275581452,0.8176231708492603
2015-11-05,0.27720707214983853,0.5958829881865252,0.8208294221838623
2015-11-06,0.27134996134541545,0.5902521538377841,0.8108566139263966
2015-11-09,0.27222025754847173,0.5917994620477509,0.8130761383139317
2015-11-10,0.26167208225879224,0.5803603097507414,0.8032018906753254
2015-11-11,0.2593772485295452,0.5780319072613348,0.7998405365300247
2015-11-12,0.2548741691569134,0.579838335292286,0.8021262442552993
2015-11-13,0.256371861443679,0.5813930602286304,0.8035292914580926
2015-11-16,0.25649581040659,0.5833076923986733,0.8046289033761075
2015-11-17,0.26633244006001594,0.5928277348344669,0.814800821565535
2015-11-18,0.27194680619800776,0.5957076636043426,0.8186740770676215
2015-11-19,0.2704941458842553,0.5968241146430653,0.8102002370993299
2015-11-20,0.2725562037575619,0.5993549216236664,0.8126007268995277
2015-11-23,0.2692501764271022,0.595584668022239,0.8088924345436415
2015-11-24,0.26981000006002676,0.5965459873529518,0.8052563078729014
2015-11-25,0.26633918974691556,0.5905277621807871,0.8005764922664625
2015-11-26,0.264877693478806,0.5883405139079615,0.7999175722772494
2015-11-27,0.2614973823541269,0.5838382159932007,0.7945578614034641
2015-11-30,0.26568592553486986,0.5895446040181836,0.7986164640997921
2015-12-01,0.25404435886599924,0.5873817975254286,0.7940603270479472
2015-12-02,0.25420895766934853,0.5898949155473879,0.7957030867863658
2015-12-03,0.25404230929992694,0.5867463465161874,0.790396701777461
2015-12-04,0.24236377567597714,0.5490685515784631,0.7676350704107979
2015-12-07,0.23742366637421727,0.5486140588610696,0.7665895481172482
2015-12-08,0.23785358011779442,0.5498709752647727,0.7664981488083139
2015-12-09,0.23806152200084968,0.55364014617837,0.7749699128130517
2015-12-10,0.2446854776953324,0.5476806617103023,0.7702525430975478
2015-12-11,0.25031513290932333,0.552717019534812,0.7768048660155222
2015-12-14,0.2503416936837499,0.5524481376866397,0.7763702807438013
2015-12-15,0.2502408833914266,0.5508572328119461,0.7804461049353117
2015-12-16,0.2471349509025549,0.5496397044181209,0.7768054531848959
2015-12-17,0.2350659956468835,0.5530591742269397,0.7720247399392779
2015-12-18,0.23404569893504162,0.5486749741273068,0.7690003450452283
2015-12-21,0.23363423006762127,0.5514019313486535,0.7680751339666286
2015-12-22,0.2432187494823011,0.5499322476291602,0.7632284653339608
2015-12-23,0.24361704560930547,0.5493218548673061,0.7637878336304732
2015-12-24,0.24375375742321806,0.5489852192601037,0.7646060237658838
2015-12-25,0.23814059770718002,0.5480411794131674,0.7624107840606527
2015-12-28,0.2294146169976981,0.5457524010610035,0.758963568344977
2015-12-29,0.2294518010196732,0.5482651954258025,0.7605333245166411
2015-12-30,0.2289649313139227,0.5473369030673121,0.7591308379911508
2015-12-31,0.2294147079379323,0.5495781749281932,0.7608714566964707
2016-01-01,0.23025106424630654,0.5488872895514939,0.7602801398669966
2016-01-04,0.2463939708187193,0.5482526053290612,0.7694329112115931
2016-01-05,0.24496548448731645,0.5495589887642862,0.7698084114701349
2016-01-06,0.24836498058030743,0.5490795916482807,0.7713059520527211
2016-01-07,0.2699792687583701,0.5524112843612718,0.7760498091640747
2016-01-08,0.2642729962219765,0.5531371793696332,0.7741427602090397
2016-01-11,0.25679045097313213,0.5504453274099879,0.7671372081161802
2016-01-12,0.2634872523554313,0.5525593918573091,0.7633125366843947
2016-01-13,0.2630684950643234,0.5526072532270007,0.7629571545189757
2016-01-14,0.26426916269909967,0.5486481442006298,0.7608367942511691
2016-01-15,0.2733516408473282,0.5476719363496922,0.7627254271294314
2016-01-18,0.27346792477795256,0.551915318253521,0.7646288216148256
2016-01-19,0.2734824015466178,0.5519300979953049,0.7647100651425343
2016-01-20,0.27923791591386454,0.5523652026773848,0.7659218476665381
2016-01-21,0.2815830108411798,0.5556382472331339,0.7715335119129809
2016-01-22,0.28576569229659,0.5576102569903761,0.7784652837730389
2016-01-25,0.2896986876480239,0.5606561291497849,0.78164904800659
2016-01-26,0.28436322321879914,0.5697299436888301,0.7839152174180675
2016-01-27,0.28541886639905656,0.5703831375402191,0.78263286044222
2016-01-28,0.28123838285787917,0.5736800177901874,0.7817163664285004
2016-01-29,0.28828524650186865,0.5730917619157254,0.7955459581541034
2016-02-01,0.2885995530274382,0.5846772330348117,0.8025302614839798
2016-02-02,0.2895070595799695,0.5851892344919267,0.8034233907268696
2016-02-03,0.2699256087767883,0.5695561611643875,0.7927888036727617
2016-02-04,0.26956519043962396,0.5751735894748747,0.7895147535653054
2016-02-05,0.26193207051742495,0.5720413672170936,0.7865979415256491
2016-02-08,0.26290108438133547,0.5740596587838905,0.787917434049732
2016-02-09,0.2680994610513462,0.577022706116242,0.7897508387331702
2016-02-10,0.2672321300873784,0.5754612543696199,0.7883351767428759
2016-02-11,0.2672404755375257,0.5783797787814857,0.7888470662763931
2016-02-12,0.2681376402715878,0.5805356183902325,0.7887416068162857
2016-02-15,0.2719722993588478,0.586090006233415,0.7927697113099559
2016-02-16,0.2659744048405163,0.5733945580283328,0.7785318515113694
2016-02-17,0.26493475783290554,0.573200476340799,0.7784998875191085
2016-02-18,0.2642976665615795,0.5724368421375865,0.7773171181447454
2016-02-19,0.26325692549178564,0.5734191545456647,0.7796142413428708
2016-02-22,0.2748044550882627,0.5805153163330256,0.785531325510575
2016-02-23,0.2817890151286277,0.5914672647238138,0.7924273881633146
2016-02-24,0.2818405613639897,0.5914756791853086,0.7924371425943638
2016-02-25,0.2869699474002633,0.5919027834518417,0.7979476124028018
2016-02-26,0.2797129463567418,0.5856074158464949,0.7911061111002435
2016-02-29,0.2828145433567645,0.5851477761840143,0.7907364532698125
2016-03-01,0.2892647703485621,0.5927184539557988,0.7991643917719299
2016-03-02,0.28908020004684,0.5932035948296284,0.8016534727815172
2016-03-03,0.2848408886516914,0.585837644880647,0.795720635841688
2016-03-04,0.2866543124579325,0.5936267566236233,0.7959051596078671
2016-03-07,0.2850936582284636,0.5933270192809923,0.7955468552417704
2016-03-08,0.29583948871970295,0.6158700777425784,0.815889909697653
2016-03-09,0.3042629485360286,0.6204606741454591,0.8195896950102287
2016-03-10,0.3097379092689184,0.6168936613111952,0.8138488724640104
2016-03-11,0.31075121349692036,0.6172882149795139,0.8137597817478949
2016-03-14,0.3074157429863,0.6185507771574571,0.8121824041176571
2016-03-15,0.30644238652824385,0.6173285203523617,0.8118250209198424
2016-03-16,0.3030474117887077,0.6298617742460324,0.8143284444008444
2016-03-17,0.2867894306172781,0.6180455888204475,0.7886051659256555
2016-03-18,0.28543696892318304,0.6144500880906927,0.7883068029167649
2016-03-21,0.2871668760455757,0.6166196818093271,0.7926646361526042
2016-03-22,0.2922949643360106,0.6158331732162671,0.7936767008850956
2016-03-23,0.2887453969349348,0.6218725515809836,0.7909669541917914
2016-03-24,0.28902577420082237,0.6288793333100904,0.7953543553467132
2016-03-25,0.28852443979740694,0.6286386753429165,0.7953380222128862
2016-03-28,0.2838514221716786,0.635095002689154,0.8014228661574142
2016-03-29,0.2782138784585046,0.6390317325238155,0.7990620843218258
2016-03-30,0.2771578597925923,0.6389277443398228,0.7984762566103176
2016-03-31,0.28206726689056705,0.6332611957231934,0.798459087307136
2016-04-01,0.2847801622050008,0.6357571088949876,0.7998993233944062
2016-04-04,0.29210162077441265,0.6373062877295604,0.8030893727875834
2016-04-05,0.29108523468838265,0.6383198829100722,0.8018831804505134
2016-04-06,0.2907349876691604,0.6479329402449383,0.8030713743001673
2016-04-07,0.28992731379875064,0.6475150042392147,0.802746641566694
2016-04-08,0.2882012427752865,0.6448443950406915,0.8011748598468944
2016-04-11,0.28376318223996444,0.6366626518521994,0.7967319872099295
2016-04-12,0.28537132477012744,0.635374505833517,0.7962844380860051
2016-04-13,0.28880111270237957,0.6335660369304681,0.7967605499983215
2016-04-14,0.29666715921182607,0.6379696319378976,0.799090449359157
2016-04-15,0.29176900534981404,0.6464379908387518,0.8006217117744067
2016-04-18,0.28826875565303384,0.6474948862855875,0.8019536968196075
2016-04-19,0.2903280741086397,0.6525662472585052,0.8017372887004734
2016-04-20,0.291916401024024,0.6558018000139731,0.8061830817601501
2016-04-21,0.2929516738950273,0.6560652065883937,0.8053032836231272
2016-04-22,0.2798673254656998,0.6526893908790032,0.800144239290829
2016-04-25,0.2807627672777889,0.6524765940727996,0.806358205889071
2016-04-26,0.2764086216887024,0.6492792304072385,0.802529361824903
2016-04-27,0.2825431560961169,0.6492851217251012,0.803339060631412
2016-04-28,0.2907653454975851,0.6509441909335878,0.8043509934689472
2016-04-29,0.30297042040019434,0.6581274742718954,0.8063664601975522
2016-05-02,0.30045226196396724,0.6626928585750349,0.8099601106016817
2016-05-03,0.29398693743146814,0.6580483906633351,0.8062441722087286
2016-05-04,0.29837648905322717,0.6523790301043267,0.8017183779840766
2016-05-05,0.3024203085599866,0.656694893585163,0.8028630024066314
2016-05-06,0.30273182594322656,0.6543117509050153,0.8023916042092611
2016-05-09,0.30206317215625805,0.6539691001512494,0.8010577822313693
2016-05-10,0.30606072156288994,0.6587915137359415,0.8027330263624466
2016-05-11,0.3037242686135518,0.6557132071236427,0.8006465953054183
2016-05-12,0.32108437391597866,0.6683213693531238,0.8163676020965892
2016-05-13,0.31940161630097336,0.663151058964562,0.8101776656003173
2016-05-16,0.30901075899859687,0.659868008556888,0.8094187829498352
2016-05-17,0.3087179528630551,0.6594448799720565,0.8092986944788534
2016-05-18,0.30832692030148023,0.6584127340124636,0.8061896160663342
2016-05-19,0.33636133264714607,0.6670622361213896,0.8017243922878788
2016-05-20,0.3360305029775073,0.6632789504118592,0.7983564402959707
2016-05-23,0.3358896789166575,0.6641394754010808,0.7994972223033544
2016-05-24,0.3460959737758389,0.6622749205352937,0.7918383667711145
2016-05-25,0.3584673302037101,0.6532194549732492,0.7631248804847223
2016-05-26,0.3576275253066407,0.6533089209918724,0.7637430062623625
2016-05-27,0.3602054049007644,0.6460208530837218,0.7631726694735166
2016-05-30,0.36818073219216896,0.6407400480207083,0.7613792485221724
2016-05-31,0.3699922349712396,0.6372494700162498,0.7592184937264576
2016-06-01,0.36952324101705736,0.6378900039003056,0.7603473563752311
2016-06-02,0.3693161551877888,0.6389589138179435,0.7606200178099619
2016-06-03,0.35411004439088445,0.6147887396098375,0.7404418055135641
2016-06-06,0.3515645197686223,0.6128179670310988,0.7395995274132282
2016-06-07,0.35074128993885123,0.6108208290071266,0.7379422200102131
2016-06-08,0.35165789672362535,0.6131001808952377,0.7339305943746741
2016-06-09,0.3467081054006415,0.6133175381051058,0.7304790748315148
2016-06-10,0.3395613971434416,0.6104263435182782,0.7187942877455464
2016-06-13,0.3414322796289016,0.6129905025796362,0.7210078152577316
2016-06-14,0.33700299723298627,0.6103654846896444,0.7156851403085306
2016-06-15,0.32336237589976263,0.6085056747384198,0.6992380575161995
2016-06-16,0.3225927325239235,0.6097239829529006,0.6911508786885409
2016-06-17,0.3196030618568447,0.6067109722317273,0.6863448450192996
2016-06-20,0.3102228295877575,0.6067295403208286,0.6750368713552773
2016-06-21,0.31087220895659995,0.6067686165437473,0.6770574343955089
2016-06-22,0.30993655461690806,0.6026273625666376,0.6742562647169227
2016-06-23,0.3090508103977257,0.6016793949370944,0.6744603045244729
2016-06-24,0.2541424594183763,0.5879781647197562,0.6094904028948308
2016-06-27,0.2158442214402072,0.5741922976411948,0.5874907809656047
2016-06-28,0.2059585821605049,0.5634724509746125,0.5794861127425426
2016-06-29,0.19448604678328457,0.5475667600806337,0.5606841943420214
2016-06-30,0.1958262205888315,0.5475946251606905,0.5606749676882076
2016-07-01,0.20130691436655793,0.5469287890993718,0.5638392900185651
2016-07-04,0.19941914171491026,0.5433896200257751,0.5622222785461928
2016-07-05,0.19403229483878764,0.5420724088998379,0.5570905672551596
2016-07-06,0.19417339440492823,0.5420989564938928,0.559049715124393
2016-07-07,0.19906500148334016,0.5392388596699851,0.55883171764945
2016-07-08,0.2004146462057983,0.542860181491274,0.559298131949505
2016-07-11,0.19572292198876426,0.5420715404497045,0.5564029539326318
2016-07-12,0.1941701250406897,0.5426475950321583,0.5563464439160024
2016-07-13,0.1922909324995075,0.5272969073274334,0.549448416616444
2016-07-14,0.18783201232065763,0.5267366144523068,0.5459924342724717
2016-07-15,0.18176299222416054,0.5097881148486634,0.5311820424629473
2016-07-18,0.1854440893720505,0.5094585010464477,0.537558298202449
2016-07-19,0.18019342282903386,0.5052925722166229,0.5326806582760417
2016-07-20,0.1805098680902254,0.5025949322063261,0.5315846335597911
2016-07-21,0.17289064736553378,0.493375737090051,0.5277001575188593
2016-07-22,0.17262842135844245,0.49293695416351624,0.5290724191641395
2016-07-25,0.17369150595299132,0.4931764716667895,0.5305029915122098
2016-07-26,0.17635479171584134,0.49515063930492886,0.5313991058133589
2016-07-27,0.17571115584079233,0.49202909652720117,0.5319930720787389
2016-07-28,0.17996174619037503,0.49202551851435966,0.5328857074792085
2016-07-29,0.17446394367062523,0.4622076095504792,0.5148947864005166
2016-08-01,0.17636279906563007,0.4663970201485331,0.5172596986745017
2016-08-02,0.17130917176945343,0.4717410376846215,0.5269679555792446
2016-08-03,0.16954944048287177,0.4753957700141298,0.530022618040905
2016-08-04,0.17125446809400371,0.4775867889830413,0.5326561022926815
2016-08-05,0.1631714094364338,0.48173710016928084,0.5364351806447653
2016-08-08,0.16242451202303915,0.48359322745918665,0.5365608869942783
2016-08-09,0.14068071257261552,0.4882281299921008,0.5180055259492122
2016-08-10,0.020021386586987232,0.45299391382310356,0.4606954625619524
2016-08-11,-7.576413222287625e-05,0.45863587822278123,0.4552954828411455
2016-08-12,-0.00947316105084024,0.4475128506334279,0.44659527917035685
2016-08-15,-0.022267031498101504,0.44441749093437655,0.43634073061441625
2016-08-16,-0.016494801271545203,0.4479028389463626,0.44559498110679896
2016-08-17,-0.020786558090184627,0.4433175268396224,0.44364590816219013
2016-08-18,-0.026487140883814247,0.44487739306462587,0.44486515797704435
2016-08-19,-0.03286843967188589,0.4453458339711552,0.44718668026607294
2016-08-22,-0.03234769345893868,0.44246994267465234,0.4457343289624215
2016-08-23,-0.03582875461294501,0.4390491294718554,0.44334553110530706
2016-08-24,-0.03386498112469066,0.4378564518668683,0.44317784514941033
2016-08-25,-0.02933010982436099,0.4357822505660445,0.4435018559917244
2016-08-26,-0.026462924550433323,0.4309667197251438,0.4478999269062327
2016-08-29,-0.028203436025872174,0.42578714388944233,0.4465738267151747
2016-08-30,-0.03010352692942781,0.4193429710184782,0.4466931994087971
2016-08-31,-0.030354317493602567,0.41949029010710653,0.44674905234940077
2016-09-01,-0.033087892058388725,0.42387195275132267,0.4491611784561127
2016-09-02,-0.030488914123357313,0.4243157396601529,0.4509618023172958
2016-09-05,-0.04088723487721628,0.41247180075117934,0.44637622945522115
2016-09-06,-0.04870491334259151,0.3933452753180159,0.4389436591206649
2016-09-07,-0.04669534499772378,0.38596477677608193,0.43953421650376134
2016-09-08,-0.044433145002522184,0.3858319576122135,0.4420523639644947
2016-09-09,-0.04935268525096431,0.37675064479639003,0.4341967387686801
2016-09-12,-0.049284901560415796,0.3736319117144188,0.4351302501518683
2016-09-13,-0.056038315408857294,0.3687995805900185,0.4299354901146572
2016-09-14,-0.05820107476076815,0.3678751938150544,0.42880083740677116
2016-09-15,-0.05875220434560757,0.36882463585944375,0.4288415372368925
2016-09-16,-0.058774175503466274,0.3640459302398409,0.43639074927047644
2016-09-19,-0.059238653636139796,0.3627364697544767,0.4351436620268691
2016-09-20,-0.05850606029739284,0.36944085601360194,0.43705279516644713
2016-09-21,-0.05942911423071774,0.36721587134871164,0.43320062047104024
2016-09-22,-0.05904003029409314,0.37397955015806655,0.4340209690479266
2016-09-23,-0.0597918515816011,0.3728810840266658,0.43301885265078127
2016-09-26,-0.05872341509783088,0.37305460457623585,0.43387660072937806
2016-09-27,-0.05649144586396148,0.3795569705421038,0.4421606577689789
2016-09-28,-0.05658404883281826,0.3796606569965104,0.4422598343418877
2016-09-29,-0.05945083846956858,0.37658170698977067,0.4394295886529172
2016-09-30,-0.055731359716884706,0.37811486129307764,0.440363555817234
2016-10-03,-0.06158010610539986,0.37807630057359265,0.4376449554751058
2016-10-04,-0.06503701260252438,0.3720706396237297,0.4313815246866432
2016-10-05,-0.06558821250336769,0.37313418120416963,0.4300770301574604
2016-10-06,-0.062223708516208114,0.37366952435646,0.43191401065705554
2016-10-07,-0.059622629524192894,0.3737174882156772,0.4329124804442752
2016-10-10,-0.08177001467855427,0.3527052888904045,0.419248492071844
2016-10-11,-0.08486809556193914,0.36809252409551124,0.41647218475122794
2016-10-12,-0.08035199437602786,0.3763176106911059,0.4187410603567703
2016-10-13,-0.07877591698781973,0.38335497473212027,0.4223342358451608
2016-10-14,-0.06823544201228317,0.37840308884515467,0.41821206941231986
2016-10-17,-0.07328764393523987,0.37087959577615137,0.4134354409299713
2016-10-18,-0.06951451903622925,0.3697125304611947,0.4133699587922936
2016-10-19,-0.06926315127128138,0.37011395770078354,0.4136661288127472
2016-10-20,-0.07393439094463913,0.3751357082134933,0.4147633815597946
2016-10-21,-0.07347069430093303,0.3828912300069956,0.4167497707449036
2016-10-24,-0.07362281075091845,0.38309142626209935,0.41706687463726466
2016-10-25,-0.07148041540316688,0.3870688001579038,0.4221438984998606
2016-10-26,-0.07158137456011211,0.3865715915956761,0.4211135123496432
2016-10-27,-0.07082761186717787,0.38669992882837456,0.42086638152007594
2016-10-28,-0.062212000124780134,0.39224731807479657,0.42751379005014273
2016-10-31,-0.064468064826712,0.38934245320575905,0.4255665107097249
2016-11-01,-0.05481207284410372,0.4086192552367473,0.4476366402877248
2016-11-02,-0.05824302126738346,0.40603799683936115,0.4474098174063298
2016-11-03,-0.06286787019915797,0.4076214566250424,0.44594940908671377
2016-11-04,-0.06182364968190856,0.4085097782141497,0.44707206136738376
2016-11-07,-0.03849581042152778,0.4135915921397441,0.45819138745826027
2016-11-08,-0.04242182347594134,0.41079695061495763,0.4551131266380996
2016-11-09,-0.0546276792825104,0.4102406919846476,0.4506222363281256
2016-11-10,-0.05753838627462904,0.39855107030085923,0.4382219057938257
2016-11-11,-0.06323796691138497,0.39710114946614533,0.435889711752402
2016-11-14,-0.0306266473375701,0.3843382654156425,0.42971276084168125
2016-11-15,-0.028510834989150028,0.38575765761556696,0.4321715970823032
2016-11-16,-0.03234779590883532,0.3851283227914747,0.4309157756119794
2016-11-17,-0.030177129119582657,0.3862837434464495,0.43205839777176497
2016-11-18,-0.030359245375773086,0.38772595854758973,0.4346687478509574
2016-11-21,-0.06604566333004454,0.3599056125948994,0.394533175583231
2016-11-22,-0.07315219645992846,0.36843989719473524,0.39779752694312864
2016-11-23,-0.06809850154217784,0.36273844536356725,0.39625018145688157
2016-11-24,-0.07329477774970154,0.3636140532162763,0.3939847708698266
2016-11-25,-0.08427451752762756,0.35262850038280347,0.36902256885799506
2016-11-28,-0.0992183193990285,0.3568303027505532,0.37390669428581236
2016-11-29,-0.11017444895076883,0.34901813215766914,0.36256779484281954
2016-11-30,-0.11116391293657615,0.35788392698033344,0.3715768198049106
2016-12-01,-0.11562810043598065,0.36823386674648223,0.3716666150918578
2016-12-02,-0.11637993491778016,0.37326964658420037,0.3767852847069095
2016-12-05,-0.09921724655820394,0.35102522724864915,0.36505235741457176
2016-12-06,-0.1028661818889296,0.3592495838941865,0.3742716179659048
2016-12-07,-0.10439011962398123,0.3490021605868859,0.37012979075591995
2016-12-08,-0.09527028355346204,0.35794383698571447,0.373111819296701
2016-12-09,-0.09455380633919695,0.35409172321759724,0.37050672950681535
2016-12-12,-0.10289901547440439,0.35219284841958104,0.3666408324611508
2016-12-13,-0.10203163908443483,0.35134481723176025,0.3665482473609548
2016-12-14,-0.10786959920091045,0.3517185153271144,0.36991091857769354
2016-12-15,-0.09920414532421575,0.36181718865792,0.38304860814200087
2016-12-16,-0.09487538840904193,0.3632396667986654,0.38646943640792164
2016-12-19,-0.09885964593624177,0.3588523513892677,0.38335253426011484
2016-12-20,-0.09872785946749353,0.359235350557815,0.3840419943585818
2016-12-21,-0.09049622973079312,0.3614389836902588,0.38673763807231726
2016-12-22,-0.0953078620373857,0.3605497982794766,0.382813745538854
2016-12-23,-0.09987920747817634,0.3604804720179352,0.3799750003025518
2016-12-26,-0.13343448331009086,0.3472878809589098,0.3609599340465772
2016-12-27,-0.13056634030764624,0.34610246857852434,0.3633124319015311
2016-12-28,-0.13314960540565998,0.3457933562033063,0.3624350576515899
2016-12-29,-0.13291703957406228,0.34250312257341264,0.36284891133844693
2016-12-30,-0.12790853506784777,0.34714372320938536,0.3655892846588346
2017-01-02,-0.12478651685687425,0.34570019563092,0.3670936872081921
2017-01-03,-0.12290730944225918,0.3410330337045156,0.3639653245499941
2017-01-04,-0.12558285402263014,0.33107875230027023,0.3568648867957559
2017-01-05,-0.11021316517102134,0.3289596520142679,0.36151861372992705
2017-01-06,-0.10473031603116698,0.31327822694657576,0.36066733625934555
2017-01-09,-0.10410685493127361,0.31502963046794746,0.3638035966078351
2017-01-10,-0.11135220120153742,0.31643854681909306,0.35457089680118214
2017-01-11,-0.11825831935805052,0.3181302570896566,0.35440588889458996
2017-01-12,-0.11326203783922337,0.3042463407434794,0.3465937122806079
2017-01-13,-0.11473501708309111,0.3034072697301968,0.34697809925163836
2017-01-16,-0.11115303938940714,0.30379625997152604,0.3500693211909703
2017-01-17,-0.13104453734621319,0.28812367312783255,0.32794320472857025
2017-01-18,-0.13036537687147876,0.27214117718082537,0.33143353407270587
2017-01-19,-0.12779810601268782,0.271924177999071,0.32809786232336124
2017-01-20,-0.11291447103041896,0.27005739714724064,0.3169642791847616
2017-01-23,-0.11203227859831291,0.24710096355499964,0.3200160791712718
2017-01-24,-0.09751115458422907,0.2512608361233766,0.32390474601661723
2017-01-25,-0.10152433228704258,0.24983521238151377,0.3234458466374727
2017-01-26,-0.11365616158960778,0.24262366486008585,0.31700738868973766
2017-01-27,-0.11051867340656145,0.2449282780448856,0.3184231631350583
2017-01-30,-0.1104639067734167,0.23717306652158684,0.316120531646713
2017-01-31,-0.0986079988104981,0.23677721359207707,0.323001269668381
2017-02-01,-0.09768446866073696,0.23731698464770112,0.32403584959080434
2017-02-02,-0.0909737503067758,0.2559057496886659,0.3424275918430379
2017-02-03,-0.08791144089656061,0.2578018413393502,0.34397881442108774
2017-02-06,-0.08632958387319885,0.2583731438495644,0.34537680164398715
2017-02-07,-0.08646586281824395,0.25793472767211184,0.3445671623638153
2017-02-08,-0.10876234920735314,0.24571079994061712,0.33230170378808704
2017-02-09,-0.10602608110363061,0.24727787690010208,0.3388921618711805
2017-02-10,-0.10516303645364392,0.24820397588271192,0.3393060743140625
2017-02-13,-0.10250030678142598,0.24860229525137847,0.3412356379611807
2017-02-14,-0.09364175586613793,0.2684508676487612,0.35685550915649655
2017-02-15,-0.09521601216007428,0.26671883541745695,0.35609397085478933
2017-02-16,-0.07884791705182752,0.2822837726205447,0.37262489489832024
2017-02-17,-0.07628147288718813,0.2860755119583497,0.378315399541662
2017-02-20,-0.07331252462052293,0.2955598418942551,0.384121866094346
2017-02-21,-0.06256524905292961,0.29243269842442193,0.3912345215843698
2017-02-22,-0.06409862857037071,0.29255694106759583,0.38932599480948316
2017-02-23,-0.06304634486589046,0.2905217020637151,0.3892619432295015
2017-02-24,-0.0632020704482577,0.2909400899360352,0.38948877247101227
2017-02-27,-0.08420728131328417,0.28794655562679444,0.3866132041260969
2017-02-28,-0.0858946822127876,0.2858481928044886,0.3862540556418532
2017-03-01,-0.07877700632608928,0.2927501300151775,0.39535364049404426
2017-03-02,-0.08784629635625127,0.28397517644269216,0.3888789512666679
2017-03-03,-0.05844728773391142,0.24455524272950485,0.3804237095080844
2017-03-06,-0.04148934638520616,0.2501283338774156,0.4092277467889322
2017-03-07,-0.040084422524542716,0.25587295877416166,0.41207907368906477
2017-03-08,-0.04192782685763144,0.24914449031222588,0.4038679235912532
2017-03-09,-0.04004188331167919,0.258043972350665,0.4116914901596355
2017-03-10,-0.03163975368271477,0.22709333493431633,0.39870271781309197
2017-03-13,-0.032109788035992806,0.2261456962144354,0.398575755246332
2017-03-14,-0.029397530962174536,0.2221289921498956,0.396715819939868
2017-03-15,-0.0467784085267309,0.17621207314782567,0.3688631732875997
2017-03-16,-0.030301435025334264,0.1581680266540754,0.3620264917876829
2017-03-17,-0.028309802781818244,0.15743638296028495,0.3621265638053455
2017-03-20,-0.02812970324479242,0.16315868042811354,0.36343026754825547
2017-03-21,-0.010365132381241727,0.17234747104692483,0.3774882635416412
2017-03-22,-0.012253296059968149,0.1684835898393183,0.3754202949736603
2017-03-23,-0.010998421628045353,0.16909438247066705,0.37718579915216055
2017-03-24,-0.007918071761612045,0.16063350081115424,0.37230162531755906
2017-03-27,0.0011258767431079823,0.18216792385880373,0.3910432664655561
2017-03-28,0.013851311381832113,0.17409257499470973,0.3881524326410154
2017-03-29,0.02430003254818903,0.19132191984243727,0.39940111939507855
2017-03-30,0.030086143228501654,0.1852757598377403,0.39919613031420814
2017-03-31,0.022841050650128005,0.18054231502363724,0.3936575826714896
2017-04-03,0.022173229889285467,0.17719240063702596,0.3912925365685574
2017-04-04,0.023292446572664514,0.17233265050477634,0.3894628050904024
2017-04-05,0.024231578625919594,0.17095323187145992,0.3882788203045917
2017-04-06,0.035719060872429376,0.16848824571711607,0.39418015647101035
2017-04-07,0.03194721634368004,0.16110025464677208,0.3878142021311764
2017-04-10,0.03211170104556315,0.1614116174086848,0.38904318314716474
2017-04-11,0.03060807158684103,0.15596060657776736,0.38890884653615876
2017-04-12,0.028819162442410284,0.15586045799741932,0.38667707036020726
2017-04-13,0.023972456655554433,0.15706398415150635,0.38635183464924683
2017-04-14,0.01892208083494894,0.15646570820097622,0.38602552073532276
2017-04-17,0.013998185219677349,0.15530817714181797,0.3810641029991364
2017-04-18,0.021094329329739182,0.1465572871503545,0.38349845376871683
2017-04-19,0.01728045679473026,0.1304173706719077,0.37325626206816565
2017-04-20,0.025364964473529917,0.1355184656832567,0.3807486833711835
2017-04-21,0.025486376649535333,0.13994469811481705,0.38774687535946634
2017-04-24,0.026659509632528097,0.13197646064449028,0.37587368366052937
2017-04-25,0.03986231164519805,0.13888863523666037,0.3817090054788473
2017-04-26,0.03640014016396762,0.13414482657256402,0.3774471650289071
2017-04-27,0.03539830331437933,0.13450147979533494,0.3772159282006065
2017-04-28,0.03694401740867706,0.13612236552157836,0.37714069278796925
2017-05-01,0.03551648434597918,0.13577822149479177,0.3768268847690324
2017-05-02,0.03811590661609864,0.14140931517873423,0.3840845697213197
2017-05-03,0.03394291748028105,0.14081342879823008,0.38481939370088725
2017-05-04,0.04729319325702687,0.1542950998110351,0.40307749717540586
2017-05-05,0.04950233281945799,0.1494339414009096,0.4010150116334127
2017-05-08,0.055088375873216834,0.1442203323566211,0.3984230004718188
2017-05-09,0.05909989382870572,0.14512750957978401,0.4006533966836856
2017-05-10,0.058884826295785384,0.14349032417679874,0.39826677234950214
2017-05-11,0.06063268981409258,0.1406917706161967,0.3937703692335957
2017-05-12,0.06489209656852184,0.1394673339314585,0.397899248103501
2017-05-15,0.06712300895842033,0.13718361149998765,0.3911344257188315
2017-05-16,0.07816553331047488,0.14030736382463407,0.3948574779309171
2017-05-17,0.08065308678712807,0.15212869474883184,0.41817111951141916
2017-05-18,0.07592191795584166,0.14466414325145077,0.40670484257109346
2017-05-19,0.07764883060380558,0.1243697350079961,0.3812422171987268
2017-05-22,0.0759656183693172,0.12506246966501708,0.38110179106844516
2017-05-23,0.08535714157524785,0.1411358344429608,0.39990047255343164
2017-05-24,0.08415332041344252,0.14206386320296727,0.40357209651832215
2017-05-25,0.08582457363764932,0.14479682956501888,0.4063948280087977
2017-05-26,0.08709172410370397,0.14609592899561658,0.410019066036021
2017-05-29,0.082523837241877,0.1442140997821893,0.4087339369478574
2017-05-30,0.08956314929329691,0.1465911252142435,0.4235929725689869
2017-05-31,0.09758048577287042,0.14155158298789008,0.41953758505787053
2017-06-01,0.10540143977181647,0.1435331577567169,0.4263563729678051
2017-06-02,0.10846189951991869,0.14801666794306909,0.43445947689288705
2017-06-05,0.10839450870910619,0.1476195448972363,0.43467705509173465
2017-06-06,0.10771249115645418,0.1520278463093857,0.43912325204595043
2017-06-07,0.1202843066575008,0.15046493688691007,0.4549646437687761
2017-06-08,0.12094019298937038,0.1487288109791883,0.45233882989731783
2017-06-09,0.12290025115928788,0.14924483457634172,0.45480033745221426
2017-06-12,0.1302209994126098,0.1495801524312328,0.4574347224810285
2017-06-13,0.2025564018384381,0.12550863563238335,0.5352574535851014
2017-06-14,0.2626391317178081,0.13281736466139382,0.5679186163215569
2017-06-15,0.2694979951462132,0.13888293742416666,0.5871333576228321
2017-06-16,0.2777976444614268,0.14952778701510822,0.6046043926365792
2017-06-19,0.2754131786127394,0.15054241916159666,0.6037897123434931
2017-06-20,0.2783670977333147,0.15017636012436825,0.5970846538586349
2017-06-21,0.28190759435655305,0.15116323046036248,0.598091445124237
2017-06-22,0.2894941592152427,0.1516940340606219,0.6054790418700667
2017-06-23,0.28790680777895405,0.15251554863127242,0.6030067224716608
2017-06-26,0.28581579761715986,0.15670248217220553,0.604761071444182
2017-06-27,0.32465132105301,0.16529442785300777,0.6199217787288176
2017-06-28,0.32823716825159616,0.1635267355024923,0.6143026462346016
2017-06-29,0.3355257608457568,0.17130819980367523,0.6227937555841001
2017-06-30,0.3327057159834374,0.17108012319762447,0.620529455702184
2017-07-03,0.3328267345879354,0.16596672271779234,0.6188806608506664
2017-07-04,0.34201542945196495,0.18909041151368178,0.6414666374892017
2017-07-05,0.3411258997839114,0.18755261169589907,0.6397061977321856
2017-07-06,0.36129839193882324,0.18741693764111952,0.6506865376477129
2017-07-07,0.36602895046951145,0.1919299516355925,0.6552961211419894
2017-07-10,0.36552475758319763,0.19127265169043423,0.654932058927293
2017-07-11,0.37367185865501634,0.19042901900788267,0.6551613305662004
2017-07-12,0.3773687689297324,0.18954544653446648,0.655615641192914
2017-07-13,0.3797022736620883,0.187935078757723,0.6551580544321205
2017-07-14,0.37021298091312843,0.18191709641799103,0.645926426536969
2017-07-17,0.36921307694698446,0.1783886858885932,0.6457996336513944
2017-07-18,0.3883145575042483,0.17844540368847092,0.6499711397939414
2017-07-19,0.39397736726640903,0.17980413878017518,0.649888497402062
2017-07-20,0.4131478373423846,0.1685836322999839,0.6397635327210078
2017-07-21,0.4127401242281866,0.1673913333579319,0.6370243258797507
2017-07-24,0.4111168171920745,0.161070245663095,0.6304831951521239
2017-07-25,0.41221473458352087,0.14883538615929068,0.616088881200159
2017-07-26,0.4017149670443611,0.138598374893977,0.6059195980828719
2017-07-27,0.40500753745208057,0.1383715234866308,0.6102098836009217
2017-07-28,0.40408680989367657,0.13701789453940805,0.6166891426020283
2017-07-31,0.41111785265471645,0.13829831301990955,0.6189141376336954
2017-08-01,0.4074537523803073,0.13504679535401543,0.6152809409477833
2017-08-02,0.4095020911915278,0.13239557306876273,0.6140885632559425
2017-08-03,0.40683903624579526,0.11448308252701105,0.593049687538432
2017-08-04,0.40651834109286983,0.11917250178128665,0.5911060553887282
2017-08-07,0.40725687919162196,0.10072153914653076,0.5801792092812886
2017-08-08,0.411584625099162,0.09376030704863242,0.5751643660392054
2017-08-09,0.41374275164164737,0.09480310249600725,0.576972772679596
2017-08-10,0.4176779640778238,0.0960033970247422,0.5788364970867474
2017-08-11,0.4111163108505027,0.09741073934225061,0.5768899279987808
2017-08-14,0.41032452315392387,0.10304844627268415,0.5833646554332872
2017-08-15,0.4014834326364916,0.11025101714975193,0.5767048978438418
2017-08-16,0.38889379244118144,0.10728789825012046,0.5723694610080303
2017-08-17,0.3918883350210415,0.10737289491007111,0.5674656467056358
2017-08-18,0.3882165158082805,0.10559799074507584,0.5656110854954662
2017-08-21,0.39247382426396477,0.10223396339886973,0.5630597087506518
2017-08-22,0.38938908599771715,0.10098745057476899,0.5626290651223835
2017-08-23,0.3979189930408903,0.09956233436837619,0.5618564838370299
2017-08-24,0.42173998575124483,0.11382811421087294,0.5740673551517974
2017-08-25,0.4361728511073657,0.10684879733160836,0.5681512371303533
2017-08-28,0.43536932545342516,0.12576705522653178,0.5769596145966698
2017-08-29,0.44362322135479043,0.13762223187708353,0.5883448372651456
2017-08-30,0.4366387834873921,0.1524849648514015,0.5946475356760758
2017-08-31,0.44920038252365124,0.1623360988878196,0.6068736436944053
2017-09-01,0.4558374911119966,0.1609405248019428,0.6113175000923491
2017-09-04,0.4604663372629854,0.1617968361844882,0.6146715011947576
2017-09-05,0.4557248726056556,0.1535757448200485,0.599283288025878
2017-09-06,0.4599420360077819,0.15468854691526562,0.6032386027829928
2017-09-07,0.4569414307738268,0.16643249018173983,0.6071191421526498
2017-09-08,0.45811275086130304,0.16910777476022454,0.6155443630342928
2017-09-11,0.4788140288207326,0.17251459237830127,0.6305998314345856
2017-09-12,0.4790279573571821,0.17268910738855742,0.6309360267239076
2017-09-13,0.4813503465499984,0.17546601180821553,0.6268529521301448
2017-09-14,0.4814699449073969,0.16777683563970197,0.6173032935152737
2017-09-15,0.48063635204186234,0.16882365920128822,0.6165886477547786
2017-09-18,0.4774738591611647,0.1657135860924911,0.6138569826956113
2017-09-19,0.47445779406943034,0.17122921975319527,0.615458756939979
2017-09-20,0.4969665965357351,0.1752174064604824,0.627686233749725
2017-09-21,0.5160718012522977,0.1917726051795153,0.6424767131896603
2017-09-22,0.5149100608821033,0.19143749419921016,0.6421306686071341
2017-09-25,0.5111503437331731,0.17073317206317143,0.6254939073860838
2017-09-26,0.5089697252864253,0.172397054559785,0.6285212012184905
2017-09-27,0.49805409614096174,0.15696045184885962,0.6151897122999205
2017-09-28,0.5050700679533502,0.13990661464188614,0.6206460112352318
2017-09-29,0.5018480591223239,0.12481829748021929,0.6162252462960681
2017-10-02,0.507316407256426,0.12217616374530547,0.6162529561730016
2017-10-03,0.4983388644295592,0.11095796676300483,0.6132192329235941
2017-10-04,0.4991203718823709,0.10927286446336831,0.6120809065756707
2017-10-05,0.48738454038478624,0.10051415465887482,0.6034121486181209
2017-10-06,0.4872831652835893,0.10221254386297215,0.6049400939440535
2017-10-09,0.4975698715726701,0.09838104118550565,0.6059409853834102
2017-10-10,0.5046420424748297,0.10503222912391875,0.6126764290864103
2017-10-11,0.5046074827538859,0.09854441565608728,0.607542332259033
2017-10-12,0.506525284343362,0.09808949305524622,0.6079549227924196
2017-10-13,0.507299202855116,0.09786327144181783,0.6072029579601199
2017-10-16,0.5025356619873548,0.09349599116962594,0.6045139438370695
2017-10-17,0.4973489160969861,0.0864419152838664,0.5990337731245958
2017-10-18,0.49630480502168134,0.08837556458604522,0.5987875003293245
2017-10-19,0.4900128897813982,0.05760374622185552,0.5701527475178453
2017-10-20,0.48635323256099733,0.04726969372856034,0.5669048140616038
2017-10-23,0.49407707141365453,0.03596487049439137,0.5639380912455281
2017-10-24,0.493596686023811,0.038226459580518915,0.5620509580720022
2017-10-25,0.470001237065704,0.025557416474613872,0.5489186078604146
2017-10-26,0.48182818998313415,0.009177832520237576,0.5436371273119016
2017-10-27,0.5146737818070205,0.020918578099899502,0.5619261922832358
2017-10-30,0.5247362008670887,0.04433773571818853,0.5854940311780017
2017-10-31,0.5325725191322374,0.051232907407429105,0.590417841723144
2017-11-01,0.5021550040817548,0.05806831257768605,0.6097801498359569
2017-11-02,0.4985728287763887,0.05650034376022627,0.6078809871148332
2017-11-03,0.5050745464449424,0.04942868218589835,0.6042605046932171
2017-11-06,0.5126552240511948,0.040553616090685876,0.6023362958649228
2017-11-07,0.5140979781340401,0.028583838370544,0.5935572162356036
2017-11-08,0.5152703727956252,0.02874161555650729,0.5936188172856421
2017-11-09,0.5170598972174952,0.029959904082896786,0.5972626031126292
2017-11-10,0.5254544646101648,0.029990676932862437,0.601232287103192
2017-11-13,0.5234575627805655,0.0289954714710349,0.6007056471289531
2017-11-14,0.5357362491499714,0.044817465231222424,0.6123312226907073
2017-11-15,0.53730097452771,0.04473294960479982,0.6129587687084727
2017-11-16,0.540498392501615,0.04639867034530432,0.6157005914894507
2017-11-17,0.5497097090416144,0.022381231474563633,0.5998157300221506
2017-11-20,0.5586281597386613,-0.0005196903389351485,0.5870522321645667
2017-11-21,0.5621777069018323,-0.003923472478401898,0.5859455257743148
2017-11-22,0.5624609851868753,-0.0024572617299945866,0.5990027401131738
2017-11-23,0.5655085826479268,-0.0192516218917483,0.5829482114100262
2017-11-24,0.5723222250079837,0.0009590267839791574,0.5979465287629055
2017-11-27,0.5736310833508769,-0.01731013141548654,0.6015193814459877
2017-11-28,0.5776662406469483,-0.017230284452899678,0.6104360798751094
2017-11-29,0.5938353712863745,-0.017394473584031504,0.6136420478532599
2017-11-30,0.5949570586444101,-0.016358519988455444,0.6140228362594609
2017-12-01,0.608634531841398,-0.024429039884678636,0.6120618159937046
2017-12-04,0.6283279350357492,-0.0460748777218087,0.615617673509985
2017-12-05,0.6266483964624723,-0.04260139857936539,0.6156313877325261
2017-12-06,0.6309049848678113,-0.04441424883084401,0.6140558758041667
2017-12-07,0.6277398526685598,-0.05370877660331631,0.6092870203521371
2017-12-08,0.6208471778194964,-0.053253259497842945,0.6081443343163039
2017-12-11,0.6223425906978688,-0.05452477445939,0.6075677135687958
2017-12-12,0.6201833839003998,-0.05965761952515094,0.5983775343074605
2017-12-13,0.6006563232625478,-0.07662635241897567,0.5845545791790758
2017-12-14,0.6021570265204033,-0.08037980973434289,0.5831910651609481
2017-12-15,0.6026481202962003,-0.05925046470837192,0.6051114952951409
2017-12-18,0.6125712232980067,-0.07105799483389201,0.6018567728348942
2017-12-19,0.6133723195009207,-0.07682325849334708,0.6017216379249082
2017-12-20,0.6121407063564412,-0.08211986806094797,0.5992273866451386
2017-12-21,0.606302802086954,-0.07707967533611089,0.6019586020419168
2017-12-22,0.6148442361209696,-0.06593313450332194,0.6121464125957856
2017-12-25,0.619997440463741,-0.07534122245004296,0.6154287722750523
2017-12-26,0.6203070023280227,-0.05408174575493592,0.6219012486056315
2017-12-27,0.6230191554410411,-0.057507251234151596,0.618226562471476
2017-12-28,0.6219725218673101,-0.04204281541733558,0.6282327698617888
2017-12-29,0.6322493762734549,-0.043463397047867565,0.6297866950426892
2018-01-01,0.6339782590366357,-0.019635211585390586,0.6460531838523167
2018-01-02,0.6335398853668923,-0.01906790917462119,0.6446446836994167
2018-01-03,0.6364480576760577,-0.007888672518960603,0.6534642189636886
2018-01-04,0.6548926292396645,0.005124742228537846,0.6467684905340222
2018-01-05,0.6622817207025884,0.024586646884291612,0.6482531538762488
2018-01-08,0.6565464433705991,0.027505397537217154,0.6488536216104482
2018-01-09,0.6516079170387907,0.04259614776671788,0.6548177190312953
2018-01-10,0.6539521708821895,0.05845214815780527,0.6522509090858658
2018-01-11,0.6432081920258435,0.05973569255052708,0.6493215890298731
2018-01-12,0.6691589086052512,0.056229585376917184,0.637053431445935
2018-01-15,0.6741800492520349,0.055192750503769275,0.6388492217224954
2018-01-16,0.6701407746447017,0.043225021316090594,0.6280833571421077
2018-01-17,0.6741693845791962,0.047235247880307266,0.6298104719710662
2018-01-18,0.678736090374638,0.033893053140171096,0.6247447606040564
2018-01-19,0.6772688468422122,0.03364581507715594,0.6234786216036791
2018-01-22,0.6727514511419715,0.029362464508961992,0.6208123427315948
2018-01-23,0.6712706378856113,0.02959058175115952,0.6206980485908931
2018-01-24,0.6820193296717545,0.005961515369900122,0.5951455618542001
2018-01-25,0.6759098587865081,0.008199673306692126,0.593494434609781
2018-01-26,0.6734728040358012,0.010387659254019835,0.5974830420759777
2018-01-29,0.6747589739455366,0.0011826050577663034,0.5836351565315285
2018-01-30,0.6732957051469847,-0.0001716589616657814,0.5850248304764718
2018-01-31,0.673727025086709,-0.002924313824165085,0.5828285887202728
2018-02-01,0.6801226610932594,-0.005773944743404601,0.5812877286915447
2018-02-02,0.6446426605071965,-0.016696815699947253,0.5665546048535902
2018-02-05,0.6241823778117515,-0.04446423555676536,0.5359250291575794
2018-02-06,0.6297176127215154,-0.0468544657361381,0.531239181193715
2018-02-07,0.622804310576577,-0.0501350441147227,0.5285660349982386
2018-02-08,0.61644408273148,-0.04674124705773261,0.5241439014208812
2018-02-09,0.6215881842246713,-0.043572664423674204,0.5284782961855627
2018-02-12,0.620527997079634,-0.0411438648707999,0.5278281330986416
2018-02-13,0.6295550771590402,-0.027185763671640814,0.541297336261895
2018-02-14,0.6150095331824887,-0.024154216257375384,0.5448215899365145
2018-02-15,0.6160711387236077,-0.021257598551280274,0.5480329233130754
2018-02-16,0.6204732457818761,-0.03140294230684073,0.5473837837537212
2018-02-19,0.6398409384006666,-0.019909021188582118,0.558915722866086
2018-02-20,0.6236350571436208,0.001983994461007561,0.5709979331822832
2018-02-21,0.6151604770540959,0.008250972073812816,0.5741418153709432
2018-02-22,0.6161463769095548,-0.0011161959895115508,0.5701636156043971
2018-02-23,0.6285734538962726,0.018724862471056505,0.5925002162761993
2018-02-26,0.6247879450314129,0.012835161898293597,0.5868009925695302
2018-02-27,0.6120946970632846,0.033244419544076746,0.6028415762071504
2018-02-28,0.6146569431564941,0.03329987538697041,0.6039127801105943
2018-03-01,0.6167159706035634,0.04392753203209569,0.6157261617492271
2018-03-02,0.6700001682645224,0.10933838244826175,0.6649689956384877
2018-03-05,0.6545834481389837,0.11728345404782374,0.6735683240591716
2018-03-06,0.638509809104715,0.11704229849684943,0.6681924386667246
2018-03-07,0.636639483690218,0.11508826040990501,0.6651982224571323
2018-03-08,0.6326815257789002,0.1036831734963758,0.6506056052079058
2018-03-09,0.6311545514952929,0.10573063342669269,0.6507800908827761
2018-03-12,0.6328006838067728,0.10737760397149256,0.6532922949196228
2018-03-13,0.6387258696835099,0.11280275340625856,0.6591094568911369
2018-03-14,0.6324209303617833,0.0859627161076692,0.6374803416998679
2018-03-15,0.6049470540434401,0.1032359213389202,0.6403419704770592
2018-03-16,0.5854078007451862,0.08869133995388961,0.6248522287945177
2018-03-19,0.5753764194758784,0.1000594607327987,0.6330599479355555
2018-03-20,0.5794718068410505,0.10875202808278689,0.645563868706153
2018-03-21,0.5629667711313149,0.10316446761218247,0.6405343262955325
2018-03-22,0.5622303313836331,0.10296779392360761,0.6382291361446344
2018-03-23,0.5584116952637617,0.10212700103187047,0.6400634734758506
2018-03-26,0.5528364177391724,0.09782865873785059,0.6324994788099815
2018-03-27,0.5491215350367156,0.08997893357048477,0.6277833310789965
2018-03-28,0.5691739617467385,0.09609916322512861,0.651469957639433
2018-03-29,0.5725640615176405,0.09981557604576037,0.6543314995119863
2018-03-30,0.5759460749068046,0.09880927758321101,0.6541339668738508
2018-04-02,0.5861075080714138,0.10061271579604683,0.657303760307254
2018-04-03,0.5958604004490258,0.09822934676104834,0.6589540305761987
2018-04-04,0.5953022157616602,0.09988031777418813,0.6603012609003464
2018-04-05,0.5883752440479972,0.10033123012870374,0.6558647973357584
2018-04-06,0.6049968807436631,0.10866415789706955,0.6714857116028157
2018-04-09,0.6007396972379254,0.11899190332723647,0.6802636444877861
2018-04-10,0.5930555086601894,0.12408429037120741,0.6833065404175525
2018-04-11,0.593533456324442,0.12393009006051686,0.6910649746899851
2018-04-12,0.5887090251246596,0.11821510578862184,0.6895854578989052
2018-04-13,0.6010860253987619,0.12924056514304125,0.7029288482849608
2018-04-16,0.6008554527017382,0.13493235857531793,0.7099842934423548
2018-04-17,0.6007781292841055,0.1344820456851002,0.7107604863054859
2018-04-18,0.5984790616687343,0.13990025583864255,0.7159617158309449
2018-04-19,0.5867175354330013,0.12577567955724908,0.7040265809583216
2018-04-20,0.5825039828434774,0.11554376476366,0.6931574708933492
2018-04-23,0.5576801897210557,0.0929616147370411,0.6495976781291557
2018-04-24,0.5609653491179857,0.09264139015143012,0.6507289225325118
2018-04-25,0.5554365764828433,0.11122370466376073,0.6572273624697859
2018-04-26,0.5603008770732151,0.12247040785119737,0.6724611362770603
2018-04-27,0.5588348479686064,0.1217451179394172,0.6710126297785175
2018-04-30,0.5572592511066807,0.11501372257032456,0.6695729343273823
2018-05-01,0.5614589524261209,0.1210626081505331,0.6626521374596706
2018-05-02,0.5629382215463093,0.12400680772684551,0.6722840984676823
2018-05-03,0.5568212333481704,0.12105357681093842,0.6737224496124498
2018-05-04,0.557528913611754,0.106278751537403,0.6433452496468309
2018-05-07,0.5621160257584531,0.11569954955626921,0.6599226359252707
2018-05-08,0.5521034327332953,0.13974893458551588,0.6857370451341009
2018-05-09,0.5544845757839466,0.13792117278673324,0.6855739841819359
2018-05-10,0.5491429736148551,0.13074598327425238,0.6753993142554031
2018-05-11,0.5516303757792059,0.13642352542632233,0.6780540817034585
2018-05-14,0.5516843662990856,0.13454725152697472,0.6776025357495158
2018-05-15,0.5327177873359827,0.11985939140909209,0.6509269873186323
2018-05-16,0.5397987764138958,0.1241862189054475,0.6532228391737847
2018-05-17,0.5406438900224151,0.12282015277627521,0.6512246532473573
2018-05-18,0.5276403372090975,0.1158785756762892,0.6458831916125262
2018-05-21,0.5331656450873044,0.10989639272584334,0.6429957648236595
2018-05-22,0.5394106856097204,0.10537899939861217,0.6369839131130075
2018-05-23,0.5444541722031407,0.12680945023005588,0.6404051079295051
2018-05-24,0.5479897025848423,0.13309386732084386,0.6438799080861946
2018-05-25,0.5360414118675669,0.14774798252274646,0.6494411865202385
2018-05-28,0.5368486876313661,0.15752498288229153,0.6587606628330227
2018-05-29,0.5394439217199251,0.1671916820518656,0.6578361215744829
2018-05-30,0.5244709508961609,0.1644549690723493,0.6486039304068559
2018-05-31,0.5267628027099936,0.16603898530925884,0.6501128739562295
2018-06-01,0.528202216864856,0.16405911011809302,0.6504788310187732
2018-06-04,0.5316070992151983,0.16537550661814748,0.6514542876028597
2018-06-05,0.538786465063484,0.17479408671344232,0.6563175060779206
2018-06-06,0.5379502269851868,0.17498016101329483,0.6506817307193824
2018-06-07,0.5449090252064638,0.18027648032202612,0.6590361396678834
2018-06-08,0.5439947539824092,0.18703303503579533,0.6576689521567871
2018-06-11,0.5415739604710239,0.1837493183322746,0.6553793033559991
2018-06-12,0.5404729227372709,0.1805872156394903,0.6542826633636594
2018-06-13,0.5403232830025299,0.18048931774738275,0.653502202961107
2018-06-14,0.5139612739600844,0.18208380293873014,0.6474256868154941
2018-06-15,0.5184821798204913,0.1822799814013556,0.6513699512273667
2018-06-18,0.5163341552500136,0.17351187265829945,0.6452113281580475
2018-06-19,0.5111066543730531,0.17286699727156282,0.639819420172382
2018-06-20,0.5106155083908135,0.1814823551331263,0.6471062638838593
2018-06-21,0.5127015473363347,0.17115470788036619,0.6457282890194566
2018-06-22,0.5089386782728565,0.16966354732770692,0.6421355219109738
2018-06-25,0.5011627430777291,0.17067398381851762,0.639813481529737
2018-06-26,0.4966988927206645,0.1715423010783998,0.6420803726825087
2018-06-27,0.49486053339332525,0.15483775322925583,0.6313246024843185
2018-06-28,0.4884846622313255,0.15605376332428983,0.6300729511709081
2018-06-29,0.4839747928947452,0.1656130492388056,0.6216677008484828
2018-07-02,0.47474116912362896,0.16416782808672992,0.6163224447416069
2018-07-03,0.48388105143868554,0.17422156735505512,0.6256140716432081
2018-07-04,0.48356216935294893,0.17453721188700336,0.6256977115085962
2018-07-05,0.49622425413951,0.17670755913533223,0.6291881485080162
2018-07-06,0.4880191842918976,0.17260681646007153,0.6275473608553972
2018-07-09,0.48089658069210733,0.16639481008684293,0.6206677613972144
2018-07-10,0.48347208760711224,0.16109999192856006,0.6185514953453286
2018-07-11,0.46492120193473463,0.15876192029145944,0.6157510175376114
2018-07-12,0.46940413910927103,0.16104078191316792,0.6197233600761921
2018-07-13,0.4807706605799279,0.16659243391415307,0.6262023948234634
2018-07-16,0.48109708387872135,0.16901928980650885,0.6253926110610343
2018-07-17,0.4900890348405311,0.18079104118385314,0.6301730801900652
2018-07-18,0.4824467544362013,0.17858807211247857,0.6255724309626479
2018-07-19,0.4826751186253942,0.17862243687845739,0.6235849035247787
2018-07-20,0.4639768838525257,0.18342493726971898,0.6306047470138038
2018-07-23,0.461858003307279,0.18682287409887147,0.632236413207779
2018-07-24,0.46151199135836607,0.18459395577584048,0.6349981430230175
2018-07-25,0.45193290421781585,0.17551446866482376,0.622667190793731
2018-07-26,0.44169606907508185,0.16677585148535967,0.6215700812564702
2018-07-27,0.43729297715407967,0.16506931571195127,0.6179034567324235
2018-07-30,0.4386604598018502,0.16762715439179857,0.6183972656393606
2018-07-31,0.44716933687418714,0.16551614260612613,0.6224494611869538
2018-08-01,0.44796645059441703,0.15916277135101625,0.6158717844286062
2018-08-02,0.46216159848420435,0.15357943923223288,0.6072863682376184
2018-08-03,0.4766434516089687,0.15719428798908633,0.6123298819814521
2018-08-06,0.47729817027781873,0.15248327874430703,0.6056428954738107
2018-08-07,0.48410631358060685,0.15345048303641165,0.6044468819819964
2018-08-08,0.4807699939902001,0.15514823261656735,0.6060499893186282
2018-08-09,0.4653325084842475,0.13939172362453994,0.5821695345894163
2018-08-10,0.44958543663162753,0.0829726782746654,0.4811142596633209
2018-08-13,0.4488168008182274,0.08137187823632629,0.4778149893003952
2018-08-14,0.43890936234507255,0.1113011668601616,0.5142640682334872
2018-08-15,0.44050707795146093,0.08961357210968782,0.5039471874832514
2018-08-16,0.43991801115169804,0.08951350847473634,0.5027915866530781
2018-08-17,0.43007204289308343,0.0858441809110502,0.5030024349822203
2018-08-20,0.4323190031952016,0.08930504868912163,0.5061919105432537
2018-08-21,0.43409849869235423,0.1083323613897814,0.5101043678447983
2018-08-22,0.42948200491378263,0.10565337646422458,0.5036897587138528
2018-08-23,0.42508986668803206,0.10084610792603534,0.49379778500486704
2018-08-24,0.412123963519995,0.10136607818332934,0.4795333885226442
2018-08-27,0.41313082920386124,0.09226991117423514,0.47825431532328566
2018-08-28,0.41230963468322357,0.09738782896810573,0.4773874963920489
2018-08-29,0.39418091483242373,0.09244197904041876,0.4629971964770456
2018-08-30,0.3893444881263712,0.0892466584564121,0.45610480749873394
2018-08-31,0.3749091183024954,0.09477348357396832,0.4694181273365074
2018-09-03,0.3716492705287815,0.10065180692839737,0.4773872432586191
2018-09-04,0.3654861083550197,0.09544586122089388,0.47195649776313636
2018-09-05,0.37067788941529595,0.10173185944021947,0.47796897803591326
2018-09-06,0.3757655330708845,0.09274294229593508,0.477518660918955
2018-09-07,0.3358203061380112,0.08939817605321564,0.4651210118208357
2018-09-10,0.3214425735109697,0.08235165170202291,0.46331771388253806
2018-09-11,0.32302256078257746,0.08304487248797873,0.46503243735063593
2018-09-12,0.3146132163514113,0.0929179665958006,0.47251915207452666
2018-09-13,0.31917281401192893,0.09325867605174906,0.4622569963943726
2018-09-14,0.3280694508556843,0.10601305214727344,0.47346073801391025
2018-09-17,0.3434094452353182,0.11558881133929494,0.48356038495916015
2018-09-18,0.34756037485743513,0.11394641115788882,0.4837436020527968
2018-09-19,0.33790941583969697,0.10076946698775285,0.47462573641469147
2018-09-20,0.35022245427053506,0.1025208218087659,0.47026932545879924
2018-09-21,0.35169734694402527,0.10612548701510316,0.472267128446955
2018-09-24,0.36294510584200423,0.11485402047297703,0.47904564376715153
2018-09-25,0.36157107133474986,0.11267593688789233,0.47669630094662824
2018-09-26,0.3605976168890795,0.10576831935602606,0.47386984854708586
2018-09-27,0.3692588513470071,0.10573700064693028,0.48188901986000465
2018-09-28,0.38184422303891286,0.1158456286525618,0.491697283678676
2018-10-01,0.3867431319069546,0.11572298331347461,0.49151595043032364
2018-10-02,0.3854980912138318,0.11540384199194864,0.48924954365361806
2018-10-03,0.3850879336580256,0.11534434000208371,0.4880883365693028
2018-10-04,0.3835795203949546,0.11262633830771397,0.487106411827885
2018-10-05,0.3864458220999064,0.107977937033708,0.4852401655424609
2018-10-08,0.38400964456404274,0.11057653120823198,0.48473165333837626
2018-10-09,0.3908006273813354,0.12008238898279013,0.4843920998039647
2018-10-10,0.3962456741622395,0.1289201531312046,0.48760347947079263
2018-10-11,0.3915234323193276,0.13013655899754967,0.48673040627156244
2018-10-12,0.3897949934791611,0.1335925206513368,0.48963765593496533
2018-10-15,0.3710086387340884,0.15242255215291758,0.4896091005130839
2018-10-16,0.36378815192488767,0.13965467166215534,0.48212201390419457
2018-10-17,0.3586376835860215,0.13963358505767398,0.4834079415319731
2018-10-18,0.3599319161530202,0.13802791010424484,0.48196404797190046
2018-10-19,0.35332527779752304,0.14200159560710468,0.47834073064198973
2018-10-22,0.3514252744692894,0.1476118232357971,0.4782728881349132
2018-10-23,0.3504040456122107,0.1555489998830591,0.4836191491012245
2018-10-24,0.36478499345039,0.1640914019573569,0.4909060960404388
2018-10-25,0.36799541871927055,0.17275935700178877,0.4961987054865643
2018-10-26,0.37070046586578814,0.16815889097087602,0.49500761556734624
2018-10-29,0.36835417291654854,0.16301911669629254,0.48839745400332646
2018-10-30,0.3827875184125202,0.1680056706513269,0.48871575422890345
2018-10-31,0.38263793540753643,0.16770758311779418,0.48854213132237423
2018-11-01,0.3364201569484832,0.14240103172016783,0.45750146296296373
2018-11-02,0.3364628985448421,0.15051074123167554,0.46696859130435725
2018-11-05,0.33532183408214716,0.14836574331059196,0.46359340266909976
2018-11-06,0.33129893196579724,0.15642373341912008,0.4684717449726612
2018-11-07,0.3210618050592858,0.15796261645967583,0.45984767298197476
2018-11-08,0.31418002103495385,0.15411086243590252,0.4550325354801052
2018-11-09,0.3095134694027839,0.17149205102730583,0.45054006701738225
2018-11-12,0.31636234834456584,0.16558139684709017,0.44095517680934004
2018-11-13,0.31077069116996625,0.1521162461811108,0.4303620990716885
2018-11-14,0.3014252149139636,0.1412188826572007,0.41761643135121884
2018-11-15,0.30159218931391907,0.1458423270483056,0.4148571266191599
2018-11-16,0.30297266181180643,0.14151153498488653,0.41460348633211747
2018-11-19,0.3115190868027623,0.14174857332074986,0.41489809060025556
2018-11-20,0.3014805739796431,0.15153088722659167,0.4210633570047547
2018-11-21,0.292626235524679,0.13820315866216323,0.4062653614136857
2018-11-22,0.29260214769353676,0.1357820619740612,0.40510600014792325
2018-11-23,0.29359958130232755,0.13935745027004132,0.4065618745033429
2018-11-26,0.294865642539617,0.14442312496389056,0.40892166912618644
2018-11-27,0.29726485173661654,0.14732842067360397,0.4098118628502458
2018-11-28,0.29137925170413514,0.14691098574228745,0.40663303050076305
2018-11-29,0.29202518519260795,0.1511035834817649,0.4127114942344109
2018-11-30,0.3151676941772426,0.17977256975717326,0.42865549141570336
2018-12-03,0.30694046129019675,0.1893262841068628,0.4334399839030701
2018-12-04,0.3094784221641418,0.16966054889659998,0.41713165968500243
2018-12-05,0.3021528113031288,0.1825263920009884,0.42347419263004116
2018-12-06,0.3069743133391012,0.18424576956746594,0.43093937134464017
2018-12-07,0.30543373493327325,0.1809203115565286,0.42671661738496813
2018-12-10,0.3025669472751385,0.16863710491907566,0.40947856517560344
2018-12-11,0.30460319000947406,0.16985114273038934,0.4100623849081662
2018-12-12,0.3026349892545382,0.16784577445877383,0.40617756523785603
2018-12-13,0.3030171626594842,0.16811690764143575,0.4063798060503478
2018-12-14,0.29103971720407795,0.16803783059972213,0.4026126109160914
2018-12-17,0.2982993830156142,0.1598399486589999,0.39424737279185607
2018-12-18,0.2908351936859912,0.15614833392461777,0.3879074493239713
2018-12-19,0.2932421873086962,0.15530000389061768,0.3863360013596137
2018-12-20,0.33123146595875214,0.14716219249418006,0.3959879030898824
2018-12-21,0.30999792469173953,0.13507210711971607,0.37811301217256177
2018-12-24,0.32204363203467173,0.13744654942309437,0.38357790175679696
2018-12-25,0.32020232027786505,0.13660293072100763,0.382301548993215
2018-12-26,0.3386599517025923,0.13695962787234223,0.3959584065890785
2018-12-27,0.3670259408074668,0.13960036610597656,0.40198203592340526
2018-12-28,0.3662716468190154,0.1343773527948964,0.398588307502451
2018-12-31,0.37700414671316423,0.1325374007911842,0.39769721045581796
2019-01-01,0.34841541514813845,0.13478056025076762,0.40099774078149114
2019-01-02,0.3658782279645096,0.12451316653348586,0.3905145934680275
2019-01-03,0.3562407287001246,0.14752923230974332,0.40933162133846324
2019-01-04,0.3465398405769704,0.1407429581671404,0.3984048822597896
2019-01-07,0.34942978089587295,0.13649278759174377,0.39419966367838793
2019-01-08,0.3505989104713219,0.1313456961326996,0.3881420547717077
2019-01-09,0.35157313299069104,0.1393568311371888,0.39793153303099943
2019-01-10,0.3567649961924324,0.14312300179645643,0.40735713698500065
2019-01-11,0.3392230009827937,0.16999442155855643,0.42771406512581756
2019-01-14,0.3438773996055379,0.17241897740283482,0.43072959454203447
2019-01-15,0.3551836978034086,0.1816773916202043,0.4363929025493249
2019-01-16,0.35416582059860013,0.18425178875156836,0.43835674686551046
2019-01-17,0.3528343170818494,0.18246885552010458,0.434856678268109
2019-01-18,0.3520810264700131,0.18057692656349186,0.4354665120095455
2019-01-21,0.34277044544117563,0.17876597855448034,0.4288597637872854
2019-01-22,0.36966400744759054,0.19064663372816829,0.43958173792161515
2019-01-23,0.3716628272985062,0.18600245155211897,0.43833582452481534
2019-01-24,0.37191974983970677,0.19553910705541516,0.449860400408831
2019-01-25,0.34414119695000966,0.2054232281867925,0.4442925290069647
2019-01-28,0.3439513433704339,0.20734403367664359,0.44411999600652663
2019-01-29,0.3411926111435632,0.20761392599329553,0.44296230984148927
2019-01-30,0.32325275625042676,0.21150468226719832,0.4418860618987991
2019-01-31,0.3144075449393441,0.2055026885121329,0.4339566693955259
2019-02-01,0.3254870497081327,0.20687297906891494,0.4299371101052075
2019-02-04,0.32244757669791624,0.20237906513043755,0.4253682157262987
2019-02-05,0.3226422968791063,0.20000912322561634,0.42085065152252815
2019-02-06,0.31112428027912875,0.2021441078870054,0.4215838053089312
2019-02-07,0.29995375248559675,0.20717181697693363,0.4151789989227731
2019-02-08,0.3053142748742952,0.20589391246360073,0.41174826606433196
2019-02-11,0.30597296814386127,0.20455500378070496,0.4049918536060028
2019-02-12,0.29911270040963894,0.20393860091836924,0.3971516355008461
2019-02-13,0.3060907916168912,0.19894107050143708,0.39286094828144885
2019-02-14,0.3174267682290305,0.209557847556489,0.3980465636305981
2019-02-15,0.31342609345283673,0.21133460795480447,0.39752888791731994
2019-02-18,0.3076095029834768,0.20519490692210363,0.3873250788780499
2019-02-19,0.2900979983992943,0.19515546043749654,0.37624434792882183
2019-02-20,0.291467840722659,0.19453092869244476,0.37374986084626094
2019-02-21,0.30360717993631986,0.19594144749865167,0.37803611073797233
2019-02-22,0.3002863847169931,0.19410483858076233,0.37624913393401815
2019-02-25,0.28592323996599617,0.1944095022768472,0.37008302269904814
2019-02-26,0.2890491244256295,0.19990741875039,0.37725074638255063
2019-02-27,0.28631721134697746,0.1981862094113341,0.3737267113395898
2019-02-28,0.27662673803664567,0.19562578857182666,0.37042938445858437
2019-03-01,0.27005676652517024,0.19022862161107196,0.36628411420503065
2019-03-04,0.28331171876296507,0.1897273313685681,0.37133873837722164
2019-03-05,0.2858661118784866,0.1868236068432396,0.3744039653707013
2019-03-06,0.28668272368682557,0.18529088918130862,0.3647782484143495
2019-03-07,0.2857948533738716,0.19295167692654516,0.3596557635539895
2019-03-08,0.300318621719658,0.20254695510919613,0.3700989844772071
2019-03-11,0.29878827530275764,0.19980302020497998,0.3684247985263369
2019-03-12,0.29875094034668787,0.21734940872168484,0.36610835789318924
2019-03-13,0.30402645575647574,0.22399315228014754,0.3782916788224106
2019-03-14,0.30771451274604067,0.23454790833530123,0.38055359473300765
2019-03-15,0.28522183294410797,0.2275109922589554,0.34915459409408384
2019-03-18,0.28356791136404075,0.22444690941150006,0.3458965945077733
2019-03-19,0.2815090186464755,0.22705439782313672,0.3463019286775866
2019-03-20,0.287065732275883,0.20730070188836644,0.3351749367653328
2019-03-21,0.2723188895238243,0.22546054706640992,0.3396553474476584
2019-03-22,0.2735197432653288,0.2236257777719973,0.33359408949862945
2019-03-25,0.26995695888317905,0.22264349798287247,0.33044697064455975
2019-03-26,0.26224308713815325,0.23002323868531668,0.326614565777393
2019-03-27,0.2665868634258063,0.21370807036501324,0.311428880192231
2019-03-28,0.27753627339069714,0.18598212543496226,0.29757011686274587
2019-03-29,0.2787879574627004,0.18697372429566725,0.29798891109800485
2019-04-01,0.2705867896076257,0.1802776114138639,0.28875026953769556
2019-04-02,0.26752709867603625,0.1785903817308163,0.2869789759332419
2019-04-03,0.26002736453276015,0.17227633685380325,0.2745783809691267
2019-04-04,0.259702572342912,0.16948501294405124,0.27378413677949337
2019-04-05,0.2596227242248604,0.1674706537321315,0.2714633535687708
2019-04-08,0.2640006235063425,0.18349673135431047,0.28960032635502764
2019-04-09,0.27441588631684993,0.19173293326376828,0.2947073800987636
2019-04-10,0.27843915978176426,0.20024682883978662,0.30993921472871105
2019-04-11,0.2743825735090867,0.20913240764834284,0.3150997730444255
2019-04-12,0.2651355237061616,0.20627989948952097,0.3131144653937879
2019-04-15,0.25853876832143885,0.19445947187585697,0.29573783329454884
2019-04-16,0.260126662258869,0.1952310080509134,0.29682798086843093
2019-04-17,0.26025019015352835,0.2019230020063949,0.2964481955358182
2019-04-18,0.24251647011893882,0.21211661367190388,0.30296782503210884
2019-04-19,0.24247173811854814,0.212535857658644,0.30327929560180594
2019-04-22,0.2422602731467998,0.21077453618550682,0.30140873892915754
2019-04-23,0.23602763961054193,0.2139462443421457,0.3040945943980914
2019-04-24,0.21636208876752638,0.23084027217220965,0.30553912413948214
2019-04-25,0.22920103750746673,0.23199382798907925,0.3120564841150399
2019-04-26,0.22648764582403183,0.23024454615119697,0.30948686940218606
2019-04-29,0.22849348126369728,0.235807645433518,0.31544862271243207
2019-04-30,0.22314657949044445,0.2256092624908183,0.3145869382514987
2019-05-01,0.21676620371941538,0.22408735549416356,0.3139487951283378
2019-05-02,0.22702807995194324,0.24079954262110034,0.3347546097152232
2019-05-03,0.21730163893112908,0.23353680418074713,0.33019844035715556
2019-05-06,0.21784955560706598,0.23395526400257524,0.3307725206862439
2019-05-07,0.21819195938654304,0.24491213641564824,0.33726436123548625
2019-05-08,0.21789801891020627,0.24546949238052354,0.33810365554705846
2019-05-09,0.22071676588683564,0.24912843669922602,0.3471031726236405
2019-05-10,0.21135620996087276,0.22649915777148602,0.33936613793615555
2019-05-13,0.20993391583990545,0.2207227832825465,0.33688486866847367
2019-05-14,0.22075156182228192,0.21068365089865587,0.3326705745759653
2019-05-15,0.21710435119329738,0.20173796902009253,0.3227218526220632
2019-05-16,0.21080217693326905,0.19798519138131043,0.32746077384464006
2019-05-17,0.2238648627663523,0.20259151890141483,0.33214816265160324
2019-05-20,0.22016499529218905,0.19757562513795296,0.3289044791300284
2019-05-21,0.21934584547685163,0.20236842403440666,0.32961137585135836
2019-05-22,0.22255951720011355,0.20197482071290296,0.3310322025912544
2019-05-23,0.22329447287946488,0.1929623639058223,0.3311568405494965
2019-05-24,0.22375214153443698,0.18856733312525908,0.3369134090102298
2019-05-27,0.2158279607823867,0.18112066289188142,0.3291895543499169
2019-05-28,0.21483337290104806,0.17419195016350061,0.3266630582467901
2019-05-29,0.21485258154171671,0.17890899594943657,0.32806766414226046
2019-05-30,0.21731522171498766,0.18200645801293633,0.3300797677774494
2019-05-31,0.23076092376137727,0.19004216651345496,0.34764494420553466
2019-06-03,0.18653533790662796,0.20762250551606692,0.33291134406685213
2019-06-04,0.18216029861047728,0.21388792419607713,0.3337483584055783
2019-06-05,0.18449941808860543,0.209766972919358,0.3348991005479649
2019-06-06,0.19100602056166727,0.22334500360155024,0.3494074070881237
2019-06-07,0.18159209759869818,0.23576429618602954,0.35620818248337965
2019-06-10,0.17486818962914957,0.26040877223654996,0.365229761322414
2019-06-11,0.1801084536103263,0.2627067359681566,0.3694128887125414
2019-06-12,0.17070905373384687,0.26512792647254474,0.3663305981698351
2019-06-13,0.16836825356504664,0.2615945598253928,0.3577772681480513
2019-06-14,0.1498318199907793,0.2797488607491514,0.3713786171964117
2019-06-17,0.14978368959860403,0.2786031989738785,0.37097012466387785
2019-06-18,0.1435210127861211,0.269645783422271,0.37307975233219703
2019-06-19,0.15407244797355943,0.2642441578062318,0.3709696925834667
2019-06-20,0.1615650886251893,0.2767321234200217,0.3827817484779252
2019-06-21,0.17550327912923108,0.2802169212580621,0.3945777897536629
2019-06-24,0.17199040026398302,0.2885089595499408,0.39995466878250746
2019-06-25,0.18030264293474174,0.29416528916502577,0.4025085997340082
2019-06-26,0.1819303698808145,0.29960775159103514,0.40452619045978416
2019-06-27,0.18115449674083214,0.2971202951780766,0.40261658366259373
2019-06-28,0.19971215396657246,0.30496760685493485,0.4052484704374179
2019-07-01,0.2058432313705236,0.3423052131430344,0.4436659542845846
2019-07-02,0.20552020896224193,0.34360997948776584,0.4463916706199367
2019-07-03,0.20376136895751717,0.34364950967165636,0.44484894076989884
2019-07-04,0.20208113845098813,0.33508872456191685,0.4359313771619539
2019-07-05,0.19668702421875492,0.3478701646190151,0.45864385644093353
2019-07-08,0.19980709208842795,0.34889081651802556,0.46121492730488617
2019-07-09,0.21434567981968425,0.3490288597486095,0.45174485909285794
2019-07-10,0.2090118577385787,0.33823240951311523,0.45003864132435834
2019-07-11,0.20817340486935731,0.33716497455935,0.44837139232676415
2019-07-12,0.21780116578115466,0.34114156301638504,0.4672605650635914
2019-07-15,0.22693061509368115,0.35785094179176596,0.46982820006492115
2019-07-16,0.22958988750811782,0.3523399774981584,0.47469498857989345
2019-07-17,0.2197821704399204,0.3495082718560246,0.47403012286572926
2019-07-18,0.21510798639211673,0.3443353975973374,0.4748586823291707
2019-07-19,0.21493606665985113,0.3393720815478695,0.4794858730556339
2019-07-22,0.208411553286493,0.3423584844308943,0.4913294799839243
2019-07-23,0.20270275151065822,0.33984117972349176,0.49300268754412185
2019-07-24,0.20247783116004778,0.34756186625957125,0.5029993878028063
2019-07-25,0.19931557590542417,0.349647065571745,0.5083335627611647
2019-07-26,0.1988059187759942,0.3485462842792798,0.5065790213941594
2019-07-29,0.2167982086784173,0.3685807070285741,0.5330619412201176
2019-07-30,0.21743721655481152,0.4565436248659683,0.6687074635712611
2019-07-31,0.20438666503973604,0.45646270442566855,0.6768388694115214
2019-08-01,0.20118333523750545,0.4394182318876576,0.64978570338972
2019-08-02,0.2147945787392133,0.4534434606986171,0.6640521642258893
2019-08-05,0.25224429390173453,0.5041987895621779,0.7171055779146259
2019-08-06,0.2715381982244721,0.4945165218632634,0.7057173501579492
2019-08-07,0.2746426408693477,0.4869611083005892,0.6977375781081674
2019-08-08,0.2669114502747473,0.46513755943500146,0.687999642960858
2019-08-09,0.2679868532603373,0.47066369672827235,0.6953327227540846
2019-08-12,0.29188824204034775,0.4873341807413245,0.718193173691399
2019-08-13,0.3280233646444676,0.49284312489084553,0.7505572850676094
2019-08-14,0.32330231874511145,0.487275359554665,0.7433134920564585
2019-08-15,0.32662349043786054,0.4922347992043282,0.7425964428248432
2019-08-16,0.3237203287100923,0.4900193280398464,0.737913448901615
2019-08-19,0.33054687079515965,0.4842570856126224,0.7437523599428529
2019-08-20,0.34527040628701455,0.4794097876302124,0.731862834485644
2019-08-21,0.34602247733590547,0.48178622568795837,0.7338641904355633
2019-08-22,0.35627472144010697,0.494572301725624,0.7463473998236412
2019-08-23,0.37083968713309423,0.49020445178506855,0.7605458910088487
2019-08-26,0.3837716899842266,0.4818011307418954,0.7602901306665006
2019-08-27,0.3996951128811525,0.47121989257064395,0.7543935934202795
2019-08-28,0.4013698591913208,0.4642450702054571,0.7519405983044098
2019-08-29,0.4039787424557936,0.4700401140699006,0.7586343414565981
2019-08-30,0.4363187762149274,0.5008224107607234,0.7848466613226257
2019-09-02,0.4293625482759783,0.4961324644955357,0.7905605373378038
2019-09-03,0.42339862241279946,0.4976416436719044,0.7921526997839535
2019-09-04,0.3806949940643946,0.46629630743746775,0.7590121806206989
2019-09-05,0.3733939483911962,0.4707671407773978,0.7592919449547032
2019-09-06,0.37659235635328386,0.4721526654064695,0.7612277774766517
2019-09-09,0.3561871509883921,0.47362121792826134,0.7679911940513425
2019-09-10,0.3551676242100606,0.47556014051812473,0.7702871411691014
2019-09-11,0.3538159827765413,0.4768905549154912,0.7702147791199772
2019-09-12,0.3619402705805359,0.4654874117493177,0.7591224961909386
2019-09-13,0.3643795821476075,0.4657890962472071,0.7585744396241031
2019-09-16,0.3583987751915307,0.45332212356246365,0.7438601375252373
2019-09-17,0.34195805740608526,0.45252300178951105,0.7425078260372459
2019-09-18,0.33251790753364235,0.460372442362313,0.7516175131168142
2019-09-19,0.34227021963958,0.4721585775128458,0.7618941597785284
2019-09-20,0.3340608656980351,0.48073050162063397,0.7659014623211149
2019-09-23,0.33502083986859144,0.4823195884900919,0.7655927797389587
2019-09-24,0.3314016016526739,0.49186332559602713,0.7712772067407665
2019-09-25,0.33380935987875265,0.49753743918832893,0.775593632947024
2019-09-26,0.33811464490706983,0.49759719191363994,0.7757154150579285
2019-09-27,0.32888202935769467,0.49639524139939206,0.7757493141959084
2019-09-30,0.33659113997765294,0.48689172353653304,0.7794005896958335
2019-10-01,0.34425544121751117,0.4922607275097316,0.7856220929098409
2019-10-02,0.3492309048358936,0.4912717902146738,0.7860281136289776
2019-10-03,0.3474168773012111,0.4906857751210807,0.7839078342345084
2019-10-04,0.34747166051318545,0.4860130712708727,0.7823990047387416
2019-10-07,0.34261765721463694,0.48533771838179346,0.7833644724860285
2019-10-08,0.34068181950741905,0.4829748086981424,0.7800126330257041
2019-10-09,0.3441251873046417,0.48159983775805354,0.7828798297068643
2019-10-10,0.324633994671855,0.48051363472570596,0.7780141586580116
2019-10-11,0.2896023766710649,0.4883445486030032,0.772322673163231
2019-10-14,0.285212548913893,0.48104679321093985,0.770221579823875
2019-10-15,0.2796358380970372,0.4908364838429557,0.7727893999909777
2019-10-16,0.28825654533500666,0.49448897626385957,0.7788365633103759
2019-10-17,0.2642767676851624,0.4884675040442979,0.7807145479244618
2019-10-18,0.2650085134307801,0.48526358420462584,0.781577521109976
2019-10-21,0.30965524039089154,0.5060332164425875,0.8122144602306619
2019-10-22,0.3103239155109706,0.5018407582917479,0.8049549107185395
2019-10-23,0.31104871087062835,0.5001797668872892,0.805675981575659
2019-10-24,0.3088289419849153,0.4984594917636804,0.804075490240845
2019-10-25,0.3166458672388485,0.5153978243910666,0.817783129385608
2019-10-28,0.32585924125311666,0.5370582224665471,0.8374217356091137
2019-10-29,0.3286550487868578,0.5387077692864021,0.8422776330774717
2019-10-30,0.31768915396032354,0.55725949623098,0.8681569230638791
2019-10-31,0.3203758098978915,0.5642905599757001,0.87344850134792
2019-11-01,0.32890704738095256,0.5746107308384566,0.889794910271278
2019-11-04,0.32368175461308024,0.5719513489755188,0.8896406962119692
2019-11-05,0.33068381827674675,0.5905955380350036,0.8985490667941017
2019-11-06,0.3154217015952154,0.591557997451859,0.8991620753902924
2019-11-07,0.34666353075286077,0.5896533405113789,0.9033612813329469
2019-11-08,0.34677637470710726,0.5856240340619954,0.9032359096586249
2019-11-11,0.347580978640624,0.5813787878840425,0.9065571481560185
2019-11-12,0.34496723592343864,0.5807973577804271,0.9051920207759447
2019-11-13,0.3468445584447271,0.5853039546181017,0.9050155000374096
2019-11-14,0.34848871942453336,0.5784031409716243,0.9074785341473912
2019-11-15,0.3528156549179095,0.5875565692564608,0.9142964628561433
2019-11-18,0.3553765236358357,0.5941958983662262,0.9197558875137757
2019-11-19,0.34217916112212815,0.5895842847781766,0.9229500752354143
2019-11-20,0.3530295096378516,0.5783586262270627,0.9160298051151249
2019-11-21,0.3498590307441725,0.5756350336038314,0.9124658028198231
2019-11-22,0.3609872897851079,0.5805062109115056,0.9144317607700089
2019-11-25,0.34750567357490225,0.5739686119602413,0.9001079754586548
2019-11-26,0.3520114171204618,0.581858516878206,0.9112032686147615
2019-11-27,0.3612175354192156,0.6181004195870073,0.9558285861210406
2019-11-28,0.35800942662502977,0.6185827493732876,0.9578158756584491
2019-11-29,0.3644147567825734,0.6277792161999111,0.966797791170303
2019-12-02,0.3662417449081345,0.6382795835867816,0.9721717005359384
2019-12-03,0.3885229683393048,0.6463543663738499,0.9883847664402973
2019-12-04,0.373197731497719,0.642947101813236,0.9889361757625998
2019-12-05,0.3685204335190548,0.6442337338762224,0.9866272188332765
2019-12-06,0.3666082141705104,0.6537924732350662,0.9926450428498879
2019-12-09,0.3055083135939079,0.680457107253827,0.9911452635839141
2019-12-10,0.3447707006553524,0.7052653203021482,1.030848872167758
2019-12-11,0.31175768106120266,0.7063502470948146,1.0336265372552276
2019-12-12,0.3264377518508008,0.7057649267752589,1.0450361102422447
2019-12-13,0.27622270652930175,0.7130431222103539,1.0255757199137354
2019-12-16,0.22090472224563754,0.7116854760378656,1.021752642207973
2019-12-17,0.21202863826403726,0.7083701396105109,1.01685745371274
2019-12-18,0.20460063920791008,0.7147119233727278,1.0198445311293252
2019-12-19,0.20435569371227694,0.7151626102996601,1.0197363379069977
2019-12-20,0.1738340978832535,0.7459175038687952,1.0616046709023428
2019-12-23,0.18378702275858894,0.7337763696198352,1.0526960457774388
2019-12-24,0.19389891263729614,0.7428755792346583,1.0690408338411905
2019-12-25,0.18420114271667218,0.7594560783294065,1.0863202791013662
2019-12-26,0.17528097753384198,0.7714605030038294,1.0997207405858591
2019-12-27,0.1671383131589123,0.7732321559080849,1.1010468321896014
2019-12-30,0.1585554222588664,0.7689438981091953,1.0884317522911742
2019-12-31,0.14486878648847384,0.7606751378229868,1.078679724906644
2020-01-01,0.1436672412173924,0.7596430535579587,1.0771269936296406
2020-01-02,0.1282951338030825,0.7361380050980301,1.0604136080861544
2020-01-03,0.12901848328701512,0.7365981614008773,1.0600444359274133
2020-01-06,0.12547490226945754,0.734436663771958,1.0621630359553613
2020-01-07,0.11367005944007941,0.7470587683887355,1.075686951899811
2020-01-08,0.12708078799802158,0.7640095736715175,1.0967010307992406
2020-01-09,0.12293658811542074,0.7673812305685244,1.105514640958541
2020-01-10,0.12463901189499081,0.7744687573596672,1.109775673524374
2020-01-13,0.12065384519929727,0.7656347613848631,1.0968958153399408
2020-01-14,0.16694478424877893,0.7757114576749118,1.1286998485266413
2020-01-15,0.16683744834892394,0.7753865623819136,1.1308925321398366
2020-01-16,0.16819453327901213,0.7795231413423392,1.133250778221405
2020-01-17,0.20425562671120548,0.7768875131691803,1.1527940080115582
2020-01-20,0.19685044662723702,0.7763526252946339,1.1465540101926757
2020-01-21,0.20138777549068795,0.7763908295336693,1.1498856450816863
2020-01-22,0.1989479396855262,0.7915857873672248,1.1560247971098974
2020-01-23,0.19913595579695142,0.7894117630986615,1.147909414554782
2020-01-24,0.21908141338101117,0.7930699771238766,1.15567478813761
2020-01-27,0.2080555465437454,0.7942675286701547,1.1505875430254404
2020-01-28,0.21111792860856346,0.7924381420695978,1.1521100162098208
2020-01-29,0.20890473070061905,0.8085650424789786,1.1694875592780285
2020-01-30,0.22447361554986645,0.8104001040172463,1.1894033432755393
2020-01-31,0.26374262605236987,0.8255510354683349,1.2379105356517202
2020-02-03,0.2546727176600136,0.8107847634172092,1.2266888943517509
2020-02-04,0.273935774680448,0.8140518990288208,1.2347861326283072
2020-02-05,0.28545527246585195,0.8340686661562094,1.2431780402386754
2020-02-06,0.2989671891322537,0.8395629417711975,1.2568809896630326
2020-02-07,0.2877082631796925,0.8305051659883222,1.2474701526738017
2020-02-10,0.29579726079568586,0.8338753784352079,1.2511838328757818
2020-02-11,0.296729013039304,0.8367243404147715,1.2509820075803142
2020-02-12,0.32732497193579185,0.8425336920474157,1.2546458085848882
2020-02-13,0.32914351363791433,0.836862402602571,1.2538752939306914
2020-02-14,0.33316966384879365,0.8401800327534444,1.2576268300931441
2020-02-17,0.33242418616765246,0.8410254676331105,1.2571588243225278
2020-02-18,0.32425112913168663,0.8554506257366208,1.263760807007395
2020-02-19,0.34649694026879013,0.8617285809695193,1.2696799417463651
2020-02-20,0.3422257688141236,0.8650683174394184,1.2599092155054161
2020-02-21,0.3516470525627602,0.8927590164892035,1.2807417511100772
2020-02-24,0.33200272487063553,0.895763262684071,1.2905444132599133
2020-02-25,0.35630323704126204,0.907344066799473,1.2964728336061913
2020-02-26,0.3588281102797986,0.9094232575390752,1.2996346143132178
2020-02-27,0.4246263308869767,0.922241094259728,1.367593659948002
2020-02-28,0.4732088388864581,0.977435015163638,1.4422847718585745
2020-03-02,0.43253348486983345,0.957408613847053,1.3766154830572874
2020-03-03,0.4449340345623626,0.9862687969511945,1.3952647548088184
2020-03-04,0.4519231942393488,0.9920264038258386,1.4055208320548949
2020-03-05,0.5015440190462152,1.036392927957353,1.4422776937303996
2020-03-06,0.5009499644620222,1.1298241797920214,1.494075872546984
2020-03-09,0.8255266625730721,1.2401416346338565,1.6241920268091246
2020-03-10,0.9151189371684146,1.2428612299486346,1.6304876794439502
2020-03-11,0.9118636899445456,1.2392137283543954,1.629355666985218
2020-03-12,0.7150394237636668,1.228595847443441,1.5411506571534033
2020-03-13,0.8201342735040698,1.2035351884015342,1.5166837815773606
2020-03-16,0.9043931583569712,1.284618290836456,1.588024562947444
2020-03-17,0.8281421175729005,1.37408405085663,1.590049885810151
2020-03-18,0.4730751931845562,1.1323798596648347,1.3874387758174334
2020-03-19,0.6035241419521434,0.9529608820228687,1.2178454127631229
2020-03-20,0.6090467928010677,0.9490602144677621,1.2203233465595758
2020-03-23,0.6069539209101549,0.9772600782759874,1.2448458498195158
2020-03-24,0.566839562666944,0.971071569824007,1.231581763369918
2020-03-25,0.4823542166681542,0.9199765981405545,1.1655306648002144
2020-03-26,0.40202020626352303,0.9040056705180731,1.109955153648335
2020-03-27,0.4291910741840743,0.971009605792618,1.1442112316049482
2020-03-30,0.41663126214391183,0.9022012024340876,1.0964473789998177
2020-03-31,0.41948181680742175,0.899739751239849,1.0985905095645776
2020-04-01,0.40804897604661583,0.8805921347470272,1.078108796127841
2020-04-02,0.4132614999517946,0.8763414961024518,1.0814022541483461
2020-04-03,0.4080657670208905,0.8711160412768201,1.0718734771819078
2020-04-06,0.41422742737357016,0.8628159584628027,1.0700309326051882
2020-04-07,0.4015791628246689,0.8534900461239846,1.0516294680422844
2020-04-08,0.40481965816316967,0.8528294839969608,1.050877584110886
2020-04-09,0.39685846268253383,0.8402706764034106,1.030185307364502
2020-04-10,0.4129990023298077,0.8358143481905573,1.037360445104951
2020-04-13,0.41244848073977697,0.8359547685099789,1.0381388484969845
2020-04-14,0.4139413988023568,0.8364623329130543,1.0381909511908634
2020-04-15,0.39875034154679684,0.8282788453563475,1.0260081731079618
2020-04-16,0.4053758869881092,0.8224517541226812,1.018721376878164
2020-04-17,0.4072848085905507,0.8219635874446293,1.016171357954711
2020-04-20,0.40658728751752876,0.8213791853027694,1.0149632836165685
2020-04-21,0.4041256172704035,0.8252038287716593,1.0149059716186104
2020-04-22,0.40419331040960543,0.8250889078015984,1.0148267070343173
2020-04-23,0.40525685004584566,0.8243322357136483,1.0152991833585447
2020-04-24,0.4051283631997108,0.8248128314020129,1.0156863349779912
2020-04-27,0.39519119293576366,0.817830596928053,1.0036205260418176
2020-04-28,0.3939289165862859,0.8186272412092147,1.0030794060225015
2020-04-29,0.3876468323900271,0.8120859138465512,0.9928374743773614
2020-04-30,0.3862706368308803,0.8033071210717996,0.9842659935494489
2020-05-01,0.38494234681331513,0.8017956079330135,0.983059605769179
2020-05-04,0.3882784306525087,0.8026995769661301,0.9843155091526993
2020-05-05,0.3902798128852417,0.8030756465398643,0.9852534604762301
2020-05-06,0.38758731970462246,0.7960396336391188,0.9794871646976346
2020-05-07,0.3827681066734979,0.7902075911051353,0.9759346239900639
2020-05-08,0.3807492609628972,0.7881741296958005,0.9736131731102379
2020-05-11,0.37334901960581995,0.7804560664860933,0.9652853202379466
2020-05-12,0.3784842301753911,0.7824109938768394,0.9671434006015036
2020-05-13,0.3762817785787782,0.7820997662164735,0.9677530249012861
2020-05-14,0.3766166408538678,0.7863500494343914,0.9730143820754389
2020-05-15,0.3782595441734195,0.7836606676580457,0.973026578383593
2020-05-18,0.3584211157055147,0.7735295333625736,0.9613150937767325
2020-05-19,0.3463273614999134,0.7633276820798166,0.9430165783419188
2020-05-20,0.3527193397667096,0.7532301399855708,0.9382308366526205
2020-05-21,0.3531980017824134,0.7592045276356296,0.9414541394360475
2020-05-22,0.3488108274029869,0.7612942004618105,0.9364598940303159
2020-05-25,0.3482452157814727,0.7539266457947136,0.931507450207985
2020-05-26,0.3342680163709815,0.727372050228424,0.9022125732362153
2020-05-27,0.3364744685059566,0.7192089433564351,0.8972210917859721
2020-05-28,0.3337726883972527,0.717190066073246,0.8980700671010108
2020-05-29,0.3361622122274012,0.7174247936286448,0.8976649650075983
2020-06-01,0.323035665455425,0.7184154109939285,0.8935152045174743
2020-06-02,0.3316233852784329,0.7217814664531245,0.8903023662146369
2020-06-03,0.32853929040641605,0.714872631625871,0.8846012623158527
2020-06-04,0.3245066926140015,0.7076541832678018,0.8837177434956881
2020-06-05,0.32926912990427476,0.7181602721650411,0.8964235789751873
2020-06-08,0.3252623819143727,0.7114468684405375,0.8925682076160187
2020-06-09,0.3204224785988507,0.7132733134334281,0.8892608938865704
2020-06-10,0.3231648670687438,0.7111715037695399,0.8875649976429033
2020-06-11,0.2997060377657244,0.6718368643056292,0.8604695586383265
2020-06-12,0.3020485758613586,0.6737389001120818,0.862459264343434
2020-06-15,0.2982379596480861,0.6674770015577067,0.858798478970646
2020-06-16,0.29906058355775095,0.6640123962676479,0.8580392213214545
2020-06-17,0.2907884842178897,0.6441825749797265,0.8331046213250151
2020-06-18,0.2896748253092804,0.6416346191171678,0.8308525260239913
2020-06-19,0.2884166797291908,0.6421765779474092,0.8312976359481478
2020-06-22,0.2813297109926394,0.6375123631902829,0.8287704202864129
2020-06-23,0.2837429721803445,0.6261729543957877,0.8135531563442702
2020-06-24,0.2790784738149081,0.6163836326013731,0.8123265386250071
2020-06-25,0.28096623471614546,0.6172906945727913,0.8128712942694476
2020-06-26,0.2864960239759697,0.6233503060958582,0.8144661340838308
2020-06-29,0.287766821443827,0.6237274196730213,0.8157851855081661
2020-06-30,0.2860458917438741,0.6294078184557454,0.8138709601586978
2020-07-01,0.28441390381050846,0.624058921049805,0.8108627813125437
2020-07-02,0.2845652038757969,0.6319223305748171,0.8114242746239214
2020-07-03,0.28419273183547444,0.632150152082735,0.8099095793283216
2020-07-06,0.28246248630014487,0.633751585379792,0.8059364775738115
2020-07-07,0.2812395179431706,0.6347937908611595,0.8002160398994942
2020-07-08,0.2770475588411949,0.6312017242134251,0.7953456096983853
2020-07-09,0.278987083600267,0.6364390268301962,0.7969501034621622
2020-07-10,0.2786689320431071,0.63594324066386,0.7963729815084604
2020-07-13,0.2795928070380657,0.6363859119507769,0.7965374105981633
2020-07-14,0.28085261813905515,0.6330288653714798,0.794095400436621
2020-07-15,0.2769212258750756,0.6314118503839123,0.7919632385659342
2020-07-16,0.2756516676692282,0.632093478182812,0.7923118645164196
2020-07-17,0.28575629222271615,0.6345697043204768,0.7892583902342593
2020-07-20,0.2817480033431796,0.6311630368100668,0.783408359204094
2020-07-21,0.26445081075177224,0.6179987579818751,0.7673265680426303
2020-07-22,0.24163701167550936,0.5890856211374337,0.737163107167315
2020-07-23,0.24683841665177816,0.591944560579066,0.7370884461787617
2020-07-24,0.24603424973927712,0.5917880131802558,0.7367740195195122
2020-07-27,0.23912932288553254,0.5752996478761454,0.7204460929347611
2020-07-28,0.23782426120814787,0.5736404522995877,0.718361159900987
2020-07-29,0.23558776093437653,0.5751616603732744,0.7198837809247886
2020-07-30,0.22669690629461178,0.5768385885123344,0.714181037263067
2020-07-31,0.23334474772309918,0.5675083869156659,0.7097334806520585
2020-08-03,0.23197617504383541,0.5588081624599741,0.7051716252042062
2020-08-04,0.23125056574360164,0.5580883816372423,0.705326565870748
2020-08-05,0.22839433868736914,0.5694924921351682,0.7130528116635326
2020-08-06,0.22703754226657757,0.5696029076656219,0.7136062545330105
2020-08-07,0.2153199054221158,0.5688786023879413,0.7112270906705358
2020-08-10,0.2161143008832605,0.5686091554085662,0.7113830869187209
2020-08-11,0.2075877755326696,0.5732539922004294,0.7049974613139318
2020-08-12,0.19856790944177471,0.5843502002341158,0.7076435418510749
2020-08-13,0.19876427364137655,0.5858608322071647,0.7082498184468526
2020-08-14,0.20115477289271613,0.5889333630474896,0.7088715870229845
2020-08-17,0.1977880673326901,0.5861216765455908,0.7064738112903788
2020-08-18,0.18395797226525074,0.5712695580943381,0.6910516378100559
2020-08-19,0.18829295129586232,0.588609089822999,0.7149677349035318
2020-08-20,0.18975095511930437,0.5881821682992658,0.7156191173728667
2020-08-21,0.20412229681510347,0.6153543218402215,0.7346889045268588
2020-08-24,0.20435830078664896,0.6154954346754151,0.7357834767305506
2020-08-25,0.20222922683505723,0.615400945039196,0.734873013997894
2020-08-26,0.2040829022176509,0.6154283585286484,0.7357050500229214
2020-08-27,0.20401842113253657,0.6145619355061451,0.7351170814163426
2020-08-28,0.19745486427825693,0.5966245647215889,0.7244985309394943
2020-08-31,0.19172594102948065,0.6046614551408692,0.7318884194383393
2020-09-01,0.19372452924299338,0.6106111001364222,0.7393484099869174
2020-09-02,0.19050376590517756,0.6052240532796224,0.7311393711805635
2020-09-03,0.19276097834619071,0.6064799862859686,0.7313784451292275
2020-09-04,0.1931952456040053,0.6021325789941592,0.7253583501012822
2020-09-07,0.18845132501738762,0.5979330109017248,0.7228983422186291
2020-09-08,0.16961916089795134,0.582525020945776,0.7087243864574261
2020-09-09,0.16395231843222502,0.579609929263335,0.7066842299986732
2020-09-10,0.16239788484660456,0.5793683246123714,0.7055793212646592
2020-09-11,0.15748016798335762,0.5743681786615614,0.7010508868655115
2020-09-14,0.15600112717949138,0.5761197056000797,0.7006968977496189
2020-09-15,0.15605346107379992,0.5760995757804301,0.7007456376922647
2020-09-16,0.15403351961263786,0.5804446369369635,0.7010509715242731
2020-09-17,0.14940948041863156,0.5761566911189385,0.6977851902067282
2020-09-18,0.14823726128523546,0.5766966112683107,0.6978029707335358
2020-09-21,0.13021132748575354,0.5813569360745624,0.6978202820964592
2020-09-22,0.13146115392203736,0.5744536059847714,0.693102612895553
2020-09-23,0.12503630224294499,0.581014121791964,0.6949519177255984
2020-09-24,0.12600475213411536,0.580227344072038,0.6949422701845317
2020-09-25,0.1269233460859401,0.5812073224869819,0.6958067158457797
2020-09-28,0.13552402926615792,0.5896287566777996,0.7079456058499757
2020-09-29,0.14401957532335577,0.599057805069918,0.7176907966244002
2020-09-30,0.1465528149667285,0.6016194062950685,0.718466105499039
2020-10-01,0.1472255711776664,0.5975849423832486,0.7155523551480378
2020-10-02,0.1416755600472258,0.6028770464590546,0.7167620579621489
2020-10-05,0.1394515752720074,0.6057282277066701,0.7168011302901286
2020-10-06,0.13289160136036912,0.6082018810915888,0.7177985933468285
2020-10-07,0.13093134422269145,0.6083952573831156,0.7176967544113149
2020-10-08,0.12965380375804006,0.6046357462128379,0.7146525257863325
2020-10-09,0.11385090104268689,0.5960059176618263,0.7113446279613084
2020-10-12,0.114197167392335,0.5962758084904152,0.7113541188057396
2020-10-13,0.11403873753938552,0.5926018247444924,0.7090348388370807
2020-10-14,0.11438693051484784,0.5923386121500234,0.7095281291881106
2020-10-15,0.09962042245361154,0.5946304199325794,0.7113499975856236
2020-10-16,0.10015502052478713,0.5942675806705379,0.7099921291242757
2020-10-19,0.09852952860617879,0.5885233377102358,0.7069623103537768
2020-10-20,0.10542933201614732,0.5853374242526765,0.7068040023786409
2020-10-21,0.09637157978439918,0.5807056265639136,0.7022282853747223
2020-10-22,0.09448846442769258,0.5731430987342667,0.6986004112535347
2020-10-23,0.09434066230148665,0.5732004378284982,0.6992867836383574
2020-10-26,0.0916607185142834,0.5702582542653849,0.6954552071430639
2020-10-27,0.09272750682683094,0.5727224349693899,0.6961081905197954
2020-10-28,0.06969364068170196,0.5736881825042267,0.6924504557440828
2020-10-29,0.06769208497366112,0.5670987165373746,0.6955514112183816
2020-10-30,0.06758863064940751,0.5665909562486688,0.6963027340716764
2020-11-02,0.06663804578603284,0.5662486594771834,0.6951537626360225
2020-11-03,0.06149621689003697,0.5588688290395094,0.6903829535309708
2020-11-04,0.059436034157043495,0.5567233531510047,0.68824467840977
2020-11-05,0.054774147283211186,0.5224807816288906,0.6649279008148694
2020-11-06,0.05672299753006339,0.5170654399293574,0.6620700459297878
2020-11-09,0.0924035038991527,0.5500416907860727,0.7051284571385641
2020-11-10,0.08937031814289165,0.5479777975978463,0.7032643364512564
2020-11-11,0.09125567199499969,0.5553455756353239,0.7104791357456121
2020-11-12,0.09358737627546583,0.5552944067201234,0.7107753448987929
2020-11-13,0.09334587740926942,0.5492159447735413,0.7066627832437153
2020-11-16,0.09098939510807484,0.547420951852542,0.7058938449970835
2020-11-17,0.09312313369542079,0.5477646226051593,0.7044911968016179
2020-11-18,0.09062194884448543,0.544569529787575,0.7020560294307998
2020-11-19,0.08970341901858002,0.5446324677914247,0.701142723063058
2020-11-20,0.09186868559085833,0.5448651824314006,0.7014884526146493
2020-11-23,0.09498699850111528,0.5421643821414678,0.7005678925965295
2020-11-24,0.08720976726207358,0.5378625716706938,0.6986345813511191
2020-11-25,0.08538193817930727,0.5354954936965431,0.6963985438888791
2020-11-26,0.08287531264546502,0.5363214282917992,0.6954429153565743
2020-11-27,0.0884772326392539,0.5385261442736552,0.694494622868906
2020-11-30,0.0813166267849236,0.5370136920812991,0.6881095528312
2020-12-01,0.09119796168183202,0.5462753018697997,0.6990445267306242
2020-12-02,0.09272692413329268,0.547426313692284,0.7009559985544842
2020-12-03,0.09402430221878999,0.5521735319265382,0.702825366702959
2020-12-04,0.09030881988863,0.5500366563099942,0.7021237269142421
2020-12-07,0.09007745356529726,0.5497787748303468,0.700823380563961
2020-12-08,0.08741526234819544,0.5548647817910521,0.7031399076777767
2020-12-09,0.08691540012915754,0.5536555772549068,0.703174364555938
2020-12-10,0.08390511045810904,0.5593662315819384,0.707930080187525
2020-12-11,0.08427096607924721,0.5596158327248827,0.7080411801189949
2020-12-14,0.08717391061882776,0.5589131977440908,0.7090000692348771
2020-12-15,0.08723483351658222,0.5528860387334121,0.7033254256323523
2020-12-16,0.08545642654332236,0.5520149344193478,0.7018176362047402
2020-12-17,0.08602609304703628,0.5593337622901374,0.7054279016024843
2020-12-18,0.08353589640902769,0.5629618567059325,0.7070158876847966
2020-12-21,0.08060026502303676,0.5658514273385565,0.707660833539371
2020-12-22,0.08070521375648795,0.5605975921566378,0.7042707722234183
2020-12-23,0.07860186470918021,0.5626512700212786,0.7043534012211038
2020-12-24,0.0827863083461435,0.55954993887456,0.6976796282989478
2020-12-25,0.07614515979428461,0.5505214013428673,0.6871991698639608
2020-12-28,0.07686556557062904,0.5478559944157224,0.6822279871669291
2020-12-29,0.07729121637524314,0.5438708027976145,0.6831894386673274
2020-12-30,0.07354066533020982,0.539063904783837,0.6807365119551798
2020-12-31,0.07740761230841599,0.5384883056687043,0.6841251644798193
2021-01-04,0.07745739261818453,0.5382815838550845,0.6833190455548012
2021-01-05,0.06962875790520046,0.5359554671665205,0.6866817147051397
2021-01-06,0.07066764383140571,0.5342822060355847,0.6829999392312136
2021-01-07,0.07316789650637703,0.5276321983432147,0.6774124237564786
2021-01-08,0.07519143691161415,0.5282132134299835,0.6789440858278347
2021-01-11,0.07100866993130515,0.5190654737617036,0.6706091072721839
2021-01-12,0.06613324337903348,0.510640886212881,0.6672519151157316
2021-01-13,0.07034532018834364,0.5057690623843836,0.6667413277010389
2021-01-14,0.07552807270480938,0.5014881808951451,0.6665358277465526
2021-01-15,0.06735490498476238,0.5119020534873432,0.6786331101943115
2021-01-18,0.06724580810369161,0.5116436551999707,0.6784341708287827
2021-01-19,0.06556345557726065,0.5054894413607557,0.6727940269638318
2021-01-20,0.04709054689101959,0.5065312864278242,0.6621289525868015
2021-01-21,0.050961885301223815,0.5045437982375858,0.6632548124212304
2021-01-22,0.04156334781979738,0.500179210460416,0.6569606613458221
2021-01-25,0.03714216408229383,0.4923462270397118,0.6512455664986657
2021-01-26,0.035091553421909706,0.4894350167358029,0.6490420872843571
2021-01-27,0.0304798794219292,0.481897983152893,0.6455567574396299
2021-01-28,0.029611030785813425,0.47718556707691484,0.6427717868621392
2021-01-29,0.03309134848198349,0.47673010962798407,0.6434135315359313
2021-02-01,0.023081117643328163,0.4770514091914381,0.6520892182074047
2021-02-02,0.026601133559446127,0.4754933491921962,0.6507781266090021
2021-02-03,0.02587301474291023,0.47514679076887356,0.6497876348580004
2021-02-04,0.027171544720637514,0.47741639376182815,0.6532794864861166
2021-02-05,0.03313867306004317,0.4698867531144247,0.6517780068040049
2021-02-08,0.022150470633376253,0.467929251090904,0.6484404724996643
2021-02-09,0.02772381973242763,0.46757605138945707,0.6507474862756945
2021-02-10,0.023075815238233096,0.45797236143455405,0.6409311740899097
2021-02-11,0.027479191908524027,0.45925692157183556,0.6451676708513131
2021-02-12,0.021875268637699907,0.4577586752007632,0.6435586176341621
2021-02-15,0.023017457249922053,0.4591657802759978,0.644182221427295
2021-02-16,0.0022494252429167997,0.4464030774444909,0.6212605537815069
2021-02-17,-0.00960681330269594,0.4291567336749211,0.5981596506741006
2021-02-18,-0.0006842344552897168,0.4305824108664715,0.6126770936119768
2021-02-19,-0.006945963750381998,0.4257995370120009,0.6102335603280067
2021-02-22,-0.008917545913643618,0.426323660320329,0.6095341540616315
2021-02-23,-0.024957202097303195,0.40805442213311194,0.5952210666643658
2021-02-24,-0.034203646484755615,0.38322512759087574,0.5788268023112902
2021-02-25,-0.16835944314844892,0.3249730497323187,0.5160775028160509
2021-02-26,-0.2778997778999783,0.2663250166455232,0.44217397241344253
2021-03-01,-0.26771418583281315,0.27302820818583096,0.4487989515886281
2021-03-02,-0.1942574831011029,0.247805935682221,0.46412975478743973
2021-03-03,-0.2858716346787699,0.2235517300664228,0.4390631396777376
2021-03-04,-0.32706080907681045,0.19171229293907308,0.4071296842161742
2021-03-05,-0.3370836178467871,0.06789333436535082,0.33993252638825516
2021-03-08,-0.12106079171893543,0.16332933133988956,0.412597860118669
2021-03-09,-0.2631049603898819,0.24900554035665373,0.5001873360395876
2021-03-10,-0.26082506966075225,0.2566900230254183,0.5016060856613029
2021-03-11,-0.25985780333541875,0.2369252087998123,0.4860547009847182
2021-03-12,-0.22937876216127004,0.23950760801168786,0.4944939351723661
2021-03-15,-0.17475923827522247,0.2661160822982951,0.5287399197587964
2021-03-16,-0.15392901053466543,0.22658207741698252,0.5301242263700974
2021-03-17,-0.20497002710910153,0.1278812277464373,0.47451385478385116
2021-03-18,-0.20494390352277447,0.19850491053328703,0.5320681299244102
2021-03-19,-0.20228137570628352,0.19996626065087839,0.5323728756312373
2021-03-22,-0.1890761224636662,0.22646200869295036,0.5645131320674992
2021-03-23,-0.21612900044142289,0.22276960030646664,0.5649504407560993
2021-03-24,-0.20769990315551165,0.22793647701993916,0.5776037562013202
2021-03-25,-0.20886005217336706,0.23770562814215143,0.5865567162502499
2021-03-26,-0.21049399920404893,0.235422364258021,0.5967130881173811
2021-03-29,-0.21110025652975675,0.23690807340243916,0.5974067701491262
2021-03-30,-0.20137756047285232,0.24501691179371832,0.6133355646798526
2021-03-31,-0.20193019191434827,0.24570785232901926,0.6126138442009679
2021-04-01,-0.20183437241420255,0.24815656340689657,0.612194348449702
2021-04-02,-0.20533564145456423,0.24524867075023465,0.6100275323242297
2021-04-05,-0.1817591116351581,0.250498386981181,0.6249052877347169
2021-04-06,-0.18065717797857767,0.2625744782735117,0.6407658038401124
2021-04-07,-0.18085798384664892,0.25368207257261677,0.6366494833652799
2021-04-08,-0.17514685072959144,0.2655055608130689,0.6482686915885643
2021-04-09,-0.16685264257261828,0.2672777297928117,0.6537122473976029
2021-04-12,-0.16732290145875992,0.2672328284159786,0.6536445443405546
2021-04-13,-0.168058851267901,0.260704815817493,0.6550062812736606
2021-04-14,-0.17270412244149558,0.26057650356854234,0.6539199444503788
2021-04-15,-0.16730350263771868,0.26330961477015047,0.6588311160762778
2021-04-16,-0.16585707818593493,0.26170587783051075,0.6593345509746448
2021-04-19,-0.1555317137425637,0.2590110319298801,0.6786509929008845
2021-04-20,-0.1704022065617327,0.26417863825459204,0.6790821004072926
2021-04-21,-0.16921398485528685,0.2658447480370091,0.6809195329375324
2021-04-22,-0.17579526781253693,0.26803757975614056,0.6758632543507613
2021-04-23,-0.17941787109271265,0.2584424068972208,0.6763284322053874
2021-04-26,-0.1762118075214388,0.2685812335287609,0.6861232292513926
2021-04-27,-0.17200938900675602,0.2727317403037438,0.6875160386390421
2021-04-28,-0.17893855947836151,0.2839560145224852,0.6859979921018046
2021-04-29,-0.176478563611749,0.2926475566291482,0.6929435627215947
2021-04-30,-0.18998228910393183,0.28888888207900665,0.6932392868787546
2021-05-03,-0.1844506997194577,0.28191187667598794,0.6882596834535688
2021-05-04,-0.18717527323167638,0.2865885170071219,0.6928000873252982
2021-05-05,-0.18648872504895025,0.28764122153012833,0.6926962949545368
2021-05-06,-0.17315854863416622,0.27446927550032824,0.6925151703250935
2021-05-07,-0.15130055308006005,0.2757586180016027,0.6928952413421972
2021-05-10,-0.1506891176323954,0.27608003191286756,0.6928704330955844
2021-05-11,-0.1498773840303121,0.2668438585568369,0.6879050483481843
2021-05-12,-0.151281299667496,0.2594275044052549,0.6895353922545354
2021-05-13,-0.15265444842821138,0.25800401556521757,0.6876171128860997
2021-05-14,-0.1481591199326405,0.2676100719268093,0.7168538030533943
2021-05-17,-0.14613592610403234,0.2593782785431349,0.7120769136523669
2021-05-18,-0.1443851946309365,0.26351530766413234,0.7121731195217693
2021-05-19,-0.151823887725129,0.2577953747900459,0.7134095411505026
2021-05-20,-0.13557386450408293,0.261016769301316,0.7282297556034191
2021-05-21,-0.135522517818448,0.2643226695582115,0.7372991821365406
2021-05-24,-0.13698656965980827,0.2672847985942675,0.7398478691433412
2021-05-25,-0.13817503008687804,0.26551322986313913,0.7347266352979421
2021-05-26,-0.13548472254942315,0.26992229650788746,0.7421893729562872
2021-05-27,-0.1358713923444395,0.2675275516564557,0.7428375976288749
2021-05-28,-0.1430933550690438,0.2608099743473786,0.7392093132562811
2021-05-31,-0.14662321977759543,0.25405013199751836,0.7361680485380796
2021-06-01,-0.1244099925000301,0.304822224810735,0.7736089460286203
2021-06-02,-0.13479923061443339,0.29990141973785917,0.7700547905549562
2021-06-03,-0.13400977780430087,0.30322346827970914,0.7807111785598848
2021-06-04,-0.13123659606134103,0.3038317335200503,0.7851552713407386
2021-06-07,-0.12943113092594322,0.29563883054231693,0.7831248186563894
2021-06-08,-0.13159399304173677,0.30266958160311486,0.7872842266313742
2021-06-09,-0.1327670650433457,0.2984996870769819,0.7838656809421256
2021-06-10,-0.1298110071185893,0.2978963067394912,0.7845092519608108
2021-06-11,-0.1354598250824358,0.30212996657541635,0.7918398063025948
2021-06-14,-0.13101756980148305,0.3168056885866489,0.7961943100294062
2021-06-15,-0.13460437541968534,0.31517077577797326,0.7961160193956976
2021-06-16,-0.10819817961281405,0.30740198803353963,0.8028234462348651
2021-06-17,-0.08575170813011868,0.30500734521184597,0.7631036857186333
2021-06-18,-0.09647518470599542,0.3016692254268594,0.7604190350981755
2021-06-21,-0.10203137840322793,0.307675906335387,0.7659961914895743
2021-06-22,-0.10403434336775717,0.3008034685308542,0.7621391515534591
2021-06-23,-0.10186440650363088,0.301015118020267,0.7636082894157543
2021-06-24,-0.10342072081335948,0.3060382941363658,0.768859982135255
2021-06-25,-0.10108461470814427,0.31017777465044993,0.7740325703407694
2021-06-28,-0.09804905546005908,0.30906591435496916,0.7773623827100028
2021-06-29,-0.09923236411042981,0.30178693390201194,0.7727705805772009
2021-06-30,-0.08848967381026364,0.30223679339535825,0.7764448360494097
2021-07-01,-0.09392104995046398,0.29548682814278937,0.7689546469833524
2021-07-02,-0.10564298855988573,0.2952053430292619,0.7675178125115659
2021-07-05,-0.10112159692136291,0.29520549101228033,0.7693282334704056
2021-07-06,-0.10557341701938583,0.28901694116459037,0.7511568934202039
2021-07-07,-0.10896991546277601,0.2879928861436773,0.7509109418942737
2021-07-08,-0.0869615975467815,0.2887755917986747,0.7649370061178317
2021-07-09,-0.09399349380791819,0.2838887956128728,0.765018940301736
2021-07-12,-0.09390603328868877,0.2829347826850676,0.7634566747688473
2021-07-13,-0.09677462038149653,0.2836362168340018,0.7577354090515782
2021-07-14,-0.09930157956116413,0.27922622504590866,0.7492734940380906
2021-07-15,-0.10602979560896911,0.2903604027423337,0.7693127702623149
2021-07-16,-0.1059066877053532,0.293049249822945,0.7715833769253295
2021-07-19,-0.12327726981334879,0.2784266426177157,0.7468274960947203
2021-07-20,-0.13151080157591483,0.2669656503357953,0.7438092492395668
2021-07-21,-0.14577151642402053,0.28157174805057483,0.7502310204752026
2021-07-22,-0.14555430020052404,0.284485646162228,0.7527153013466649
2021-07-23,-0.14562951516468906,0.2848683212849615,0.7519456693398578
2021-07-26,-0.14497055008868362,0.27077936581054557,0.7436253671743546
2021-07-27,-0.1384040344590607,0.2684772765622283,0.7408263212708915
2021-07-28,-0.12493143716882864,0.26222876594520333,0.7425838732434789
2021-07-29,-0.1334048305772165,0.26568338655729135,0.7275825996356283
2021-07-30,-0.14002646404471691,0.2571040042053496,0.7146071831698781
2021-08-02,-0.13762727705398925,0.24547363604339303,0.7038125541276127
2021-08-03,-0.1387343411047901,0.24380316418039744,0.7030008602898018
2021-08-04,-0.13756330094578792,0.24145427639111394,0.7023066903480445
2021-08-05,-0.13820242392270582,0.23909453800515054,0.697300750608594
2021-08-06,-0.12954122288733733,0.23129928801738964,0.7040444976315844
2021-08-09,-0.13721384534383527,0.1993175671540859,0.6681502719426511
2021-08-10,-0.13591583216817155,0.19869886908227033,0.6669140322876748
2021-08-11,-0.14177471680924567,0.17954598632493737,0.656761362116199
2021-08-12,-0.14428723154102452,0.1807110662508727,0.6569037990544531
2021-08-13,-0.12644050421617226,0.17559342052569832,0.6668347161572972
2021-08-16,-0.129430046102534,0.1774866404770281,0.666024531050747
2021-08-17,-0.13760422349581605,0.17446794829764883,0.6768976866461633
2021-08-18,-0.13458053075909018,0.19051727677901725,0.6899126827632315
2021-08-19,-0.15270393321548018,0.18323856831672328,0.6790824929827175
2021-08-20,-0.15526203742679662,0.17595453933554334,0.6697023378994327
2021-08-23,-0.17848817467999517,0.18378285469788994,0.6846696665907295
2021-08-24,-0.18585186440477433,0.18394958141814577,0.6807126155247114
2021-08-25,-0.18600029514868044,0.18537456192607343,0.6805109422007044
2021-08-26,-0.19090677530997632,0.18163779416370476,0.6803805783602381
2021-08-27,-0.15294405527807348,0.1763198861263162,0.6930529926867928
2021-08-30,-0.14645471220835474,0.17718417497639646,0.6939009287053884
2021-08-31,-0.1438432945938456,0.17533724540432213,0.692747343046343
2021-09-01,-0.14262732445926413,0.17566857449727644,0.6910211385454916
2021-09-02,-0.15076811171135002,0.16558680674258566,0.6891549593480721
2021-09-03,-0.15217808371174582,0.163747162161698,0.6871098844436688
2021-09-06,-0.15319050063028786,0.1608067747850305,0.6854099263105942
2021-09-07,-0.16311166797479268,0.14435114597044868,0.6749321735073716
2021-09-08,-0.1643436112716183,0.14641071601441025,0.6744727165775734
2021-09-09,-0.13522745491495614,0.12623736429126592,0.6776779252550253
2021-09-10,-0.1366271634894247,0.13643662514751723,0.6869436732676425
2021-09-13,-0.12015196412591636,0.13762840976599605,0.6924827438266447
2021-09-14,-0.11883219694598778,0.13947564932655487,0.6943905331785266
2021-09-15,-0.1219123773185551,0.13744324174108902,0.6943118781048208
2021-09-16,-0.1217954924100861,0.10473291562529873,0.6711655971238296
2021-09-17,-0.13089879894225617,0.07767616744631113,0.657520812836546
2021-09-20,-0.1350380164710828,0.07570700937892498,0.6532227082548576
2021-09-21,-0.1330830043366606,0.07896269770127629,0.6577424121918598
2021-09-22,-0.11906649142739544,0.07775551396436946,0.6576055837711787
2021-09-23,-0.14133492506249817,0.09060007920529713,0.6627673580087362
2021-09-24,-0.13053908477639115,0.08559134823739423,0.654886702398369
2021-09-27,-0.12833063839593178,0.08409113915706268,0.6549540087205296
2021-09-28,-0.13903864236405336,0.0867038665389852,0.6431028331235583
2021-09-29,-0.13310237668710106,0.08078269831569468,0.6473319321969456
2021-09-30,-0.13483690150097016,0.07981271208973902,0.6498635054651348
2021-10-01,-0.14152051516211922,0.06825217563434098,0.6420659902279966
2021-10-04,-0.1449836923978293,0.08462017972851611,0.6540337248332135
2021-10-05,-0.11486407883455549,0.07527241908228843,0.653439089108054
2021-10-06,-0.12027315951038153,0.06477325353124291,0.6500784522440071
2021-10-07,-0.12467392328544677,0.06597678659722585,0.6494411713519525
2021-10-08,-0.1389611203696354,0.07695674991418519,0.6514445429300791
2021-10-11,-0.12615087590937166,0.05285087470985163,0.6419194321437647
2021-10-12,-0.12819437246340895,0.05348121710654289,0.6453131005565804
2021-10-13,-0.11576515738637466,0.06653304908975771,0.6439405799771013
2021-10-14,-0.12332434283113346,0.08308115508916016,0.6493876317148961
2021-10-15,-0.12123927806766087,0.07983232682003041,0.646793136587433
2021-10-18,-0.08041615704630067,0.07901893942108862,0.6526774003683268
2021-10-19,-0.08029713269523402,0.08335519618033353,0.646252250842151
2021-10-20,-0.08318093421705716,0.08199804730464337,0.6438943622442526
2021-10-21,-0.093319787074939,0.06541619463688915,0.6238630759638687
2021-10-22,-0.078665581406872,0.06804612793528533,0.6380246447836484
2021-10-25,-0.07255018495049305,0.07456062471380524,0.6441947571796616
2021-10-26,-0.07208080148469931,0.12369456455546445,0.6876801014125997
2021-10-27,-0.07334660833985762,0.13811283392005141,0.6994600343010648
2021-10-28,-0.13316387619190007,0.12368452748505701,0.6533802822998462
2021-10-29,-0.11928891092449848,0.1037244601159251,0.6526896773621449
2021-11-01,-0.11351083070728388,0.1175002846643016,0.6672797256152353
2021-11-02,-0.12688347228447025,0.11623898527545957,0.6725532957161949
2021-11-03,-0.13129530323170713,0.11267890152771774,0.6760698155705197
2021-11-04,-0.13477555679889358,0.11503218095461326,0.6657057195383176
2021-11-05,-0.14183081833846645,0.10835472156736156,0.6676276791122094
2021-11-08,-0.14929988299789146,0.10504619886088006,0.6610045038420281
2021-11-09,-0.14682332680221247,0.10660749903506733,0.6600916302406119
2021-11-10,-0.13620749818556172,0.05107441991749751,0.6491258343549243
2021-11-11,-0.1462447227519266,0.06634743798258581,0.6547649557482419
2021-11-12,-0.13619196042447484,0.06487876566673609,0.6525113427425446
2021-11-15,-0.12097997893890702,0.07212682831942006,0.6600868732310803
2021-11-16,-0.11537629890832633,0.034457920941991016,0.6384766120606851
2021-11-17,-0.1120467946172779,0.040099124694629194,0.6451976086643896
2021-11-18,-0.10523619247632049,0.06830972502023801,0.662281075902597
2021-11-19,-0.12525530239604116,0.04345388004139517,0.63635667642171
2021-11-22,-0.1254587442831073,0.05420542868999713,0.6458120599924273
2021-11-23,-0.12817520104115912,0.051705793570835344,0.6523979941685566
2021-11-24,-0.12998054689630154,0.07755495124082205,0.6817991479497274
2021-11-25,-0.1278672430777744,0.0793507159805333,0.6845018208936697
2021-11-26,-0.03380120759584494,0.13804068563403366,0.7558510166690054
2021-11-29,-0.029683491133691172,0.12136496308996171,0.7374466478044329
2021-11-30,-0.005279570114162085,0.11813555401517759,0.740949769436265
2021-12-01,-0.005468924491023324,0.11685836825410559,0.7406083859012496
2021-12-02,-0.009774547271765558,0.12229425141665487,0.7423039587864696
2021-12-03,-0.004713688692092725,0.1302970835232536,0.7478273875861081
2021-12-06,0.004891624857966704,0.13310015332288302,0.7514122640256558
2021-12-07,0.00804253055649476,0.11723713927429369,0.753032988178508
2021-12-08,0.017902320757218468,0.11321045323205198,0.7429073931237113
2021-12-09,0.01179721373729393,0.10255511534427778,0.7343031452544599
2021-12-10,0.01470863187759036,0.1016864642887091,0.7425695726364365
2021-12-13,0.014881864733403135,0.09647659742056794,0.7404088552490022
2021-12-14,0.011839426514720705,0.08122937529793642,0.7276999555756438
2021-12-15,0.010821182829239117,0.08343256609381759,0.7283385292667917
2021-12-16,0.017150803782894145,0.09662219304911529,0.7403622780964505
2021-12-17,0.013763844092213972,0.10258114738719018,0.7450978858532764
2021-12-20,0.02223289307087898,0.10748834287335811,0.746073656178335
2021-12-21,0.013030531175844831,0.1045780324788561,0.7396422511299732
2021-12-22,0.005293914250268942,0.07486978210879605,0.7220490874562451
2021-12-23,0.015978095164449216,0.06755167952755722,0.7076941751901723
2021-12-27,0.014960599713179977,0.06737207948057482,0.7051460393293023
2021-12-28,0.01096418900332496,0.07547996066655327,0.712501491539285
2021-12-29,0.0077116345092025015,0.08412884353071123,0.7249090457173526
2021-12-30,0.01628484152207286,0.0968783772119573,0.7389884996942636
2021-12-31,0.019093889020652413,0.11502627837692203,0.749984983785714
2022-01-03,0.011482302336406234,0.11307670599708727,0.7400990722653755
2022-01-04,0.014473114416816913,0.12344554521926447,0.7493025403798177
2022-01-05,0.026780550845296555,0.09452979934249355,0.7242734141747311
2022-01-06,0.023412789454828692,0.09827630703060752,0.7262677988386954
2022-01-07,0.015154409376760457,0.09044665818284982,0.7119327832323039
2022-01-10,0.01856550523291372,0.08711765237189832,0.7112586924795783
2022-01-11,0.0078038022508955,0.07713926370441067,0.69844013061468
2022-01-12,0.003792238118096796,0.050950338861842664,0.6757721684333494
2022-01-13,0.0066911979336256745,0.049358514175742364,0.6769308937358203
2022-01-14,0.0026298047094871534,0.05389145471862834,0.6827347647630396
2022-01-17,0.02016099143977632,0.06731824494020816,0.6952031323272789
2022-01-18,0.01490397044894449,0.06601356006676472,0.6963727255553173
2022-01-19,0.012069692997904594,0.05453433481303728,0.6870055565952147
2022-01-20,0.00501212363166743,0.04841971696937788,0.6735332462921853
2022-01-21,0.007629997221577358,0.047525828696926266,0.6750180526939735
2022-01-24,0.00461098069421218,0.03923264831338226,0.6688665269831675
2022-01-25,0.0031855364554086545,0.033811968077789516,0.6636565746450411
2022-01-26,0.012876210738861164,0.04153283842051673,0.664309752964915
2022-01-27,0.020526071710449685,0.03994422773285593,0.6648026849196635
2022-01-28,0.011218370285963031,0.037561032628904846,0.6648036888716834
2022-01-31,0.004590390197542577,0.006538214571407288,0.6301937644947033
2022-02-01,0.0029765880252667237,0.003423368727241592,0.628897630222985
2022-02-02,0.007742184304992461,0.009384850924924245,0.6331810379082249
2022-02-03,0.015575894548448037,0.014004048696099926,0.6302620716630256
2022-02-04,0.01383429502065888,0.011009391997604876,0.6285512300326348
2022-02-07,0.007611164601687322,0.006512412017868192,0.6241409388458373
2022-02-08,0.009224176006392203,0.004770610980075199,0.6250174469484288
2022-02-09,0.01391405319717452,-0.005713507103450169,0.6148157280724529
2022-02-10,0.013205179110008652,-0.014517115113544561,0.6086353072180878
2022-02-11,0.01147846193859339,-0.01328993631550467,0.6015934795543024
2022-02-14,0.01022940861005899,-0.012496960271178142,0.6049044584006841
2022-02-15,0.013518434837881559,-0.02033727083583559,0.5960325368882532
2022-02-16,0.04045219785289004,-0.019996078369901776,0.6160484957371833
2022-02-17,0.0319266208845134,-0.021221403462003265,0.611535976360953
2022-02-18,0.03528439920702053,-0.02074453513001543,0.6072987732673837
2022-02-21,0.03456722859538109,-0.023480930720007676,0.6032260610825225
2022-02-22,0.018476514256654884,-0.028810651219324145,0.6011439442322168
2022-02-23,0.012491348617426708,-0.030175065184764874,0.6014229251527393
2022-02-24,-0.00668966398000695,-0.06591905259811882,0.544346450282356
2022-02-25,-0.018835400969350442,-0.0700282472222889,0.5294917768823586
2022-02-28,-0.014632018533946665,-0.06561000153107263,0.5319321293708532
2022-03-01,-0.006232390437525715,-0.07816546086307144,0.5229332389893182
2022-03-02,-0.015294858891239757,-0.08243303423061167,0.5177651136027872
2022-03-03,-0.018585811378350976,-0.0772791853446943,0.5201372415088088
2022-03-04,0.031693340976697834,-0.0975586319785444,0.49111484506850095
2022-03-07,0.047252580062711096,-0.10523858751232573,0.4798610538653407
2022-03-08,0.06231645193009075,-0.12045927359115438,0.46292064739081673
2022-03-09,0.11923746334309013,-0.16596750570329408,0.42241137208980417
2022-03-10,0.13562219232751666,-0.17755660412242003,0.40971712477646033
2022-03-11,0.16371185979732003,-0.17643977859219714,0.40366979213559906
2022-03-14,0.1717178764606252,-0.17844201049433112,0.40226686614787366
2022-03-15,0.17227176430000699,-0.18689536174072605,0.39252514478029416
2022-03-16,0.1697830035922838,-0.19978086577592505,0.379080996001806
2022-03-17,0.14952400990009307,-0.19543406971581107,0.3675797983115158
2022-03-18,0.15151454695238672,-0.19806149178547977,0.36953644497041394
2022-03-21,0.15763989125738684,-0.1920783867518294,0.3751821007756404
2022-03-22,0.15840436066931898,-0.19739213109686454,0.3737541686167009
2022-03-23,0.16045451510522293,-0.19587092592567598,0.3754706223597557
2022-03-24,0.1560899185717299,-0.1952610318255534,0.3773758164497418
2022-03-25,0.1447359335946664,-0.19870340264283162,0.3697432173195507
2022-03-28,0.13625385349848818,-0.19170201975478238,0.37624894673647835
2022-03-29,0.1559804989626316,-0.2069591848599325,0.36665003119802114
2022-03-30,0.16351832452466117,-0.1944512447765168,0.3741467560296278
2022-03-31,0.15303159650828957,-0.191704407596735,0.37837131723510253
2022-04-01,0.1548681168559362,-0.17856062855406618,0.3845090808053608
2022-04-04,0.17012594045921617,-0.16934282861650277,0.40025011485603756
2022-04-05,0.1765105400294484,-0.19237151664412758,0.3899874896023735
2022-04-06,0.17522345829656935,-0.19218413190756484,0.3889818769859277
2022-04-07,0.17103153856539557,-0.1882660780420419,0.3730923586364605
2022-04-08,0.17533590843038455,-0.19079691272768853,0.37429765702692164
2022-04-11,0.17775102460155084,-0.18692255163602162,0.3766270572468335
2022-04-12,0.1871671476247875,-0.18406850691150803,0.38800435618504175
2022-04-13,0.18848415541670396,-0.17748775157232147,0.3829645473582178
2022-04-14,0.19644769496141956,-0.18195860608110964,0.3830988004978332
2022-04-15,0.19578159729978575,-0.18217479809991471,0.38429039546860233
2022-04-18,0.20437860881852693,-0.19197347526865136,0.3890414408168832
2022-04-19,0.2110986947824277,-0.1926345348440756,0.3895228592528329
2022-04-20,0.2207593395221747,-0.20219557905088906,0.3909620465350262
2022-04-21,0.21638368955815251,-0.19704423891403253,0.3953187627040554
2022-04-22,0.18100664656148466,-0.21423099393313855,0.37112062622077036
2022-04-25,0.16039639287119623,-0.21931420856455633,0.3553080326166742
2022-04-26,0.13043550529514011,-0.2205680792873122,0.34977624033374993
2022-04-27,0.12643858907565575,-0.21666108453085428,0.36461162868242536
2022-04-28,0.12911905233773194,-0.21048516553223381,0.3758799860762446
2022-04-29,0.13259766276370397,-0.20134873750152366,0.3745324474259822
2022-05-02,0.13087801573239227,-0.22357659871174254,0.3561404983069936
2022-05-03,0.12807895462017957,-0.23167055405077772,0.3471899475736578
2022-05-04,0.12474814690147264,-0.2503600886530661,0.3397833489316444
2022-05-05,0.08600099780758741,-0.2612918854588838,0.35134197156694336
2022-05-06,0.07923445143135498,-0.2744896118538254,0.3442757040736745
2022-05-09,0.08825389084009218,-0.27354188583952066,0.34218123558134467
2022-05-10,0.08446847800871224,-0.2860521262669868,0.3280684047320521
2022-05-11,0.08772301300170454,-0.28796449029156973,0.3239995819939558
2022-05-12,0.07957357728766068,-0.27061162619036583,0.3316488188337579
2022-05-13,0.06279184667677523,-0.27097306837961,0.33088364773444107
2022-05-16,0.049620242659942033,-0.2821414596602434,0.31271674613901
2022-05-17,0.04155585883639489,-0.28284663868101545,0.32466091644261147
2022-05-18,0.01687187531869738,-0.28460918715632666,0.3194187819435342
2022-05-19,0.019077871507154676,-0.3067239303130193,0.3211723726802006
2022-05-20,0.018588150318149275,-0.30213501556534383,0.3315759160095995
2022-05-23,0.009714990261305533,-0.30407830626454013,0.3418919067372411
2022-05-24,0.01873379951872933,-0.31239263513914245,0.33629635417616977
2022-05-25,0.019271156480171997,-0.3124409141222672,0.33325354581794736
2022-05-26,0.0184207158225538,-0.313135356944118,0.3331734272714813
2022-05-27,0.01700635422899447,-0.3154195803589117,0.32922005487029127
2022-05-30,0.016200568957905993,-0.31434032897840797,0.3301285951897111
2022-05-31,0.018195539941576258,-0.311552371874852,0.3324344639327556
2022-06-01,0.024588967482891216,-0.3218843611373156,0.3315837777368976
2022-06-02,0.018282270554801285,-0.34157800065360455,0.32688625965812435
2022-06-03,0.01712275498977398,-0.3395896605625976,0.3332156632220697
2022-06-06,0.00700422668772222,-0.3447258399784317,0.3236601316434665
2022-06-07,-0.01089126630630127,-0.3542094598585037,0.3449308280853324
2022-06-08,-0.0020739157659449914,-0.35793199359746775,0.3429990558046625
2022-06-09,-0.00596348665937021,-0.35756961375973023,0.34320029059166407
2022-06-10,-0.01109410733316867,-0.3750208674632012,0.32327536791442385
2022-06-13,-0.028224057832943898,-0.3961471723832939,0.30072835770438416
2022-06-14,-0.03319020874000913,-0.3961522300461579,0.2996787835664316
2022-06-15,-0.03650647574923629,-0.4110745013773874,0.29189351480186304
2022-06-16,0.0235075380976986,-0.3737296098933508,0.3567762246379538
2022-06-17,0.03027451864407373,-0.35315943900172736,0.3663698389936784
2022-06-20,0.02402437046196421,-0.3571965096184052,0.36269887291445263
2022-06-21,0.02134519483885906,-0.3612405356816639,0.3565992038575687
2022-06-22,0.03659449990761129,-0.36021518104998923,0.3624085669909867
2022-06-23,0.03470205359157257,-0.3617604307522903,0.3598751706966341
2022-06-24,0.034859098957056335,-0.36624297247643106,0.3664090292189681
2022-06-27,0.03554788495505114,-0.37048812720956814,0.35916416369351123
2022-06-28,0.01586370681913911,-0.37382825339596637,0.3497770096098267
2022-06-29,0.025441691386224423,-0.3589395536859482,0.36398027522134285
2022-06-30,0.02557380034064627,-0.3588491440216978,0.3643574021239675
2022-07-01,0.01710964254411955,-0.37767235922312303,0.3551971994520865
2022-07-04,0.016307604049521987,-0.3761465961322943,0.361279032045996
2022-07-05,0.01322453125129342,-0.42032808163089463,0.3100528505916978
2022-07-06,0.015462278898150796,-0.43438051560654795,0.2948529623131136
2022-07-07,0.02281232251600789,-0.43278892783411105,0.3025296915264411
2022-07-08,0.02102060560673803,-0.4316869480265767,0.3026247839916439
2022-07-11,0.026750316448681283,-0.46752850859714673,0.26914344058372075
2022-07-12,0.02659712094723814,-0.467225166882216,0.26951159394515617
2022-07-13,0.026250045047169587,-0.47036560600519756,0.26512653888248844
2022-07-14,0.027069015153691655,-0.47339408719425086,0.25541712437435693
2022-07-15,0.021281481522644512,-0.5143543625836597,0.21767081856638912
2022-07-18,0.022735344890815058,-0.520058256648904,0.20630521091632587
2022-07-19,0.019448943153062954,-0.528592702719213,0.2139269819147382
2022-07-20,0.02510745291447127,-0.5273227152149779,0.21767286960403018
2022-07-21,0.024791739949388953,-0.5239316303871188,0.2226820423077644
2022-07-22,0.027833293142212077,-0.5192017619557885,0.22906447696428225
2022-07-25,0.022153227959349448,-0.5243564488629704,0.2206567502334619
2022-07-26,0.0232727683734463,-0.5160033004335625,0.22973275634143495
2022-07-27,0.016458187944057297,-0.5315002892129381,0.2101607335235764
2022-07-28,0.017546223596936618,-0.5323137532153877,0.20894182555295357
2022-07-29,0.022132242225683656,-0.538226755010563,0.20329679966003494
2022-08-01,0.027273541670546606,-0.5435660437202792,0.20202872180748938
2022-08-02,0.030126005685673692,-0.552550784387537,0.19614143882924812
2022-08-03,0.02451377274157462,-0.5524807431938543,0.18864976370875863
2022-08-04,0.0374245741802532,-0.5537680351460625,0.18746648560674914
2022-08-05,0.04459929814732823,-0.5579453048903712,0.19015814379682056
2022-08-08,0.040670453712097994,-0.561913918018609,0.188867589529624
2022-08-09,0.05239272700613237,-0.5641929667873123,0.1902835052674989
2022-08-10,0.042635191546437315,-0.5778093864501749,0.18261900212723622
2022-08-11,0.05155753331853398,-0.5780070667978195,0.18279982990875696
2022-08-12,0.05810705502281458,-0.5693331802238976,0.19302092917133185
2022-08-15,0.04053731995486145,-0.5676536708197297,0.18549557366740946
2022-08-16,0.04179338243789212,-0.5667786706547514,0.18501625864017354
2022-08-17,0.04174791807966918,-0.5560720683425878,0.19088040998000858
2022-08-18,0.050164915466665336,-0.5623771300107202,0.18104242271109355
2022-08-19,0.04738998128005089,-0.5580427092304259,0.18356176394127913
2022-08-22,0.052349468733116085,-0.5512499542722699,0.18419716160061345
2022-08-23,0.050680178103580116,-0.5505017055052706,0.1841753328563423
2022-08-24,0.051994702350308626,-0.5493384474102665,0.18532034628676194
2022-08-25,0.04934482458528858,-0.5487727123207335,0.18453823014491072
2022-08-26,0.0487048615262576,-0.5436699731208947,0.18829793798255465
2022-08-29,0.04862497941496338,-0.5455140123823956,0.1875187897460663
2022-08-30,0.04889448183482631,-0.5397071420126712,0.18780157657285018
2022-08-31,0.04948995411692667,-0.5391772761605094,0.1879147475865866
2022-09-01,0.05546573926891247,-0.5353607405095537,0.19307013648885807
2022-09-02,0.052207388569574936,-0.5397351861828431,0.18781612713661633
2022-09-05,0.05386188107355491,-0.5390782457680812,0.18768990887394962
2022-09-06,0.05491352665384024,-0.5343987051409993,0.18652999927362568
2022-09-07,0.057678685908232843,-0.541172597947053,0.18251095076136792
2022-09-08,0.05943565781325335,-0.540984742251438,0.18229296834583203
2022-09-09,0.05785823445119663,-0.5337093551853704,0.19241706736507366
2022-09-12,0.05322160927373357,-0.5379015519306289,0.19270768467035995
2022-09-13,0.03770490524104562,-0.5504577257906561,0.19134746801139935
2022-09-14,0.03933035935584662,-0.5498662013916654,0.19465266356126398
2022-09-15,0.03919693415615494,-0.5498780383465418,0.19459361850236612
2022-09-16,0.04393237924512797,-0.5535601681942454,0.19769812028976066
2022-09-19,0.05297604771398605,-0.5544361117930433,0.1925175743460712
2022-09-20,0.04798577755983071,-0.5529397588346856,0.1921735403606735
2022-09-21,0.05200065637385342,-0.5493703349069767,0.19815934066581745
2022-09-22,0.05465878769313662,-0.5486263760677011,0.1939177355156393
2022-09-23,0.028028550003536247,-0.5480723678149275,0.17365609591562114
2022-09-26,0.022275852853597167,-0.544554453287838,0.16924704533027327
2022-09-27,0.023188581181993403,-0.5460327092975454,0.16884250459386338
2022-09-28,0.023153486534798647,-0.5574997018028742,0.16985610531569906
2022-09-29,0.028892680088738194,-0.5470448054447733,0.17480793466311947
2022-09-30,0.03253661320897449,-0.5470692764756494,0.17276128594611834
2022-10-03,0.0045757393433963345,-0.5620377100842618,0.16199596333529329
2022-10-04,0.013075730595826151,-0.5466551025315193,0.18016859269463667
2022-10-05,0.0171782572698254,-0.54604397277954,0.1804908325010074
2022-10-06,0.0011653558086840707,-0.5452230433171459,0.18369122596411191
2022-10-07,0.00618517156965356,-0.5400282362998836,0.18826936416132323
2022-10-10,0.008760081331363526,-0.5378419732236573,0.19154410837074715
2022-10-11,0.01086976724012284,-0.5330793427539774,0.19692120737117688
2022-10-12,0.0096146699110922,-0.533771534004401,0.19435124236339338
2022-10-13,-0.009373394419537955,-0.536435076464861,0.18957474256979118
2022-10-14,-0.01602353933715515,-0.5315057886656455,0.19407415780609358
2022-10-17,-0.03669429111668157,-0.5315417075784368,0.19657063587596246
2022-10-18,-0.04051968050582628,-0.5573745816810894,0.17846436719586933
2022-10-19,-0.03670503555635627,-0.5547456545184131,0.17693466508155845
2022-10-20,-0.04075854745823928,-0.5691239505588682,0.16223511652400135
2022-10-21,-0.03973357156747343,-0.5671667329046911,0.16708936230209226
2022-10-24,-0.039256748857113104,-0.5636790992394725,0.1676463879117628
2022-10-25,-0.040121492165793866,-0.5579842582534212,0.18132821698678805
2022-10-26,-0.0404834707032107,-0.539387540539039,0.19083084326960784
2022-10-27,-0.028969494056770264,-0.5312659103425851,0.20260872611661718
2022-10-28,-0.030032959081617717,-0.5313327935429596,0.2038114389686976
2022-10-31,-0.025641923456015615,-0.5137026141900918,0.2080463380959659
2022-11-01,-0.022791744136513623,-0.517884378290957,0.20680332216897082
2022-11-02,-0.02036346463437567,-0.5197931544551554,0.20532528006460635
2022-11-03,-0.0313547682519938,-0.5016963739875163,0.22028035367354473
2022-11-04,-0.05009845314633806,-0.4680022067571256,0.24221773794655835
2022-11-07,-0.04979457697304152,-0.469202072244757,0.2374181021977867
2022-11-08,-0.050907392843950114,-0.4766778945381168,0.2343680906376108
2022-11-09,-0.06170024660041562,-0.4826957012877707,0.23051745186463943
2022-11-10,-0.04441040257165525,-0.4637293988260577,0.26742553996067886
2022-11-11,-0.013744055839088077,-0.39227119696861634,0.32276142179715134
2022-11-14,-0.012860659344321053,-0.40057132055228084,0.3159184841115328
2022-11-15,-0.015637264498338938,-0.3974367674386,0.3165320210402451
2022-11-16,-0.045275638021911584,-0.421240574060372,0.28859197837998163
2022-11-17,-0.044413971747290955,-0.4138653110439445,0.29609764542796563
2022-11-18,-0.05008484752632435,-0.4193885541586941,0.28979415620946636
2022-11-21,-0.047302370412317954,-0.4111280721922727,0.2976841105530851
2022-11-22,-0.04689610298944854,-0.4120323079147186,0.29811647526638996
2022-11-23,-0.04530031908683392,-0.40944193899319464,0.30372726000766415
2022-11-24,-0.04823045673465572,-0.4098700494855142,0.3029433198382132
2022-11-25,-0.048391204333267636,-0.4097973574257367,0.302375065655935
2022-11-28,-0.058982818032508356,-0.4065562542259974,0.3051479738108602
2022-11-29,-0.05725128448451135,-0.4040426799796079,0.30794626253672197
2022-11-30,-0.06498428108839009,-0.38911935560373145,0.3089059836892585
2022-12-01,-0.04685518453713664,-0.3752070563638037,0.3180276114492323
2022-12-02,-0.045046876272058875,-0.36889609097127896,0.32423820864129627
2022-12-05,-0.04772759121366477,-0.37711268944829907,0.3182424202161372
2022-12-06,-0.05032369771251139,-0.38016618427783044,0.3130828078971024
2022-12-07,-0.04955172371114088,-0.3817686672022767,0.31004701158917275
2022-12-08,-0.050865515525257594,-0.3795825197329957,0.3121699220527621
2022-12-09,-0.04959213756018147,-0.3789380478323803,0.3126405168710538
2022-12-12,-0.04677799982115919,-0.37066154277604496,0.31687619346074114
2022-12-13,-0.049432367644702914,-0.3739723685625979,0.31090639865071024
2022-12-14,-0.04867054704681748,-0.37206863962033954,0.31222684931894346
2022-12-15,-0.053149355328510096,-0.3655274527226684,0.3151246656641639
2022-12-16,-0.05335101229058432,-0.36940611524737527,0.3095355848215453
2022-12-19,-0.053347974055692415,-0.3693997826503921,0.30953951729425516
2022-12-20,-0.0375673115650175,-0.3711460214023274,0.31175497165552624
2022-12-21,-0.03664895378218552,-0.36996847456330106,0.3137101574106307
2022-12-22,-0.037851344749948175,-0.36895490753710347,0.3146683600818048
2022-12-23,-0.0389238708599188,-0.3687991894230694,0.31404053837573886
2022-12-27,-0.038564223612465004,-0.3690442587049269,0.3142004681597241
2022-12-28,-0.036526393380422635,-0.36470679692172064,0.319008845831928
2022-12-29,-0.03390169000536132,-0.36034290292685495,0.3214958168070823
2022-12-30,-0.03021722462952244,-0.3568142792033413,0.3250994698682512
2023-01-03,-0.026957238824975797,-0.3488131635606097,0.33001450433168633
2023-01-04,-0.032700024963892745,-0.3479536768624106,0.32983338789771827
2023-01-05,-0.033579750928570344,-0.34377859604881233,0.33034225546380075
2023-01-06,-0.041010735798323456,-0.3481946817294959,0.3197609572866255
2023-01-09,-0.03788769620745954,-0.3286529007345448,0.32803563477979897
2023-01-10,-0.03808488787077792,-0.3249888205108659,0.3307987231143167
2023-01-11,-0.03752272600074242,-0.3261735623690673,0.3290555376882968
2023-01-12,-0.0292060258461357,-0.32198599281922474,0.3285342064422989
2023-01-13,-0.027819508439974903,-0.31907993408939417,0.3306948953185236
2023-01-16,-0.027876452626113404,-0.3190359596212754,0.3306490098955072
2023-01-17,-0.029863158473674347,-0.3193197147661148,0.3314109394533797
2023-01-18,-0.0316780410141934,-0.3212526942743651,0.3295447360612867
2023-01-19,-0.030085821876015655,-0.3210155551356792,0.3290773196717185
2023-01-20,-0.02994478982004263,-0.31477539183913233,0.3361273494209359
2023-01-23,-0.02892359843908542,-0.31450709501727003,0.3362749205996154
2023-01-24,-0.029830295331160783,-0.31810136605917877,0.331946342418483
2023-01-25,-0.029958107621146986,-0.32132451526830497,0.3307707423307371
2023-01-26,-0.027602324866442266,-0.31942973299304933,0.33126890299041334
2023-01-27,-0.027463483345680564,-0.31870556498556296,0.3315263160339689
2023-01-30,-0.028604310862693046,-0.3201750219569116,0.32983561588209664
2023-01-31,-0.026780813596786877,-0.3195539428499809,0.33183194791023374
2023-02-01,-0.019235708370982863,-0.3183263714003702,0.3296424329976478
2023-02-02,-0.02155728930565294,-0.31851694089873833,0.33121333156400845
2023-02-03,-0.0196116372820255,-0.3187740597163433,0.32588074100005127
2023-02-06,-0.019090776995959215,-0.3160252294179663,0.3211913890368487
2023-02-07,-0.016924342824218827,-0.31631000610164395,0.3221935576205817
2023-02-08,-0.017049485990270473,-0.31658936298579043,0.3221849481933209
2023-02-09,-0.018063145216997332,-0.3165703731575963,0.3219703518778629
2023-02-10,-0.015937975787178572,-0.312441331618399,0.3234772945459652
2023-02-13,-0.017089442369068814,-0.31413603909599974,0.32164463301626633
2023-02-14,-0.017863030405517583,-0.3148488497623263,0.32069480064647676
2023-02-15,-0.019443761802191296,-0.30147195112189845,0.33617185320884907
2023-02-16,-0.0175169862401569,-0.29737829707678837,0.3405455125545452
2023-02-17,-0.01786324121322952,-0.29726664352399806,0.3408560058540753
2023-02-20,-0.021080436788012576,-0.2941012283193887,0.3421294316029078
2023-02-21,-0.01891981781605473,-0.2925652900362148,0.34248934807791875
2023-02-22,-0.01783143173832653,-0.2922114978483748,0.34362123691782026
2023-02-23,-0.03394493657391004,-0.2869938236373421,0.352119739365316
2023-02-24,-0.03687125052919206,-0.2810020947073139,0.3578952114373653
2023-02-27,-0.03805626738735742,-0.2833643008715947,0.35484283418302387
2023-02-28,-0.057693549365775795,-0.27183737677018815,0.36491966457499797
2023-03-01,-0.06600179426595851,-0.2731041572336495,0.3626353396841777
2023-03-02,-0.06908480521473623,-0.27059491758789195,0.3631400506556929
2023-03-03,-0.06921722701524895,-0.27155768373584094,0.36171716234526063
2023-03-06,-0.06802268228018586,-0.2720512106977121,0.36078435741384074
2023-03-07,-0.0698741364523881,-0.2703540633918447,0.3609065173598761
2023-03-08,-0.06471325688462912,-0.27292450232690574,0.3641387052520003
2023-03-09,-0.06221451049986132,-0.27241978641403436,0.3683433905698886
2023-03-10,-0.056766657099126615,-0.2634873853478167,0.3817996920218896
2023-03-13,-0.05889794982288619,-0.22886538536765214,0.41462874196385446
2023-03-14,-0.05982210404645818,-0.2296178467023846,0.4138335619447171
2023-03-15,-0.048298656635653636,-0.25174375715230574,0.3969230691790677
2023-03-16,-0.04853667386959258,-0.25404735048884897,0.3943410875038117
2023-03-17,-0.042976676072480874,-0.24505986465662916,0.4012985683736975
2023-03-20,-0.05284809152687044,-0.2469109222670602,0.39721565394743724
2023-03-21,-0.05527344315344162,-0.2520145910986285,0.39437101701246396
2023-03-22,-0.04393461253503213,-0.25396587281635696,0.3930437774966496
2023-03-23,-0.044358217382380834,-0.25892590935784976,0.3890138418828444
2023-03-24,-0.04790183000917005,-0.25603329849368783,0.3891372076777762
2023-03-27,-0.05193527299348111,-0.25118527766264437,0.39107884825723294
2023-03-28,-0.055956275225326,-0.25101896374554156,0.38824257059126493
2023-03-29,-0.05515466699695847,-0.24775887094586543,0.391807451308874
2023-03-30,-0.05527440193187363,-0.24964376616584813,0.39177743873276033
2023-03-31,-0.052796707771343966,-0.24971190111949565,0.3923322344251177
2023-04-03,-0.05786573977872444,-0.2521804078576511,0.38727715533914914
2023-04-04,-0.05252988938922696,-0.25136102346651884,0.38879217874467736
2023-04-05,-0.05399241747689857,-0.24815923209194712,0.38858188901156643
2023-04-06,-0.05377741320819615,-0.24847463359638072,0.38815358989951765
2023-04-07,-0.05197946092694525,-0.2492427287210352,0.3881780847666342
2023-04-10,-0.05012924180476399,-0.2457674945920143,0.3904425697709711
2023-04-11,-0.04682786134532844,-0.24742840853308695,0.3862692012412554
2023-04-12,-0.03991817160780986,-0.25100885044192217,0.3795048610073594
2023-04-13,-0.030000060915086738,-0.24730601335986588,0.3851136127626482
2023-04-14,-0.024790665786859865,-0.24324215730064994,0.3919544543299656
2023-04-17,-0.011346002366225223,-0.2355072185941744,0.39758172960413785
2023-04-18,-0.016268992762389353,-0.2377019998395721,0.3935747804816718
2023-04-19,-0.017301076649704584,-0.24007221831940523,0.38899066212558187
2023-04-20,-0.01742458960249927,-0.2428553030375724,0.38933708141840107
2023-04-21,-0.016189138211124696,-0.23417326529756893,0.3966590628034807
2023-04-24,-0.014911044305699176,-0.23258207051272603,0.3966075680490291
2023-04-25,-0.0140651287356253,-0.2277697966739667,0.3951591664913541
2023-04-26,-0.0023932691041960294,-0.21732124006821904,0.39403170843119667
2023-04-27,-0.001829079870640385,-0.21697788865708276,0.3943556293065593
2023-04-28,0.0013923471473485972,-0.21713131306740813,0.3948277837747761
2023-05-01,0.004197912310497076,-0.21450008097283907,0.396706648566304
2023-05-02,0.005956322735182892,-0.2142521455039389,0.39722925197742803
2023-05-03,0.01666865924353782,-0.22045810529405105,0.39582971824550084
2023-05-04,0.02143679200007978,-0.22023734144477813,0.39610984754505246
2023-05-05,0.020229821855982138,-0.22133169947837109,0.39540617623739466
2023-05-08,0.024398634483328,-0.22177492581129868,0.39008526280014977
2023-05-09,0.03640411542569716,-0.21830827399333272,0.3934773528269926
2023-05-10,0.03656643558509149,-0.21053405782702853,0.39222385031021223
2023-05-11,0.029751677315984378,-0.21011202758502318,0.3878591258417619
2023-05-12,0.03129259452993558,-0.19943402343063987,0.38854551254030745
2023-05-15,0.02477764495630547,-0.20124976655904123,0.383992641258792
2023-05-16,0.02314902627348458,-0.20031447047714218,0.3837143529595446
2023-05-17,0.02720240390458117,-0.19686390381688443,0.3872298220545844
2023-05-18,0.03205653844942919,-0.19782444244682224,0.38552337739257064
2023-05-19,0.033093156948982926,-0.1953994344164831,0.3872934174629164
2023-05-22,0.03249473040039137,-0.1954517985465809,0.38697661269723427
2023-05-23,0.030904985162375442,-0.19167787757684024,0.3856773389152607
2023-05-24,0.028837567045821837,-0.18101010415852953,0.39030032032205
2023-05-25,0.027256584910809973,-0.18077700340785566,0.3865330352953934
2023-05-26,0.02385377307111115,-0.17972547018304877,0.38616280207399023
2023-05-29,0.02485374937038409,-0.1806792076153072,0.385273968897628
2023-05-30,0.02443506777569167,-0.17819594999203817,0.38708258613059726
2023-05-31,0.02980899025708618,-0.17966726551653808,0.38386714730133464
2023-06-01,0.029139048980445184,-0.17239065420991614,0.3889343122136263
2023-06-02,0.04079705455423678,-0.15941919351636483,0.4006200808941256
2023-06-05,0.043173646155888354,-0.15810440776469498,0.40211887645922445
2023-06-06,0.04525230279410884,-0.15325741219697012,0.40449850649604335
2023-06-07,0.019082583681009443,-0.16536209854605516,0.37590324940816827
2023-06-08,0.020773003994380132,-0.1765768902994343,0.3667625887190268
2023-06-09,0.02325239552211036,-0.1788504988595518,0.36582773515337613
2023-06-12,0.0249412452930082,-0.1775925642135308,0.3687887797437469
2023-06-13,0.020082174624805604,-0.17715912967422132,0.3658001006202361
2023-06-14,0.02111387765907167,-0.17963655738008275,0.3643621774702121
2023-06-15,0.021900307508903812,-0.17442811554741625,0.3662056498801945
2023-06-16,0.02281426164144964,-0.17368086037837707,0.36873204054677355
2023-06-19,0.023415243258790977,-0.16705118293153887,0.37008549054182877
2023-06-20,0.02387802210853445,-0.1723520972446167,0.36737637983174226
2023-06-21,0.023573995950862753,-0.17585840689972218,0.36284707945528877
2023-06-22,0.028701891819855923,-0.17747653720216222,0.3590559691164563
2023-06-23,0.02943533630162516,-0.18085731795230667,0.3531379161325145
2023-06-26,0.03244082127543104,-0.14777743394436593,0.38639619630908606
2023-06-27,0.03174871177249051,-0.1370423817154634,0.3973703153259877
2023-06-28,0.026953525644076343,-0.13611978872741112,0.39707159189911057
2023-06-29,0.029641420231159874,-0.1354971256273535,0.39570581764053836
2023-06-30,0.030233394645595057,-0.11070467612990885,0.41798537593088675
2023-07-03,0.030519619551664007,-0.11049511150464347,0.41847163852825536
2023-07-04,0.031207032300647433,-0.11035305232414226,0.41894773046738953
2023-07-05,0.029370908598076326,-0.10674087853730535,0.42342997810676447
2023-07-06,0.03252789538340058,-0.08550938002507419,0.4432089526739489
2023-07-07,0.0332689307144506,-0.08436035649396756,0.44035450217746364
2023-07-10,0.040136219000775956,-0.0824011315846777,0.4397032135235065
2023-07-11,0.038882428182918274,-0.08020425861363868,0.4413822836703861
2023-07-12,0.05245034583383902,-0.08687212126142818,0.4253742643033323
2023-07-13,0.047116988383163166,-0.08481287705688394,0.42247899920250187
2023-07-14,0.04784011153757759,-0.08356234408337569,0.4255133248900572
2023-07-17,0.04795374216942893,-0.08627773109019074,0.42077410886820565
2023-07-18,0.04846381430956639,-0.0805567453293558,0.42757846756477413
2023-07-19,0.04806995554841263,-0.07899930590312298,0.4278448980862087
2023-07-20,0.04954733338778945,-0.0831231628158491,0.42185280825931687
2023-07-21,0.046847373195798854,-0.07834471243629446,0.42368123676328423
2023-07-24,0.04904061609055227,-0.06709410676384661,0.43138126015635203
2023-07-25,0.04653356161712107,-0.06849146400213701,0.4303902921286057
2023-07-26,0.04395135576654576,-0.0661465883217926,0.43124579597703117
2023-07-27,0.04174920334869186,-0.06315147277289654,0.4178031841734721
2023-07-28,0.042450103605332794,-0.06265151013668384,0.41665265063571116
2023-07-31,0.04583895170345582,-0.0653352820795036,0.415146754010683
2023-08-01,0.04953424897981261,-0.05337401340482806,0.41898307928031064
2023-08-02,0.047855824339113825,-0.05568355023515266,0.4153350169076421
2023-08-03,0.044648550917210136,-0.05944247038332926,0.4115128425706882
2023-08-04,0.06190215557033641,-0.06378136215720086,0.4097132803404664
2023-08-07,0.0625557566409473,-0.06389691797449303,0.40977627556390783
2023-08-08,0.0669510099158135,-0.060727820838641436,0.41040220058822685
2023-08-09,0.061451032436809105,-0.05096819602070396,0.4212977787226189
2023-08-10,0.06332366965789861,-0.04982575327111596,0.42313985907159696
2023-08-11,0.06029887536292218,-0.04911291172704573,0.4271257085724656
2023-08-14,0.06507660635932508,-0.04890304174819387,0.4238335433476476
2023-08-15,0.06526718140669985,-0.049040086910907846,0.42341415068119265
2023-08-16,0.06830149199626871,-0.0502360520123174,0.42335302711923634
2023-08-17,0.07241513316149777,-0.05100822825362908,0.4214855101081095
2023-08-18,0.07148444731531017,-0.051794688117694485,0.4205301100803097
2023-08-21,0.07106647542786651,-0.051802966762698674,0.42074511286996974
2023-08-22,0.07042280143911979,-0.051227462130514045,0.4211391872306718
2023-08-23,0.0662940551285724,-0.05003886664105127,0.41916822997829667
2023-08-24,0.06706452486198697,-0.04583833864463735,0.42176644444179895
2023-08-25,0.06743167859693842,-0.046029210377559304,0.4215658146569375
2023-08-28,0.06643208018079048,-0.04324957199916969,0.424562379151823
2023-08-29,0.06815679748252124,-0.03861039936460736,0.425397636739155
2023-08-30,0.06561397147164612,-0.03979639057823711,0.42427916946664535
2023-08-31,0.06995791088400631,-0.04721746023885457,0.4107983779672245
2023-09-01,0.06718790604187556,-0.046555990628788055,0.40641938181489506
2023-09-04,0.09082131669020786,-0.031760024550157695,0.4107100385756228
2023-09-05,0.09345106861639124,-0.038076811804165826,0.4045494155326117
2023-09-06,0.0943842585251851,-0.037844898480526065,0.40491421198598
2023-09-07,0.0934144530199915,-0.037394395568225,0.4055421973395854
2023-09-08,0.09375983508367144,-0.03740802347628897,0.4057242000009447
2023-09-11,0.09971173813813973,-0.04014531799649688,0.39806651753103567
2023-09-12,0.10149066183531515,-0.03679368762712316,0.3982238093983025
2023-09-13,0.10195792333292672,-0.042008227630146694,0.3971561064601077
2023-09-14,0.12615450950017654,-0.01990934459594362,0.42283380445600954
2023-09-15,0.13359832990989903,-0.015645480464608643,0.4304046721272691
2023-09-18,0.13350448658241973,-0.015638658488798363,0.43038740784170276
2023-09-19,0.13656838475739042,0.0012720062428113604,0.43307853171715455
2023-09-20,0.1322191496841038,-0.0006879474863761567,0.43125522038562125
2023-09-21,0.12979924970302384,-0.0015174696755338598,0.430987333653798
2023-09-22,0.14528618170445454,0.0004649861184916492,0.43520167313486247
2023-09-25,0.14793417932359232,-0.007845102967801247,0.42134961388050624
2023-09-26,0.14406619368423026,0.0024308151049007892,0.4265107962727269
2023-09-27,0.16948997541387772,0.005979264970751094,0.4227699258498018
2023-09-28,0.1722892190427211,0.0010218750559732876,0.41704674640541733
2023-09-29,0.1718683487638156,-0.0007080712251824536,0.4142861245579467
2023-10-02,0.16511958160222723,-0.009020650642132824,0.40548576220291976
2023-10-03,0.1628760743349228,-0.011961337613462863,0.4022889196084418
2023-10-04,0.18072510619257515,-0.006571240935210617,0.40632278818619905
2023-10-05,0.1894357182216635,0.0022687444162688415,0.4119322019701449
2023-10-06,0.20805332164277426,0.006787733827828749,0.40807738098997953
2023-10-09,0.20809417957841375,0.007342303124046941,0.40848495829704645
2023-10-10,0.20001887309286215,0.004382041858139378,0.4031559641653316
2023-10-11,0.19990773815894403,0.004811694227229063,0.4035991404788835
2023-10-12,0.1899567079706023,0.002154758768025173,0.39129110791815097
2023-10-13,0.18892078615494196,0.0020944635388691814,0.3909597177369649
2023-10-16,0.19146313529814027,-0.004447326000431588,0.3770390854855585
2023-10-17,0.1962667089764695,-0.01110264213137242,0.37177467898941463
2023-10-18,0.18486127864226515,-0.020369660537813583,0.35617011829393896
2023-10-19,0.18944846225653714,-0.02341312179285065,0.35315228403921495
2023-10-20,0.1818229793184749,-0.026466961576841707,0.3472370900070264
2023-10-23,0.17906733460222635,-0.030278877789861023,0.33969337172887004
2023-10-24,0.17704755561084612,-0.03549861288188536,0.33236498451005175
2023-10-25,0.19035977826817999,-0.04364313089700509,0.31664190722170277
2023-10-26,0.22626329486431973,-0.0434714749063944,0.30363147010052954
2023-10-27,0.2271923072278394,-0.04249397653823289,0.30522957161324826
2023-10-30,0.22368002212864074,-0.043358105007042125,0.3004619146379591
2023-10-31,0.2586033542810536,-0.031794715205857034,0.310192771002482
2023-11-01,0.25849419754514363,-0.02285438959937095,0.25557554222505746
2023-11-02,0.20873244093763138,-0.1255075828563131,0.1445380521479994
2023-11-03,0.18512033368970596,-0.11865354589012421,0.13507302974314822
2023-11-06,0.1867559693218089,-0.12894067114045132,0.12978572514120243
2023-11-07,0.18102097163323044,-0.12584793496095076,0.13222663101903
2023-11-08,0.17772499898894825,-0.12969477322363662,0.12734896314760544
2023-11-09,0.1768272565802276,-0.1308784371079864,0.1263922703246528
2023-11-10,0.17482239328968854,-0.14293062917259974,0.10854254436467904
2023-11-13,0.17542744227323295,-0.14156460467198828,0.10520619114394092
2023-11-14,0.15338735975855522,-0.1645549011441167,0.06747646004679003
2023-11-15,0.15561293034777343,-0.1711303356046754,0.06074042086075334
2023-11-16,0.15692481805560274,-0.17068344509943276,0.061456781510479376
2023-11-17,0.1796327178837647,-0.17239379217241593,0.06342830326389749
2023-11-20,0.1796511978347549,-0.1734902688336188,0.05873878893236043
2023-11-21,0.1974400647317501,-0.19731042724266704,0.04952887794998583
2023-11-22,0.17812158269844153,-0.21546581265148756,0.027530170127944818
2023-11-23,0.17662196581739323,-0.21752325638138847,0.024975822153622766
2023-11-24,0.17591903036249087,-0.202648088582095,0.030933985875521285
2023-11-27,0.17910622746117405,-0.20885182953866058,0.02952305473280521
2023-11-28,0.17774707686663488,-0.20556981919970718,0.029094399955049213
2023-11-29,0.17934944022818705,-0.20780164944784443,0.026247678546187272
2023-11-30,0.19436776548892665,-0.20892573779685716,0.021440623314909885
2023-12-01,0.19622039998483037,-0.21136885644026912,0.02019111104669348
2023-12-04,0.2053295499103721,-0.20559009903405698,0.017732565572991688
2023-12-05,0.20030956759063448,-0.2046292628791986,0.01996453018864818
2023-12-06,0.21286391192520732,-0.21414971904505783,0.012546009854597506
2023-12-07,0.23476163178762335,-0.21234408219951742,0.02204436426346402
2023-12-08,0.24172784861431681,-0.21331625961278888,0.025438280897865026
2023-12-11,0.2182923366572315,-0.21284966706588657,0.014854395061001226
2023-12-12,0.2227465689691391,-0.21408791996495302,0.014191531391943023
2023-12-13,0.24755821057270477,-0.22182577015878857,0.008040025128435307
2023-12-14,0.23455331169798724,-0.21110319294884552,0.019081942709668613
2023-12-15,0.23780081239016396,-0.21293688442361353,0.014097740493261788
2023-12-18,0.2374948873166514,-0.21608953730266364,0.011707326258293146
2023-12-19,0.22251169343580948,-0.22216641811816532,0.004996444531885161
2023-12-20,0.21486455780952826,-0.22532628203444235,-0.0004529246289738847
2023-12-21,0.22480081172144054,-0.22912105793650134,-0.009064623001052223
2023-12-22,0.23308306505384144,-0.230996822317442,-0.010428233321417008
2023-12-26,0.23926805559832032,-0.2361742573354961,-0.016021689815810213
2023-12-27,0.27444239284142874,-0.22509023661073002,-0.0015223822891209915
2023-12-28,0.2731498612816916,-0.2632485612627079,-0.027522076412239704
2023-12-29,0.2730881736923683,-0.2645896502523984,-0.030007564135283472
2024-01-02,0.27919991196895627,-0.2607415346351261,-0.021847530840098318
2024-01-03,0.2698959114649421,-0.2646763832485226,-0.024512482569854704
2024-01-04,0.26871608783789414,-0.26622806561623835,-0.026032249655625773
2024-01-05,0.26861740885972507,-0.2664443495750105,-0.026241499373116487
2024-01-08,0.26714168647741154,-0.26788165683777526,-0.027101776856023403
2024-01-09,0.26705885347875935,-0.2694637216306565,-0.030075207219869372
2024-01-10,0.2621444029770286,-0.2714212484338805,-0.0320167182886732
2024-01-11,0.2634764237849905,-0.2715483811994106,-0.03175273446447991
2024-01-12,0.26197322387082383,-0.2699557152391683,-0.03164182274473894
2024-01-15,0.26105532887512023,-0.2689977332001984,-0.02904547536481457
2024-01-16,0.26112834365553367,-0.2674049815886454,-0.030531745384564095
2024-01-17,0.25869620032345536,-0.26880184418498554,-0.029887080635944863
2024-01-18,0.26016437693967787,-0.26879954297510916,-0.02882600030957787
2024-01-19,0.2603349291407056,-0.2652628701510266,-0.027524703396359873
2024-01-22,0.257152091383854,-0.26469951724280383,-0.0287585696849393
2024-01-23,0.2488553443746806,-0.2693892444243055,-0.03491417150805344
2024-01-24,0.26540579628534805,-0.2737087798840913,-0.04011850191776566
2024-01-25,0.2770950068667532,-0.26921396370796546,-0.03805074274026942
2024-01-26,0.27480782006606735,-0.2724438900380068,-0.028720603751895158
2024-01-29,0.2737110936894174,-0.27347992896925705,-0.03170237468883548
2024-01-30,0.27342997836737387,-0.27367537651557244,-0.033013857781934615
2024-01-31,0.2774976799514806,-0.27407066676517455,-0.03245844744838439
2024-02-01,0.27388873745937525,-0.28484140785381074,-0.03930385898094132
2024-02-02,0.2791562784245618,-0.3047106377790233,-0.049328215071583074
2024-02-05,0.2744216249483795,-0.30075236381648807,-0.04854834345406309
2024-02-06,0.2821455823610914,-0.3089597506192539,-0.05046537247069906
2024-02-07,0.2780753744102742,-0.30667984339981597,-0.04963678933087917
2024-02-08,0.278362309154719,-0.30617234841508995,-0.04933730014445215
2024-02-09,0.27757801931915244,-0.30623728792723576,-0.0496521436372683
2024-02-12,0.27580215255579643,-0.3096677042380913,-0.05047735040098267
2024-02-13,0.28019976555603754,-0.31598211971333484,-0.054491643206896895
2024-02-14,0.2803141621985946,-0.3198733346959484,-0.057266964907355895
2024-02-15,0.2824263320250926,-0.32392991085460215,-0.0650269356462079
2024-02-16,0.28316685894346816,-0.3160769756603547,-0.060335622574062255
2024-02-19,0.28253649392451263,-0.31575611000466125,-0.059737154754311336
2024-02-20,0.2848084367749026,-0.3174001049541984,-0.05867489841572018
2024-02-21,0.28492959120058664,-0.32504748836845704,-0.06495732357571646
2024-02-22,0.2795646523891919,-0.32239123423394195,-0.06421835668574745
2024-02-23,0.27562748523232833,-0.32136388803879057,-0.062391893388688204
2024-02-26,0.2979485255540381,-0.31886020827608713,-0.0694989075872154
2024-02-27,0.2980425639054983,-0.3205091649231064,-0.07057497066038337
2024-02-28,0.28588195618488593,-0.3231706131201281,-0.08226786149158798
2024-02-29,0.273483259153923,-0.348719715387405,-0.12004955105459632
2024-03-01,0.285163395453545,-0.42658733906164337,-0.2037641035029035
2024-03-04,0.2845809182268384,-0.42618832751664615,-0.20339188873905908
2024-03-05,0.26671829805199193,-0.37901250910533774,-0.1798021886698403
2024-03-06,0.2653974463276457,-0.37427650738694973,-0.1762076579328755
2024-03-07,0.2641908426183926,-0.3864914367640677,-0.18553527879803874
2024-03-08,0.27098629878201697,-0.38077977361846344,-0.1784603393519446
2024-03-11,0.2693718104954182,-0.3808333684721527,-0.180973784333039
2024-03-12,0.25247093668372245,-0.3811811207945516,-0.19382565882023967
2024-03-13,0.24929532642595637,-0.3804819424359005,-0.19826162917833462
2024-03-14,0.2598613985549479,-0.3959552300446976,-0.21015240955372969
2024-03-15,0.26211401318904853,-0.3869102342014032,-0.20401581092496815
2024-03-18,0.27658551789877006,-0.38916090943339404,-0.20108908488569582
2024-03-19,0.27653183711404095,-0.390524221216958,-0.20197329891172183
2024-03-20,0.2655564810514395,-0.3976299733894792,-0.21926895303176422
2024-03-21,0.2655053851242811,-0.39628863362340516,-0.21190824077216272
2024-03-22,0.260903829104492,-0.38487008555729624,-0.20037642859169982
2024-03-25,0.24571098528595792,-0.39011565155109906,-0.20832387493233448
2024-03-26,0.2447371946210627,-0.3895003557531099,-0.20641331808465999
2024-03-27,0.2440302265461023,-0.3881090185010986,-0.20557529063126131
2024-03-28,0.24300856629273992,-0.3909202919914717,-0.21076355780564987
2024-03-29,0.23401994440032903,-0.3987736784630667,-0.21980928358137738
2024-04-01,0.23193506703969746,-0.38280381671419633,-0.20857319924138146
2024-04-02,0.21651068779278668,-0.38309631915626396,-0.20952308356505714
2024-04-03,0.21754439962019248,-0.39859290240632106,-0.21841472727643726
2024-04-04,0.22643623953905823,-0.40652241326175015,-0.22462866402830936
2024-04-05,0.2216156246731107,-0.40786291383895684,-0.2269996847280379
2024-04-08,0.21910184923214807,-0.4112779647865428,-0.23680602758131378
2024-04-09,0.21833533226122284,-0.4102446694501061,-0.23451003840240967
2024-04-10,0.21325383048243418,-0.42580585721504716,-0.2408134305822305
2024-04-11,0.2125305112703439,-0.4256467429579037,-0.2406888547007655
2024-04-12,0.19775994082456821,-0.4388594526098649,-0.2463607443991172
2024-04-15,0.20702620090479826,-0.44640228297863965,-0.24998716982330754
2024-04-16,0.20829728542668247,-0.44774389784014124,-0.2519988864348871
2024-04-17,0.20349791384229143,-0.45467786659989806,-0.2543448784369221
2024-04-18,0.1981428464305199,-0.4605389651220948,-0.26151744265605337
2024-04-19,0.193959890435266,-0.4687394157284688,-0.2711813533059507
2024-04-22,0.18640998963470276,-0.4700763044392502,-0.27395691051949445
2024-04-23,0.15970003693148693,-0.48014290515784974,-0.28904172282991974
2024-04-24,0.16264798528736063,-0.4840211341329067,-0.2935640745914798
2024-04-25,0.16698205765788385,-0.4792495813496848,-0.28514696447902493
2024-04-26,0.17964326038541456,-0.4643748837834304,-0.26106864685412634
2024-04-29,0.1839504809116296,-0.4756695682707847,-0.266411057521605
2024-04-30,0.18270009140058768,-0.48544392326322916,-0.26270471209773905
2024-05-01,0.22628234311640566,-0.4932696887312735,-0.2594621734476936
2024-05-02,0.2419051619735579,-0.5154993831166973,-0.273563762915255
2024-05-03,0.2556883096236549,-0.5095849407180082,-0.26384957452862373
2024-05-06,0.25654237310979966,-0.5081918451270467,-0.2631770144860904
2024-05-07,0.24766193072155088,-0.5107436406160115,-0.2641732897821664
2024-05-08,0.24421956164302241,-0.5117609893524401,-0.26596382860733897
2024-05-09,0.23922375508098656,-0.5196774689823872,-0.2729573130217431
2024-05-10,0.23937051694181133,-0.5194575313125752,-0.27249003344981554
2024-05-13,0.2374565545779679,-0.5234560708579977,-0.2764078958117217
2024-05-14,0.24969158841632436,-0.5327718359438096,-0.2865863988903169
2024-05-15,0.25941149210812803,-0.5362553640507794,-0.2864302520886414
2024-05-16,0.2626615677087548,-0.5363096948413464,-0.28501053031352597
2024-05-17,0.2621544153987649,-0.5367437176695254,-0.28549868650092736
2024-05-20,0.2615164100036682,-0.5365949412109181,-0.2843521838212984
2024-05-21,0.25841979957223815,-0.532371007144206,-0.2803611690558366
2024-05-22,0.27696565810704016,-0.5279078706611489,-0.2747804230128092
2024-05-23,0.26823796967873087,-0.5318510340327742,-0.2803794283185174
2024-05-24,0.25884452874291614,-0.5341412575424359,-0.28047436658438235
2024-05-27,0.256834358656908,-0.5328886630051058,-0.27976239112387313
2024-05-28,0.2567163682673944,-0.5355367687880734,-0.28254989488935633
2024-05-29,0.24169684379176362,-0.5377561859453006,-0.28463369854154186
2024-05-30,0.2560415361498452,-0.5261708291306377,-0.27240240323386194
2024-05-31,0.25571103276535734,-0.5249579487875702,-0.27252302168336245
2024-06-03,0.27875379574163867,-0.5049343429382179,-0.24694136257534122
2024-06-04,0.28207678658678104,-0.4941083403743829,-0.23765951566519014
2024-06-05,0.2916335631099854,-0.5011762870944647,-0.24515726689120923
2024-06-06,0.29095445485235266,-0.49787550807684205,-0.24187833969209732
2024-06-07,0.2953748422326809,-0.5261418388478781,-0.2640549927523775
2024-06-10,0.29519208296792665,-0.518010230356973,-0.2550845476645621
2024-06-11,0.2979488113005519,-0.5133490452348903,-0.24921277405040326
2024-06-12,0.2966761535949955,-0.48270562191613925,-0.21566492746161298
2024-06-13,0.29884817083044135,-0.4773879277264816,-0.20585449786212634
2024-06-14,0.29245366712678234,-0.4890873131732019,-0.2203812025469672
2024-06-17,0.2913200714734401,-0.4901227289025135,-0.2212797206986526
2024-06-18,0.30317271087231984,-0.4974272644010532,-0.226827369319248
2024-06-19,0.29996310301007106,-0.5022460313333929,-0.22804432219079773
2024-06-20,0.3136236163852364,-0.5041025459409715,-0.22865339020061273
2024-06-21,0.3164656309773796,-0.49773075965013297,-0.2210670080579542
2024-06-24,0.3131566490015031,-0.5013186402297851,-0.2250605316898389
2024-06-25,0.31641962357076137,-0.5038585220410572,-0.22643944205323482
2024-06-26,0.31030908047778166,-0.5111320384503115,-0.23565843956247812
2024-06-27,0.308637325336098,-0.5084006032194927,-0.22420882581061105
2024-06-28,0.30276796669519823,-0.5082289108570841,-0.22338619713518867
2024-07-01,0.30144769192305476,-0.5119064425475888,-0.2262888168985699
2024-07-02,0.27122455042747984,-0.5128888105909432,-0.215259620709656
2024-07-03,0.28289714593116255,-0.5413896520827778,-0.23763721179427386
2024-07-04,0.2833706400520838,-0.5435722342223112,-0.2414433974427298
2024-07-05,0.2848162228388573,-0.5425175650212511,-0.24105538922882644
2024-07-08,0.2880686740003912,-0.5411795515162664,-0.23852346793141488
2024-07-09,0.2888506973895686,-0.544319931745185,-0.23932819484762627
2024-07-10,0.28181848273433147,-0.5338451395172995,-0.22773534506427037
2024-07-11,0.3092776197881746,-0.5210336297084684,-0.21376466841783495
2024-07-12,0.3006751238565864,-0.5283429526515069,-0.22116704488099723
2024-07-15,0.3004092125222187,-0.5292434242894835,-0.2227099441122713
2024-07-16,0.29109403143669393,-0.5303237278191092,-0.2241891515019659
2024-07-17,0.3307860648496276,-0.5148812899011804,-0.1885206726813311
2024-07-18,0.33667178385489555,-0.5191618222225308,-0.19143444432793688
2024-07-19,0.3288599329982587,-0.5111721526483615,-0.18741860291055654
2024-07-22,0.3357818333978055,-0.5108190624384065,-0.18615584058124499
2024-07-23,0.33843202634005076,-0.5101642120880638,-0.18282613042100546
2024-07-24,0.3406364228780884,-0.5102418264963607,-0.18318845518060495
2024-07-25,0.32954583618010613,-0.491431389344073,-0.16071127887374279
2024-07-26,0.32892173333746866,-0.49197654263951446,-0.16155756465385068
2024-07-29,0.32384308226883524,-0.5059419991783535,-0.17217388523151547
2024-07-30,0.32432219490799075,-0.5051877402045867,-0.17113858789820985
2024-07-31,0.3425175465105853,-0.4964600422106268,-0.15838774431443844
2024-08-01,0.32392906672044064,-0.5051085678961873,-0.17159377566299003
2024-08-02,0.41333435700987387,-0.39895159895831855,-0.066834619393365
2024-08-05,0.4490962776702535,-0.37433245135324367,-0.04004639021376533
2024-08-06,0.4440777938954129,-0.36343621780748503,-0.03612504910109253
2024-08-07,0.46483613409472413,-0.3536758080759338,-0.024875766541478387
2024-08-08,0.4670809096351955,-0.35370184071382127,-0.024111254165831802
2024-08-09,0.46811634231228894,-0.3524784699638165,-0.02422796000792618
2024-08-12,0.470233834183359,-0.3546149648930542,-0.026077196624203772
2024-08-13,0.44456913446511864,-0.35381647865330373,-0.026573206660332194
2024-08-14,0.44792125118290477,-0.3639023213504425,-0.03354932639245816
2024-08-15,0.4678143515865847,-0.35261475853101437,-0.020139997190438078
2024-08-16,0.46707392696859573,-0.3457607925256402,-0.012046736119219829
2024-08-19,0.45981117164775087,-0.33781678937831855,-0.005875823729199219
2024-08-20,0.4771815913995696,-0.3226160372292952,0.021406180533277593
2024-08-21,0.4700025211239815,-0.3065121262685031,0.040144326943742224
2024-08-22,0.4810965835939621,-0.3172018823827267,0.031171218729796137
2024-08-23,0.4514885261655729,-0.3324580124275548,0.011907390623887215
2024-08-26,0.4450304896988854,-0.3212877528554317,0.01854240609778248
2024-08-27,0.4426485421564825,-0.31501064654821403,0.024893794613043373
2024-08-28,0.43994351024914713,-0.31674131836083846,0.01226327025072438
2024-08-29,0.44478726089775095,-0.3247150894469289,0.006452439056295252
2024-08-30,0.4457179077193187,-0.31804383590809066,0.01865116799619444
2024-09-02,0.4446904646268797,-0.3191235223611619,0.017132276945842646
2024-09-03,0.4365043368314493,-0.32150870003041204,0.01169830922161013
2024-09-04,0.44094351943530924,-0.3261127728299689,0.009366996963485608
2024-09-05,0.440595042117715,-0.3270454446643729,0.009694426370771687
2024-09-06,0.43835867403794176,-0.3274976597949108,0.007799090247658149
2024-09-09,0.43891024845483456,-0.31985190272551933,0.01633593177699581
2024-09-10,0.43969247932275046,-0.32205129125039744,0.013970204877946379
2024-09-11,0.4399672867236889,-0.3201980928039765,0.015670673004570267
2024-09-12,0.4333294671679749,-0.32140243491148,0.009064352735746435
2024-09-13,0.4322691432106326,-0.3097645250748671,0.0181129685693469
2024-09-16,0.43323804034802355,-0.3081269755400601,0.020996319396199035
2024-09-17,0.4243118436002701,-0.30032241178321784,0.028710527133305307
2024-09-18,0.41391308347583927,-0.2981990894112743,0.03282071203203059
2024-09-19,0.41472448447579485,-0.29782081827916684,0.03298814588587482
2024-09-20,0.4354571751219045,-0.2855703863005545,0.04462757369125704
2024-09-23,0.4391729228715559,-0.27942806419571475,0.050540036978296475
2024-09-24,0.432670336670208,-0.2721225316076048,0.053970957451444264
2024-09-25,0.42896291812242304,-0.2919639979202855,0.030926682632459533
2024-09-26,0.429484030821398,-0.2795989490755931,0.034492967569626616
2024-09-27,0.4341557033036243,-0.279331890372208,0.03784895052606731
2024-09-30,0.4454613864917438,-0.2705703503551695,0.04501210348574217
2024-10-01,0.43650063142523565,-0.2607750799178276,0.04626514149446288
2024-10-02,0.4737378409756441,-0.23903816310400125,0.07131989217695689
2024-10-03,0.4687513505555771,-0.23059529997215222,0.07503596384090165
2024-10-04,0.48072404985915634,-0.20727511712699187,0.09543841815898067
2024-10-07,0.4805528277101741,-0.20697796926850148,0.09519004796051127
2024-10-08,0.49069878437211867,-0.19993634875447205,0.10384491222752058
2024-10-09,0.4773092362919028,-0.1961262042745189,0.10522858521239233
2024-10-10,0.4766893659217022,-0.19425834094807942,0.10702741138928772
2024-10-11,0.4829123932500018,-0.18803784573318588,0.11887562773912713
2024-10-14,0.49088487691433236,-0.17489966243784483,0.13390875155811718
2024-10-15,0.4960786063391935,-0.17523808242816544,0.13340829937999635
2024-10-16,0.49214657346796686,-0.17795999311488256,0.12950273090888503
2024-10-17,0.4938101002719619,-0.17573742579866036,0.13200962317686998
2024-10-18,0.49925857523025047,-0.17354990501296794,0.13522258945161725
2024-10-21,0.4712311063792451,-0.16068006744876426,0.13923363105137182
2024-10-22,0.4737461051631999,-0.1671366082225281,0.13368419953794206
2024-10-23,0.5007084466605498,-0.15897714611966077,0.1440948607289413
2024-10-24,0.5445882407053638,-0.16813806190113248,0.14960251749494244
2024-10-25,0.5473075598815408,-0.15951899995101207,0.1544163266016388
2024-10-28,0.5575571124548657,-0.16499603441802702,0.14974853326500584
2024-10-29,0.5584068666670188,-0.16397810813802471,0.15043375508816098
2024-10-30,0.5580261879778803,-0.155537601923827,0.15599401637995938
2024-10-31,0.5583115268699373,-0.15447604416503247,0.1572622133230862
2024-11-01,0.5669604210715391,-0.16151557694716898,0.15476680079669275
2024-11-04,0.6371002608074537,-0.12474368954316106,0.19622835008518652
2024-11-05,0.6209734354989107,-0.11578573426256354,0.20428400579094855
2024-11-06,0.6047188687882072,0.01726633080104141,0.3277161028037259
2024-11-07,0.5843989071816331,-0.009202136950587221,0.3104883648650275
2024-11-08,0.5732287413321078,-0.02811074238620152,0.3019156734897488
2024-11-11,0.572165782770001,-0.023381751480306925,0.30488961628761907
2024-11-12,0.5595576298333528,-0.017706815010428607,0.30288911867204793
2024-11-13,0.5577095750812704,-0.021121721589766194,0.30431164891004236
2024-11-14,0.5748092081640218,-0.010721962118079397,0.3145088720728271
2024-11-15,0.5740861925471838,-0.010450937621242572,0.3149525741916889
2024-11-18,0.5707955399368485,-0.016811217252619574,0.3145838513276347
2024-11-19,0.5700435541353992,-0.01626540485535057,0.31433278736188996
2024-11-20,0.5529609917101421,-0.009053822475978602,0.32896945034050645
2024-11-21,0.5429821160557212,-0.010168216905931208,0.3295508666349657
2024-11-22,0.5430511596848089,-0.007126715701249988,0.33844244025391573
2024-11-25,0.5600116874377749,-0.01545316257260164,0.3357533605276628
2024-11-26,0.5561322062267273,-0.01999472588810907,0.3307174576902179
2024-11-27,0.5093693159496635,0.0026810734924932094,0.34467341977441923
2024-11-28,0.5014732781710601,0.005227476112434607,0.3415760156868978
2024-11-29,0.500391447399351,0.005892523964072926,0.34315465007375556
2024-12-02,0.4837958586076675,0.00609046417095152,0.34108811855735405
2024-12-03,0.4575256021375998,0.0197520522218668,0.35573329530072445
2024-12-04,0.4858828795031,0.012015365519602802,0.35031872247145796
2024-12-05,0.48819508402948814,0.016499329637443133,0.3550871583583012
2024-12-06,0.47847549203004397,0.017427419621848253,0.35462603111220387
2024-12-09,0.49957733834790624,0.021191058837732223,0.3587547233450644
2024-12-10,0.5086098987108253,0.02493604618184914,0.3660794834117622
2024-12-11,0.5011710768798923,0.033686963383606945,0.38016913636202304
2024-12-12,0.5020616579667634,0.03276724604796959,0.380852266693327
2024-12-13,0.5075399552905561,0.030981373701079642,0.37997853612671745
2024-12-16,0.4866598300046012,0.034401121562375896,0.37889776596770797
2024-12-17,0.4896786354568811,0.04106096530159589,0.38529597310179753
2024-12-18,0.45016930097661545,0.03773115334637508,0.3669388882542615
2024-12-19,0.4407195073992232,0.050415301022357605,0.3720543635782713
2024-12-20,0.41976576822827144,0.050031039495825234,0.3649584303462941
2024-12-23,0.4241906570270936,0.044309908532901184,0.3563413317810388
2024-12-24,0.4251450705255919,0.04752986973842666,0.3609628950117309
2024-12-26,0.4259152826992809,0.04955396539581654,0.3620060575709821
2024-12-27,0.42464149365559994,0.052436926416765554,0.36651250737227636
2024-12-30,0.42794138247378677,0.052596953593184906,0.36768066945376415
2024-12-31,0.42608484622364173,0.05311205992262969,0.3694996953016714
2025-01-02,0.42910620711889164,0.06748538562318335,0.3869305489934336
2025-01-03,0.42885361830621516,0.059864466507509345,0.38565789059231
2025-01-06,0.40398644652795407,0.058370580174093856,0.38917887687953423
2025-01-07,0.40391626885873444,0.05510233469578843,0.39071863203169677
2025-01-08,0.3861418223809017,0.06105067178985727,0.3938579214686675
2025-01-09,0.3878395340152003,0.059247086664295553,0.3951286720550234
2025-01-10,0.37122390672985095,0.0571288212054293,0.3905068333896521
2025-01-13,0.3731070301663044,0.05402145635905469,0.3934367111020694
2025-01-14,0.35480324391401374,0.05470534701645982,0.39482958303897014
2025-01-15,0.3473818222480173,0.05058962153305798,0.3906672666461044
2025-01-16,0.3520482043860468,0.05478367714838444,0.39532150331171184
2025-01-17,0.34956289981049105,0.05368019484729557,0.4042754064576233
2025-01-20,0.3494469838633928,0.055392409139185736,0.4077995777647294
2025-01-21,0.3371677068927389,0.07828988974440865,0.409115781650388
2025-01-22,0.33809480214057647,0.0813049083731585,0.4141642700016705
2025-01-23,0.3362199111682595,0.11606948597034064,0.4393363509770065
2025-01-24,0.3215545786466564,0.1306215100691994,0.45148468006901327
2025-01-27,0.3312278347778045,0.136205801062243,0.45911944145232586
2025-01-28,0.33272788835068023,0.14376579564122838,0.46754196758136035
2025-01-29,0.3320675826183743,0.14303280480702654,0.4676373624472004
2025-01-30,0.33599340133423333,0.14296812153624588,0.46665784332563537
2025-01-31,0.34368486684636873,0.14529527840310846,0.47003625531118925
2025-02-03,0.33638538886275465,0.15218115584098182,0.4748840838519234
2025-02-04,0.33140283928149167,0.19205638552592494,0.4918541088703207
2025-02-05,0.3388668845923817,0.20874705910614225,0.5082496240922849
2025-02-06,0.3373183774426825,0.2122724425671839,0.5118427048433379
2025-02-07,0.3391808870490328,0.2144150950357401,0.5125825754489748
2025-02-10,0.33961238640685193,0.22288861450016392,0.5158210526663848
2025-02-11,0.3296661822510554,0.21033492685079305,0.5127830876606388
2025-02-12,0.33020900807054604,0.20979260231553387,0.5124274460130674
2025-02-13,0.34083021761069665,0.22658497639710984,0.5325175410499233
2025-02-14,0.3382343188556452,0.23328093192216223,0.5303904841510154
2025-02-17,0.3372905748681343,0.2315563141244886,0.5298937087539533
2025-02-18,0.34283717203997327,0.23576094451460536,0.5418828948986152
2025-02-19,0.3413666002027362,0.2355145195504113,0.5404751410245934
2025-02-20,0.3499668967826203,0.24179084576662774,0.5429702957701666
2025-02-21,0.343253003345219,0.2392778720992003,0.5385897380090479
2025-02-24,0.34248703970771044,0.24023479614787072,0.5392444804412322
2025-02-25,0.3528487956712119,0.243841665158112,0.5482289360143539
2025-02-26,0.35095925582075543,0.23689285470156474,0.537862327775422
2025-02-27,0.3356984837623915,0.2635439362404857,0.5508486790686795
2025-02-28,0.33868900568132815,0.26478128035057347,0.5521271044063096
2025-03-03,0.37019425262462763,0.2505117485895803,0.5677364859051486
2025-03-04,0.34628772012378917,0.27140161372752725,0.5863540225225228
2025-03-05,0.29230824167202474,0.2758396217365556,0.5736417880480377
2025-03-06,0.2989003819590921,0.26854725663273527,0.5718731803592713
2025-03-07,0.30022050000038214,0.2746154251179309,0.5766685790910578
2025-03-10,0.29878035350740056,0.26921109847644675,0.5700370527094073
2025-03-11,0.29427893270854105,0.2762157252344043,0.5811781639624596
2025-03-12,0.2973225702451273,0.28136850766199667,0.5790759700355949
2025-03-13,0.3060175494650136,0.27453977313331096,0.5735861886459255
2025-03-14,0.3076360944488919,0.27418632771459306,0.573042036372661
2025-03-17,0.29259102902622935,0.27583591812924874,0.5735283295439564
2025-03-18,0.2958557703336625,0.27340624147889553,0.5727479613975058
2025-03-19,0.29629566890475467,0.2613127306004672,0.5650322817432628
2025-03-20,0.2929233815732571,0.26909508054030684,0.5714050209489923
2025-03-21,0.2874762176268761,0.26986541242748097,0.5707476418765537
2025-03-24,0.2929951918418724,0.2795355034019084,0.5816276582590014
2025-03-25,0.299098636575484,0.29601434065339155,0.5946062791409046
2025-03-26,0.2950349461923005,0.3024436228838942,0.5967821032709529
2025-03-27,0.29235815592847597,0.30401028046305084,0.597127204552544
2025-03-28,0.30015352716355903,0.3030056207432373,0.6015563603922259
2025-03-31,0.29895647000317965,0.30662750808110023,0.6044875134538669
2025-04-01,0.3009038795562206,0.34269136926049243,0.633414784432074
2025-04-02,0.29699351543605046,0.3445415190975339,0.6286050685766409
2025-04-03,0.4188259412225307,0.3372693305636634,0.6746782212538628
2025-04-04,0.2893836677167635,0.2923443420506106,0.6453498779171807
2025-04-07,0.2759111907716194,0.28665631805331915,0.6414103104261496
2025-04-08,0.29329094901496877,0.29469399762750476,0.6527759085647983
2025-04-09,0.28681921279644534,0.3004053492141954,0.6577598336699146
2025-04-10,0.43891500458968197,0.3684582663263946,0.7503179832002645
2025-04-11,0.4256701319953366,0.3868906199685126,0.7507384095976896
2025-04-14,0.4166796955377644,0.392852663557812,0.7573364600924324
2025-04-15,0.4288618333788555,0.3889377861418022,0.7614770863005166
2025-04-16,0.45288699443735114,0.3785140988421146,0.764052850839214
2025-04-17,0.44077504719075444,0.36807674203617896,0.7455629559097449
2025-04-18,0.4391933916402712,0.3732960313700069,0.7507845571660087
2025-04-21,0.43929642100674077,0.3995716193513888,0.7681425145696272
2025-04-22,0.4302697704273049,0.4114116127408969,0.7749863705316655
2025-04-23,0.4493620093855453,0.3971917037306293,0.7816214228885552
2025-04-24,0.4386854548112511,0.3940942277334813,0.7771543197235713
2025-04-25,0.43953310996564693,0.39510436995881054,0.7782538850381735
2025-04-28,0.44334193384939974,0.38906007636052664,0.7797399018317607
2025-04-29,0.4403114295458071,0.38542454008096105,0.7812569181035347
2025-04-30,0.4440825044551632,0.3859254590363551,0.7844527589071727
2025-05-01,0.4438897574233341,0.38030359396635655,0.7760856866092231
2025-05-02,0.4453077549181307,0.38304223986378955,0.7771420464433603
2025-05-05,0.44705310419617195,0.38571263917628706,0.7789148417695475
2025-05-06,0.44314348217820637,0.389795018898191,0.783192769679138
2025-05-07,0.4393609011163953,0.3904886087410002,0.784494441942879
2025-05-08,0.44236415901328213,0.4031390390259227,0.8019965958587754
2025-05-09,0.4404408097738115,0.39942662951188596,0.7980690717112358
2025-05-12,0.4474934279906505,0.38560480051118023,0.7796785867095004
2025-05-13,0.4319329574382041,0.3798453968931951,0.7680462951253912
2025-05-14,0.4335178230086067,0.3817751981874285,0.7710473376928938
2025-05-15,0.44185853999790087,0.3860351457803853,0.774196265593201
2025-05-16,0.4436163086410156,0.3870958357375465,0.7744079761327327
2025-05-19,0.439075694216512,0.3860899059996324,0.7694355024527114
2025-05-20,0.444563857664722,0.3940715811630232,0.7758381361109519
2025-05-21,0.43220011812193865,0.3996998728708067,0.7779283614400728
2025-05-22,0.4328985323317285,0.3995822560963808,0.7770890759063819
2025-05-23,0.418075868325456,0.38506017297821327,0.7626652924230866
2025-05-26,0.41703129651686127,0.3850796045963225,0.7613501695323648
2025-05-27,0.41641872125305524,0.38311989940943636,0.7614149091422588
2025-05-28,0.41427125492611117,0.37578286814011624,0.7548884435905469
2025-05-29,0.41322610375956326,0.3921802683712243,0.7677457885352718
2025-05-30,0.4128497211306083,0.38726499794874264,0.7616084122343607
2025-06-02,0.4066895344646103,0.37829091140360277,0.7517403360265947
2025-06-03,0.40685906426760726,0.3727612456493732,0.7486101565391188
2025-06-04,0.4054742631441366,0.37949316965814606,0.7529044727823291
2025-06-05,0.4102187565700297,0.38523890013066653,0.7598726115897925
2025-06-06,0.41094415134846646,0.3896013964602028,0.7621619705865672
2025-06-09,0.40936611941973916,0.39026773854926017,0.7625372155329139
2025-06-10,0.4086307533937515,0.3904808876693343,0.7623886057687523
2025-06-11,0.40099636947421413,0.3855862243312449,0.7585999827981218
2025-06-12,0.39657166892635637,0.38758217805987377,0.7587590847428557
2025-06-13,0.39828397522290815,0.39237902989742196,0.7630501927601935
2025-06-16,0.39574280369493037,0.39516377609322345,0.7632976390084428
2025-06-17,0.3867801685773544,0.39241911413102515,0.7583569671644319
2025-06-18,0.3882428675740272,0.3916773367132526,0.7578133647101666
2025-06-19,0.38821717586437837,0.3917579139331572,0.7578341613845188
2025-06-20,0.3882898177857713,0.39298867405843557,0.7585048209345406
2025-06-23,0.3894837449631818,0.3890409399719346,0.7557814737310274
2025-06-24,0.39203526390358784,0.4000195041489779,0.7637527019854558
2025-06-25,0.392653253606499,0.4027458499647864,0.7664311879132881
2025-06-26,0.389217614920688,0.40164135668983864,0.7646666321400546
2025-06-27,0.3862390334870403,0.4021535095323051,0.7620299245295024
2025-06-30,0.3864839600126877,0.40052011359231493,0.7569543860228009
2025-07-01,0.386980584505537,0.40097070404920865,0.7576492201125089
2025-07-02,0.37510152220424925,0.3984411257625941,0.7550440548172181
2025-07-03,0.38112263572438154,0.4036740257593294,0.7619061373703947
2025-07-04,0.3809207608035915,0.4043217838727657,0.7629299044220258
2025-07-07,0.38194215523383723,0.4012259191014295,0.7593677632732425
2025-07-08,0.36768455603301214,0.3956228271943999,0.7497436604957955
2025-07-09,0.36492164146938305,0.4020580182927098,0.7562693838209273
2025-07-10,0.36615635979325667,0.40117308734708457,0.7564796142580761
2025-07-11,0.36499181812763654,0.4004084480550938,0.7558477039420056
2025-07-14,0.3658875642861343,0.4021763699487408,0.7576117559266727
2025-07-15,0.3630331098577226,0.39897257042493556,0.756800383623554
2025-07-16,0.3631605043425223,0.39640257138812673,0.7559990689943932
2025-07-17,0.36320949656796364,0.39665318348829387,0.7564694611773035
2025-07-18,0.36075649410379557,0.40092796332359615,0.7604228406188884
2025-07-21,0.3615960645261026,0.40022815949727136,0.7594755937140656
2025-07-22,0.3519014416783633,0.3971015761230114,0.7560928252040484
2025-07-23,0.3611967975044346,0.401723741569761,0.7625193883490098
2025-07-24,0.31041358206579206,0.36104414546246144,0.7268935730084624
2025-07-25,0.2876295627461834,0.35123690430454857,0.7138844874214308
2025-07-28,0.29270512661143533,0.32999077670755605,0.7042389114913574
2025-07-29,0.2811895595598149,0.3238167151209856,0.6982554855640678
2025-07-30,0.2758955705042796,0.31618369606812907,0.6967082920874808
2025-07-31,0.275524791717805,0.31606474373108184,0.6956390329362004
2025-08-01,0.3024464116962473,0.3043153027803463,0.7022138866580836
2025-08-04,0.3135977539583529,0.3128679544913113,0.7024093301814582
2025-08-05,0.31399687732611187,0.3129282466739183,0.702539178012945
2025-08-06,0.29527366998368115,0.29359828091895296,0.683101570077804
2025-08-07,0.2970426778399012,0.29337355162115625,0.6824255733050864
2025-08-08,0.2988435343490895,0.288301770051312,0.6810293416866192
2025-08-11,0.2975500711277514,0.28315557835119354,0.6706705095349652
2025-08-12,0.3003085670059379,0.2805420483616114,0.6690599410719494
2025-08-13,0.29782701555647023,0.29337441381575124,0.6808099791306486
2025-08-14,0.31163364833688956,0.30586775752730827,0.6942289109070793
2025-08-15,0.31416213491488376,0.30139481385431227,0.6918636699079684
2025-08-18,0.3162349776484052,0.29755817552653935,0.6882302839087746
2025-08-19,0.3163497647354783,0.301357097385053,0.6969988054812662
2025-08-20,0.3131270074394969,0.30660961021899424,0.7010104699775187
2025-08-21,0.3211362907822772,0.3089825109051971,0.7060300710983279
2025-08-22,0.312861439608133,0.3024005939404633,0.6939911503227316
2025-08-25,0.3210542344134811,0.28904111727233056,0.6907694145368738
2025-08-26,0.3201440843276929,0.2907739705304722,0.6926874076788244
2025-08-27,0.32051174474560723,0.29214034155310104,0.6934708418301284
2025-08-28,0.3215539581405195,0.29954170847747774,0.696827528408416
2025-08-29,0.3214408079697726,0.2972524812243367,0.6941493912735777
2025-09-01,0.3221931066534938,0.29864217510064445,0.6958686907531256
2025-09-02,0.3179972753587641,0.29155300089423963,0.6941699654484941
2025-09-03,0.31946484524554647,0.29394273009193295,0.6988216964646571
2025-09-04,0.31597078678570867,0.29527019564224644,0.69977414803934
2025-09-05,0.3220089724036029,0.29284619534439416,0.6983286244933338
2025-09-08,0.3191170214160958,0.28955555306757813,0.6952678950897289
2025-09-09,0.32532002922006026,0.28611416036706266,0.6975738631007038
2025-09-10,0.3249427915676133,0.2861851961283668,0.6976248143267577
2025-09-11,0.3203294485770879,0.28148286669896005,0.6953312607797903
2025-09-12,0.3199290057866293,0.28186554481838244,0.6959879519986623
2025-09-15,0.3211107636259707,0.27605143001013616,0.6945366744079944
2025-09-16,0.33602612315766617,0.27040555062912336,0.6968555558424897
2025-09-17,0.3393481034574595,0.2648593444665826,0.6980611749025071
2025-09-18,0.3324639598174968,0.2687328106456295,0.6983617650535571
2025-09-19,0.32292752358555293,0.2732798216140162,0.7026070135228983
2025-09-22,0.32804677801876564,0.26759855770827085,0.7036535391305789
2025-09-23,0.32251987211573224,0.2616554983721378,0.6974729240381227
2025-09-24,0.3293537901813203,0.2575006445612082,0.6956246392853104
2025-09-25,0.3186282203939513,0.2502016481665932,0.6895335436273903
2025-09-26,0.31616444735194377,0.24073888159056855,0.6850303522468477
2025-09-29,0.3159344411336521,0.24267349104666422,0.6866564823736881
2025-09-30,0.317497186064699,0.24281746065954377,0.6887774750680901
2025-10-01,0.3177483474170841,0.2421529774237561,0.6884775710638549
2025-10-02,0.31660831177831833,0.2407853953302535,0.6874487588355481
2025-10-03,0.3154172184893639,0.23741970338413784,0.6863204184926205
2025-10-06,0.3300687322670872,0.2442220937013098,0.697734721901451
2025-10-07,0.331696015968728,0.23372298969739894,0.6972512126552809
2025-10-08,0.3360680765700733,0.2356696024680437,0.7022927339578804
2025-10-09,0.3320208029341055,0.22451581522363298,0.6985292634350325
2025-10-10,0.3624066224299857,0.24072890965296107,0.7324212523198117
2025-10-13,0.3713794997769617,0.248468846393667,0.742094687571663
2025-10-14,0.3774868500619085,0.24673398579097822,0.7458619606939682
2025-10-15,0.3781270289360527,0.2455032083129685,0.7480295070387358
2025-10-16,0.3854748697562966,0.24037580226976143,0.745060284058066
2025-10-17,0.3862503552187911,0.2424914800242589,0.7467364171966995
2025-10-20,0.38577335365358145,0.24368563439976387,0.7476514234811267
2025-10-21,0.3886681787582417,0.23723603091799422,0.7426473351758744
2025-10-22,0.3886811915166137,0.23722931205397685,0.7427137288603297
2025-10-23,0.3847273593263029,0.24295631104524676,0.7467010194390523
2025-10-24,0.38387208473178835,0.24544283961441118,0.7494247283045437
2025-10-27,0.38773710397120864,0.2465275291866079,0.7510580204892001
2025-10-28,0.3850037834402909,0.19100430168477686,0.709827043250267
2025-10-29,0.3960891140774364,0.19175132817040286,0.7209959649278468
2025-10-30,0.4045594715650761,0.2088579288671341,0.7346469811667823
2025-10-31,0.40233168196097174,0.2079518128626948,0.7379004330640826
2025-11-03,0.40837694245392425,0.20638038096592862,0.7409177850046239
2025-11-04,0.40060742377034103,0.21013769574583818,0.7401811113174848
2025-11-05,0.400551368024153,0.2071367576939103,0.7380822848040013
2025-11-06,0.40284813769117644,0.2027262578206197,0.7355309048014513
2025-11-07,0.4054830258920884,0.20477177191328988,0.7375405135117278
2025-11-10,0.4059153348360134,0.20478285748892985,0.7378658378297451
2025-11-11,0.407459039688708,0.20391145466671048,0.7373499528240548
2025-11-12,0.40985750232296114,0.20844605630793603,0.7391057159360371
2025-11-13,0.41328891369660664,0.22039602658996246,0.7483644202462973
2025-11-14,0.40694986680964534,0.22348260167800965,0.7505097667951924
2025-11-17,0.40928337347384935,0.22560579236907932,0.7523098910192434
2025-11-18,0.4186049865903926,0.2151361657145847,0.7439382379172188
2025-11-19,0.4221829646371114,0.2188139014093048,0.752523658965201
2025-11-20,0.42212363808471853,0.21894757080369723,0.7523288317532689
2025-11-21,0.4273358741675189,0.21995302064846706,0.7562451172564042
2025-11-24,0.4276844893966216,0.2202654230228804,0.7564770907637647
2025-11-25,0.4266842487046984,0.22295471991199872,0.7561023998760239
2025-11-26,0.4242694321406039,0.22231877815666778,0.7593351956800379
2025-11-27,0.42998474656491575,0.22252241477698992,0.7609461705782299
2025-11-28,0.4280950780197239,0.22242424220085694,0.7604841125439482
2025-12-01,0.42712564700573025,0.2222294604591248,0.7588498273316008
2025-12-02,0.4268481726018038,0.21920323435624386,0.7540446913867321
2025-12-03,0.41764350329879746,0.21832592111827986,0.7532554788171913
2025-12-04,0.4186531182220189,0.21776550088578042,0.7544814504866372
2025-12-05,0.41935389107006354,0.21696997359525236,0.7533905622968102
2025-12-08,0.42015814403630375,0.21515996278043428,0.753872392462567
2025-12-09,0.4432043529498519,0.22143964978569192,0.7736670639021002
2025-12-10,0.4491590384069411,0.20958492629207967,0.7718418697269501
2025-12-11,0.4608017368750681,0.20251076288812286,0.7692716741725796
2025-12-12,0.45787905864547046,0.20670718099457736,0.7781596416064429
2025-12-15,0.457550215218906,0.20536862932115912,0.7759562096395355
2025-12-16,0.45728795891044066,0.20564751552286162,0.7763354884424114
2025-12-17,0.45629873318679176,0.20228732430151156,0.7745089213674551
2025-12-18,0.4565811579737128,0.20428350200455475,0.7768065286199956
2025-12-19,0.46173244182970463,0.20488962796866048,0.7783947540018993
2025-12-22,0.4578234217317038,0.1978155999888501,0.7731272551945375
2025-12-23,0.4573221923614287,0.20169622412017407,0.7737004392611695
2025-12-24,0.4715320964067283,0.20524688380598818,0.7804693457078872
2025-12-26,0.4710083811425326,0.20840477855456901,0.7800856164785013
2025-12-29,0.48212463650302817,0.20483465813859889,0.7790013868749239
2025-12-30,0.4841832260401888,0.20461248034002028,0.7810906376527369
2025-12-31,0.4966023466459842,0.20772389908504016,0.7864745968996456
2026-01-02,0.49322953964955596,0.21447682826477557,0.7893866409317964
2026-01-05,0.494058910327853,0.21518287062328237,0.7922292063951063
2026-01-06,0.49776624008435194,0.2118243006428796,0.7931234341792176
2026-01-07,0.4942738644305305,0.2118522353900069,0.7925800952590849
2026-01-08,0.4963243770696102,0.21776441803468172,0.7907930644130536
2026-01-09,0.4956882018328093,0.2193578250948227,0.7918360096570937
2026-01-12,0.5034840241222188,0.2099095874451832,0.8010540267302005
2026-01-13,0.5043713600639518,0.21382838264638454,0.8034900173565758
2026-01-14,0.5051598523523183,0.21590657410827807,0.8044665100149105
2026-01-15,0.5193934066397299,0.20995767597596365,0.8021491882730004
2026-01-16,0.5170169676360801,0.20933706586064998,0.8006517611784186
2026-01-19,0.5202825387391768,0.20291197578288492,0.7964273359644238
2026-01-20,0.5246599533071751,0.20951476867800933,0.799080706729746
2026-01-21,0.5261885358397954,0.20962605658502995,0.8006554968457091
2026-01-22,0.5163185786488621,0.20091808798148839,0.7985187590983
2026-01-23,0.5220307477535797,0.22649223656058087,0.8189130270030259
2026-01-26,0.5315733997611133,0.21675015427464767,0.817377357036621
2026-01-27,0.5284173829514223,0.1909003172657154,0.8118354505684376
2026-01-28,0.5396826666115881,0.18416866505668325,0.8093756464857758
2026-01-29,0.5394269146756954,0.18199128508069237,0.8102289605724188
2026-01-30,0.5372281596433387,0.161050909005859,0.8019772270890555
2026-02-02,0.5478368213095263,0.18311648321186422,0.8151127168990319
2026-02-03,0.54511554953863,0.18232059983034732,0.8143945414993086
2026-02-04,0.5427747324898698,0.17103405010598058,0.8020976403184229
2026-02-05,0.5326984325359311,0.159831607774387,0.7959944127318381
2026-02-06,0.5246156472864593,0.1551998444928828,0.7903187032182583
2026-02-09,0.5271558938104015,0.15189088068579576,0.7841098535787298
2026-02-10,0.5276771469465257,0.15295069484918924,0.7863246042824951
2026-02-11,0.5246827328516461,0.14465518815276066,0.7849571983924973
2026-02-12,0.52807083019589,0.1432753824007502,0.7865010779713495
2026-02-13,0.5279266200836933,0.14399472315964607,0.7869499786153364
2026-02-16,0.5243717492593124,0.14308582022705257,0.7845569678798919
2026-02-17,0.5225030137596117,0.1445906711519431,0.7835508097291778
2026-02-18,0.5422154743567383,0.11656912022726941,0.7743314175620106
2026-02-19,0.5426191183455034,0.11553388894037914,0.7764032085755496
2026-02-20,0.5209038517518368,0.12251988257129175,0.7659107279125921
2026-02-23,0.5433105182248364,0.10914964555228024,0.7601406568287353
2026-02-24,0.5923874314291933,0.10112242957503464,0.7771700109071076
2026-02-25,0.5839364938305338,0.10416613893607965,0.7761612202243432
2026-02-26,0.5789834029901275,0.1001727851421504,0.772240516060445
2026-02-27,0.5801280694023839,0.09798633404051287,0.7726963866633086
2026-03-02,0.6191606353383257,0.09434743919450292,0.7854340851835981
2026-03-03,0.6027445162243563,0.05953723152202724,0.759043616679615
2026-03-04,0.6066511511280371,0.0543787691318991,0.7560804563838033
2026-03-05,0.6017098435048693,0.059333381984905884,0.7597596381814773
2026-03-06,0.6092305135142481,0.05646884703001504,0.7628528836524199
2026-03-09,0.6072713030110082,0.061299998780252454,0.7631859578079094
2026-03-10,0.6005438065835518,0.07583537370045226,0.7651258845124282
2026-03-11,0.6130641165572496,0.06822515787064289,0.7597488603824909
2026-03-12,0.6129748994719177,0.056745999010224465,0.7532622158267825
2026-03-13,0.5990243588770089,0.0582977979443918,0.7506117065158949
2026-03-16,0.5886138275514933,0.04297170199124261,0.7422542499538606
2026-03-17,0.5911531430291252,0.03986218377207987,0.7420596619690685
2026-03-18,0.5981140839058012,0.03147254842550536,0.7416495841572266
2026-03-19,0.5839874274838669,0.02066982526249879,0.7498060695969152
2026-03-20,0.5772434032019778,0.011704807842620586,0.7452507063276995
2026-03-23,0.590460511983977,0.007463298828446151,0.7429792103465853
2026-03-24,0.5921310672269311,0.00709777634480909,0.7487770918031635
2026-03-25,0.515760440093541,0.011889300814874127,0.7301510821569226
2026-03-26,0.6347200190375714,0.0563572155988833,0.7657021053719304
2026-03-27,0.6460964963800723,0.06367915161569218,0.7706168875252625
2026-03-30,0.6292331719545213,0.06656887936129595,0.7633730319563488
2026-03-31,0.630098882995636,0.05838104563321712,0.7617084019815087
2026-04-01,0.49749158138516597,-0.035693936534003566,0.6676790998993964
2026-04-02,0.5108280704661544,-0.0586437929562513,0.6679863883054076
2026-04-03,0.5288421894489864,-0.05478329786016655,0.671847269544402
2026-04-06,0.5134549825250255,-0.0490095424522416,0.6735919969763865
2026-04-07,0.48589614287390304,-0.044105152003004,0.6669128518394684
2026-04-08,0.4878995536414106,-0.033981055967088274,0.6602459060029368
2026-04-09,0.4787389958131116,-0.0299960867991388,0.6582425622689312
2026-04-10,0.4791519746817928,-0.05278627405791832,0.6384490739063045
2026-04-13,0.4706262886057252,-0.06402999507350889,0.6322700713540201
2026-04-14,0.44711072374584715,-0.05074332427836775,0.6269239159624392
2026-04-15,0.4541740105734035,-0.051002790614046105,0.6281380994323346
2026-04-16,0.4532070712708428,-0.052007261139042554,0.6274612000273673
2026-04-17,0.44922753705027757,-0.0451581094567736,0.6212927853698933
2026-04-20,0.4503789497306151,-0.04151208352718399,0.6200206925916766
2026-04-21,0.4509897169444072,-0.03460796279958461,0.6213785888319335
2026-04-22,0.456627299338258,-0.03406884597620278,0.6317045560620624
2026-04-23,0.4541719786736715,-0.03966432641802207,0.6280642504798452
2026-04-24,0.45202460038907377,-0.0431795326275452,0.6256910615400505
2026-04-27,0.4547801535352306,-0.042994561526828776,0.6285168483857395
2026-04-28,0.4582236894750034,-0.043174882564416955,0.6297596932893375
2026-04-29,0.4565358290360536,-0.06854277314375928,0.6030285066761764
2026-04-30,0.47793609724653585,-0.04398162248595502,0.6370262013050298
2026-05-01,0.47412786574688076,-0.04786270827433968,0.65846159251557
2026-05-04,0.48767048756984865,-0.04295761334576212,0.6754648529791708
2026-05-05,0.4890094904010214,-0.04177382813477745,0.6765323863379379
2026-05-06,0.4949123713293212,-0.035632189181308865,0.6778807314474752
2026-05-07,0.4944566259999549,-0.03705478692700092,0.678834293656094
2026-05-08,0.4971893825245083,-0.042770338519709336,0.6845796045080045
2026-05-11,0.49571275234785783,-0.04238847016408091,0.6855888160636427
2026-05-12,0.49845136195002765,-0.05499426406921536,0.673871569521032
2026-05-13,0.5024616938556304,-0.061751103667715856,0.6725263810097304
2026-05-14,0.5002452067206428,-0.06223533454394875,0.6771320659553434
2026-05-15,0.4889684524331774,-0.05805179852234265,0.6760133803104283
2026-05-18,0.4866181049514699,-0.06411288319108986,0.6719118679465097
2026-05-19,0.4885658326826139,-0.05364944533146696,0.6807737495282067
2026-05-20,0.4862833951808024,-0.049771370630172396,0.6904278116658344
2026-05-21,0.4869907474499966,-0.044624534966400606,0.6949286365966031
2026-05-22,0.4950778018184721,-0.03407526329015411,0.7093013775728044
2026-05-25,0.49743815557873106,-0.03197350406280782,0.7114993567513114
2026-05-26,0.4967488804761387,-0.03651058415443134,0.7110798250176652
2026-05-27,0.49671264382735236,-0.03694338825894546,0.7113638341498109
2026-05-28,0.49869032449177164,-0.04455310173357522,0.7098485608977144
2026-05-29,0.5004463529125834,-0.04469550623048727,0.710944418467309
2026-06-01,0.5063754513123,-0.03396292243565943,0.7245620589154169
2026-06-02,0.5063505625962588,-0.023190790280863818,0.7335266473023512
2026-06-03,0.5085407897992228,-0.04243513750408007,0.7218694188429178
2026-06-04,0.5122499217532815,-0.045650776959175,0.7228817864139235
2026-06-05,0.48666797621931734,-0.0188651455873052,0.7369898340934257
2026-06-08,0.5060190426604607,-0.015593861342202262,0.7544026559366055
2026-06-09,0.5049226710628492,-0.015362012825419297,0.7518604061515028
2026-06-10,0.5053942149247213,-0.015037917891759131,0.7525012770143676
2026-06-11,0.5059765835405117,-0.021355182891013444,0.7496590069672067
2026-06-12,0.5050401496769815,-0.016571920529599996,0.7496658309193047
2026-06-15,0.5053897465397739,-0.03049257084621762,0.746564716957711
2026-06-16,0.5055929431398384,-0.03195264432769708,0.7463202313181707
2026-06-17,0.4901589151486966,-0.03380452202023568,0.7502314813526517
2026-06-18,0.47921205728295885,-0.01843658853765954,0.7515052189616641
2026-06-19,0.4775552024359997,-0.022792116523765,0.7567891298193716
2026-06-22,0.4797159458056593,-0.020383093611043398,0.7572322631048743
2026-06-23,0.4625236735481399,-0.01891375004421781,0.7570155667423645
2026-06-24,0.45428916415221354,-0.01995138262792443,0.75493716653992
2026-06-25,0.4549489433277902,-0.02037346694081462,0.7538975043660946
2026-06-26,0.457278056702557,-0.014196469855947597,0.760665778206844
2026-06-29,0.4560046346522066,-0.012953689240810383,0.7609680959670713
2026-06-30,0.45721457384115965,-0.012561212053390797,0.7612602675726166
