,DXY,DX1_raw,DX1_adj
2007-01-01,,,
2007-01-02,-0.004553087185104943,-0.005528860237789424,-0.005528860237789424
2007-01-03,0.007775623840313273,0.008520903640419242,0.008520903640419242
2007-01-04,0.004992284230372235,0.004887653528193425,0.004887653528193425
2007-01-05,0.0035507197915753963,0.003679747757105112,0.003679747757105112
2007-01-08,-0.0008273743158584423,-0.00035551342437578626,-0.00035551342437578626
2007-01-09,0.002126152466429332,0.0017763045703205194,0.0017763045703205194
2007-01-10,0.0037687007272326767,0.003896798932379042,0.003896798932379042
2007-01-11,0.0024655134297413284,0.00282452818123069,0.00282452818123069
2007-01-12,-0.0030534374868897984,-0.003178155815021455,-0.003178155815021455
2007-01-15,-0.0009413980455192927,-0.0009436188480318464,-0.0009436188480318464
2007-01-16,0.0014117649403626586,0.0012972464818226115,0.0012972464818226115
2007-01-17,-0.0014117649403626586,-0.001061258280136812,-0.001061258280136812
2007-01-18,-0.00035325287385301607,-0.0003540031897255602,-0.0003540031897255602
2007-01-19,-0.0005890322370927237,-0.000590283943708414,-0.000590283943708414
2007-01-22,0.002118894259512949,0.0018876834298175993,0.0018876834298175993
2007-01-23,-0.004360386379506309,-0.004252309738530968,-0.004252309738530968
2007-01-24,0.003066040137731818,0.0030729252404615437,0.0030729252404615437
2007-01-25,0.00211714969695187,0.00247510291952846,0.00247510291952846
2007-01-26,0.0014089470453368946,0.0018816893709283633,0.0018816893709283633
2007-01-29,-0.0016439646727404167,-0.001999412603744588,-0.001999412603744588
2007-01-30,-0.0011759173509311438,-0.0009422851109457397,-0.0009422851109457397
2007-01-31,-0.004599335898356927,-0.005080051092770432,-0.005080051092770432
2007-02-01,0.00047270149781120097,0.0003552608243886368,0.0003552608243886368
2007-02-02,0.003773589383639475,0.003899561810114527,0.003899561810114527
2007-02-05,0.0014114328384078334,0.0015320255191433318,0.0015320255191433318
2007-02-06,-0.0036502837117220466,-0.003302668725066127,-0.003302668725066127
2007-02-07,-0.0007080481768548808,-0.0003545051735800442,-0.0003545051735800442
2007-02-08,-0.00023612750995205545,-0.0008276677977647751,-0.0008276677977647751
2007-02-09,0.0022409633722197952,0.0024809511219157088,0.0024809511219157088
2007-02-12,0.0028235312876070395,0.0029455102297566427,0.0029455102297566427
2007-02-13,-0.005064494659826835,-0.004835200174393428,-0.004835200174393428
2007-02-14,-0.0060401675910828345,-0.006285226738952154,-0.006285226738952154
2007-02-15,-0.0015455034878000262,-0.0017860336949926392,-0.0017860336949926392
2007-02-16,0.00011896972234648473,0.0009529482555574731,0.0009529482555574731
2007-02-19,-0.000475963835735449,0.0007141157170886814,0.0007141157170886814
2007-02-20,0.0019024976011889905,0.0003568667140712023,0.0003568667140712023
2007-02-21,0.00047505939135739084,0.000356739405650508,0.000356739405650508
2007-02-22,0.0014238255846317216,0.0013069567594357068,0.0013069567594357068
2007-02-23,-0.0034443884637891387,-0.0027346785962460984,-0.0027346785962460984
2007-02-26,-0.0014287417598879415,-0.001787523564804161,-0.001787523564804161
2007-02-27,-0.0056156429313301,-0.005501748120081196,-0.005501748120081196
2007-02-28,0.0013171288499380651,0.001438159404159478,0.001438159404159478
2007-03-01,0.0023903441523733804,0.00107726385425444,0.00107726385425444
2007-03-02,-0.0003581875747205032,0.00059797884936863,0.00059797884936863
2007-03-05,0.0051218026324875154,0.0056035914139132,0.0056035914139132
2007-03-06,-0.0015456872466854676,-0.0011896265975908094,-0.0011896265975908094
2007-03-07,-0.003098560457910793,-0.0033385031604149518,-0.0033385031604149518
2007-03-08,0.004168906043833687,0.0039334933606305356,0.0039334933606305356
2007-03-09,0.0014253476697483336,0.0017828494649299031,0.0017828494649299031
2007-03-12,-0.004401363198751618,-0.004284190772683161,-0.004284190772683161
2007-03-13,-0.0020287613617542277,-0.0015515906914185251,-0.0015515906914185251
2007-03-14,-0.0008365701115318203,-0.0016736405580299873,-0.0016736405580299873
2007-03-15,0.00011955287240006385,0.0009567089942832396,0.0009567089942832396
2007-03-16,-0.005514279137036837,-0.005153106256048368,-0.005153106256048368
2007-03-19,0.001921460901006533,0.0008166795227158019,0.0008166795227158019
2007-03-20,-0.003364983345822914,-0.005875712235111408,-0.003364983345822914
2007-03-21,-0.0036179489536758425,-0.003871753172968617,-0.003871753172968617
2007-03-22,0.0038586807795857325,0.003871753172968617,0.003871753172968617
2007-03-23,0.0022840666298238332,0.0022917807509896804,0.0022917807509896804
2007-03-26,-0.0024044252988018044,-0.0024125464053845747,-0.0024125464053845747
2007-03-27,-0.0008429165409680195,-0.0009666506310948009,-0.0009666506310948009
2007-03-28,0.0002409058069954284,0.0004834421172237313,0.0004834421172237313
2007-03-29,0.0007223694029505623,0.0006039741682659638,0.0006039741682659638
2007-03-30,-0.0019274792137773389,-0.0018130179620223785,-0.0018130179620223785
2007-04-02,-0.0007237636021617533,-0.00048402711496731143,-0.00048402711496731143
2007-04-03,0.0033730907779858654,0.0035039001595080776,0.0035039001595080776
2007-04-04,-0.0022876417176647124,-0.0024151684243118865,-0.0024151684243118865
2007-04-05,-0.003417114236248686,-0.0031484646982073983,-0.0031484646982073983
2007-04-06,0.003802767924021566,0.0037528038717349332,0.0037528038717349332
2007-04-09,0.0012764165740453137,0.0015092519994865938,0.0015092519994865938
2007-04-10,-0.00475266572940658,-0.004898265168124638,-0.004898265168124638
2007-04-11,-0.00039909297581885994,-0.000485083686446508,-0.000485083686446508
2007-04-12,-0.0036597229407595577,-0.0034021904019549964,-0.0034021904019549964
2007-04-13,-0.0029179706779540737,-0.0028643710354252505,-0.0028643710354252505
2007-04-16,-0.0006820867245362905,-0.0006715711965208371,-0.0006715711965208371
2007-04-17,-0.002952950212948835,-0.0029357819250925843,-0.0029357819250925843
2007-04-18,-0.001075965721811123,-0.0013484525487950094,-0.0013484525487950094
2007-04-19,-0.0012118468680588634,-0.0006135345919187074,-0.0006135345919187074
2007-04-20,-1.2248372497580817e-05,-0.000245519274496786,-0.000245519274496786
2007-04-23,0.0011629260526806462,0.0012269940189693074,0.0012269940189693074
2007-04-24,-0.0023517318107133534,-0.0023325773267188765,-0.0023325773267188765
2007-04-25,-0.0014480839964656766,-0.0013529305304578187,-0.0013529305304578187
2007-04-26,0.003946615572562706,0.003930726102642446,0.003930726102642446
2007-04-27,-0.002707024601534158,-0.0027007136474423987,-0.0027007136474423987
2007-04-30,-0.0010062832186275017,-0.0006148171112814182,-0.0006148171112814182
2007-05-01,0.0018154836256965012,0.0015977389252750385,0.0015977389252750385
2007-05-02,0.0021057536459752058,0.001962949961669125,0.001962949961669125
2007-05-03,0.002223363323976102,0.002815007060543273,0.002815007060543273
2007-05-04,-0.002541390579145819,-0.0024473825235933333,-0.0024473825235933333
2007-05-07,-0.0007955109129147431,-0.0009806325865522325,-0.0009806325865522325
2007-05-08,0.0032148669317217937,0.0033057881344999984,0.0033057881344999984
2007-05-09,0.0009392821891509584,0.0009773977564897507,0.0009773977564897507
2007-05-10,0.003359547430322962,0.00353508017316706,0.00353508017316706
2007-05-11,-0.0021410158536232515,-0.0019488434913510488,-0.0019488434913510488
2007-05-14,-0.0006090801859608419,-0.0006097932989739263,-0.0006097932989739263
2007-05-15,-0.0037968315858503132,-0.003789040773509278,-0.003789040773509278
2007-05-16,0.004978109085922,0.004764531644670278,0.004764531644670278
2007-05-17,0.0018847167257254327,0.002191381446704277,0.002191381446704277
2007-05-18,-0.0014709907524359522,-0.0014603872621066216,-0.0014603872621066216
2007-05-21,0.0020296432001387643,0.001825151081580323,0.001825151081580323
2007-05-22,0.0002670713217698406,0.0006076441822751022,0.0006076441822751022
2007-05-23,-0.0009229125831167195,-0.001094025514820629,-0.001094025514820629
2007-05-24,0.001165642813931278,0.0014584348720267926,0.0014584348720267926
2007-05-25,-0.0009105423211757113,-0.0008504951609200617,-0.0008504951609200617
2007-05-28,1.2146019445324896e-05,0.0,0.0
2007-05-29,-0.00026724651220089157,-0.0003647194739837545,-0.0003647194739837545
2007-05-30,0.0014932351948786504,0.0013366549167939112,0.0013366549167939112
2007-05-31,-0.0016025839019393473,-0.001215066978168089,-0.001215066978168089
2007-06-01,0.0002551283856311315,0.0004862039721409417,0.0004862039721409417
2007-06-04,-0.0032120723565265408,-0.003530346353368685,-0.003530346353368685
2007-06-05,-0.002049431024500059,-0.0017087761999965423,-0.0017087761999965423
2007-06-06,8.547686940119092e-05,-0.0002443494208854702,-0.0002443494208854702
2007-06-07,0.004835840864179097,0.005483471974250698,0.005483471974250698
2007-06-08,0.004812568006019369,0.004849082116453296,0.004849082116453296
2007-06-11,0.0002539252626956312,0.00024183796973975547,0.00024183796973975547
2007-06-12,0.0021617974277168273,0.0021739138996199614,0.0021739138996199614
2007-06-13,0.0017357139466076532,0.0014466548635088117,0.0014466548635088117
2007-06-14,0.0011193828916287174,0.001685123171992764,0.001685123171992764
2007-06-15,-0.003337774744580635,-0.003493768989680568,-0.003493768989680568
2007-06-18,-0.001642849746785302,-0.000917630645637324,-0.000917630645637324
2007-06-19,-0.0020694795566855717,-0.005742199019065808,-0.0020694795566855717
2007-06-20,-0.0003150331416676977,-0.0004860858037138982,-0.0004860858037138982
2007-06-21,0.0025779292820100608,0.0026705526918009426,0.0026705526918009426
2007-06-22,-0.0047859445433022785,-0.0046172621519424695,-0.0046172621519424695
2007-06-25,-0.00013360783690608002,0.0,0.0
2007-06-26,-0.0003644757663963105,-0.0007309941845976553,-0.0007309941845976553
2007-06-27,0.00025514698427109295,0.00012186947794035063,0.00012186947794035063
2007-06-28,0.00020649988837373456,0.00048732944434259906,0.00048732944434259906
2007-06-29,-0.005028838077478781,-0.005006421104605252,-0.005006421104605252
2007-07-02,-0.0064293152307239865,-0.006385874580693063,-0.006385874580693063
2007-07-03,0.0011173802895125817,0.0003695263945475702,0.0003695263945475702
2007-07-04,-0.0006506300906545803,0.00036938989523083166,0.00036938989523083166
2007-07-05,0.0012885729918661326,0.000984373156883045,0.000984373156883045
2007-07-06,-0.0008956890962794617,-0.0006151196601651421,-0.0006151196601651421
2007-07-09,-0.0003928838955866709,-0.0006154982652617491,-0.0006154982652617491
2007-07-10,-0.007061332046706781,-0.006919587723101195,-0.006919587723101195
2007-07-11,-0.0016090108057005281,-0.0015511093539553045,-0.0015511093539553045
2007-07-12,-0.0011774549744449914,-0.0009318217788703009,-0.0009318217788703009
2007-07-13,-0.0007319600105972768,-0.0007460830985230871,-0.0007460830985230871
2007-07-16,-0.0006703994093344434,-0.0006221614087333904,-0.0006221614087333904
2007-07-17,0.00022351641076046036,0.00037334329349114626,0.00037334329349114626
2007-07-18,-0.0014413163201885126,-0.001494210214501912,-0.001494210214501912
2007-07-19,-6.217242903527875e-05,0.0002491901333607771,0.0002491901333607771
2007-07-20,-0.0016302964900720696,-0.001496073087923655,-0.001496073087923655
2007-07-23,0.0008217029632788808,0.0008729812863448316,0.0008729812863448316
2007-07-24,-0.00345320137952676,-0.0036216087039795397,-0.0036216087039795397
2007-07-25,0.007154931008065191,0.007354349133663618,0.007354349133663618
2007-07-26,-0.0024704397903141384,-0.0027359798188753004,-0.0027359798188753004
2007-07-27,0.006109102699220159,0.0063310992926401966,0.0063310992926401966
2007-07-30,-0.0011990483219079806,-0.0011143442000021153,-0.0011143442000021153
2007-07-31,-0.0009776079086227796,-0.0007435866001319624,-0.0007435866001319624
2007-08-01,0.0012620483975513963,0.0011151726575437948,0.0011151726575437948
2007-08-02,-0.0019680050910393376,-0.0017972797748040392,-0.0017972797748040392
2007-08-03,-0.006662962060762112,-0.0067843287635342975,-0.0067843287635342975
2007-08-06,0.0009723746652268161,0.0009987516435714383,0.0009987516435714383
2007-08-07,0.002787215461735215,0.0028658670166281652,0.0028658670166281652
2007-08-08,-0.0016913112934719976,-0.0018057852287061138,-0.0018057852287061138
2007-08-09,0.004978686403113386,0.005407602449301052,0.005407602449301052
2007-08-10,-0.0008053375728742651,-0.0008061765963276457,-0.0008061765963276457
2007-08-13,0.0045632533876922565,0.004642102849128804,0.004642102849128804
2007-08-14,0.005426470061109079,0.005665039781017178,0.005665039781017178
2007-08-15,0.004078114291266921,0.004044370976354017,0.004044370976354017
2007-08-16,-0.0011372600598411609,-0.0004893565059731486,-0.0004893565059731486
2007-08-17,-0.0037142637166223125,-0.004415018209116717,-0.004415018209116717
2007-08-20,-0.00031935931879356616,0.0002457908332393899,0.0002457908332393899
2007-08-21,0.0011295829111599431,0.0011053117490069653,0.0011053117490069653
2007-08-22,-0.0029863424778557857,-0.0030733320643987483,-0.0030733320643987483
2007-08-23,-0.0012808356739535398,-0.001355264175898263,-0.001355264175898263
2007-08-24,-0.005908108056401851,-0.006183546786743932,-0.006183546786743932
2007-08-27,0.0008921602019222874,0.001239772040770859,0.001239772040770859
2007-08-28,0.00021053283461114347,0.00012389270907320338,0.00012389270907320338
2007-08-29,-0.0006936874720739894,-0.000991571722295248,-0.000991571722295248
2007-08-30,0.0011641300681848321,0.001486989121578297,0.001486989121578297
2007-08-31,-3.7132159548924903e-05,-0.00018575276360621729,-0.00018575276360621729
2007-09-03,0.0002846446601934005,0.00024766268469100794,0.00024766268469100794
2007-09-04,0.000816356867483492,0.0010518826573937545,0.0010518826573937545
2007-09-05,-0.0031950095908879206,-0.00346921423401092,-0.00346921423401092
2007-09-06,-0.0018622672892911751,-0.0014904983507122438,-0.0014904983507122438
2007-09-07,-0.006395294531167828,-0.006734872052020613,-0.006734872052020613
2007-09-10,-0.001790017689662804,-0.001252191498454458,-0.001252191498454458
2007-09-11,-0.0014042128686515554,-0.002006773531859629,-0.002006773531859629
2007-09-12,-0.004262307718350122,-0.003899621269873421,-0.003899621269873421
2007-09-13,0.0018630652803937053,0.0017630025974320063,0.0017630025974320063
2007-09-14,0.001307107582571021,0.0020110615123796194,0.0020110615123796194
2007-09-17,0.0012928574574244678,0.00015066670043317743,0.0012928574574244678
2007-09-18,-0.006430566616699274,-0.007460088027889,-0.007460088027889
2007-09-19,0.0011481999129081544,0.0016429703537808038,0.0016429703537808038
2007-09-20,-0.009095463065482257,-0.009006212965212868,-0.009006212965212868
2007-09-21,0.00019086519249444933,0.0,0.0
2007-09-24,-0.0008910160717787718,-0.0007648183929225283,-0.0007648183929225283
2007-09-25,-0.0027288973833554664,-0.0028732899760068875,-0.0028732899760068875
2007-09-26,0.0022958315251031536,0.0026182204681841625,0.0026182204681841625
2007-09-27,-0.0019766506681380136,-0.0019789977412276727,-0.0019789977412276727
2007-09-28,-0.007933040444161321,-0.007826573182001972,-0.007826573182001972
2007-10-01,0.002377541714860598,0.002251601195705888,0.002251601195705888
2007-10-02,0.0051086169986884755,0.004999689922426498,0.004999689922426498
2007-10-03,0.0034422125321720287,0.0033192932301409073,0.0033192932301409073
2007-10-04,-0.0011715716953801802,-0.001020148009921229,-0.001020148009921229
2007-10-05,-0.0022067883615290995,-0.0018516750174644159,-0.0018516750174644159
2007-10-08,0.004637541755287522,0.0040182469476093274,0.0040182469476093274
2007-10-09,-0.0018575305281256504,-0.001783894458799118,-0.001783894458799118
2007-10-10,-0.001924781188373359,-0.0019148534605646361,-0.0019148534605646361
2007-10-11,-0.0037966719304094454,-0.0033277900926744763,-0.0033277900926744763
2007-10-12,0.0018681788136145627,0.0015372793188861422,0.0015372793188861422
2007-10-15,-0.0017401099636256134,-0.0012168178516347439,-0.0012168178516347439
2007-10-16,0.0020852130186561624,0.0021124739795794767,0.0021124739795794767
2007-10-17,-0.0016755028828425722,-0.001920246381511781,-0.001920246381511781
2007-10-18,-0.006807553102619934,-0.006814555461490457,-0.006814555461490457
2007-10-19,-0.002361337123075735,-0.0018078517320567755,-0.0018078517320567755
2007-10-22,0.008400545969687201,0.008430179595479537,0.008430179595479537
2007-10-23,-0.006052097188462113,-0.006428823170330666,-0.006428823170330666
2007-10-24,-0.0005543558977816332,6.449324435564563e-05,6.449324435564563e-05
2007-10-25,-0.0034619990140383194,-0.0038769756496952468,-0.0038769756496952468
2007-10-26,-0.003253299910969787,-0.003242334725572782,-0.003242334725572782
2007-10-29,-0.002469714768565723,-0.0024712245131475186,-0.0024712245131475186
2007-10-30,-0.0008332791316085775,-0.0007816571528787009,-0.0007816571528787009
2007-10-31,-0.00383682249718742,-0.0035250379213067617,-0.0035250379213067617
2007-11-01,0.001502551353091519,0.0013070188764316981,0.0013070188764316981
2007-11-02,-0.003360996029959651,-0.003401808854287758,-0.003401808854287758
2007-11-05,0.0011521191099106431,0.0011788592628576566,0.0011788592628576566
2007-11-06,-0.0050503501566696585,-0.005513272038138339,-0.005513272038138339
2007-11-07,-0.00829310407589201,-0.007398633300574886,-0.007398633300574886
2007-11-08,0.0005832913705692278,0.0005965598559587448,0.0005965598559587448
2007-11-09,-0.0007424299009954893,-0.000861811846903926,-0.000861811846903926
2007-11-12,0.0066357595016395265,0.006939653110540789,0.006939653110540789
2007-11-13,-0.0002767108323595835,-0.00019760893256659529,-0.00019760893256659529
2007-11-14,-0.0008833515192554486,-0.00013176098576295203,-0.00013176098576295203
2007-11-15,0.0033578509720930683,0.0023690455933884635,0.0023690455933884635
2007-11-16,-0.00318639338434501,-0.0030281110624432728,-0.0030281110624432728
2007-11-19,-0.0006200241612281943,-0.0005275652984408907,-0.0005275652984408907
2007-11-20,-0.0076166874832779285,-0.007814091810014467,-0.007814091810014467
2007-11-21,-0.001756744619274997,-0.0015968067265186292,-0.0015968067265186292
2007-11-22,-0.00029309104683417075,-0.0004662159996531301,-0.0004662159996531301
2007-11-23,2.664819058928458e-05,0.00019983347277108265,0.00019983347277108265
2007-11-26,-0.0025881865133650095,-0.001199600277145052,-0.001199600277145052
2007-11-27,0.00316095091639923,0.004723422945486,0.004723422945486
2007-11-28,-0.0002663612406879068,-0.0024587180542683384,-0.0024587180542683384
2007-11-29,0.006796606633789004,0.006234682263803748,0.006234682263803748
2007-11-30,0.007368142208250994,0.007246885921909474,0.007246885921909474
2007-12-03,-0.00278797145380949,-0.0031558211595541508,-0.0031558211595541508
2007-12-04,-0.0031788141178701323,-0.0027035063118416858,-0.0027035063118416858
2007-12-05,0.009453941701101698,0.009724762886786031,0.009724762886786031
2007-12-06,-0.00039268044170626126,-0.0005886777813328692,-0.0005886777813328692
2007-12-07,-0.0012445063209289842,-0.0010473947016702567,-0.0010473947016702567
2007-12-10,-0.0029668548181858156,-0.003148782449443388,-0.003148782449443388
2007-12-11,0.0021013377488765528,0.0021002895617776574,0.0021002895617776574
2007-12-12,-0.0010238505547661703,-0.0013121639463076207,-0.0013121639463076207
2007-12-13,0.00547458572672177,0.00556484463340734,0.00556484463340734
2007-12-14,0.011350918636226837,0.010585545479163905,0.010585545479163905
2007-12-17,-0.00045208833284249295,0.000839440852574036,-0.00045208833284249295
2007-12-18,0.00014210692924443435,-0.00038734668011741746,-0.00038734668011741746
2007-12-19,0.0022580800438625204,0.0023862511726218116,0.0023862511726218116
2007-12-20,0.0026644200057921452,0.00295877233924724,0.00295877233924724
2007-12-21,-0.0009388162603176653,-0.0014139728559303677,-0.0014139728559303677
2007-12-24,-0.001918953793447642,-0.002318095049625768,-0.002318095049625768
2007-12-25,0.00032222931405456734,0.0,0.0
2007-12-26,-0.005777187838878817,-0.004911474264978288,-0.004911474264978288
2007-12-27,-0.007063122425860158,-0.007543279362927535,-0.007543279362927535
2007-12-28,-0.0050908011139316756,-0.004776401922674367,-0.004776401922674367
2007-12-31,0.006238861930693673,0.00608103354933931,0.00608103354933931
2008-01-01,-0.0006130048515000652,0.0,0.0
2008-01-02,-0.008858660998582124,-0.009036797795261009,-0.009036797795261009
2008-01-03,-0.0010931049876479193,-0.0007896815361672083,-0.0007896815361672083
2008-01-04,-0.0012658062633414957,-0.0017131189535932734,-0.0017131189535932734
2008-01-07,0.005014257020046209,0.004999352604412088,0.004999352604412088
2008-01-08,-0.0008273960481206544,-0.0010504202646517413,-0.0010504202646517413
2008-01-09,0.004038555282519951,0.004456685840318109,0.004456685840318109
2008-01-10,-0.006366814415759592,-0.006034387981936007,-0.006034387981936007
2008-01-11,0.000579282758839561,0.0005261773338975928,0.0005261773338975928
2008-01-14,-0.004815598622107231,-0.006067819698885479,-0.006067819698885479
2008-01-15,-0.0005159173852913312,0.0010579212835395424,0.0010579212835395424
2008-01-16,0.009010019327668317,0.009209379652664218,0.009209379652664218
2008-01-17,-0.0011021308977490207,-0.0007860605671359266,-0.0007860605671359266
2008-01-18,0.0027399612047123156,0.002617802542078884,0.002617802542078884
2008-01-21,0.006303487778592576,0.006254907023110157,0.006254907023110157
2008-01-22,-0.006788006117923295,-0.0057321678580439794,-0.0057321678580439794
2008-01-23,0.0007201451076213061,0.0004571727212825394,0.0004571727212825394
2008-01-24,-0.009323310550246156,-0.009249303368854989,-0.009249303368854989
2008-01-25,0.00370553946572727,0.0032240051612335563,0.0032240051612335563
2008-01-28,-0.005199547187213938,-0.005467194067813708,-0.005467194067813708
2008-01-29,-0.00044996162851251853,-0.0004624583044137154,-0.0004624583044137154
2008-01-30,-0.006813815985166727,-0.006962661993166641,-0.006962661993166641
2008-01-31,0.001943945755634502,0.0019278716291832865,0.0019278716291832865
2008-02-01,0.0035452790033421167,0.003712301247077221,0.003712301247077221
2008-02-04,-0.0009945961102353351,-0.0012579867253066368,-0.0012579867253066368
2008-02-05,0.009849174584381615,0.010741100268388593,0.010741100268388593
2008-02-06,0.0003283921294219283,0.00019661172524543247,0.00019661172524543247
2008-02-07,0.010413018135851715,0.01068971201187896,0.01068971201187896
2008-02-08,-0.003489405134231127,-0.003897627384531255,-0.003897627384531255
2008-02-11,-0.0011223199267504924,-0.0011070952907008547,-0.0011070952907008547
2008-02-12,-0.003518666276967508,-0.00476797872676471,-0.00476797872676471
2008-02-13,0.0011000957144924328,0.002092871921536954,0.002092871921536954
2008-02-14,-0.0031988700141099002,-0.0037965614758839195,-0.0037965614758839195
2008-02-15,-0.0007093316816968454,-0.00039357166791997855,-0.00039357166791997855
2008-02-18,0.002047809166775494,0.0022281941193442734,0.0022281941193442734
2008-02-19,-0.0034021904019549964,-0.004001186014336078,-0.004001186014336078
2008-02-20,0.0015514682891693,0.0019041996626798507,0.0019041996626798507
2008-02-21,-0.006788981828528051,-0.00750645521134885,-0.00750645521134885
2008-02-22,-0.00107198877398762,-0.0009918995688433796,-0.0009918995688433796
2008-02-25,0.00011916662818922674,0.00013231013514936052,0.00013231013514936052
2008-02-26,-0.010193578272279957,-0.010573664597095522,-0.010573664597095522
2008-02-27,-0.007383773209590494,-0.007044408722079787,-0.007044408722079787
2008-02-28,-0.006651639434007706,-0.0066198566524926505,-0.0066198566524926505
2008-02-29,-9.49570998098892e-05,-0.000474528023005405,-0.000474528023005405
2008-03-03,-0.00013566864311531646,-6.780810309425789e-05,-6.780810309425789e-05
2008-03-04,-0.0005428587072131563,-0.0005426304141824545,-0.0005426304141824545
2008-03-05,-0.002514561990443198,-0.002785611747941452,-0.002785611747941452
2008-03-06,-0.0065265114242718525,-0.006142106254066526,-0.006142106254066526
2008-03-07,0.00035609609492404104,6.845329776439257e-05,6.845329776439257e-05
2008-03-10,-0.00046568963997373203,-0.0003423133569873116,-0.0003423133569873116
2008-03-11,0.0038832345235748633,0.0036907977102682565,0.0036907977102682565
2008-03-12,-0.011985234178920834,-0.01180359573052403,-0.01180359573052403
2008-03-13,-0.0045959271351678765,-0.004843964907152554,-0.004843964907152554
2008-03-14,-0.005774772708143416,-0.005634601530648986,-0.005634601530648986
2008-03-17,-0.0027669879863552183,-0.005189584941017067,-0.005189584941017067
2008-03-18,0.0015661053330306984,0.01026909347933902,0.0015661053330306984
2008-03-19,0.00797415769105747,0.008018845678434694,0.008018845678434694
2008-03-20,0.008323546409198634,0.008364807086788772,0.008364807086788772
2008-03-21,-0.0005224947869395535,0.0,0.0
2008-03-24,0.003295393554660464,0.002727398390540259,0.002727398390540259
2008-03-25,-0.009268443006063443,-0.010128747966974494,-0.010128747966974494
2008-03-26,-0.010710761586463668,-0.011205761581186025,-0.011205761581186025
2008-03-27,0.0021513496136869037,0.002223458392396793,0.002223458392396793
2008-03-28,0.0002511546148911137,0.0009018697062783687,0.0009018697062783687
2008-03-31,0.001728464327735324,0.0008317738054932633,0.0008317738054932633
2008-04-01,0.010542819226477818,0.01102471030018215,0.01102471030018215
2008-04-02,-0.004198263337205965,-0.005772815152059962,-0.005772815152059962
2008-04-03,-0.0005814114618774013,-0.0008274150647880063,-0.0008274150647880063
2008-04-04,-0.0027177320905602542,-0.001725983375766127,-0.001725983375766127
2008-04-07,0.002510003189875931,0.0019329013335340761,0.0019329013335340761
2008-04-08,0.0004154146590336083,0.00041370751469216316,0.00041370751469216316
2008-04-09,-0.005539180511481057,-0.005668871040204415,-0.005668871040204415
2008-04-10,0.003945819638455639,0.004151106002378668,0.004151106002378668
2008-04-11,-0.0042939096719756265,-0.004914014802428923,-0.004914014802428923
2008-04-14,0.0009326086573375747,0.0009015569805148616,0.0009015569805148616
2008-04-15,0.00205701333147168,0.0022157604966244193,0.0022157604966244193
2008-04-16,-0.008575604562071959,-0.00896243884363912,-0.00896243884363912
2008-04-17,0.003801860779760524,0.0039005412690453767,0.0039005412690453767
2008-04-18,0.004621003128701062,0.004577619312682302,0.004577619312682302
2008-04-21,-0.005081488600149342,-0.005203466834935888,-0.005203466834935888
2008-04-22,-0.004448306350250064,-0.0047413280844867955,-0.0047413280844867955
2008-04-23,0.006846088157890229,0.007103588614659984,0.007103588614659984
2008-04-24,0.009920138987999039,0.010012167186155274,0.010012167186155274
2008-04-25,0.0035093791393006057,0.0034978260003315498,0.0034978260003315498
2008-04-28,-0.003936850377685985,-0.0031543604293782224,-0.0031543604293782224
2008-04-29,0.0053783168043048946,0.00418080866676096,0.00418080866676096
2008-04-30,-0.005309357469596598,-0.00528031400017781,-0.00528031400017781
2008-05-01,0.010508794509767938,0.010396810477701912,0.010396810477701912
2008-05-02,0.0030659196218341123,0.002853844431982999,0.002853844431982999
2008-05-05,-0.004226606605654659,-0.004283826630647525,-0.004283826630647525
2008-05-06,-0.002613057188709078,-0.002729445570310851,-0.002729445570310851
2008-05-07,0.007030121846553605,0.007013272200958376,0.007013272200958376
2008-05-08,-0.0005034321935548647,-0.0003393166195904129,-0.0003393166195904129
2008-05-09,-0.005828293880717261,-0.005990895445521005,-0.005990895445521005
2008-05-12,-0.001410988131104851,-0.0014349655679017914,-0.0014349655679017914
2008-05-13,0.004459041720094703,0.004298734059930531,0.004298734059930531
2008-05-14,0.0017181197637627932,0.0017687079440849018,0.0017687079440849018
2008-05-15,-0.0006678069604699743,-0.0010200266091304755,-0.0010200266091304755
2008-05-16,-0.006922336355417613,-0.007237996774703603,-0.007237996774703603
2008-05-19,0.0027555213509042886,0.0029424868118734793,0.0029424868118734793
2008-05-20,-0.008800331803911376,-0.008991446691299032,-0.008991446691299032
2008-05-21,-0.0064707208447742914,-0.006085772586568616,-0.006085772586568616
2008-05-22,-0.0005422805113521889,0.004429686091588891,0.004429686091588891
2008-05-23,-0.00015300409663598913,-0.005956933871957837,-0.005956933871957837
2008-05-26,0.0014178681534078308,0.002082032815403423,0.002082032815403423
2008-05-27,0.0048223584390942875,0.004151106002378668,0.004151106002378668
2008-05-28,0.0028850487623666154,0.002826710834580304,0.002826710834580304
2008-05-29,0.006539832335214157,0.006587548697325474,0.006587548697325474
2008-05-30,-0.0019739283458308776,-0.0021224889006061787,-0.0021224889006061787
2008-06-02,0.0006858334516612885,0.0005481704947456478,0.0005481704947456478
2008-06-03,0.004255354682592305,0.004238163429064912,0.004238163429064912
2008-06-04,0.00250913784616813,0.0027928222233244426,0.0027928222233244426
2008-06-05,-0.0052710039969632305,-0.005867120118620228,-0.005867120118620228
2008-06-06,-0.008911685350464715,-0.008865732790074965,-0.008865732790074965
2008-06-09,0.00638927017266866,0.006125066463422257,0.006125066463422257
2008-06-10,0.011491085160556302,0.011799748135341126,0.011799748135341126
2008-06-11,-0.00663015940916889,-0.006871944035727218,-0.006871944035727218
2008-06-12,0.008839505975576145,0.008768706560768003,0.008768706560768003
2008-06-13,0.0038782522175155876,0.003917600417428169,0.003917600417428169
2008-06-16,-0.007255236351582539,-0.006560505083240464,-0.006560505083240464
2008-06-17,-0.0013050217996344315,0.0032518150733142903,-0.0013050217996344315
2008-06-18,-0.0010071179587454182,-0.001150475543943763,-0.001150475543943763
2008-06-19,0.0005853406373095282,0.0004062013460490732,0.0004062013460490732
2008-06-20,-0.006183771317526343,-0.006655372613510124,-0.006655372613510124
2008-06-23,0.00551672799623848,0.005910544058915335,0.005910544058915335
2008-06-24,-0.002631670174032763,-0.0029169372512205527,-0.0029169372512205527
2008-06-25,-0.004214161968864261,-0.0042208517970721005,-0.0042208517970721005
2008-06-26,-0.006133976047579814,-0.006845590807592394,-0.006845590807592394
2008-06-27,-0.001753574910685174,-0.0016499385016217616,-0.0016499385016217616
2008-06-30,0.0014224262357025452,0.0017873105740955353,0.0017873105740955353
2008-07-01,-0.001298055860566194,-0.0017873105740955353,-0.0017873105740955353
2008-07-02,-0.00470921520159262,-0.004620538546991071,-0.004620538546991071
2008-07-03,0.009850118668560448,0.010178204915756162,0.010178204915756162
2008-07-04,-0.000151230812878822,-0.0011638655337691262,-0.0011638655337691262
2008-07-07,-0.0008390589277755822,-0.0002740476860116914,-0.0002740476860116914
2008-07-08,0.0046951665719934255,0.004716828651513794,0.004716828651513794
2008-07-09,-0.005934409415613295,-0.006088194746851627,-0.006088194746851627
2008-07-10,-0.0011993963098513305,-0.0014419613169014411,-0.0014419613169014411
2008-07-11,-0.0054914412252395906,-0.00578872817624454,-0.00578872817624454
2008-07-14,-0.002513698193981284,-0.0024218951048631254,-0.0024218951048631254
2008-07-15,-0.0005981069398748318,-0.000554400568600677,-0.000554400568600677
2008-07-16,0.0026678539611930674,0.002838059565972273,0.002838059565972273
2008-07-17,0.0024669811411248688,0.0022094878836034226,0.0022094878836034226
2008-07-18,-0.0007339144972888789,-0.0009660503097430606,-0.0009660503097430606
2008-07-21,-0.0027604592397949546,-0.0028345278061019386,-0.0028345278061019386
2008-07-22,0.006314236271331097,0.006280430595627884,0.006280430595627884
2008-07-23,0.005025585936907717,0.005009789841773582,0.005009789841773582
2008-07-24,0.0016741687959092033,0.0011630692653072927,0.0011630692653072927
2008-07-25,-0.0010014199049424022,-0.0006839945547110204,-0.0006839945547110204
2008-07-28,-0.002900166283772876,-0.0029465194168922793,-0.0029465194168922793
2008-07-29,0.009043759141954766,0.008813639535512507,0.008813639535512507
2008-07-30,0.00017731584772828768,6.802027006624911e-05,6.802027006624911e-05
2008-07-31,-0.001296494869390763,-0.00122507331730759,-0.00122507331730759
2008-08-01,0.002686652235540876,0.0024486476661422785,0.0024486476661422785
2008-08-04,0.000517408069493186,0.0002717022160441118,0.0002717022160441118
2008-08-05,0.0056874249803779975,0.005891332428061169,0.005891332428061169
2008-08-06,0.004901275634503044,0.004782281030233371,0.004782281030233371
2008-08-07,0.004072832615494626,0.0042243667608321545,0.0042243667608321545
2008-08-08,0.017261985091288956,0.017050202407947523,0.017050202407947523
2008-08-11,0.0036849419864255495,0.004004600789135893,0.004004600789135893
2008-08-12,0.0003546169189432291,6.551577294633404e-05,6.551577294633404e-05
2008-08-13,0.0007351011095000359,0.0008513146776545355,0.0008513146776545355
2008-08-14,0.006031010516061919,0.005873923689609484,0.005873923689609484
2008-08-15,0.006642901534906542,0.00668031151177928,0.00668031151177928
2008-08-18,-0.0008166069787609587,-0.00103479507358184,-0.00103479507358184
2008-08-19,-0.003611425370219301,-0.00369518426361104,-0.00369518426361104
2008-08-20,0.0015474947332894118,0.001427829941434311,0.001427829941434311
2008-08-21,-0.009950850617330254,-0.009972381812937137,-0.009972381812937137
2008-08-22,0.007960774324657471,0.007374809081508005,0.007374809081508005
2008-08-25,-0.00015625203484948003,0.00013003901188657352,0.00013003901188657352
2008-08-26,0.005946370511628274,0.005705039784854371,0.005705039784854371
2008-08-27,-0.00259232041064994,-0.0019412455947378504,-0.0019412455947378504
2008-08-28,0.0012970002207284281,0.0007769505084915806,0.0007769505084915806
2008-08-29,0.0029767319368749767,0.003166297756919789,0.003166297756919789
2008-09-01,0.003393004384003362,0.002834688149937925,0.002834688149937925
2008-09-02,0.005356295520036802,0.0053894651176848996,0.0053894651176848996
2008-09-03,0.0003330173968318917,0.000319887402363328,0.000319887402363328
2008-09-04,0.006675328079952081,0.006630563023540148,0.006630563023540148
2008-09-05,0.004087804501513581,0.003995312414193819,0.003995312414193819
2008-09-08,0.00828917003913432,0.008256956557836759,0.008256956557836759
2008-09-09,-0.004306335195027877,-0.00459279174055105,-0.00459279174055105
2008-09-10,0.007517698141544571,0.007350895413392067,0.007350895413392067
2008-09-11,0.003762716091912921,0.0034369663578628362,0.0034369663578628362
2008-09-12,-0.014832591304501541,-0.014768532367413378,-0.014768532367413378
2008-09-15,-0.0007220902926583506,-0.002345261430551915,-0.002345261430551915
2008-09-16,0.002012951932099938,0.009348223711446835,0.002012951932099938
2008-09-17,-0.012382207409997292,-0.018272301294460114,-0.018272301294460114
2008-09-18,-0.0009736475396691091,-0.0003201946811000056,-0.0003201946811000056
2008-09-19,-0.004354562786947014,-0.0016025130829202539,-0.0016025130829202539
2008-09-22,-0.01987961275175998,-0.020283882418803856,-0.020283882418803856
2008-09-23,0.004154141435462222,0.0035941878260636884,0.0035941878260636884
2008-09-24,0.004176025278551876,0.0029961593442138224,0.0029961593442138224
2008-09-25,0.0026791187943553396,0.002987209182832018,0.002987209182832018
2008-09-26,-0.0005326508599630131,-0.0008433071110518497,-0.0008433071110518497
2008-09-29,0.006708826903322418,0.006275291497050972,0.006275291497050972
2008-09-30,0.025199046818018545,0.023329504745749574,0.023329504745749574
2008-10-01,0.00018878491790452756,0.0022027133737063664,0.0022027133737063664
2008-10-02,0.012207628682159744,0.013797627972734539,0.013797627972734539
2008-10-03,-0.0015676324500280003,-0.0007443245598572901,-0.0007443245598572901
2008-10-06,0.016816456736040486,0.016858825426637303,0.016858825426637303
2008-10-07,-0.008632191715932436,-0.008947782931686632,-0.008947782931686632
2008-10-08,-0.0007412624037579363,-0.002156966294013074,-0.002156966294013074
2008-10-09,0.00308497492870341,0.003940649148439057,0.003940649148439057
2008-10-10,0.022344984268906742,0.02362338487423976,0.02362338487423976
2008-10-13,-0.013598554943766494,-0.013230822820628596,-0.013230822820628596
2008-10-14,-0.00628528340443868,-0.0070184292245452085,-0.0070184292245452085
2008-10-15,0.008408193319251467,0.008598400384527416,0.008598400384527416
2008-10-16,0.004923872444633659,0.005268747994414902,0.005268747994414902
2008-10-17,-0.0005094985189186829,0.0006641910699141107,0.0006641910699141107
2008-10-20,0.00830151039958782,0.007696508439217986,0.007696508439217986
2008-10-21,0.010653042276133284,0.011197925099438955,0.011197925099438955
2008-10-22,0.016297006884679277,0.016157338655716558,0.016157338655716558
2008-10-23,-0.00011714402871731977,0.0,0.0
2008-10-24,0.012572924645187555,0.013430791215418125,0.013430791215418125
2008-10-27,0.005698678427954462,0.007561905877980557,0.007561905877980557
2008-10-28,0.001080695889315919,-0.00011414873592663355,-0.00011414873592663355
2008-10-29,-0.02274370401197956,-0.022686919858013965,-0.022686919858013965
2008-10-30,-0.006072165190536438,-0.004447312614217047,-0.004447312614217047
2008-10-31,0.012656686121511385,0.012704133566518117,0.012704133566518117
2008-11-03,0.008384403748502578,0.00738479095988076,0.00738479095988076
2008-11-04,-0.018348280873047074,-0.018740938974298516,-0.018740938974298516
2008-11-05,-0.002101659667258282,-0.002815251126249585,-0.002815251126249585
2008-11-06,0.015097149481789529,0.015502379343519834,0.015502379343519834
2008-11-07,0.00016298020990657136,-0.00011566711018584641,-0.00011566711018584641
2008-11-10,5.820078107099391e-05,-0.0006942837585066641,-0.0006942837585066641
2008-11-11,0.013446299696149744,0.014935939420471556,0.014935939420471556
2008-11-12,0.004526061179698004,0.004096967150950981,0.004096967150950981
2008-11-13,-0.006100656506552227,-0.007352345679068506,-0.007352345679068506
2008-11-14,-0.00661271977996325,-0.007118693590301817,-0.007118693590301817
2008-11-17,0.005104762430701015,0.004082225016451169,0.004082225016451169
2008-11-18,0.006487601624625583,0.006975841656679194,0.006975841656679194
2008-11-19,-0.0006869547566985545,-0.0021104876213478008,-0.0021104876213478008
2008-11-20,0.007496569244445084,0.008302106140459564,0.008302106140459564
2008-11-21,0.00252043730157947,0.0013581576418530972,0.0013581576418530972
2008-11-24,-0.024216203543532266,-0.024443816985984412,-0.024443816985984412
2008-11-25,-0.012637456956051452,-0.014240931695468362,-0.014240931695468362
2008-11-26,0.007816430779807426,0.007904253805326888,0.007904253805326888
2008-11-27,-0.001167992470752388,0.0,0.0
2008-11-28,0.011041231620526837,0.011250408619698504,0.011250408619698504
2008-12-01,0.00238973566894618,0.0022464800208332747,0.0022464800208332747
2008-12-02,-0.00025371051766232,-0.0009210223998987743,-0.0009210223998987743
2008-12-03,0.0037759352302400018,0.0039658643237308056,0.0039658643237308056
2008-12-04,-0.006756081360641986,-0.007138364316816137,-0.007138364316816137
2008-12-05,0.007801151538616935,0.0074251355613617065,0.0074251355613617065
2008-12-08,-0.018080072765192412,-0.0184043622920278,-0.0184043622920278
2008-12-09,0.003232264755671288,0.003207467394817698,0.003207467394817698
2008-12-10,-0.0041209250419314,-0.0037917502043116613,-0.0037917502043116613
2008-12-11,-0.01949057080159733,-0.019594583479999095,-0.019594583479999095
2008-12-12,-0.0022689557017940842,-0.0031041094647683565,-0.0031041094647683565
2008-12-15,-0.016563176243714395,-0.016480875526037053,-0.016480875526037053
2008-12-16,-0.01947862484959373,-0.008153446284500099,-0.01947862484959373
2008-12-17,-0.02224527944962329,-0.018804290087675923,-0.018804290087675923
2008-12-18,0.007059224263538333,0.006721040920481869,0.006721040920481869
2008-12-19,0.02277957486001103,0.022325367597438195,0.022325367597438195
2008-12-22,-0.002524771802590031,-0.004315722590682469,-0.004315722590682469
2008-12-23,0.0018234016411318166,0.001278422236029364,0.001278422236029364
2008-12-24,-0.00033239974452747845,-0.00255848092777633,-0.00255848092777633
2008-12-25,0.0,0.0,0.0
2008-12-26,-0.00397271443988334,-0.003482727376934669,-0.003482727376934669
2008-12-29,-0.002562247265986528,-0.00202187367839457,-0.00202187367839457
2008-12-30,0.0026487786553017756,0.003122993261113649,0.003122993261113649
2008-12-31,0.0050429496480983715,0.004514129546780765,0.004514129546780765
2009-01-01,0.0,0.0,0.0
2009-01-02,0.00650948990817124,0.007941601558177247,0.007941601558177247
2009-01-05,0.009703619514647599,0.009255986264707694,0.009255986264707694
2009-01-06,0.0025742217530373424,0.0017334652716369803,0.0017334652716369803
2009-01-07,-0.006964449043168841,-0.00725270659037669,-0.00725270659037669
2009-01-08,-0.009022654319760015,-0.009428900317460354,-0.009428900317460354
2009-01-09,0.013727461164814159,0.013511273760418163,0.013511273760418163
2009-01-12,0.0042973955875984515,0.003468903000053203,0.003468903000053203
2009-01-13,0.014897097665927284,0.014815963800299592,0.014815963800299592
2009-01-14,0.0018258998219771172,0.0020568279222565877,0.0020568279222565877
2009-01-15,0.000248728230159756,-0.0001761338621903974,-0.0001761338621903974
2009-01-16,-0.0027037940718113163,-0.0037649317958967643,-0.0037649317958967643
2009-01-19,0.006037879282779102,0.006227987228293763,0.006227987228293763
2009-01-20,0.017480467103442976,0.017419008622666432,0.017419008622666432
2009-01-21,-0.004638653228664857,-0.004037380037250848,-0.004037380037250848
2009-01-22,-0.0034668553490764253,-0.004460026507529413,-0.004460026507529413
2009-01-23,0.0010284700079106202,0.0006963788582252661,0.0006963788582252661
2009-01-26,-0.010344413726779855,-0.011494044099952028,-0.011494044099952028
2009-01-27,-0.0035589119637462474,-0.0032327297674381583,-0.0032327297674381583
2009-01-28,0.0029095574583166695,0.0032914100479466413,0.0032914100479466413
2009-01-29,0.007119813069877523,0.0063755955441795464,0.0063755955441795464
2009-01-30,0.008430886716557673,0.0081874858554416,0.0081874858554416
2009-02-02,0.0008601051253194214,0.00023129409146704916,0.00023129409146704916
2009-02-03,-0.01195645456237493,-0.012215846167425326,-0.012215846167425326
2009-02-04,0.007636843712425012,0.0075216820610606305,0.0075216820610606305
2009-02-05,0.004133704848136688,0.003305596422018553,0.003305596422018553
2009-02-06,-0.00829628510673519,-0.008313759696657819,-0.008313759696657819
2009-02-09,-0.006512383570743019,-0.006971527108078135,-0.006971527108078135
2009-02-10,0.011899389522666226,0.012676514056462196,0.012676514056462196
2009-02-11,-0.0003613411624385776,-0.00011610356451008386,-0.00011610356451008386
2009-02-12,0.008948371891233542,0.009015838681620814,0.009015838681620814
2009-02-13,-0.00586369214326421,-0.006696324739387194,-0.006696324739387194
2009-02-16,0.007168489478612372,0.007328999536897918,0.007328999536897918
2009-02-17,0.010571663128295938,0.010979067282411492,0.010979067282411492
2009-02-18,0.00485227732912108,0.004652490661674946,0.004652490661674946
2009-02-19,-0.006474949379834172,-0.006587938411064975,-0.006587938411064975
2009-02-20,-0.010935731398875603,-0.012037978559479079,-0.012037978559479079
2009-02-23,0.008657265342957743,0.008384589406302823,0.008384589406302823
2009-02-24,-0.0039624481167308545,-0.004355806978601606,-0.004355806978601606
2009-02-25,0.01156756853053409,0.01221685571994513,0.01221685571994513
2009-02-26,-0.002038342019738515,-0.0027841718033139173,-0.0027841718033139173
2009-02-27,0.003197999709641408,0.003124558713050618,0.003124558713050618
2009-03-02,0.010534265645415708,0.010382668599898892,0.010382668599898892
2009-03-03,-0.00033736294950248435,-0.0005615138560699506,-0.0005615138560699506
2009-03-04,-0.003752391901742591,-0.0036011742721742124,-0.0036011742721742124
2009-03-05,0.005943219393757637,0.005621150270429531,0.005621150270429531
2009-03-06,-0.006677313582769351,-0.007313675357121241,-0.007313675357121241
2009-03-09,0.00559935217270624,0.0050690055032971415,0.0050690055032971415
2009-03-10,-0.0009216797703093249,-0.0006743846495895767,-0.0006743846495895767
2009-03-11,-0.011980120092751179,-0.01193284341768841,-0.01193284341768841
2009-03-12,-0.0023699933612757462,-0.002506409742769833,-0.002506409742769833
2009-03-13,-0.0026500975027223816,-0.00239835656306564,-0.00239835656306564
2009-03-16,-0.0055283611960987855,-0.0064814245079114485,-0.0064814245079114485
2009-03-17,-0.0001495292706330531,0.005222843106078123,-0.0001495292706330531
2009-03-18,-0.027262543810449458,-0.027449859270527455,-0.027449859270527455
2009-03-19,-0.017481545091733608,-0.01589406012623229,-0.01589406012623229
2009-03-20,0.008528529863490064,0.008334373757980629,0.008334373757980629
2009-03-23,-0.004962136602415512,-0.004634864794863525,-0.004634864794863525
2009-03-24,0.0051648808055206885,0.004516290063000028,0.004516290063000028
2009-03-25,-0.0005964238603199945,-0.000415122318785599,-0.000415122318785599
2009-03-26,0.004250689545743924,0.003729911668644448,0.003729911668644448
2009-03-27,0.011177129049445789,0.011399148052261943,0.011399148052261943
2009-03-30,0.00886659218543695,0.008377987100710804,0.008377987100710804
2009-03-31,-0.005125551942400719,-0.004703978010972776,-0.004703978010972776
2009-04-01,0.0008541358829257106,0.0007564516959002177,0.0007564516959002177
2009-04-02,-0.012439186219329379,-0.012525771024432863,-0.012525771024432863
2009-04-03,-0.0033331189560783514,-0.003954090548228706,-0.003954090548228706
2009-04-06,0.0048122603772391415,0.006131010185321806,0.006131010185321806
2009-04-07,0.008442346399889722,0.006911120397966819,0.006911120397966819
2009-04-08,0.0008555573657371696,0.0005251641258547934,0.0005251641258547934
2009-04-09,0.004966501003136337,0.00424950431379667,0.00424950431379667
2009-04-10,0.0,0.0,0.0
2009-04-13,-0.013507930375986632,-0.013391621432670142,-0.013391621432670142
2009-04-14,8.270467935922454e-05,-5.88737452700272e-05,-5.88737452700272e-05
2009-04-15,0.005173146586172628,0.005109092946850247,0.005109092946850247
2009-04-16,0.0017145411344827721,0.0016387689492169955,0.0016387689492169955
2009-04-17,0.008808056571194989,0.009255283040651818,0.009255283040651818
2009-04-20,0.007600634442188614,0.007906548186126017,0.007906548186126017
2009-04-21,-0.000669684118876468,-0.001035256318377975,-0.001035256318377975
2009-04-22,-0.004491528069534567,-0.004671962355227599,-0.004671962355227599
2009-04-23,-0.00785057727812255,-0.008476595111843288,-0.008476595111843288
2009-04-24,-0.009434309332482904,-0.009784756548988582,-0.009784756548988582
2009-04-27,0.011525272813265097,0.011706993925499454,0.011706993925499454
2009-04-28,-0.006297795523532379,-0.006949135967784237,-0.006949135967784237
2009-04-29,-0.008064559836729934,-0.00788332121257529,-0.00788332121257529
2009-04-30,0.001655942846230829,0.0014165144315070322,0.0014165144315070322
2009-05-01,-0.0008039726136530589,-0.0008260562187922815,-0.0008260562187922815
2009-05-04,-0.006836172745551039,-0.006989721621786238,-0.006989721621786238
2009-05-05,0.002224509770747396,0.002137641096640941,0.002137641096640941
2009-05-06,-0.004215295596297075,-0.004220293362319438,-0.004220293362319438
2009-05-07,0.0016453647359444545,0.001963760338300702,0.001963760338300702
2009-05-08,-0.01696442438069301,-0.017572193432362937,-0.017572193432362937
2009-05-11,0.0018037981489884558,0.0018738482830649161,0.0018738482830649161
2009-05-12,-0.004509535838786327,-0.004539547183776804,-0.004539547183776804
2009-05-13,0.0023421630196756027,0.0024841722611794737,0.0024841722611794737
2009-05-14,-0.002670260965930815,-0.0030910052186934323,-0.0030910052186934323
2009-05-15,0.009013811536262573,0.009424912685779496,0.009424912685779496
2009-05-18,-0.004309232878576097,-0.004761770246433095,-0.004761770246433095
2009-05-19,-0.00836957116240189,-0.008494681260912351,-0.008494681260912351
2009-05-20,-0.01218696624604565,-0.011953432547792353,-0.011953432547792353
2009-05-21,-0.005286530452712768,-0.0054415172607402695,-0.0054415172607402695
2009-05-22,-0.007475925072518486,-0.0072809058690408435,-0.0072809058690408435
2009-05-25,0.0008250928697508542,0.0007492040058254545,0.0007492040058254545
2009-05-26,0.0013362057496832946,0.001122754608961607,0.001122754608961607
2009-05-27,0.00250525174186933,0.0026148688788056873,0.0026148688788056873
2009-05-28,0.0012564925610423217,0.0010564584769072738,0.0010564584769072738
2009-05-29,-0.01358129786961193,-0.013381053779476737,-0.013381053779476737
2009-06-01,-0.002233171715176674,-0.003405009910675716,-0.003405009910675716
2009-06-02,-0.009735123687657499,-0.00875473459498366,-0.00875473459498366
2009-06-03,0.013882075197257926,0.013480790210942395,0.013480790210942395
2009-06-04,-0.0010823465320308756,-0.0010692833675989277,-0.0010692833675989277
2009-06-05,0.015692083820627367,0.015982360424199094,0.015982360424199094
2009-06-08,0.0029583073827952333,0.0029684622910988168,0.0029684622910988168
2009-06-09,-0.013964482414915658,-0.01424197709717756,-0.01424197709717756
2009-06-10,0.0067701175421523985,0.0064308903302903175,0.0064308903302903175
2009-06-11,-0.01150639655179475,-0.011391498286094759,-0.011391498286094759
2009-06-12,0.009175756315903172,0.00933561493417745,0.00933561493417745
2009-06-15,0.01237599655527788,0.008519885611102396,0.008519885611102396
2009-06-16,-0.005325964557186147,0.0033211752166524278,-0.005325964557186147
2009-06-17,-0.006713186737874466,-0.00686437870547163,-0.00686437870547163
2009-06-18,0.005473399326563211,0.005384176140898589,0.005384176140898589
2009-06-19,-0.00428910418649231,-0.00470181514546919,-0.00470181514546919
2009-06-22,0.006445345727782659,0.0063052690813698575,0.0063052690813698575
2009-06-23,-0.011729390376222781,-0.01196431219908245,-0.01196431219908245
2009-06-24,0.008915437769744017,0.008754829132997521,0.008754829132997521
2009-06-25,-0.0019011058229869704,-0.0023519228518011914,-0.0023519228518011914
2009-06-26,-0.006551018243793116,-0.007276377761737507,-0.007276377761737507
2009-06-29,-0.0005384658861702363,0.00012482836116589624,0.00012482836116589624
2009-06-30,0.0037257494588489593,0.003861970665246517,0.003861970665246517
2009-07-01,-0.00624661691826045,-0.006862160427390407,-0.006862160427390407
2009-07-02,0.0064712182518391614,0.006302476323355677,0.006302476323355677
2009-07-03,0.002877914938811621,0.003539387097052149,0.003539387097052149
2009-07-06,0.0008953220026555186,0.00037183936967899456,0.00037183936967899456
2009-07-07,0.002073568956539873,0.002104482083955972,0.002104482083955972
2009-07-08,0.0017969234079115992,0.0017297835906395775,0.0017297835906395775
2009-07-09,-0.01123089685588674,-0.011859441719657582,-0.011859441719657582
2009-07-10,0.00460971352893047,0.004735801473253254,0.004735801473253254
2009-07-13,-0.0013345059008811333,-0.0016176199632615962,-0.0016176199632615962
2009-07-14,0.0007235980603912395,0.0008713512719111804,0.0008713512719111804
2009-07-15,-0.010884119986005913,-0.011387221838174533,-0.011387221838174533
2009-07-16,-0.0012615751174918088,-0.0011332872836682384,-0.0011332872836682384
2009-07-17,0.001652340455276402,0.0016994496615758692,0.0016994496615758692
2009-07-20,-0.005560695259286597,-0.005739349108878855,-0.005739349108878855
2009-07-21,0.00025343082107820436,0.0005058808758446887,0.0005058808758446887
2009-07-22,-0.0028039832369834983,-0.0029123160818445015,-0.0029123160818445015
2009-07-23,0.0012316758059869315,0.0013939050600084713,0.0013939050600084713
2009-07-24,-0.0006854879927198354,-0.0009501790218573447,-0.0009501790218573447
2009-07-27,-0.0015631456717413172,-0.0017760867339333686,-0.0017760867339333686
2009-07-28,0.0028448798683697873,0.00310608471332241,0.00310608471332241
2009-07-29,0.009843592860305783,0.009887664395368922,0.009887664395368922
2009-07-30,-0.004341950627821944,-0.0047741782997805515,-0.0047741782997805515
2009-07-31,-0.01190127729816215,-0.012099859383567946,-0.012099859383567946
2009-08-03,-0.009077800084290821,-0.008962928119698788,-0.008962928119698788
2009-08-04,0.001621580237445741,0.0016706294446553471,0.0016706294446553471
2009-08-05,-0.003194191353268039,-0.0035373224008505844,-0.0035373224008505844
2009-08-06,0.007044545850227735,0.007062176244286178,0.007062176244286178
2009-08-07,0.0115895336946652,0.012082049553593599,0.012082049553593599
2009-08-10,0.003551772982580026,0.003533349628447091,0.003533349628447091
2009-08-11,-0.001009897076338362,-0.0012604778879437006,-0.0012604778879437006
2009-08-12,-0.004887137336793579,-0.004867727789702236,-0.004867727789702236
2009-08-13,-0.00382759767652896,-0.004064013721515103,-0.004064013721515103
2009-08-14,0.005032608128349381,0.0053939274731487075,0.0053939274731487075
2009-08-17,0.005146145118547274,0.004987226649627807,0.004987226649627807
2009-08-18,-0.004487174862414456,-0.004607575923731844,-0.004607575923731844
2009-08-19,-0.005946423631086439,-0.006219083377454915,-0.006219083377454915
2009-08-20,-0.0010838174382445942,-0.0012102297728615596,-0.0012102297728615596
2009-08-21,-0.004347054688566665,-0.004471422333401698,-0.004471422333401698
2009-08-24,0.002904393814689321,0.0029406145335073575,0.0029406145335073575
2009-08-25,-0.00035779547259284783,-0.0004469273817413466,-0.0004469273817413466
2009-08-26,0.005328111314880424,0.005413508746591411,0.005413508746591411
2009-08-27,-0.008323275215945891,-0.008483546335367187,-0.008483546335367187
2009-08-28,0.004565955174755665,0.0042188761118637785,0.0042188761118637785
2009-08-31,-0.00247863265560877,-0.002107213193125901,-0.002107213193125901
2009-09-01,0.007493726603094331,0.007451077300135722,0.007451077300135722
2009-09-02,-0.004887495728583602,-0.004706190319300418,-0.004706190319300418
2009-09-03,0.0011349074483435473,0.0010831131000568206,0.0010831131000568206
2009-09-04,-0.004201767345509033,-0.004531392378972932,-0.004531392378972932
2009-09-07,-0.00158823713484324,-0.0019849534290656834,-0.0019849534290656834
2009-09-08,-0.008871207629827182,-0.0086257374210712,-0.0086257374210712
2009-09-09,-0.0030178829093339132,-0.003108005609867348,-0.003108005609867348
2009-09-10,-0.0035476006460966047,-0.003508091689739423,-0.003508091689739423
2009-09-11,-0.0027244598895661554,-0.002476055216939166,-0.002476055216939166
2009-09-14,0.0011350072645637255,0.0011996976114865276,0.0011996976114865276
2009-09-15,-0.001970778311960686,0.0006904773035651957,-0.001970778311960686
2009-09-16,-0.0040319468157150595,-0.004045418540689738,-0.004045418540689738
2009-09-17,-0.000629822096082755,-0.0005886007821738204,-0.0005886007821738204
2009-09-18,0.0031058978005846782,0.0031352083160101074,0.0031352083160101074
2009-09-21,0.004582223538427854,0.004294924282881141,0.004294924282881141
2009-09-22,-0.008607323536283573,-0.008477390189042922,-0.008477390189042922
2009-09-23,-0.0009331975835786821,-0.0007206263209420527,-0.0007206263209420527
2009-09-24,0.011154306316134566,0.010690408831878884,0.010690408831878884
2009-09-25,-0.0011449985637321802,-0.001297606099156745,-0.001297606099156745
2009-09-28,0.0031066623193716225,0.0033055738690714875,0.0033055738690714875
2009-09-29,0.0009469759099118846,0.0011640691995458141,0.0011640691995458141
2009-09-30,-0.006125772681986774,-0.006484266008341066,-0.006484266008341066
2009-10-01,0.006955261038946503,0.007194975132102321,0.007194975132102321
2009-10-02,-0.002399622400425905,-0.0025868215938356087,-0.0025868215938356087
2009-10-05,-0.004699152778171012,-0.0049334731676689,-0.0049334731676689
2009-10-06,-0.004013680646607121,-0.004434886287953077,-0.004434886287953077
2009-10-07,0.0020807576751344925,0.00221990166901076,0.00221990166901076
2009-10-08,-0.006926434617868793,-0.00700287557023227,-0.00700287557023227
2009-10-09,0.006102501270619953,0.006415733954382219,0.006415733954382219
2009-10-12,-0.003998510804011701,-0.004316271170364594,-0.004316271170364594
2009-10-13,-0.0019723612921280775,-0.0016398285134737733,-0.0016398285134737733
2009-10-14,-0.005609576042128417,-0.005793682675363954,-0.005793682675363954
2009-10-15,-0.0009269559432745211,-0.0008587377084179337,-0.0008587377084179337
2009-10-16,0.001535630903183538,0.001452816738399143,0.001452816738399143
2009-10-19,-0.001151502043097885,-0.0035035567155290437,-0.0035035567155290437
2009-10-20,0.0007281152067495356,0.0029755038979786264,0.0029755038979786264
2009-10-21,-0.007878502525344722,-0.008220677427811296,-0.008220677427811296
2009-10-22,0.0016259516063303892,0.00172929873490979,0.00172929873490979
2009-10-23,0.00496806324629695,0.004773278752657539,0.004773278752657539
2009-10-26,0.007826924579439343,0.007839560556336167,0.007839560556336167
2009-10-27,0.0009724303638902754,0.001114936990394888,0.001114936990394888
2009-10-28,0.003801787484202457,0.003990454384299014,0.003990454384299014
2009-10-29,-0.006669229535216203,-0.006812997201425475,-0.006812997201425475
2009-10-30,0.005032300048728899,0.00537565212187463,0.00537565212187463
2009-11-02,-0.00013107018827263062,-0.00019616176869963198,-0.00019616176869963198
2009-11-03,0.0012575652054245268,0.001437626856764851,0.001437626856764851
2009-11-04,-0.009774528749072253,-0.00977730155038703,-0.00977730155038703
2009-11-05,0.0012947208911091579,0.0005273914025591964,0.0005273914025591964
2009-11-06,0.0010292954194568438,0.0009881098264523658,0.0009881098264523658
2009-11-09,-0.010514200741084778,-0.0106570593259665,-0.0106570593259665
2009-11-10,-6.664578434545376e-05,-0.0003327897797698043,-0.0003327897797698043
2009-11-11,0.0018777097464832693,0.001995079467371319,0.001995079467371319
2009-11-12,0.0057575876426811945,0.005763322898550527,0.005763322898550527
2009-11-13,-0.0034718116102494534,-0.003573323018716934,-0.003573323018716934
2009-11-16,-0.005857779617167935,-0.006717907469237616,-0.006717907469237616
2009-11-17,0.006322269383519874,0.007248095035504498,0.007248095035504498
2009-11-18,-0.0024443069146098395,-0.0026537532989250323,-0.0026537532989250323
2009-11-19,0.0014354260229936244,0.001394098542911948,0.001394098542911948
2009-11-20,0.004809580715933848,0.004765065270352586,0.004765065270352586
2009-11-23,-0.007575944580967331,-0.007422167936353752,-0.007422167936353752
2009-11-24,-0.00022643570321712048,-0.0005988223340063215,-0.0005988223340063215
2009-11-25,-0.01070073222516399,-0.010706023971209788,-0.010706023971209788
2009-11-26,0.007471780962802654,0.007506234560197278,0.007506234560197278
2009-11-27,0.002269360614039151,0.0020677012536101103,0.0020677012536101103
2009-11-30,-0.0015613014013968751,-0.001400233601009937,-0.001400233601009937
2009-12-01,-0.006888076334746529,-0.006963536675836934,-0.006963536675836934
2009-12-02,0.004079611654097981,0.003889489881926167,0.003889489881926167
2009-12-03,-0.0005090422079110368,-0.00046861925543773,-0.00046861925543773
2009-12-04,0.017005630946087535,0.01726012046751979,0.01726012046751979
2009-12-07,-0.0018987597840620651,-0.002108315446918141,-0.002108315446918141
2009-12-08,0.007141149648768774,0.006835835742166729,0.006835835742166729
2009-12-09,-0.0035707759735599254,-0.003609283046672296,-0.003609283046672296
2009-12-10,9.20549963501216e-05,0.0001972062455033452,0.0001972062455033452
2009-12-11,0.0069192638686343955,0.006747266107307581,0.006747266107307581
2009-12-14,-0.002890307717516194,-0.0022353096582552467,-0.0022353096582552467
2009-12-15,0.007944573560576096,0.011528030135114165,0.007944573560576096
2009-12-16,0.00044168464434957144,0.0004526788967265105,0.0004526788967265105
2009-12-17,0.009037549634381747,0.009715373184480569,0.009715373184480569
2009-12-18,0.0016332833261394342,0.0013436992135948955,0.0013436992135948955
2009-12-21,0.0027717555504018776,0.0028732899760068875,0.0028732899760068875
2009-12-22,0.0027257562289637605,0.002419920941480136,0.002419920941480136
2009-12-23,-0.004521388196549125,-0.004845712108676459,-0.004845712108676459
2009-12-24,-0.002094699122931587,-0.0007033023530844673,-0.0007033023530844673
2009-12-25,0.0,0.0,0.0
2009-12-28,-0.0013001475760932024,-0.002048787450759093,-0.002048787450759093
2009-12-29,0.0025472148800629313,0.002176697402328287,0.002176697402328287
2009-12-30,0.0010658449113289947,0.0011504539169955308,0.0011504539169955308
2009-12-31,-0.0006933121337713288,-0.0007028978851009171,-0.0007028978851009171
2010-01-01,0.0,0.0,0.0
2010-01-04,-0.004311877195797287,-0.004998408356071238,-0.004998408356071238
2010-01-05,0.001211777593751684,0.00025693730871001463,0.00025693730871001463
2010-01-06,-0.0016246328809383925,-0.0025079592580325993,-0.0025079592580325993
2010-01-07,0.005405209870530392,0.005778136260997435,0.005778136260997435
2010-01-08,-0.005689146786817645,-0.005778136260997435,-0.005778136260997435
2010-01-11,-0.006033317972609531,-0.006394750984446418,-0.006394750984446418
2010-01-12,-0.0006625140701803645,-0.0005185377352381337,-0.0005185377352381337
2010-01-13,-0.001404421557237967,-0.0016871070123318788,-0.0016871070123318788
2010-01-14,-0.0014845879089193659,-0.0013647443223021583,-0.0013647443223021583
2010-01-15,0.00767262210641384,0.007709039571139442,0.007709039571139442
2010-01-18,-0.003355207925182846,-0.0035556167659676063,-0.0035556167659676063
2010-01-19,0.005641690903979146,0.0057473278218687085,0.0057473278218687085
2010-01-20,0.010754861810344352,0.010887075193666718,0.010887075193666718
2010-01-21,-0.0002297999473910295,0.0001910645485541096,0.0001910645485541096
2010-01-22,-0.0005491803940138595,-0.0010831821123424845,-0.0010831821123424845
2010-01-25,-0.00111205569181827,-0.0010205384225452363,-0.0010205384225452363
2010-01-26,0.003090245209279807,0.003312949003635879,0.003312949003635879
2010-01-27,0.0030934356047680467,0.003302009604234435,0.003302009604234435
2010-01-28,0.002906480701222236,0.002911947363708478,0.002911947363708478
2010-01-29,0.00704699631480743,0.0069291615824491615,0.0069291615824491615
2010-02-01,-0.002772458676777667,-0.002891810652951854,-0.002891810652951854
2010-02-02,-0.0028814093335842728,-0.0030264840251206238,-0.0030264840251206238
2010-02-03,0.004520609266867481,0.004662013105810381,0.004662013105810381
2010-02-04,0.006830421814696841,0.0065779407114261446,0.0065779407114261446
2010-02-05,0.006547913415533735,0.006472917353672614,0.006472917353672614
2010-02-08,-0.0017294692104350418,-0.0019250479444430368,-0.0019250479444430368
2010-02-09,-0.005481860573255837,-0.005609938043720675,-0.005609938043720675
2010-02-10,0.002063906768624335,0.0018734783472682537,0.0018734783472682537
2010-02-11,-0.0004249415769290721,-0.0004992511336849859,-0.0004992511336849859
2010-02-12,0.002796296731328418,0.0038626924857441125,0.0038626924857441125
2010-02-15,0.0014201185818629725,0.0003108582822131112,0.0003108582822131112
2010-02-16,-0.007898461378262667,-0.008489969217859716,-0.008489969217859716
2010-02-17,0.008446038363843833,0.008987141560460543,0.008987141560460543
2010-02-18,0.0002736760936139504,-0.00012426991441394364,-0.00012426991441394364
2010-02-19,0.0030427057583919392,0.003164068774895945,0.003164068774895945
2010-02-22,-0.0016878688462611535,-0.0016738480706726122,-0.0016738480706726122
2010-02-23,0.004251448857357509,0.004024897845066988,0.004024897845066988
2010-02-24,-1.2368660287975786e-05,6.179514910087391e-05,6.179514910087391e-05
2010-02-25,-0.0007671558692461389,-0.0006799567562243425,-0.0006799567562243425
2010-02-26,-0.005274633852566879,-0.005207699308173552,-0.005207699308173552
2010-03-01,0.0036765660591564497,0.0032889663207917863,0.0032889663207917863
2010-03-02,-0.0016999737309841834,-0.001612103523741304,-0.001612103523741304
2010-03-03,-0.006778926631352711,-0.006911824272412659,-0.006911824272412659
2010-03-04,0.007275568103673358,0.007035924545592209,0.007035924545592209
2010-03-05,-0.0016025544912876555,-0.0015523614530392749,-0.0015523614530392749
2010-03-08,0.0,-6.214461052866938e-05,-6.214461052866938e-05
2010-03-09,0.001987282053074857,0.0018626604168483496,0.0018626604168483496
2010-03-10,-0.0018256679002961462,-0.0017383750575037382,-0.0017383750575037382
2010-03-11,-0.0015177152594860743,-0.0018659042607280796,-0.0018659042607280796
2010-03-12,-0.006119053034713495,-0.005931771006521203,-0.005931771006521203
2010-03-15,0.0052222701828785745,0.004187113576009871,0.004187113576009871
2010-03-16,-0.006224864479387193,-0.0022476128585431354,-0.006224864479387193
2010-03-17,-0.0014429926401700044,-0.0018142580596540725,-0.0018142580596540725
2010-03-18,0.007343821123800609,0.007361690243429919,0.007361690243429919
2010-03-19,0.006200741835548307,0.006628900152941597,0.006628900152941597
2010-03-22,-0.0009047250810771956,-0.0011367990449366872,-0.0011367990449366872
2010-03-23,0.00303317533394587,0.0029012186941344,0.0029012186941344
2010-03-24,0.011577304332758054,0.012106210689256436,0.012106210689256436
2010-03-25,0.003439908733636976,0.003635019290296526,0.003635019290296526
2010-03-26,-0.0054213910899445494,-0.00519519610173802,-0.00519519610173802
2010-03-29,-0.0039010317268566297,-0.004327582211401726,-0.004327582211401726
2010-03-30,0.0013756849886190636,0.0013956736389753033,0.0013956736389753033
2010-03-31,-0.0048848709502475884,-0.005483700693044824,-0.005483700693044824
2010-04-01,-0.0036700916702834263,-0.00393189341960376,-0.00393189341960376
2010-04-02,0.004902787855863622,0.005812251610291419,0.005812251610291419
2010-04-05,-0.0009737039107351464,-0.002335616742338509,-0.002335616742338509
2010-04-06,0.003606579447414049,0.0038814965452056427,0.0038814965452056427
2010-04-07,0.0006878339643545672,0.0005147626690131801,0.0005147626690131801
2010-04-08,0.001116722107498802,0.0010899317116290774,0.0010899317116290774
2010-04-09,-0.0054234669638342226,-0.005646195849418056,-0.005646195849418056
2010-04-12,-0.006569569883954962,-0.006780608071609073,-0.006780608071609073
2010-04-13,-0.0006829371528684902,-0.0008306626561678243,-0.0008306626561678243
2010-04-14,-0.00394531834682077,-0.004151240145739976,-0.004151240145739976
2010-04-15,0.003634738118345915,0.0036549930044849077,0.0036549930044849077
2010-04-16,0.004240394188148144,0.004445029574899451,0.004445029574899451
2010-04-19,0.0021752035470079534,0.0019870539524973196,0.0019870539524973196
2010-04-20,0.0006047553702073216,0.00044377057789812824,0.00044377057789812824
2010-04-21,0.001380926179622044,0.0015393428199894643,0.0015393428199894643
2010-04-22,0.0049899321865956026,0.005105934454909367,0.005105934454909367
2010-04-23,-0.002639349920027456,-0.0022551792864664577,-0.0022551792864664577
2010-04-26,0.001584445744873264,0.0014345885375899314,0.0014345885375899314
2010-04-27,0.008128287645964072,0.00847953837855453,0.00847953837855453
2010-04-28,0.002856675923243124,0.0027298388149512576,0.0027298388149512576
2010-04-29,-0.004598995842038711,-0.004541708880340778,-0.004541708880340778
2010-04-30,-0.001672067711632863,-0.0020712517761127813,-0.0020712517761127813
2010-05-03,0.004947066834233738,0.004963815776404701,0.004963815776404701
2010-05-04,0.012405713215338565,0.012326775310460114,0.012326775310460114
2010-05-05,0.009320288764326001,0.009294845018366082,0.009294845018366082
2010-05-06,0.009646586378726063,0.010009123602862324,0.010009123602862324
2010-05-07,-0.0052437761880606,-0.004572621781824715,-0.004572621781824715
2010-05-10,-0.0034874239110358474,-0.0038344603593412074,-0.0038344603593412074
2010-05-11,0.003688706198281544,0.003290956399650824,0.003290956399650824
2010-05-12,0.004264751435762548,0.004175026703737039,0.004175026703737039
2010-05-13,0.004457913107948741,0.004403767340965814,0.004403767340965814
2010-05-14,0.010367747653383219,0.010363028634690963,0.010363028634690963
2010-05-17,0.0012768428896654527,0.0016916948787883967,0.0016916948787883967
2010-05-18,0.01104027549098685,0.0108008327239979,0.0108008327239979
2010-05-19,-0.008873377188343134,-0.00891553459507044,-0.00891553459507044
2010-05-20,-0.009618757901043828,-0.009683899975095223,-0.009683899975095223
2010-05-21,-0.0022698563590424214,-0.001973803949560704,-0.001973803949560704
2010-05-24,0.009733316145365656,0.009309212299947411,0.009309212299947411
2010-05-25,0.006624876095584931,0.006361689805705062,0.006361689805705062
2010-05-26,0.003933300068074352,0.00408885783187074,0.00408885783187074
2010-05-27,-0.01080180837304301,-0.011087789214241361,-0.011087789214241361
2010-05-28,0.00341702472459815,0.0034709401747683444,0.0034709401747683444
2010-05-31,0.0012480645066563767,0.0010158613761213076,0.0010158613761213076
2010-06-01,0.0006349902944400299,0.0006343897095595352,0.0006343897095595352
2010-06-02,0.0017297451209694614,0.0017511323468841766,0.0017511323468841766
2010-06-03,0.0039441432383302555,0.0038715432841058828,0.0038715432841058828
2010-06-04,0.012510926204730488,0.012545100120603614,0.012545100120603614
2010-06-07,0.0019474864339734665,0.0016744168909994528,0.0016744168909994528
2010-06-08,-0.00012443509311932388,0.00011303522189543003,0.00011303522189543003
2010-06-09,-0.005638419621066149,-0.006099515531974298,-0.006099515531974298
2010-06-10,-0.008316911294825147,-0.008783558564263494,-0.008783558564263494
2010-06-11,0.003870027042697899,0.0040187135827647325,0.0040187135827647325
2010-06-14,-0.011447216680966044,-0.011642404563592557,-0.011642404563592557
2010-06-15,-0.006145231870503309,-0.002476939123019939,-0.006145231870503309
2010-06-16,0.0011856054950261097,0.0011119091233373624,0.0011119091233373624
2010-06-17,-0.00459915464496774,-0.004687653622416299,-0.004687653622416299
2010-06-18,0.00012836446189101736,-6.978448228522893e-05,-6.978448228522893e-05
2010-06-21,0.0027151288885836067,0.0030543240072962163,0.0030543240072962163
2010-06-22,0.0020228096040462162,0.0019577525700240628,0.0019577525700240628
2010-06-23,-0.004247971147316676,-0.004174984029718054,-0.004174984029718054
2010-06-24,-9.330860661993512e-05,-0.00036032894935544846,-0.00036032894935544846
2010-06-25,-0.00491096949494807,-0.0051050251898230314,-0.0051050251898230314
2010-06-28,0.003965729176004906,0.00399998200977425,0.00399998200977425
2010-06-29,0.004345376339574436,0.00485308217028102,0.00485308217028102
2010-06-30,-6.974959896854926e-05,-0.000683578502006732,-0.000683578502006732
2010-07-01,-0.01526371625922085,-0.015146408147612256,-0.015146408147612256
2010-07-02,-0.003417230168936136,-0.0037016558235265506,-0.0037016558235265506
2010-07-05,0.002141569132747989,0.0022650600722924352,0.0022650600722924352
2010-07-06,-0.006224418552526423,-0.0065733708742197194,-0.0065733708742197194
2010-07-07,-0.003108903370593552,-0.0031839593499780605,-0.0031839593499780605
2010-07-08,2.3859799816783323e-05,-2.3799040899774582e-05,-2.3799040899774582e-05
2010-07-09,0.0014662846622766068,0.001379408975592078,0.001379408975592078
2010-07-12,0.0030449027391084016,0.0030256491143658693,0.0030256491143658693
2010-07-13,-0.006672808144318587,-0.0069667637986876585,-0.0069667637986876585
2010-07-14,-0.002597730542829524,-0.0026639763931415317,-0.0026639763931415317
2010-07-15,-0.010458934746474746,-0.01028017782546975,-0.01028017782546975
2010-07-16,-0.0008724946628468899,-0.0010278052428063233,-0.0010278052428063233
2010-07-19,0.00032727471367621774,0.0005684464029513947,0.0005684464029513947
2010-07-20,0.002831903139098202,0.0027047603337502224,0.0027047603337502224
2010-07-21,0.007776613164871549,0.007974964499580572,0.007974964499580572
2010-07-22,-0.009615226981321001,-0.009749138073564367,-0.009749138073564367
2010-07-23,-0.0015873115371496382,-0.0018499379561687235,-0.0018499379561687235
2010-07-26,-0.004582174032781161,-0.004694588020483614,-0.004694588020483614
2010-07-27,0.0011931432213154736,0.001045148056491918,0.001045148056491918
2010-07-28,-7.300868806581207e-05,-0.00021866154923788628,-0.00021866154923788628
2010-07-29,-0.006629453819498643,-0.006777868740598159,-0.006777868740598159
2010-07-30,-0.0011889077545674809,-0.0012116837152484905,-0.0012116837152484905
2010-08-02,-0.0073980039154033506,-0.0073751179351697616,-0.0073751179351697616
2010-08-03,-0.004234408991433902,-0.004587646154449843,-0.004587646154449843
2010-08-04,0.003665911169782987,0.003810093923626745,0.003810093923626745
2010-08-05,-0.0008286080478052682,-0.000765800855102583,-0.000765800855102583
2010-08-06,-0.0051850865398686,-0.005377089758647813,-0.005377089758647813
2010-08-09,0.0037736362263061096,0.003633323896522711,0.003633323896522711
2010-08-10,0.0010897159149054758,0.0016696249696819265,0.0016696249696819265
2010-08-11,0.01828500440478198,0.018414742404576856,0.018414742404576856
2010-08-12,0.004183725975167363,0.004104246204382989,0.004104246204382989
2010-08-13,0.003780585842804385,0.003268903124988398,0.003268903124988398
2010-08-16,-0.005015692073631506,-0.004865014756326502,-0.004865014756326502
2010-08-17,-0.0037266596095033577,-0.0037706383825755196,-0.0037706383825755196
2010-08-18,-3.6485475743752716e-05,-0.00017007422566095443,-0.00017007422566095443
2010-08-19,0.002720594378621932,0.0027904173398827226,0.0027904173398827226
2010-08-20,0.00737145642640602,0.007483438665376596,0.007483438665376596
2010-08-23,0.0007943194544495213,0.0008173666825230796,0.0008173666825230796
2010-08-24,0.00027666011278881797,-0.00026436906074600586,-0.00026436906074600586
2010-08-25,0.0013821536150224745,0.0015011681905399143,0.0015011681905399143
2010-08-26,-0.003935141514189944,-0.0041848612609722835,-0.0041848612609722835
2010-08-27,-0.00019294310649975444,-0.00018077625372381334,-0.00018077625372381334
2010-08-30,0.0029623942378274037,0.003104807721775238,0.003104807721775238
2010-08-31,0.0004568241186406752,0.00033637674512210225,0.00033637674512210225
2010-09-01,-0.008206461541716337,-0.008504119331948168,-0.008504119331948168
2010-09-02,-0.0007152165653243614,-0.0005816419430866304,-0.0005816419430866304
2010-09-03,-0.004387331195140121,-0.004580114308778249,-0.004580114308778249
2010-09-06,-0.0007310654385452864,-0.0006577585288969345,-0.0006577585288969345
2010-09-07,0.009438266858365019,0.009386779572284176,0.009386779572284176
2010-09-08,-0.002841512144367897,-0.0031918007559603723,-0.0031918007559603723
2010-09-09,0.0010770972667675238,0.0013311552761310352,0.0013311552761310352
2010-09-10,0.00029025470053589686,0.00013301812089228093,0.00013301812089228093
2010-09-13,-0.009549917667841079,-0.007391124288106177,-0.009549917667841079
2010-09-14,-0.010209178688716847,-0.009214963237611506,-0.009214963237611506
2010-09-15,0.0050562631173853845,0.00505243578919945,0.00505243578919945
2010-09-16,-0.003072538857471052,-0.003062752008257341,-0.003062752008257341
2010-09-17,0.0019306568383630207,0.0017162966540338331,0.0017162966540338331
2010-09-20,-0.0007742744636596299,-0.000722937362621856,-0.000722937362621856
2010-09-21,-0.011077295017295263,-0.011204702598269556,-0.011204702598269556
2010-09-22,-0.007599759543413853,-0.007577631958888276,-0.007577631958888276
2010-09-23,0.0022522532043254273,0.002283063289340248,0.002283063289340248
2010-09-24,-0.007716232883971941,-0.008107848176432064,-0.008107848176432064
2010-09-27,-0.0007181871753205726,-0.0005654935967172037,-0.0005654935967172037
2010-09-28,-0.004092154846602192,-0.004308233866002986,-0.004308233866002986
2010-09-29,-0.004096261394936462,-0.0038832052945378948,-0.0038832052945378948
2010-09-30,0.0003684621827959589,0.0004181370156519648,0.0004181370156519648
2010-10-01,-0.0080608568713334,-0.007949116903067655,-0.007949116903067655
2010-10-04,0.0045868416573924264,0.0043957234841904835,0.0043957234841904835
2010-10-05,-0.008937548289760677,-0.008823680552648483,-0.008823680552648483
2010-10-06,-0.004679803558084394,-0.004460534303462715,-0.004460534303462715
2010-10-07,1.292215050430201e-05,0.00028339194583715255,0.00028339194583715255
2010-10-08,-0.000801489261582411,-0.001018008528366643,-0.001018008528366643
2010-10-11,0.0015119505099718822,0.0013013201859601864,0.0013013201859601864
2010-10-12,-0.001020638956853226,-0.0009790534881455315,-0.0009790534881455315
2010-10-13,-0.00378155520119261,-0.0038870105437318614,-0.0038870105437318614
2010-10-14,-0.0055166093144336514,-0.005266993650790752,-0.005266993650790752
2010-10-15,0.005127282066990979,0.005021126482524174,0.005021126482524174
2010-10-18,-0.0013898362360622585,-0.0016968366494847231,-0.0016968366494847231
2010-10-19,0.016117111596980038,0.01650868693733809,0.01650868693733809
2010-10-20,-0.013041284247457874,-0.01292410583979997,-0.01292410583979997
2010-10-21,0.0031955729086874385,0.0028378327697708983,0.0028378327697708983
2010-10-22,0.0006972690578832541,0.000656712982094021,0.000656712982094021
2010-10-25,-0.004774390437520815,-0.004929423871846694,-0.004929423871846694
2010-10-26,0.007816021858407574,0.007821549670648409,0.007821549670648409
2010-10-27,0.005659048703773095,0.005976202626038152,0.005976202626038152
2010-10-28,-0.010819817757085737,-0.011213871681284182,-0.011213871681284182
2010-10-29,-0.0005434290505990091,-0.0005937016178521048,-0.0005937016178521048
2010-11-01,0.000388193739428111,0.0003098013423681323,0.0003098013423681323
2010-11-02,-0.007453708754964872,-0.007630905121422948,-0.007630905121422948
2010-11-03,-0.0031461550856137777,-0.0035045471168038134,-0.0035045471168038134
2010-11-04,-0.007862841845577506,-0.00816395248747881,-0.00816395248747881
2010-11-05,0.008738492921923857,0.009051020915137542,0.009051020915137542
2010-11-08,0.00623801469339913,0.00614866582417406,0.00614866582417406
2010-11-09,0.005386172146163659,0.0054281933373534486,0.0054281933373534486
2010-11-10,0.0024632936744897194,0.002394532343855893,0.002394532343855893
2010-11-11,0.007481539667677062,0.0075067926143015384,0.0075067926143015384
2010-11-12,-0.0017274586986646412,-0.001596556885973932,-0.001596556885973932
2010-11-15,0.0055683413354561395,0.0056340331562640955,0.0056340331562640955
2010-11-16,0.008774655609848914,0.008354161722421871,0.008354161722421871
2010-11-17,-0.00159197476355466,-0.0015516298376772042,-0.0015516298376772042
2010-11-18,-0.005922617676421105,-0.00609097799899061,-0.00609097799899061
2010-11-19,-0.0014383821320196333,-0.0017162148336309357,-0.0017162148336309357
2010-11-22,0.002264833714034964,0.0022114623722782056,0.0022114623722782056
2010-11-23,0.012616750780164665,0.012540377549036918,0.012540377549036918
2010-11-24,0.0023315877887872816,0.002216643258015516,0.002216643258015516
2010-11-25,-0.0017168246727754521,-0.0030569952518817445,-0.0030569952518817445
2010-11-26,0.007833280729499847,0.009217691164458586,0.009217691164458586
2010-11-29,0.005930832809664999,0.005814005902253783,0.005814005902253783
2010-11-30,0.004443628863481486,0.004550703715151094,0.004550703715151094
2010-12-01,-0.005954016156334063,-0.006282691479865932,-0.006282691479865932
2010-12-02,-0.005092672605490733,-0.005288718580663598,-0.005288718580663598
2010-12-03,-0.011598326409411719,-0.011631313716162772,-0.011631313716162772
2010-12-06,0.0024410511152428427,0.002415004381167485,0.002415004381167485
2010-12-07,0.003587830328362962,0.003323658076769931,0.003323658076769931
2010-12-08,0.0017515987813192524,0.0018014416400902178,0.0018014416400902178
2010-12-09,0.0008996289637517307,0.000961940946044848,0.000961940946044848
2010-12-10,1.2489150051031572e-05,-0.0002372760718216682,-0.0002372760718216682
2010-12-13,-0.009864909248793019,-0.005334815352441957,-0.009864909248793019
2010-12-14,0.0010463218961405119,0.0006276282136612465,0.0006276282136612465
2010-12-15,0.011201159535865202,0.011131192100135578,0.011131192100135578
2010-12-16,-0.000997245193028462,-0.0004096046131580877,-0.0004096046131580877
2010-12-17,0.0023917198142076046,0.0025170347012721805,0.0025170347012721805
2010-12-20,0.0031676848370789656,0.002720686301423747,0.002720686301423747
2010-12-21,0.0011156150054478786,0.001197228005088924,0.001197228005088924
2010-12-22,0.00011149307825331078,4.933946788376886e-05,4.933946788376886e-05
2010-12-23,-0.002542652797166589,-0.002977056644277276,-0.002977056644277276
2010-12-24,-0.0005962881242043139,0.0,0.0
2010-12-27,-0.0013429497168822024,-0.0018946083643420764,-0.0018946083643420764
2010-12-28,-1.2443150356311605e-05,-0.00011155941480112119,-0.00011155941480112119
2010-12-29,-0.007105380134940553,-0.007065936397270711,-0.007065936397270711
2010-12-30,-0.0034522401641998712,-0.0038023810665643865,-0.0038023810665643865
2010-12-31,-0.006218917670805624,-0.0064116483806397895,-0.0064116483806397895
2011-01-03,0.001251936555032529,0.0012100435075330651,0.0012100435075330651
2011-01-04,0.003998214330353633,0.00396020205407055,0.00396020205407055
2011-01-05,0.010194074578534718,0.010472084067542298,0.010472084067542298
2011-01-06,0.006619127669459601,0.006867521469027693,0.006867521469027693
2011-01-07,0.002731718663194549,0.002807641579840592,0.002807641579840592
2011-01-10,-0.001618353215907753,-0.0019448074862751241,-0.0019448074862751241
2011-01-11,-0.0004328281677938861,-0.00034504430464643576,-0.00034504430464643576
2011-01-12,-0.010132050848885576,-0.010967671981375382,-0.010967671981375382
2011-01-13,-0.010551403615503219,-0.010572829861428268,-0.010572829861428268
2011-01-14,-0.00036627029894198415,-0.0005038671912718229,-0.0005038671912718229
2011-01-17,0.002208216722017653,0.0018127349559673434,0.0018127349559673434
2011-01-18,-0.00473787833762529,-0.004411679179026962,-0.004411679179026962
2011-01-19,-0.004086248246182755,-0.004418539704225566,-0.004418539704225566
2011-01-20,0.002324356609364031,0.00219271927900877,0.00219271927900877
2011-01-21,-0.007768958304207985,-0.007804099244375529,-0.007804099244375529
2011-01-24,-0.002086227182625855,-0.002261071586627139,-0.002261071586627139
2011-01-25,-0.0006151795749333999,-0.0006140541839885216,-0.0006140541839885216
2011-01-26,-0.0013341887803361985,-0.0014086312996406392,-0.0014086312996406392
2011-01-27,-0.0021975912458671587,-0.002322166173831519,-0.002322166173831519
2011-01-28,0.005209815453738997,0.005456864707189979,0.005456864707189979
2011-01-31,-0.005106896412339523,-0.005315584580572796,-0.005315584580572796
2011-02-01,-0.008630433021429518,-0.008667778602798215,-0.008667778602798215
2011-02-02,0.0011800941554316324,0.0011005303076832007,0.0011005303076832007
2011-02-03,0.007617559720114464,0.007592933446530559,0.007592933446530559
2011-02-04,0.003799942951832058,0.003717381094666905,0.003717381094666905
2011-02-07,-0.00019221774485256304,-0.0004479168741182704,-0.0004479168741182704
2011-02-08,-0.00038454636821239063,-0.00035847800865251855,-0.00035847800865251855
2011-02-09,-0.004600367917939607,-0.004787738183171797,-0.004787738183171797
2011-02-10,0.007813191243615236,0.0077668800161534435,0.0077668800161534435
2011-02-11,0.0026801113611432115,0.0030339364984994788,0.0030339364984994788
2011-02-14,0.0019608598411426925,0.0019328346196099133,0.0019328346196099133
2011-02-15,-0.000521671651343425,-0.0007243752580414764,-0.0007243752580414764
2011-02-16,-0.0044644070169974626,-0.0048809491754227,-0.0048809491754227
2011-02-17,-0.0029189998833762942,-0.002712004834757309,-0.002712004834757309
2011-02-18,-0.004252892526641183,-0.004429188484244229,-0.004429188484244229
2011-02-21,0.00032184766584286706,0.00032161580053990946,0.00032161580053990946
2011-02-22,0.0010163583087345884,0.0010027770047331686,0.0010027770047331686
2011-02-23,-0.004626982613205932,-0.00488192278759314,-0.00488192278759314
2011-02-24,-0.0045576451687177055,-0.0045036959779327645,-0.0045036959779327645
2011-02-25,0.002825080281335879,0.0026425570443899815,0.0026425570443899815
2011-02-28,-0.005007664651069277,-0.004915034437282806,-0.004915034437282806
2011-03-01,0.002078759729457147,0.002103842234657094,0.002103842234657094
2011-03-02,-0.004918042699645575,-0.005124481208712339,-0.005124481208712339
2011-03-03,-0.0024550464816712747,-0.0025329029626961486,-0.0025329029626961486
2011-03-04,-0.0010857977427765064,-0.0010332808892599132,-0.0010332808892599132
2011-03-07,0.001255755711272677,0.0012816322947024616,0.0012816322947024616
2011-03-08,0.003940146264122646,0.003730909528841586,0.003730909528841586
2011-03-09,-0.0010031332467894671,-0.0010552440742372937,-0.0010552440742372937
2011-03-10,0.007207963829227282,0.007208151059199253,0.007208151059199253
2011-03-11,-0.006491337414981757,-0.0065436082987808675,-0.0065436082987808675
2011-03-14,-0.005577157313407355,-0.004020053445684013,-0.004020053445684013
2011-03-15,-0.0002750905523738467,0.0025339947466429535,-0.0002750905523738467
2011-03-16,0.004614115853087242,0.0042957070001694575,0.0042957070001694575
2011-03-17,-0.008381290795704821,-0.00842653982385233,-0.00842653982385233
2011-03-18,-0.00425675561553529,-0.004845358797892274,-0.004845358797892274
2011-03-21,-0.004195375365959819,-0.004168156615657281,-0.004168156615657281
2011-03-22,0.0004375642327909546,0.00023789384760153354,0.00023789384760153354
2011-03-23,0.0047610320843034515,0.004916994595222768,0.004916994595222768
2011-03-24,-0.0018223841293156795,-0.0020798512111319667,-0.0020798512111319667
2011-03-25,0.00738778520979011,0.00783607404000275,0.00783607404000275
2011-03-28,-0.0011684008024541725,-0.0014261324794970776,-0.0014261324794970776
2011-03-29,0.0015881665268766554,0.0016483735858647819,0.0016483735858647819
2011-03-30,-0.0017195328683810018,-0.0018971737809501121,-0.0018971737809501121
2011-03-31,-0.00343477883336174,-0.0037394502635033078,-0.0037394502635033078
2011-04-01,-0.00031643483684185014,0.00014458939921979663,0.00014458939921979663
2011-04-04,0.0010412205626186832,0.0009984105084432926,0.0009984105084432926
2011-04-05,-0.0003952725455631523,-0.0006304590738803739,-0.0006304590738803739
2011-04-06,-0.004861432597443205,-0.00466195170999395,-0.00466195170999395
2011-04-07,0.0009397812722200527,0.0006993607072800501,0.0006993607072800501
2011-04-08,-0.006890124237353135,-0.007108705299480711,-0.007108705299480711
2011-04-11,-0.00013322497721635074,0.00011955763688575871,0.00011955763688575871
2011-04-12,-0.002708311363331717,-0.0028866575413486473,-0.0028866575413486473
2011-04-13,0.0016952210849954241,0.001663838525667316,0.001663838525667316
2011-04-14,-0.003942142545509952,-0.004024579320492272,-0.004024579320492272
2011-04-15,0.001966332221274847,0.0018677131286510829,0.0018677131286510829
2011-04-18,0.00894003400050103,0.00931300592763673,0.00931300592763673
2011-04-19,-0.00631092951734491,-0.006371768621590945,-0.006371768621590945
2011-04-20,-0.008848963677295707,-0.009104564413471294,-0.009104564413471294
2011-04-21,-0.003488759372834771,-0.005203478029224051,-0.005203478029224051
2011-04-22,-1.3493728789448767e-05,0.0,0.0
2011-04-25,-0.0016476025713183517,1.3480631702478263e-05,1.3480631702478263e-05
2011-04-26,-0.002015925132905494,-0.0021051787054924276,-0.0021051787054924276
2011-04-27,-0.004316084769638628,-0.004522198938494704,-0.004522198938494704
2011-04-28,-0.005428273012730855,-0.005170009202838166,-0.005170009202838166
2011-04-29,-0.00257439171581364,-0.0027865444412862317,-0.0027865444412862317
2011-05-02,0.0002467714086717976,0.0004376188136525627,0.0004376188136525627
2011-05-03,0.0025874298272032803,0.002403486210353911,0.002403486210353911
2011-05-04,-0.0014914041800890843,-0.0013922256015979073,-0.0013922256015979073
2011-05-05,0.015799275828945802,0.015746863038349268,0.015746863038349268
2011-05-06,0.008682578785117911,0.009434347852514513,0.009434347852514513
2011-05-09,-0.0013905790525186035,-0.002400321195134225,-0.002400321195134225
2011-05-10,-0.0016873346800032607,-0.001576676212835082,-0.001576676212835082
2011-05-11,0.009550686850881007,0.009780582161592832,0.009780582161592832
2011-05-12,-0.0011556318407386357,-0.0013250826802710947,-0.0013250826802710947
2011-05-13,0.006847844928102198,0.006884504083670251,0.006884504083670251
2011-05-16,-0.0037956230641551514,-0.003786558957679098,-0.003786558957679098
2011-05-17,-0.0009412139702851263,-0.0014021537258477323,-0.0014021537258477323
2011-05-18,0.0010074632664105465,0.0011509688590765066,0.0011509688590765066
2011-05-19,-0.0046747053880835665,-0.004704830789941994,-0.004704830789941994
2011-05-20,0.00414458808721907,0.004003823559378006,0.004003823559378006
2011-05-23,0.008829467612118336,0.008629090582962462,0.008629090582962462
2011-05-24,-0.0029213237782617085,-0.0027716313217007738,-0.0027716313217007738
2011-05-25,0.0006587008024006025,9.207315876658129e-05,9.207315876658129e-05
2011-05-26,-0.0050567505645195965,-0.0052485251894642815,-0.0052485251894642815
2011-05-27,-0.007906860326630571,-0.00815138930996362,-0.00815138930996362
2011-05-30,5.3364640602460156e-05,0.00015994881672032335,0.00015994881672032335
2011-05-31,-0.004278195781688865,-0.004461490376012733,-0.004461490376012733
2011-06-01,0.0005223855726068649,0.00046845617780011395,0.00046845617780011395
2011-06-02,-0.004617147991643478,-0.004775135493630955,-0.004775135493630955
2011-06-03,-0.0074266457092848626,-0.007666285808924478,-0.007666285808924478
2011-06-06,0.0022878813242330764,0.0025980015424780234,0.0025980015424780234
2011-06-07,-0.005845154396018515,-0.006385293543538673,-0.006385293543538673
2011-06-08,0.005547619873056853,0.005574142881912714,0.005574142881912714
2011-06-09,0.0035376280800960558,0.0035371982337464303,0.0035371982337464303
2011-06-10,0.008094710177319442,0.008013519483583309,0.008013519483583309
2011-06-13,-0.003790851586402688,-0.002704260185851126,-0.002704260185851126
2011-06-14,-0.0024186408286173133,0.0012861048876331438,-0.0024186408286173133
2011-06-15,0.01692796519982842,0.01830726888031009,0.01830726888031009
2011-06-16,0.0019953360699664913,0.0019961134956911764,0.0019961134956911764
2011-06-17,-0.010136745946254244,-0.010060407230409574,-0.010060407230409574
2011-06-20,0.0005466047317419509,0.0005166897525539227,0.0005166897525539227
2011-06-21,-0.0065253958897857345,-0.007564966178410515,-0.007564966178410515
2011-06-22,0.0032412768458982555,0.003423953677780922,0.003423953677780922
2011-06-23,0.008839836569140225,0.009477740180856564,0.009477740180856564
2011-06-24,0.0028852791470503902,0.004023303742820339,0.004023303742820339
2011-06-27,-0.003614533549923138,-0.005025070098708007,-0.005025070098708007
2011-06-28,-0.004373407655312356,-0.004467420427785029,-0.004467420427785029
2011-06-29,-0.00496815798122352,-0.005525903384171471,-0.005525903384171471
2011-06-30,-0.005208275193334444,-0.0058647276821588434,-0.0058647276821588434
2011-07-01,0.0006188951573911083,0.0005224065647349008,0.0005224065647349008
2011-07-04,-0.0009958015679156773,-0.0013936910942344838,-0.0013936910942344838
2011-07-05,0.005585181603859013,0.005549811977940244,0.005549811977940244
2011-07-06,0.005753855661220442,0.006049544791558503,0.006049544791558503
2011-07-07,-0.002198842829177039,-0.0024287157667979287,-0.0024287157667979287
2011-07-08,0.00295732085304401,0.0034091469700472388,0.0034091469700472388
2011-07-11,0.010716656331219987,0.011324254587901095,0.011324254587901095
2011-07-12,-0.002371573859542231,-0.0018347667130731438,-0.0018347667130731438
2011-07-13,-0.007959410833046299,-0.009052578275063894,-0.009052578275063894
2011-07-14,0.000598161667697994,0.0001985321860278333,0.0001985321860278333
2011-07-15,-0.0016890660290815873,-0.0005559894769984197,-0.0005559894769984197
2011-07-18,0.004740761423628115,0.0036084182617557303,0.0036084182617557303
2011-07-19,-0.00347701804806011,-0.003701113235767828,-0.003701113235767828
2011-07-20,-0.005719519901419723,-0.005564164760163415,-0.005564164760163415
2011-07-21,-0.01044315202355861,-0.011558809422162142,-0.011558809422162142
2011-07-22,0.0025098518060122643,0.0024353664748337778,0.0024353664748337778
2011-07-25,-0.001848042882553358,-0.0021255708701071185,-0.0021255708701071185
2011-07-26,-0.00799798214800429,-0.008452678417853576,-0.008452678417853576
2011-07-27,0.008308476173488621,0.008708524157734487,0.008708524157734487
2011-07-28,0.0018205238695694348,0.0015874727544087364,0.0015874727544087364
2011-07-29,-0.004388370453015433,-0.004783505385453246,-0.004783505385453246
2011-08-01,0.0049271490549873675,0.005656885488939167,0.005656885488939167
2011-08-02,0.0033742260211004904,0.0028164876922325277,0.0028164876922325277
2011-08-03,-0.00631409570960173,-0.006274161582072502,-0.006274161582072502
2011-08-04,0.01448057052125229,0.015525957274538094,0.015525957274538094
2011-08-05,-0.0070263844198361625,-0.007432007677214081,-0.007432007677214081
2011-08-08,0.002583859686826173,0.0018164824014359482,0.0018164824014359482
2011-08-09,-0.0024900277932964343,-0.0028597793140141547,-0.0028597793140141547
2011-08-10,0.0004154354426173512,0.0006020348960706912,0.0006020348960706912
2011-08-11,0.0005491819336631565,0.0005482053099274964,0.0005482053099274964
2011-08-12,-0.0009378098809031954,-0.0008960034834792907,-0.0008960034834792907
2011-08-15,-0.0103879190414089,-0.010950389231976665,-0.010950389231976665
2011-08-16,0.002353801663021571,0.002215887734329236,0.002215887734329236
2011-08-17,-0.004550263802943988,-0.0045315969899277775,-0.0045315969899277775
2011-08-18,0.007707010930420921,0.007523351687598989,0.007523351687598989
2011-08-19,-0.003170258906370016,-0.0028163149169255774,-0.0028163149169255774
2011-08-22,0.0008778861067710864,0.0008362896207492199,0.0008362896207492199
2011-08-23,-0.002432959677624247,-0.002794863055097352,-0.002794863055097352
2011-08-24,0.001595608359840739,0.0017021510648147498,0.0017021510648147498
2011-08-25,0.0036010316003700638,0.003704980357890797,0.003704980357890797
2011-08-26,-0.006279858307522979,-0.0066518045185217645,-0.0066518045185217645
2011-08-29,-0.0012607179627606158,-0.0012462242377972998,-0.0012462242377972998
2011-08-30,0.0030473995425452927,0.0029640077731718506,0.0029640077731718506
2011-08-31,0.0023098286003682134,0.0023891648616727323,0.0023891648616727323
2011-09-01,0.004872280763006387,0.005163730965526803,0.005163730965526803
2011-09-02,0.0037122701525804658,0.0037752059616877887,0.0037752059616877887
2011-09-05,0.004750856348190169,0.005117895778692372,0.005117895778692372
2011-09-06,0.011121228852715603,0.011026023920154948,0.011026023920154948
2011-09-07,-0.006406087196667798,-0.006476612602444476,-0.006476612602444476
2011-09-08,0.010269480482810955,0.010347779901017873,0.010347779901017873
2011-09-09,0.01233086962297758,0.012339729117925913,0.012339729117925913
2011-09-12,0.004988057121267708,0.004723625576387391,0.004723625576387391
2011-09-13,-0.00853096172329959,-0.008651121114041871,-0.008651121114041871
2011-09-14,-0.0011186847516624354,-0.0015857339290397121,-0.0015857339290397121
2011-09-15,-0.007734859630169844,-0.00794038466932978,-0.00794038466932978
2011-09-16,0.0046846460968250625,0.004265347301427802,0.004265347301427802
2011-09-19,0.0071157085828224,0.010933186009357776,0.0071157085828224
2011-09-20,-0.0015047740489917416,0.0012002866641109833,0.0012002866641109833
2011-09-21,0.004042189319585887,0.004260337102207856,0.004260337102207856
2011-09-22,0.014288066326571425,0.015813376239151467,0.015813376239151467
2011-09-23,0.0005861515496956571,0.0016168969214094275,0.0016168969214094275
2011-09-26,-0.0017594863780292513,-0.0020847686825034017,-0.0020847686825034017
2011-09-27,-0.010996524465281432,-0.01317726637982819,-0.01317726637982819
2011-09-28,0.004454235662912254,0.005126020287475441,0.005126020287475441
2011-09-29,0.0022581482523573726,0.0022161097255528617,0.0022161097255528617
2011-09-30,0.006705819573884497,0.005986902545997985,0.005986902545997985
2011-10-03,0.01111516406084423,0.010842055241156778,0.010842055241156778
2011-10-04,0.002087683430484155,0.002086965972632804,0.002086965972632804
2011-10-05,-0.00855439368306321,-0.00901635687602731,-0.00901635687602731
2011-10-06,-0.0036178341365404876,-0.0037482769648713443,-0.0037482769648713443
2011-10-07,0.0011692934733380511,0.000770995443818201,0.000770995443818201
2011-10-10,-0.015772955344203865,-0.017049342643634446,-0.017049342643634446
2011-10-11,0.0011735955280176569,0.00124583400286582,0.00124583400286582
2011-10-12,-0.007646612795768171,-0.008171096229064645,-0.008171096229064645
2011-10-13,2.5975712709680465e-05,0.00012940126054861167,0.00012940126054861167
2011-10-14,-0.004856179678578876,-0.004890048722080209,-0.004890048722080209
2011-10-17,0.006802437640056169,0.006751572606242817,0.006751572606242817
2011-10-18,-0.0001037048560723619,-0.00020666494519439027,-0.00020666494519439027
2011-10-19,-0.0003111791120202767,5.167024053598368e-05,5.167024053598368e-05
2011-10-20,-0.0018171439505154652,-0.002327807998348419,-0.002327807998348419
2011-10-21,-0.007550453490580367,-0.007903124377437898,-0.007903124377437898
2011-10-24,-0.004815555516086256,-0.004787765048622106,-0.004787765048622106
2011-10-25,0.0012356228979246708,0.0007733496253248262,0.0007733496253248262
2011-10-26,0.0016276387085891741,0.0019896075780660993,0.0019896075780660993
2011-10-27,-0.018091477715797666,-0.01930296790915076,-0.01930296790915076
2011-10-28,0.0025075707055943752,0.002729204833301857,0.002729204833301857
2011-10-31,0.014534120807712547,0.014387597876283742,0.014387597876283742
2011-11-01,0.014274131570066295,0.014106001124309486,0.014106001124309486
2011-11-02,-0.003163123756363184,-0.0027042605322931124,-0.0027042605322931124
2011-11-03,-0.004489593653388191,-0.00421977164263776,-0.00421977164263776
2011-11-04,0.0037752104928392427,0.003973566760058667,0.003973566760058667
2011-11-07,0.0,-0.00027219172834858085,-0.00027219172834858085
2011-11-08,-0.0048975011272816005,-0.0050685004407604595,-0.0050685004407604595
2011-11-09,0.017345366004675178,0.01828114790306934,0.01828114790306934
2011-11-10,-0.002351143571297065,-0.0024849506830904033,-0.0024849506830904033
2011-11-11,-0.010317633936050008,-0.010857337932687727,-0.010857337932687727
2011-11-14,0.008076981922070736,0.008031860538278757,0.008031860538278757
2011-11-15,0.00389859025321293,0.00396624721722727,0.00396624721722727
2011-11-16,0.0018474807677080207,0.0018429882094768146,0.0018429882094768146
2011-11-17,0.003403757652859163,0.0036121166304070584,0.0036121166304070584
2011-11-18,-0.0027886884381844723,-0.0029857624386018244,-0.0029857624386018244
2011-11-21,0.003018599923276355,0.002654450951805387,0.002654450951805387
2011-11-22,-0.0004343216347670875,-0.0003569197860677775,-0.0003569197860677775
2011-11-23,0.011117790350684942,0.011610792979260154,0.011610792979260154
2011-11-24,0.0,0.0,0.0
2011-11-25,0.006862839933493348,0.0060308509108519814,0.0060308509108519814
2011-11-28,-0.005322474486627371,-0.004960234196397906,-0.004960234196397906
2011-11-29,-0.0032349810230041243,-0.003594245515921024,-0.003594245515921024
2011-11-30,-0.007916631240318495,-0.008373451951939614,-0.008373451951939614
2011-12-01,-0.0007146868444491972,-0.0007392113716333526,-0.0007392113716333526
2011-12-02,0.0037845769688349407,0.0037922215917980395,0.0037922215917980395
2011-12-05,-0.0006997678328746204,-0.0007623791680675396,-0.0007623791680675396
2011-12-06,-0.0009040613340101089,-0.0012719249752821682,-0.0012719249752821682
2011-12-07,-0.0001783621265500912,-0.00024184874388311073,-0.00024184874388311073
2011-12-08,0.004411482074437423,0.004572481674889772,0.004572481674889772
2011-12-09,-0.002540264537278958,-0.0029316043915699197,-0.0029316043915699197
2011-12-12,0.011405861925919858,0.01136110184847361,0.01136110184847361
2011-12-13,0.008862465377130313,0.008869820269083561,0.008869820269083561
2011-12-14,0.004315095204650454,0.00413893985346192,0.00413893985346192
2011-12-15,-0.003331057706909668,-0.003491489167831041,-0.003491489167831041
2011-12-16,-0.0008095804947183538,-0.0011457750802010835,-0.0011457750802010835
2011-12-19,-7.476356027602549e-05,-0.0005235080141501314,-0.0005235080141501314
2011-12-20,-0.004596216219610483,0.0008225324491659691,-0.004596216219610483
2011-12-21,0.0017510510777976052,0.0009587668752093492,0.0009587668752093492
2011-12-22,-0.0007250634748157125,-0.0005477542214435971,-0.0005477542214435971
2011-12-23,-0.00042528175556899583,-0.0008720459996265362,-0.0008720459996265362
2011-12-26,-0.00011260486339725873,0.0,0.0
2011-12-27,-0.0015527370104013727,-0.0012595795169119128,-0.0012595795169119128
2011-12-28,0.008734006885208423,0.009290953566917004,0.009290953566917004
2011-12-29,-0.00013666039292470344,0.00034611914260729293,0.00034611914260729293
2011-12-30,-0.0038340932294333996,-0.00481934614251589,-0.00481934614251589
2012-01-02,0.0012713609011587579,0.0,0.0
2012-01-03,-0.00836824967051708,-0.007604409782699051,-0.007604409782699051
2012-01-04,0.0064855617340322524,0.006399043895241263,0.006399043895241263
2012-01-05,0.010020882911936368,0.010205748084756827,0.010205748084756827
2012-01-06,0.003921331863693922,0.00426167537849409,0.00426167537849409
2012-01-09,-0.0025014645987875284,-0.0025646545946838017,-0.0025646545946838017
2012-01-10,-0.0030397413678890928,-0.0035325504920820094,-0.0035325504920820094
2012-01-11,0.006734281351886473,0.00630552437972387,0.00630552437972387
2012-01-12,-0.007167516698288523,-0.007107315500593181,-0.007107315500593181
2012-01-13,0.009181442937412854,0.009273712724984229,0.009273712724984229
2012-01-16,0.0,0.0,0.0
2012-01-17,-0.004093504674339776,-0.004435738188362848,-0.004435738188362848
2012-01-18,-0.007083241907474225,-0.007482269223271665,-0.007482269223271665
2012-01-19,-0.004887309588179178,-0.005172842388066812,-0.005172842388066812
2012-01-20,8.726057884178573e-05,1.2436960157735655e-05,1.2436960157735655e-05
2012-01-23,-0.005499807620820363,-0.0058875060920522415,-0.0058875060920522415
2012-01-24,0.0010648227450049674,0.0011502876987279365,0.0011502876987279365
2012-01-25,-0.0036250329761706723,-0.003868718947306782,-0.003868718947306782
2012-01-26,-0.0023148449704191165,-0.002562332620916763,-0.002562332620916763
2012-01-27,-0.006228817905042483,-0.006333447024307048,-0.006333447024307048
2012-01-30,0.0033529692510194664,0.0036762657234339358,0.0036762657234339358
2012-01-31,0.0015272477803698337,0.0014491021254414704,0.0014491021254414704
2012-02-01,-0.0046267701524982385,-0.004846964364502604,-0.004846964364502604
2012-02-02,0.0008738989746417403,0.0009738022686409664,0.0009738022686409664
2012-02-03,-0.0008485578193369037,-0.0006701777486286531,-0.0006701777486286531
2012-02-06,0.0018355248740205,0.0016304042336887647,0.0016304042336887647
2012-02-07,-0.006254579684346062,-0.006474072567894673,-0.006474072567894673
2012-02-08,0.0008268826361472748,0.000749639509341371,0.000749639509341371
2012-02-09,-0.0009541560578103514,-0.0010420241625013205,-0.0010420241625013205
2012-02-10,0.006950814387739257,0.00727146947833468,0.00727146947833468
2012-02-13,-0.002125775822661602,-0.0022872172274936986,-0.0022872172274936986
2012-02-14,0.007998730558479217,0.008176990105504878,0.008176990105504878
2012-02-15,0.0011302983934919908,0.0011161485259894022,0.0011161485259894022
2012-02-16,-0.0040498615264121796,-0.004119625515046188,-0.004119625515046188
2012-02-17,-0.00021426905973775945,1.2585661156805372e-05,1.2585661156805372e-05
2012-02-20,0.0,0.0,0.0
2012-02-21,-0.0036243133595688093,-0.004035517986750392,-0.004035517986750392
2012-02-22,0.00211051861854461,0.0021080676076588034,0.0021080676076588034
2012-02-23,-0.004961093513969672,-0.005272186636351428,-0.005272186636351428
2012-02-24,-0.00594258959116889,-0.006167089933255987,-0.006167089933255987
2012-02-27,0.0027529968955111173,0.0022550796604567935,0.0022550796604567935
2012-02-28,-0.00376177591162552,-0.003544159040756334,-0.003544159040756334
2012-02-29,0.0059104687697173475,0.006289248836136352,0.006289248836136352
2012-03-01,0.0006602084975027012,0.000507524054845554,0.000507524054845554
2012-03-02,0.007762757703563494,0.007934544078760375,0.007934544078760375
2012-03-05,-0.0012980222738283587,-0.00122145494229553,-0.00122145494229553
2012-03-06,0.007112101652134051,0.007043741573176554,0.007043741573176554
2012-03-07,-0.0019300912131665626,-0.002041468812628011,-0.002041468812628011
2012-03-08,-0.007214339037553863,-0.007348625638402773,-0.007348625638402773
2012-03-09,0.011333203348393717,0.011364971663102352,0.011364971663102352
2012-03-12,-0.0018883148966590824,-0.0021375408927593043,-0.0021375408927593043
2012-03-13,0.003785540773729501,0.003709652462140056,0.003709652462140056
2012-03-14,0.004628082757851537,0.00405609404828855,0.00405609404828855
2012-03-15,-0.005164432969969823,-0.004979098117658509,-0.004979098117658509
2012-03-16,-0.004551828587440632,-0.005029096732037885,-0.005029096732037885
2012-03-19,-0.004194984737412533,-0.0002759554976554668,-0.004194984737412533
2012-03-20,0.0017730835542142387,0.0014165995210753124,0.0014165995210753124
2012-03-21,0.0008037677041823343,0.0008890503399880956,0.0008890503399880956
2012-03-22,0.000991260676049599,0.0012758454205430425,0.0012758454205430425
2012-03-23,-0.004915744650349829,-0.005289094511264025,-0.005289094511264025
2012-03-26,-0.004585454610372075,-0.005001427703762218,-0.005001427703762218
2012-03-27,0.000822633866766509,0.0005429258787037483,0.0005429258787037483
2012-03-28,0.000998906343926187,0.0009714801957576569,0.0009714801957576569
2012-03-29,0.0007579969032391887,0.0007311416219213385,0.0007311416219213385
2012-03-30,-0.002301031421753308,-0.002763495875246491,-0.002763495875246491
2012-04-02,-0.002331712329754154,-0.002213775643038929,-0.002213775643038929
2012-04-03,0.00837639054916206,0.008549647296985263,0.008549647296985263
2012-04-04,0.0037046149074262402,0.0038598957629210062,0.0038598957629210062
2012-04-05,0.0037284064860241273,0.004293512667694621,0.004293512667694621
2012-04-06,-0.0023755653136676713,-0.0025938734317891843,-0.0025938734317891843
2012-04-09,-0.0019170655981808338,-0.002074948870755655,-0.002074948870755655
2012-04-10,0.0019796528291546878,0.002237263224071029,0.002237263224071029
2012-04-11,-0.0012023597756263271,-0.001311754128041187,-0.001311754128041187
2012-04-12,-0.0064118902096188535,-0.006823824474429863,-0.006823824474429863
2012-04-13,0.007576698116722902,0.007598592082914024,0.007598592082914024
2012-04-16,-0.004177047398433942,-0.004042887593498357,-0.004042887593498357
2012-04-17,-0.0009935170689772121,-0.0013177795442338436,-0.0013177795442338436
2012-04-18,0.0007798055912289215,0.0005900779199601303,0.0005900779199601303
2012-04-19,0.0002891281549253222,0.0004141020632513204,0.0004141020632513204
2012-04-20,-0.004623484662124255,-0.004955361668244507,-0.004955361668244507
2012-04-23,0.002849687328232875,0.002807699721063983,0.002807699721063983
2012-04-24,-0.0024583201261210164,-0.0026438055963016183,-0.0026438055963016183
2012-04-25,-0.0026921659112302265,-0.0027140141756269998,-0.0027140141756269998
2012-04-26,-0.0011777296509185575,-0.0013914189656327736,-0.0013914189656327736
2012-04-27,-0.002664502807148139,-0.0030933479705064215,-0.0030933479705064215
2012-04-30,0.000850874737813534,0.0011547858267508815,0.0011547858267508815
2012-05-01,0.0011164680175204111,0.0011027805126904155,0.0011027805126904155
2012-05-02,0.003392494202824281,0.003364196019606247,0.003364196019606247
2012-05-03,0.0011240710232351958,0.0011609273579153978,0.0011609273579153978
2012-05-04,0.003490448922052636,0.0037009105686056643,0.0037009105686056643
2012-05-07,0.0013199164712229816,0.001607010929511432,0.001607010929511432
2012-05-08,0.0016944795413822433,0.0016795772417452781,0.0016795772417452781
2012-05-09,0.004279874883225787,0.004785086684833573,0.004785086684833573
2012-05-10,0.00039952058062375784,0.00031154783445863643,0.00031154783445863643
2012-05-11,0.0018955460357226173,0.0018299405707837835,0.0018299405707837835
2012-05-14,0.004251886805971772,0.004269267803031163,0.004269267803031163
2012-05-15,0.007600745991438451,0.007796348579362622,0.007796348579362622
2012-05-16,0.0018573990689843,0.0017679128505889707,0.0017679128505889707
2012-05-17,0.0001351724987461722,0.00019624196697431984,0.00019624196697431984
2012-05-18,-0.0011187952603908258,-0.0014236275446304347,-0.0014236275446304347
2012-05-21,-0.0025619563700232106,-0.0023608116414379765,-0.0023608116414379765
2012-05-22,0.005031472629506872,0.0051080661165769925,0.0051080661165769925
2012-05-23,0.007347805192451595,0.007163677871616869,0.007163677871616869
2012-05-24,0.0030770939075734915,0.003059702973462919,0.003059702973462919
2012-05-25,0.0006676823779603325,0.0004363371986082498,0.0004363371986082498
2012-05-28,0.0,0.0,0.0
2012-05-29,0.0009461312431744417,0.0007025874889263761,0.0007025874889263761
2012-05-30,0.0065016120454224335,0.006096586093399914,0.006096586093399914
2012-05-31,0.00030109417851154063,0.0005174021713960641,0.0005174021713960641
2012-06-01,-0.0018441183292035035,-0.0018783644491620066,-0.0018783644491620066
2012-06-04,-0.004025463739696811,-0.0037673469096359824,-0.0037673469096359824
2012-06-05,0.0032409843222209744,0.0030439585270549685,0.0030439585270549685
2012-06-06,-0.006103709017718728,-0.006461315221682362,-0.006461315221682362
2012-06-07,-0.0032852340159772453,-0.0033194546697536964,-0.0033194546697536964
2012-06-08,0.0055906126336067175,0.005538430850191567,0.005538430850191567
2012-06-11,4.847720966072444e-05,-0.00016958391416110885,-0.00016958391416110885
2012-06-12,-0.0011155708149868104,-0.001200021962586284,-0.001200021962586284
2012-06-13,-0.004438209873947052,-0.004765792639180866,-0.004765792639180866
2012-06-14,-0.0008290256985103994,-0.0008412326382281066,-0.0008412326382281066
2012-06-15,-0.004424948241247506,-0.004682360489223214,-0.004682360489223214
2012-06-18,0.0038881533815882108,0.0030466379043252445,0.0030466379043252445
2012-06-19,-0.006955527539794559,-0.00327949388395421,-0.006955527539794559
2012-06-20,0.0025159407236916564,0.001812393344502894,0.001812393344502894
2012-06-21,0.008628686685297815,0.009182756248109492,0.009182756248109492
2012-06-22,-0.0004132583044729188,-0.0005578124197267442,-0.0005578124197267442
2012-06-25,0.002925593729949938,0.0026649884946010616,0.0026649884946010616
2012-06-26,-0.001516355699997085,-0.0014890953774902016,-0.0014890953774902016
2012-06-27,0.0029820011187675632,0.0032779181325821583,0.0032779181325821583
2012-06-28,0.002285024418752002,0.002376114544192731,0.002376114544192731
2012-06-29,-0.014352509287112625,-0.01522243523805944,-0.01522243523805944
2012-07-02,0.0029725337948480757,0.003114297129358512,0.003114297129358512
2012-07-03,-0.0010754528937226837,-0.0016597514183640527,-0.0016597514183640527
2012-07-04,0.0,0.0,0.0
2012-07-05,0.012527883403529394,0.012984516281982827,0.012984516281982827
2012-07-06,0.0067874380559134195,0.007435335720576752,0.007435335720576752
2012-07-09,-0.0025940040245400198,-0.0025162973399837085,-0.0025162973399837085
2012-07-10,0.0028698214351638995,0.002492362442902518,0.002492362442902518
2012-07-11,0.0020123623292418458,0.002020480461637497,0.002020480461637497
2012-07-12,0.00108834110499334,0.0009669506593912303,0.0009669506593912303
2012-07-13,-0.003712401274584387,-0.00400519416590317,-0.00400519416590317
2012-07-16,-0.0030159773412616886,-0.0030715355417854084,-0.0030715355417854084
2012-07-17,-0.0007945585201021288,-0.0006010121224750975,-0.0006010121224750975
2012-07-18,0.00043347381774427873,0.00033661128927420236,0.00033661128927420236
2012-07-19,-0.0022295747134544186,-0.0025996548436317823,-0.0025996548436317823
2012-07-20,0.007153149320516583,0.0071208865138423505,0.0071208865138423505
2012-07-23,0.0027275354262314977,0.0028914876646766174,0.0028914876646766174
2012-07-24,0.003565661367339601,0.003929512081795039,0.003929512081795039
2012-07-25,-0.005742305173550122,-0.006007670674162746,-0.006007670674162746
2012-07-26,-0.008609340626366091,-0.00939346246380346,-0.00939346246380346
2012-07-27,-0.0011962518871886374,-0.0011351013149409894,-0.0011351013149409894
2012-07-30,0.0010271718032113242,0.0012437136715135466,0.0012437136715135466
2012-07-31,-0.001922275404682594,-0.0019084666798274696,-0.0019084666798274696
2012-08-01,0.005105839340863838,0.005642376080478684,0.005642376080478684
2012-08-02,0.003641415160678285,0.0032767434752392077,0.0032767434752392077
2012-08-03,-0.011898581271660547,-0.012116099681840353,-0.012116099681840353
2012-08-06,-0.001324093220097744,-0.0017238244025934435,-0.0017238244025934435
2012-08-07,-0.0006809504385314469,-0.0006563195296180879,-0.0006563195296180879
2012-08-08,0.002235669566224452,0.002295236269243439,0.002295236269243439
2012-08-09,0.00295700443298319,0.003281887789090554,0.003281887789090554
2012-08-10,-0.0010291118463081617,-0.0009556009218734118,-0.0009556009218734118
2012-08-13,-0.001430407303799619,-0.0017563308111627762,-0.0017563308111627762
2012-08-14,0.0005821074880296706,0.0004969305550917014,0.0004969305550917014
2012-08-15,0.001962114868145015,0.002227091541320725,0.002227091541320725
2012-08-16,-0.003490870322397477,-0.0035608777512754486,-0.0035608777512754486
2012-08-17,0.002897797157308979,0.002980375358541565,0.002980375358541565
2012-08-20,-0.0016964354697357464,-0.0019738083338225465,-0.0019738083338225465
2012-08-21,-0.00668036044235798,-0.007055132049437418,-0.007055132049437418
2012-08-22,-0.005153230942148035,-0.005176951537829488,-0.005176951537829488
2012-08-23,-0.001559765737331631,-0.0016947491407135473,-0.0016947491407135473
2012-08-24,0.002872013363997006,0.002994565387483661,0.002994565387483661
2012-08-27,0.0007963198196003773,0.0010778106791304864,0.0010778106791304864
2012-08-28,-0.0035331390876862656,-0.0038020061497645585,-0.0038020061497645585
2012-08-29,0.0021974118675771592,0.0022461576229977354,0.0022461576229977354
2012-08-30,0.0017397701031258705,0.001825119782463247,0.001825119782463247
2012-08-31,-0.005930072197138259,-0.006100835843042773,-0.006100835843042773
2012-09-03,0.0,0.0,0.0
2012-09-04,0.0012798426556228648,0.001230527066895526,0.001230527066895526
2012-09-05,-0.0009474183560396199,-0.00099661037710419,-0.00099661037710419
2012-09-06,-0.002403328841285912,-0.00248970966973161,-0.00248970966973161
2012-09-07,-0.009771176122472802,-0.009909113927123236,-0.009909113927123236
2012-09-10,0.0013075234259494195,0.0013576043485858946,0.0013576043485858946
2012-09-11,-0.006241672054484226,-0.006330438985694187,-0.006330438985694187
2012-09-12,-0.001503816216331444,-0.0014164042002233757,-0.0014164042002233757
2012-09-13,-0.0059748981201233065,-0.006114764900707392,-0.006114764900707392
2012-09-14,-0.0052495550922611045,-0.005010195325946931,-0.005010195325946931
2012-09-17,0.0020651609739381627,2.536719007739663e-05,2.536719007739663e-05
2012-09-18,0.0030203676466058482,0.006359502813042539,0.0030203676466058482
2012-09-19,-0.0024509816191393696,-0.0027638795178015485,-0.0027638795178015485
2012-09-20,0.004493084938155256,0.004426097197656631,0.004426097197656631
2012-09-21,-0.0010457418474842939,-0.0010070747848800465,-0.0010070747848800465
2012-09-24,0.0023922552738167013,0.002251927355182204,0.002251927355182204
2012-09-25,0.00042748476164966576,0.0003894839387115212,0.0003894839387115212
2012-09-26,0.004177204591289119,0.004261833019433503,0.004261833019433503
2012-09-27,-0.004227487432280519,-0.004462838045236062,-0.004462838045236062
2012-09-28,0.004853191369600829,0.005425500568867925,0.005425500568867925
2012-10-01,-0.0013895932981737857,-0.00145059862619501,-0.00145059862619501
2012-10-02,-0.0010027073937486364,-0.0009891135720243582,-0.0009891135720243582
2012-10-03,0.0027675352179006296,0.002926941186738752,0.002926941186738752
2012-10-04,-0.0076827855017240765,-0.007824295107528911,-0.007824295107528911
2012-10-05,-0.0002016510183908693,-0.00015106881213089451,-0.00015106881213089451
2012-10-08,0.0025554373568255073,0.0024394856486544825,0.0024394856486544825
2012-10-09,0.005153907239582978,0.0055983263610501766,0.0055983263610501766
2012-10-10,-0.00042535092091799953,-0.000649650835536697,-0.000649650835536697
2012-10-11,-0.0017784239339020402,-0.0019640104638787292,-0.0019640104638787292
2012-10-12,-0.001354724809241148,-0.0015037596818663346,-0.0015037596818663346
2012-10-15,0.0009409757985308076,0.0008273476460045615,0.0008273476460045615
2012-10-16,-0.004235084590987093,-0.004294600686159278,-0.004294600686159278
2012-10-17,-0.004910974956783498,-0.005109679745809892,-0.005109679745809892
2012-10-18,0.004432301126063187,0.004618770988335186,0.004618770988335186
2012-10-19,0.0031952124197873744,0.003305829687284323,0.003305829687284323
2012-10-22,0.0003892687447519805,0.0006021678222909443,0.0006021678222909443
2012-10-23,0.004059443768450244,0.00430495734180969,0.00430495734180969
2012-10-24,-0.0007755332179302243,-0.0008120179090109758,-0.0008120179090109758
2012-10-25,0.0016254270323683429,0.0012864308319278095,0.0012864308319278095
2012-10-26,0.00029979014914260915,0.00047418796201625923,0.00047418796201625923
2012-10-29,0.0020461641574476275,0.0020190193430948966,0.0020190193430948966
2012-10-30,-0.0037586752791627376,-0.004129633765666441,-0.004129633765666441
2012-10-31,-0.00015014075724106846,0.0,0.0
2012-11-01,0.0016003404138160704,0.0018610698401371195,0.0018610698401371195
2012-11-02,0.006797834942465997,0.006802705021781819,0.006802705021781819
2012-11-05,0.001933781019370251,0.0019811058570180506,0.0019811058570180506
2012-11-06,-0.0016856512958787206,-0.0015845705787702613,-0.0015845705787702613
2012-11-07,0.0018094841711882026,0.001881398235393128,0.001881398235393128
2012-11-08,0.000420917110305119,0.0002349260920961882,0.0002349260920961882
2012-11-09,0.0028797627104735213,0.002617543967845748,0.002617543967845748
2012-11-12,0.00011106928883908296,9.864121731251174e-05,9.864121731251174e-05
2012-11-13,0.0006044942479546123,0.0004191166561602344,0.0004191166561602344
2012-11-14,-0.00034538053877319896,-0.0004930966569336448,-0.0004930966569336448
2012-11-15,0.00027138046473940136,0.00046844759791042634,0.00046844759791042634
2012-11-16,0.0022053170609677153,0.002117601500468247,0.002117601500468247
2012-11-19,-0.004724583360784074,-0.004783282456970461,-0.004783282456970461
2012-11-20,0.001025761532432945,0.0009634269096636672,0.0009634269096636672
2012-11-21,-0.0003088535996722541,-0.0004198412074067903,-0.0004198412074067903
2012-11-22,-0.0028831122915509155,0.0,0.0
2012-11-23,-0.0063024243517944,-0.009057021502581364,-0.009057021502581364
2012-11-26,0.000735463718074314,0.00037382712177258526,0.00037382712177258526
2012-11-27,0.001879828505741088,0.002041121831753756,0.002041121831753756
2012-11-28,-0.0008212122050688109,-0.0009453677686863671,-0.0009453677686863671
2012-11-29,-0.0016444503518924236,-0.0018061451195823253,-0.0018061451195823253
2012-11-30,-0.0006360807662844081,-0.0005736662417570315,-0.0005736662417570315
2012-12-03,-0.003386762383658315,-0.0036367084790436266,-0.0036367084790436266
2012-12-04,-0.002983841838726242,-0.0029842159746547026,-0.0029842159746547026
2012-12-05,0.0016309328785464317,0.0016311375151918384,0.0016311375151918384
2012-12-06,0.0060488086847447775,0.006111869641516776,0.006111869641516776
2012-12-07,0.001867228207359517,0.0018549070084565855,0.0018549070084565855
2012-12-10,-0.000995421145304043,-0.0008959013116971448,-0.0008959013116971448
2012-12-11,-0.0033294084586890094,-0.003441743221875626,-0.003441743221875626
2012-12-12,-0.003077387402004028,-0.0030525970759285315,-0.0030525970759285315
2012-12-13,0.0014147727142752586,0.0012897330287762188,0.0012897330287762188
2012-12-14,-0.004363424431934604,-0.004427088930921919,-0.004427088930921919
2012-12-17,-0.0001508030263996929,-0.0005909236811731944,-0.0005909236811731944
2012-12-18,-0.0026301398816084287,-0.0015859034160916607,-0.0026301398816084287
2012-12-19,-0.0011347304341864373,-0.0009325772572541524,-0.0009325772572541524
2012-12-20,-0.00010092726937216412,-3.7825536024271855e-05,-3.7825536024271855e-05
2012-12-21,0.004481433499953447,0.005055914984541943,0.005055914984541943
2012-12-24,0.00031395400203848567,0.0004139046949473979,0.0004139046949473979
2012-12-25,0.00035151150306678147,0.0,0.0
2012-12-26,-0.0006152262405976217,-0.0005142710321628385,-0.0005142710321628385
2012-12-27,-1.2559579505300178e-05,0.000188178619700885,0.000188178619700885
2012-12-28,0.0007281949875439508,0.0008275655001348525,0.0008275655001348525
2012-12-31,0.0011414452436273592,0.0010773163340900282,0.0010773163340900282
2013-01-01,-0.0004137801381878248,0.0,0.0
2013-01-02,0.0013660776276749331,0.0009635901358144849,0.0009635901358144849
2013-01-03,0.006703015230073994,0.007067079137664578,0.007067079137664578
2013-01-04,0.0014544914642069529,0.0011792088255502264,0.0011792088255502264
2013-01-07,-0.0030232364167099846,-0.002994181601942536,-0.002994181601942536
2013-01-08,0.0011083369233153562,0.0009451914094311675,0.0009451914094311675
2013-01-09,0.0026351458984628096,0.0028798073551339343,0.0028798073551339343
2013-01-10,-0.010218748268440159,-0.010717014109133949,-0.010717014109133949
2013-01-11,-0.0021970994582245496,-0.0025842400913775876,-0.0025842400913775876
2013-01-14,-0.0009430937945555939,-0.0008922344780764035,-0.0008922344780764035
2013-01-15,0.003654245057952643,0.0036643868024670567,0.0036643868024670567
2013-01-16,0.0003133165839033225,0.000275540750462433,0.000275540750462433
2013-01-17,-0.0019441471633800944,-0.001792373493980648,-0.001792373493980648
2013-01-18,0.004847052104811844,0.005067990600492678,0.005067990600492678
2013-01-21,0.0,0.0,0.0
2013-01-22,-0.0020261403967332114,-0.0017865067310474103,-0.0017865067310474103
2013-01-23,0.0005757412827849251,0.0002125491527920076,0.0002125491527920076
2013-01-24,0.0003627970440556183,0.0002125039852494126,0.0002125039852494126
2013-01-25,-0.0025172684037730875,-0.0023400312253922806,-0.0023400312253922806
2013-01-28,0.0004011834966801686,0.0006011723040630912,0.0006011723040630912
2013-01-29,-0.002711117234446725,-0.0030597169808883606,-0.0030597169808883606
2013-01-30,-0.0035632257789357524,-0.0037496111877475258,-0.0037496111877475258
2013-01-31,-0.0009338247107359976,-0.0012614159803696623,-0.0012614159803696623
2013-02-01,-0.00103579828880207,-0.0011492729903990195,-0.0011492729903990195
2013-02-04,0.0054071558962967,0.005519584545223388,0.005519584545223388
2013-02-05,-0.0008299694896782839,-0.0005028094583829912,-0.0005028094583829912
2013-02-06,0.002926972298624264,0.0029378552203933594,0.0029378552203933594
2013-02-07,0.00589072010401992,0.006124100527886256,0.006124100527886256
2013-02-08,0.000673157257496726,0.0007348682861394451,0.0007348682861394451
2013-02-11,0.0007972296692706493,0.0009084969978649937,0.0009084969978649937
2013-02-12,-0.0025433885643577625,-0.0028152891184189954,-0.0028152891184189954
2013-02-13,-0.00018726942506841482,4.9897087268213625e-05,4.9897087268213625e-05
2013-02-14,0.004571820929919035,0.004617163860333839,0.004617163860333839
2013-02-15,0.001515170622337969,0.00047171568832826694,0.00047171568832826694
2013-02-18,0.0005831012466170904,0.0,0.0
2013-02-19,-0.001973991143493059,-0.0003848039719533958,-0.0003848039719533958
2013-02-20,0.00744105403809403,0.007544871907104955,0.007544871907104955
2013-02-21,0.0048237342041614895,0.0048676850505025016,0.0048676850505025016
2013-02-22,0.00025775884961287687,0.0004168301354976478,0.0004168301354976478
2013-02-25,0.002304600411990876,0.0023506089348295234,0.0023506089348295234
2013-02-26,0.0024458860181724162,0.0019912416408622846,0.0019912416408622846
2013-02-27,-0.0032788519147342043,-0.0032760462520116107,-0.0032760462520116107
2013-02-28,0.0042433310792260315,0.004044606094164571,0.004044606094164571
2013-03-01,0.004431951343743634,0.004319766271026815,0.004319766271026815
2013-03-04,-0.0014345809351183902,-0.001251420160521377,-0.001251420160521377
2013-03-05,-0.00131481252430099,-0.0013138528185292486,-0.0013138528185292486
2013-03-06,0.004521539676123787,0.004372812973199913,0.004372812973199913
2013-03-07,-0.004594635529184821,-0.00466501483806514,-0.00466501483806514
2013-03-08,0.007464668682071185,0.007376257254646745,0.007376257254646745
2013-03-11,-0.0014884826883401203,-0.0018268601846918031,-0.0018268601846918031
2013-03-12,0.00013320658544557773,0.00018162554915956974,0.00018162554915956974
2013-03-13,0.0036864061859276376,0.0037100412954833573,0.0037100412954833573
2013-03-14,-0.003420046235203422,-0.003371095172566285,-0.003371095172566285
2013-03-15,-0.004185197808917351,-0.004451756816871821,-0.004451756816871821
2013-03-18,0.005249928702002471,0.0038585256875292018,0.0038585256875292018
2013-03-19,0.003561020886125199,0.007684689625770957,0.003561020886125199
2013-03-20,-0.002533662858215102,-0.003165645190855493,-0.003165645190855493
2013-03-21,-0.00047124500174255957,-0.000518531482257778,-0.000518531482257778
2013-03-22,-0.004409028678815652,-0.004545627228162097,-0.004545627228162097
2013-03-25,0.005472036123328472,0.0056306182930088156,0.0056306182930088156
2013-03-26,0.0006396755976707524,0.000638388872761908,0.000638388872761908
2013-03-27,0.004093875749376252,0.00436144126085658,0.00436144126085658
2013-03-28,-0.0027073059606204097,-0.0028333732472605178,-0.0028333732472605178
2013-03-29,-0.00024100450795128125,0.0,0.0
2013-04-01,-0.002932854270836671,-0.0033238225622227446,-0.0033238225622227446
2013-04-02,0.002305970585449124,0.0023254283301206158,0.0023254283301206158
2013-04-03,-0.0024872931527486486,-0.002783922546647055,-0.002783922546647055
2013-04-04,-0.0004957828330942604,-0.0007968320313436195,-0.0007968320313436195
2013-04-05,-0.002191642368301494,-0.00232167361446578,-0.00232167361446578
2013-04-08,0.0030983758326703636,0.003215048215123417,0.003215048215123417
2013-04-09,-0.005367725430720505,-0.00550572229892321,-0.00550572229892321
2013-04-10,0.0027056392043114386,0.002665892713570095,0.002665892713570095
2013-04-11,-0.0034591821068339357,-0.0037463898473246715,-0.0037463898473246715
2013-04-12,0.0007778412866814577,0.0009834215360564613,0.0009834215360564613
2013-04-15,0.0012869702130853256,0.001224888427570292,0.001224888427570292
2013-04-16,-0.008138149029272235,-0.008324760545107779,-0.008324760545107779
2013-04-17,0.011372535650346016,0.01176098215029242,0.01176098215029242
2013-04-18,-0.001512923680193623,-0.0013295302673981269,-0.0013295302673981269
2013-04-19,0.001875685023486895,0.0019936331190733014,0.0019936331190733014
2013-04-22,-0.00045951993069337504,-0.0002655882191024972,-0.0002655882191024972
2013-04-23,0.004489399541355077,0.004361189973726809,0.004361189973726809
2013-04-24,0.0,-0.001925252682373646,-0.001925252682373646
2013-04-25,-0.0036672498154421973,-0.0022427752277813795,-0.0022427752277813795
2013-04-26,-0.0029289686044675634,-0.0032525072352074247,-0.0032525072352074247
2013-04-29,-0.00431221021818029,-0.004478896625790263,-0.004478896625790263
2013-04-30,-0.004893446336195595,-0.00481681814685242,-0.00481681814685242
2013-05-01,-0.003210196961347833,-0.003489892049292287,-0.003489892049292287
2013-05-02,0.009040548294562356,0.009279449262657558,0.009279449262657558
2013-05-03,-0.0012047534450987385,-0.0010578987714247035,-0.0010578987714247035
2013-05-06,0.0023108742952100414,0.002223938014436655,0.002223938014436655
2013-05-07,-0.0007534879555359808,-0.000522120305948448,-0.000522120305948448
2013-05-08,-0.004349713526979215,-0.004674782992036164,-0.004674782992036164
2013-05-09,0.010893367137145837,0.011211940828100175,0.011211940828100175
2013-05-10,0.004218500133091219,0.004286426078273564,0.004286426078273564
2013-05-13,0.0016103837154055611,0.0016086824281220657,0.0016086824281220657
2013-05-14,0.0038113090864975163,0.0041657250295621395,0.0041657250295621395
2013-05-15,0.0028072289601563938,0.002958123273058888,0.002958123273058888
2013-05-16,-0.002890969531915033,-0.002850618868261101,-0.002850618868261101
2013-05-17,0.007912338705261313,0.007911574855512526,0.007911574855512526
2013-05-20,-0.00614331527052947,-0.00647928605225534,-0.00647928605225534
2013-05-21,0.0015274465976888862,0.0013468657613939783,0.0013468657613939783
2013-05-22,0.005802080289715406,0.00598526850004788,0.00598526850004788
2013-05-23,-0.00656551195195032,-0.007797403141558412,-0.007797403141558412
2013-05-24,-0.001194029992607426,-0.0005371178386601727,-0.0005371178386601727
2013-05-27,0.0,0.0,0.0
2013-05-28,0.004767589483472889,0.0049306358451151056,0.0049306358451151056
2013-05-29,-0.005245600964849828,-0.005563611508629052,-0.005563611508629052
2013-05-30,-0.007414462108087605,-0.007651201789520279,-0.007651201789520279
2013-05-31,0.004002000329823119,0.0040127886222620646,0.0040127886222620646
2013-06-03,-0.008661087322358263,-0.008585810980408226,-0.008585810980408226
2013-06-04,0.0013661782387872634,0.0013777269687871296,0.0013777269687871296
2013-06-05,-0.0021165564888230293,-0.0022972672634660185,-0.0022972672634660185
2013-06-06,-0.01288013370776575,-0.013098043469774723,-0.013098043469774723
2013-06-07,0.0016175879414053185,0.0015073809358012724,0.0015073809358012724
2013-06-10,-0.0002816642703011851,-0.00011021915252662495,-0.00011021915252662495
2013-06-11,-0.006549584420435295,-0.006647808656649268,-0.006647808656649268
2013-06-12,-0.0020486246829154453,-0.0020239923975182705,-0.0020239923975182705
2013-06-13,-0.0024118899254750303,-0.00252337969727634,-0.00252337969727634
2013-06-14,-0.0010159706490240339,-0.0011400814162412232,-0.0011400814162412232
2013-06-17,0.0014493025446986607,0.0010286090519828761,0.0010286090519828761
2013-06-18,-0.002168539688338633,0.00019816450195531132,-0.002168539688338633
2013-06-19,0.010071672399557308,0.010422407457741478,0.010422407457741478
2013-06-20,0.005962930067426875,0.006121308616711119,0.006121308616711119
2013-06-21,0.004907671525970159,0.005115038519516446,0.005115038519516446
2013-06-24,0.0012989931595974724,0.001404783761143058,0.001404783761143058
2013-06-25,0.0018908408964355417,0.0020189449109455637,0.0020189449109455637
2013-06-26,0.004783831106996317,0.005155768281121631,0.005155768281121631
2013-06-27,-0.0009042736586390987,-0.0009135714062491473,-0.0009135714062491473
2013-06-28,0.002818633745547139,0.00269023990077244,0.00269023990077244
2013-07-01,-0.000986822391894293,-0.00147633391955182,-0.00147633391955182
2013-07-02,0.005882440521006949,0.006119156666598791,0.006119156666598791
2013-07-03,-0.0037535645929471784,-0.003743687654372607,-0.003743687654372607
2013-07-04,0.0,0.0,0.0
2013-07-05,0.014527927273171315,0.014726089834749878,0.014726089834749878
2013-07-08,-0.0030360194570526744,-0.0032524584711515203,-0.0032524584711515203
2013-07-09,0.004586049643924284,0.004338196466521893,0.004338196466521893
2013-07-10,-0.00639305704266846,-0.006472820871784357,-0.006472820871784357
2013-07-11,-0.015529100281418629,-0.01578265355180708,-0.01578265355180708
2013-07-12,0.0029203443106373683,0.0029865507091368926,0.0029865507091368926
2013-07-15,0.0006625269017455082,0.0003967323731552952,0.0003967323731552952
2013-07-16,-0.006584495310097971,-0.0067417476288191835,-0.0067417476288191835
2013-07-17,0.0025422819159830468,0.0024535144078488003,0.0024535144078488003
2013-07-18,0.0013894680573640628,0.001387255567935064,0.001387255567935064
2013-07-19,-0.00261137789696253,-0.0029456880281273357,-0.0029456880281273357
2013-07-22,-0.004708003794034354,-0.004774956354152593,-0.004774956354152593
2013-07-23,-0.0033381283891005253,-0.003370714508858619,-0.003370714508858619
2013-07-24,0.00421345517284788,0.00437850371124604,0.00437850371124604
2013-07-25,-0.003908419023699317,-0.004220056976441455,-0.004220056976441455
2013-07-26,-0.0038257791412279474,-0.003528331001254159,-0.003528331001254159
2013-07-29,7.34753857791759e-05,-1.223039620334987e-05,-1.223039620334987e-05
2013-07-30,0.0020306810980850187,0.0019061356439138422,0.0019061356439138422
2013-07-31,-0.004617814319306746,-0.004649520789084427,-0.004649520789084427
2013-08-01,0.010794546411065475,0.01083161974992386,0.01083161974992386
2013-08-02,-0.005211769913019637,-0.005462134561875054,-0.005462134561875054
2013-08-05,-0.0004029722308978023,-0.000512463864210666,-0.000512463864210666
2013-08-06,-0.0033276679552782795,-0.00339866092394292,-0.00339866092394292
2013-08-07,-0.003879923831012988,-0.004110914422918555,-0.004110914422918555
2013-08-08,-0.003820938435580068,-0.0036464469107739816,-0.0036464469107739816
2013-08-09,0.0018383378711313014,0.0017632883105251906,0.0017632883105251906
2013-08-12,0.0025483366513618932,0.002510090893658834,0.002510090893658834
2013-08-13,0.005334130770736856,0.005404789214115802,0.005404789214115802
2013-08-14,-0.0006973373009353523,-0.0006969365641911196,-0.0006969365641911196
2013-08-15,-0.006507402085956571,-0.0067622139680851845,-0.0067622139680851845
2013-08-16,0.0009357417050885886,0.001058461637281738,0.001058461637281738
2013-08-19,-0.0003815783851379706,-0.0004060214262837647,-0.0004060214262837647
2013-08-20,-0.003947406008934173,-0.004019882843983247,-0.004019882843983247
2013-08-21,0.0037873459244996965,0.0035644505755056954,0.0035644505755056954
2013-08-22,0.0033804372668493343,0.0037848577322669996,0.0037848577322669996
2013-08-23,-0.0015597274253646987,-0.0017063279429612166,-0.0017063279429612166
2013-08-26,0.0005652216802403132,0.0006018436248069747,0.0006018436248069747
2013-08-27,-0.002964824128682153,-0.002963584537583941,-0.002963584537583941
2013-08-28,0.0032595956215004662,0.0032582329872861138,0.0032582329872861138
2013-08-29,0.006328863877009816,0.006582351805960229,0.006582351805960229
2013-08-30,0.0016947606702206741,0.001693624944107519,0.001693624944107519
2013-09-02,0.0,0.0,0.0
2013-09-03,0.003332363465120558,0.0031481158591306624,0.0031481158591306624
2013-09-04,-0.0023339219249391974,-0.002381445301276486,-0.002381445301276486
2013-09-05,0.0056310145029137,0.005616458936219537,0.005616458936219537
2013-09-06,-0.0059109646005941485,-0.0060788247975214205,-0.0060788247975214205
2013-09-09,-0.004306486504812135,-0.004525418943970294,-0.004525418943970294
2013-09-10,0.0003422690023269226,0.0002811478183728511,0.0002811478183728511
2013-09-11,-0.0037100796204017072,-0.0036365680056995586,-0.0036365680056995586
2013-09-12,-0.00035581294430198085,-0.0003803377690569931,-0.0003803377690569931
2013-09-13,-0.00045415212421673345,-0.0005278048962900073,-0.0005278048962900073
2013-09-16,-0.0019293756407501306,-0.004627131071340607,-0.004627131071340607
2013-09-17,-0.0018714838198494732,0.0027468653139646193,-0.0018714838198494732
2013-09-18,-0.011228275109421482,-0.011480869880529987,-0.011480869880529987
2013-09-19,0.001681101704058996,0.0014050621844408084,0.0014050621844408084
2013-09-20,0.0007338171880819644,0.0008569885452054393,0.0008569885452054393
2013-09-23,0.00022376926995448798,0.0002730883830279751,0.0002730883830279751
2013-09-24,0.001416043761325092,0.0014758685807523264,0.0014758685807523264
2013-09-25,-0.002846543498369769,-0.0030657927732304913,-0.0030657927732304913
2013-09-26,0.0023499143583798343,0.0024211433410084027,0.0024211433410084027
2013-09-27,-0.0029351429566508713,-0.0032419368207410315,-0.0032419368207410315
2013-09-30,-0.0008223889615441848,-0.0006720597639393588,-0.0006720597639393588
2013-10-01,-0.0009977426901217612,-0.0009092438333873076,-0.0009092438333873076
2013-10-02,-0.0030117305211323497,-0.0032576367902352743,-0.0032576367902352743
2013-10-03,-0.0018916503708439336,-0.0017893457397226697,-0.0017893457397226697
2013-10-04,0.00466627064083891,0.004673080861739898,0.004673080861739898
2013-10-07,-0.002261610455251528,-0.0024212784690851308,-0.0024212784690851308
2013-10-08,0.0014874909774551526,0.0013236930465838626,0.0013236930465838626
2013-10-09,0.003939270595585853,0.004159460037452156,0.004159460037452156
2013-10-10,0.0005099724601018707,0.0006336072964998607,0.0006336072964998607
2013-10-11,-0.0006841689791006189,-0.0008076089623827443,-0.0008076089623827443
2013-10-14,-0.0012326849809927154,-0.0017541354186558777,-0.0017541354186558777
2013-10-15,0.002724814277261345,0.0031080635691882463,0.0031080635691882463
2013-10-16,-0.00014911277924145594,2.4825600160482963e-05,2.4825600160482963e-05
2013-10-17,-0.010254962808606827,-0.010544079819103658,-0.010544079819103658
2013-10-18,6.277345689209568e-05,0.00011289159283212058,0.00011289159283212058
2013-10-21,0.0005145937646888754,0.00030098195589545185,0.00030098195589545185
2013-10-22,-0.005851833593864875,-0.005797263486984505,-0.005797263486984505
2013-10-23,0.000429038329798459,0.0004917443784906439,0.0004917443784906439
2013-10-24,-0.0009971663632599714,-0.0010594423784091589,-0.0010594423784091589
2013-10-25,0.00011365143118347021,1.2619013067372009e-05,1.2619013067372009e-05
2013-10-28,0.0006563999225832617,0.0007568495239933526,0.0007568495239933526
2013-10-29,0.004545090384905137,0.004579315570825138,0.004579315570825138
2013-10-30,0.002133213678497725,0.0020939527546701697,0.0020939527546701697
2013-10-31,0.00522592642848263,0.005321686513076962,0.005321686513076962
2013-11-01,0.006475652014295896,0.00679197758533423,0.00679197758533423
2013-11-04,-0.002021467926334175,-0.0021059159222973634,-0.0021059159222973634
2013-11-05,0.0018975690771965148,0.0018212571705227276,0.0018212571705227276
2013-11-06,-0.002766939955868075,-0.002826226268560106,-0.002826226268560106
2013-11-07,0.004487759193145813,0.00365522390946893,0.00365522390946893
2013-11-08,0.00564917505018947,0.006570495960072087,0.006570495960072087
2013-11-11,-0.002610935384723234,-0.002300307926930145,-0.002300307926930145
2013-11-12,0.0012447392892731557,0.0006401891238763113,0.0006401891238763113
2013-11-13,-0.003281563289766254,-0.0033161801894427967,-0.0033161801894427967
2013-11-14,0.0011979081266249025,0.0012710637304760297,0.0012710637304760297
2013-11-15,-0.002149847620548151,-0.002321217952548693,-0.002321217952548693
2013-11-18,-0.00029689375133035156,-0.0008904059355074878,-0.0008904059355074878
2013-11-19,-0.0014981832690423857,-0.0010150400079274036,-0.0010150400079274036
2013-11-20,0.00504277530782371,0.00528670417816457,0.00528670417816457
2013-11-21,-0.0004809322779752989,-0.0006778032042307203,-0.0006778032042307203
2013-11-22,-0.004512280419871395,-0.0046336709230327955,-0.0046336709230327955
2013-11-25,0.0026233093471130786,0.002733374201132399,0.002733374201132399
2013-11-26,-0.003825895672223467,-0.004022257760398773,-0.004022257760398773
2013-11-27,0.001376036118024615,0.0013508072816454941,0.0013508072816454941
2013-11-28,-0.001735853235553364,0.0,0.0
2013-11-29,0.0012154135762187934,-0.0011152141127581672,-0.0011152141127581672
2013-12-02,0.0030320867262965123,0.0035272532068386653,0.0035272532068386653
2013-12-03,-0.004135819065467672,-0.004010899162630643,-0.004010899162630643
2013-12-04,0.0003473729952432336,0.00012403408472483335,0.00012403408472483335
2013-12-05,-0.004774525090760484,-0.0048113775378269,-0.0048113775378269
2013-12-06,0.000996574358406832,0.0009217968215438077,0.0009217968215438077
2013-12-09,-0.0022561695838394513,-0.0021812978017310414,-0.0021812978017310414
2013-12-10,-0.0020986890901051325,-0.002198571814502337,-0.002198571814502337
2013-12-11,-0.0009007882505756015,-0.0009258448995455026,-0.0009258448995455026
2013-12-12,0.0038975689564901828,0.003972572027196364,0.003972572027196364
2013-12-13,9.973818734110296e-05,0.0001495998207596827,0.0001495998207596827
2013-12-16,-0.0017468561040248076,-0.0021838838118490855,-0.0021838838118490855
2013-12-17,-0.00016236300657013203,0.0021090866989830204,-0.00016236300657013203
2013-12-18,0.0005494299802313307,0.0004237763521430793,0.0004237763521430793
2013-12-19,0.006532514598253769,0.006706600064958046,0.006706600064958046
2013-12-20,-0.0006823609954293985,-0.0004704775433763686,-0.0004704775433763686
2013-12-23,-0.0015898452007947483,-0.0016484167161374685,-0.0016484167161374685
2013-12-24,0.0011057069264150954,0.0007067970608769514,0.0007067970608769514
2013-12-25,0.000273132458525005,0.0,0.0
2013-12-26,-0.0009190149800462066,-0.0002603407999730578,-0.0002603407999730578
2013-12-27,-0.0011437381589436413,-0.0014268789139784133,-0.0014268789139784133
2013-12-30,-0.0048880340727759375,-0.005178649691329973,-0.005178649691329973
2013-12-31,0.0004374043247796777,0.0008358753161168408,0.0008358753161168408
2014-01-01,0.0009116852445165691,0.0,0.0
2014-01-02,0.006495064453753585,0.007442091287801489,0.007442091287801489
2014-01-03,0.0019947844876080367,0.0020650050925734575,0.0020650050925734575
2014-01-06,-0.0017219704087096943,-0.0018422245428695305,-0.0018422245428695305
2014-01-07,0.0022416952137565005,0.002150990408169129,0.002150990408169129
2014-01-08,0.002335424743180603,0.002244946731097208,0.002244946731097208
2014-01-09,-0.00020984157038483886,-0.00033272334361189593,-0.00033272334361189593
2014-01-10,-0.004292887462210793,-0.004706937511866904,-0.004706937511866904
2014-01-13,-0.0017993316306403884,-0.0017723798523121559,-0.0017723798523121559
2014-01-14,0.0018489225059292735,0.0017971461206558459,0.0017971461206558459
2014-01-15,0.004514847887099549,0.004793091325717036,0.004793091325717036
2014-01-16,-0.0014450066428111086,-0.0015169737438700537,-0.0015169737438700537
2014-01-17,0.0038856557354156607,0.004199953212573604,0.004199953212573604
2014-01-20,0.0,0.0,0.0
2014-01-21,-0.0015647816503356893,-0.0016729405825639532,-0.0016729405825639532
2014-01-22,0.0008504607174542045,0.0009721223178518201,0.0009721223178518201
2014-01-23,-0.009022059279040207,-0.009639820060423077,-0.009639820060423077
2014-01-24,0.0002486077976211476,0.00019867631967773747,0.00019867631967773747
2014-01-27,0.0008199674957189984,0.0008811502683023775,0.0008811502683023775
2014-01-28,0.0005462717092612479,0.0005580737918373657,0.0005580737918373657
2014-01-29,-0.0007822540489419438,-0.0009427058835802526,-0.0009427058835802526
2014-01-30,0.0071786928744357326,0.007566146841552879,0.007566146841552879
2014-01-31,0.0027833215830384006,0.0025830908111670325,0.0025830908111670325
2014-02-03,-0.003721049143208255,-0.003605869283966001,-0.003605869283966001
2014-02-04,0.0013816075718970922,0.0014045119166681275,0.0014045119166681275
2014-02-05,-0.0010483668023590909,-0.0011702895646212852,-0.0011702895646212852
2014-02-06,-0.0016055134298058604,-0.0015666347086638055,-0.0015666347086638055
2014-02-07,-0.002660942057847393,-0.0030168173226687856,-0.0030168173226687856
2014-02-10,-0.0006074392902464254,-0.0003839365932538641,-0.0003839365932538641
2014-02-11,-4.960317461311092e-05,-0.0002849514672593756,-0.0002849514672593756
2014-02-12,0.0005083159354910549,0.00045836044037006474,0.00045836044037006474
2014-02-13,-0.004422312520171445,-0.00450599388272277,-0.00450599388272277
2014-02-14,-0.0023308145340488196,-0.002478871701655727,-0.002478871701655727
2014-02-17,0.0,0.0,0.0
2014-02-18,-0.0015985616352489629,-0.0016601657737220776,-0.0016601657737220776
2014-02-19,0.0016983869410465147,0.0017474666187249355,0.0017474666187249355
2014-02-20,0.0017702429356454275,0.0016199178630564859,0.0016199178630564859
2014-02-21,-0.000610504432659198,-0.0005729017630198285,-0.0005729017630198285
2014-02-24,-0.0004737091514455116,-0.0005607651475649789,-0.0005607651475649789
2014-02-25,-0.0007733759491346248,-0.0007481763551195897,-0.0007481763551195897
2014-02-26,0.00363713764931628,0.003710440793505576,0.003710440793505576
2014-02-27,-0.0017920036653356064,-0.001953113472229262,-0.001953113472229262
2014-02-28,-0.007426148044799241,-0.007323842617483756,-0.007323842617483756
2014-03-03,0.004832015810915635,0.0046305069909973184,0.0046305069909973184
2014-03-04,0.0011357609882640674,0.0011605199932329668,0.0011605199932329668
2014-03-05,-0.0007362254430143267,-0.0008234560664925894,-0.0008234560664925894
2014-03-06,-0.005582970213403371,-0.005657723719859398,-0.005657723719859398
2014-03-07,0.00070271426264501,0.0007152402947534497,0.0007152402947534497
2014-03-10,0.0006144701642361028,0.0005893749661174397,0.0005893749661174397
2014-03-11,-0.0004012438613365532,-0.00042632160340705383,-0.00042632160340705383
2014-03-12,-0.0016065873522936869,-0.0015438009429615818,-0.0015438009429615818
2014-03-13,0.0001507272593102016,0.0001758374261928708,0.0001758374261928708
2014-03-14,-0.0021877719864971112,-0.002363829496812464,-0.002363829496812464
2014-03-17,-0.0007681120561997545,-0.0016000104201427945,-0.0016000104201427945
2014-03-18,0.0003652415987804858,0.0029334949115602527,0.0003652415987804858
2014-03-19,0.007289457592420057,0.007377426572741541,0.007377426572741541
2014-03-20,0.0024596265529277517,0.0027416738881589353,0.0027416738881589353
2014-03-21,-0.0010854851749257932,-0.0011456038709178884,-0.0011456038709178884
2014-03-24,-0.002136979924583393,-0.0022701768512467524,-0.0022701768512467524
2014-03-25,0.00012509538539440257,0.00011238270067437384,0.00011238270067437384
2014-03-26,0.0011001651357203102,0.0010108763660579,0.0010108763660579
2014-03-27,0.000986618290006902,0.0010347773347145761,0.0010347773347145761
2014-03-28,0.0008110452321536954,0.001033707677343898,0.001033707677343898
2014-03-31,-0.0009483641430554357,-0.001008786490595881,-0.001008786490595881
2014-04-01,-7.49091726630624e-05,-6.23041314069539e-05,-6.23041314069539e-05
2014-04-02,0.0015095849013881946,0.0015315559490103325,0.0015315559490103325
2014-04-03,0.0032360473818329183,0.0033289475007522995,0.0033289475007522995
2014-04-04,-0.0006463722583305298,-0.0008560210433961046,-0.0008560210433961046
2014-04-07,-0.0023777671406337575,-0.002684465278629311,-0.002684465278629311
2014-04-08,-0.006000618065504781,-0.006492313209368383,-0.006492313209368383
2014-04-09,-0.0033660761768325997,-0.0035385385882182874,-0.0035385385882182874
2014-04-10,-0.0012715040078488116,-0.00129557322072138,-0.00129557322072138
2014-04-11,0.0008688261949876264,0.0009183950121212092,0.0009183950121212092
2014-04-14,0.0034803183746747735,0.0035398711396759097,0.0035398711396759097
2014-04-15,0.0009277136287053622,0.0010394946237317626,0.0010394946237317626
2014-04-16,0.0,-6.258958135951787e-05,-6.258958135951787e-05
2014-04-17,0.0003132223716502125,0.0002503348241331693,0.0002503348241331693
2014-04-18,0.0002379834049115459,0.0,0.0
2014-04-21,0.0012265947267326993,0.0015881653779272753,0.0015881653779272753
2014-04-22,-0.0005004692003112154,-0.00043743165827958563,-0.00043743165827958563
2014-04-23,-0.0006259389287999184,-0.0007503283038197139,-0.0007503283038197139
2014-04-24,-0.0007015170593476228,-0.0007258529089995136,-0.0007258529089995136
2014-04-25,-0.0006267706475400203,-0.0007389085780324933,-0.0007389085780324933
2014-04-28,-0.0008279392313985667,-0.0007018423649416405,-0.0007018423649416405
2014-04-29,0.0015674868875850123,0.0014908266825406358,0.0014908266825406358
2014-04-30,-0.004193825913001881,-0.004378570851588215,-0.004378570851588215
2014-05-01,0.000666662498511883,0.0005907825526456634,0.0005907825526456634
2014-05-02,-0.0001383273708066568,-0.00020107828296556107,-0.00020107828296556107
2014-05-05,-0.000377353748455711,-0.0004148516964708193,-0.0004148516964708193
2014-05-06,-0.004956530241396528,-0.005092790353917742,-0.005092790353917742
2014-05-07,0.0013771757443707955,0.0014775621653999593,0.0014775621653999593
2014-05-08,0.002005512676886312,0.002004476072205108,0.002004476072205108
2014-05-09,0.006806335297348198,0.007015458954392706,0.007015458954392706
2014-05-12,-2.503066256309694e-05,5.002313571011996e-05,5.002313571011996e-05
2014-05-13,0.0030241706585236727,0.0030965575567902803,0.0030965575567902803
2014-05-14,-0.0008738203981382142,-0.0009728840540850214,-0.0009728840540850214
2014-05-15,-0.0008745846280762137,-0.0008863976010928809,-0.0008863976010928809
2014-05-16,0.0004998563017242219,0.000536926173065666,0.000536926173065666
2014-05-19,-0.0006248594269644414,-0.0007367862716627371,-0.0007367862716627371
2014-05-20,0.0005998725450764297,0.000562004748121403,0.000562004748121403
2014-05-21,0.0006744267628366885,0.0007114195615915975,0.0007114195615915975
2014-05-22,0.0019831748512562086,0.0019320064592989183,0.0019320064592989183
2014-05-23,0.0017305027132517026,0.0018039879235312029,0.0018039879235312029
2014-05-26,0.0,0.0,0.0
2014-05-27,-0.0005101247427798938,-0.000559510132403851,-0.000559510132403851
2014-05-28,0.0027218003044877648,0.0026703943830312937,0.0026703943830312937
2014-05-29,-0.0009561357944445348,-0.0009928022657117452,-0.0009928022657117452
2014-05-30,-0.001554117791650711,-0.0016900292321579968,-0.0016900292321579968
2014-06-02,0.003415876573897414,0.0035507256692648426,0.0035507256692648426
2014-06-03,-0.0011166392802834935,-0.0012028547546290014,-0.0012028547546290014
2014-06-04,0.0013522149228517577,0.0014011248487140193,0.0014011248487140193
2014-06-05,-0.0036265673091611106,-0.003761433032871686,-0.003761433032871686
2014-06-06,0.00047269561770857393,0.00029845178359888536,0.00029845178359888536
2014-06-09,0.0030298914289517143,0.0031655613645611425,0.0031655613645611425
2014-06-10,0.0020684580027952038,0.002030608394243849,0.002030608394243849
2014-06-11,-0.0003960200041852602,-0.00045776500134397935,-0.00045776500134397935
2014-06-12,-0.00262760122426009,-0.00271377312626786,-0.00271377312626786
2014-06-13,0.0,0.0008186250038546561,0.0008186250038546561
2014-06-16,-0.0013039673496297866,-0.002333607473949506,-0.002333607473949506
2014-06-17,0.001961515216130749,0.0030772309373121587,0.001961515216130749
2014-06-18,-0.0005582676480031523,-0.0005700618547548331,-0.0005700618547548331
2014-06-19,-0.0033188139921209725,-0.0034023352453775857,-0.0034023352453775857
2014-06-20,0.0006845521740475036,0.0005595727497311742,0.0005595727497311742
2014-06-23,-0.0012449890804093755,-0.0012812620316173806,-0.0012812620316173806
2014-06-24,0.0006849357984819449,0.0006843732963357496,0.0006843732963357496
2014-06-25,-0.0012706165444580364,-0.0015934472865772875,-0.0015934472865772875
2014-06-26,-6.232665401384452e-05,0.00017440701658788527,0.00017440701658788527
2014-06-27,-0.002258844457545095,-0.0024070101728179694,-0.0024070101728179694
2014-06-30,-0.0033038437200545445,-0.0034397177075504715,-0.0034397177075504715
2014-07-01,0.0005012845521346065,0.0004259157252333168,0.0004259157252333168
2014-07-02,0.0017650266519586566,0.0017518618007290598,0.0017518618007290598
2014-07-03,0.003196646246387047,0.0036938631595893057,0.0036938631595893057
2014-07-04,0.0007103644966930389,0.0,0.0
2014-07-07,-0.0006355655189116405,-0.00017440267129487097,-0.00017440267129487097
2014-07-08,-0.00048629339412276096,-0.0005732515983707387,-0.0005732515983707387
2014-07-09,-0.002322504352912702,-0.002233829073885474,-0.002233829073885474
2014-07-10,0.0016737450822201794,0.0015978831452629905,0.0015978831452629905
2014-07-11,0.0007485310428467784,0.0007356654675021446,0.0007356654675021446
2014-07-14,1.2470771629580213e-05,1.24642432020039e-05,1.24642432020039e-05
2014-07-15,0.0025159125976390584,0.0026886421135490224,0.0026886421135490224
2014-07-16,0.0021000448851520304,0.0022226232368227627,0.0022226232368227627
2014-07-17,-0.0006705409281195784,-0.000682403326831782,-0.000682403326831782
2014-07-18,0.00023598233968069593,0.0003102410597897176,0.0003102410597897176
2014-07-21,0.00044697177372476915,0.00039696816092416043,0.00039696816092416043
2014-07-22,0.0027395409501442813,0.002947516561923713,0.002947516561923713
2014-07-23,0.000519789125833725,0.0006181233971069844,0.0006181233971069844
2014-07-24,0.0006060793654709684,0.0005806878224907663,0.0005806878224907663
2014-07-25,0.001939457436494152,0.002011266232914366,0.002011266232914366
2014-07-28,-4.936626063933858e-05,-3.698065295942854e-05,-3.698065295942854e-05
2014-07-29,0.002329897071574827,0.0023763070091167293,0.0023763070091167293
2014-07-30,0.002680670050852818,0.00246881861675341,0.00246881861675341
2014-07-31,0.0002946810099420105,8.58690252556471e-05,8.58690252556471e-05
2014-08-01,-0.0018923806627944018,-0.0017925112227459294,-0.0017925112227459294
2014-08-04,0.0003197442073608059,0.0003440183838030464,0.0003440183838030464
2014-08-05,0.0,0.0025273606229205825,0.0025273606229205825
2014-08-06,0.0014253068050749107,-0.001275150677327197,-0.001275150677327197
2014-08-07,0.0009817879145108677,0.0012016284735878457,0.0012016284735878457
2014-08-08,-0.0016573266823485255,-0.0018520908770920386,-0.0018520908770920386
2014-08-11,0.0009456265480070059,0.0009939321876739626,0.0009939321876739626
2014-08-12,0.0004172649570257647,0.00024526335275254496,0.00024526335275254496
2014-08-13,0.0011772209139007117,0.0012499082577175358,0.0012499082577175358
2014-08-14,-9.804882839503648e-05,-0.0001224709745315522,-0.0001224709745315522
2014-08-15,-0.002012122485846035,-0.002182496758815766,-0.002182496758815766
2014-08-18,0.0018650312154475657,0.001986511996003415,0.001986511996003415
2014-08-19,0.0037562980438519133,0.0037415675068812604,0.0037415675068812604
2014-08-20,0.004180154646682865,0.004177405491508246,0.004177405491508246
2014-08-21,-0.0008760190364327514,-0.0008754438572831091,-0.0008754438572831091
2014-08-22,0.0022129013833076527,0.002053650811387975,0.002053650811387975
2014-08-25,0.0025836203230484855,0.0026186594342343383,0.0026186594342343383
2014-08-26,0.0012227678446512513,0.0010407087439130436,0.0010407087439130436
2014-08-27,-0.002689639247289044,-0.002785719547717669,-0.002785719547717669
2014-08-28,0.0005942815735382467,0.0008122935614709448,0.0008122935614709448
2014-08-29,0.0032803781875196947,0.003230512370983263,0.003230512370983263
2014-09-01,0.0,0.0,0.0
2014-09-02,0.0029443728282423365,0.0027383561651985744,0.0027383561651985744
2014-09-03,-0.0015314400335375566,-0.0014707835174929684,-0.0014707835174929684
2014-09-04,0.011458864921418233,0.011348354176896613,0.011348354176896613
2014-09-05,-0.0009668237016162706,-0.0009189038244077352,-0.0009189038244077352
2014-09-08,0.0058700777591491615,0.005761989298526338,0.005761989298526338
2014-09-09,0.0005459616775578269,0.0005103100540946315,0.0005103100540946315
2014-09-10,5.932570406486093e-05,0.00010677613207743519,0.00010677613207743519
2014-09-11,0.00017795599788339445,0.00013048868029219562,0.00013048868029219562
2014-09-12,-0.0006882721082446253,-0.0007594456412105544,-0.0007594456412105544
2014-09-15,0.0002848597085209903,0.00011870140675096508,0.00011870140675096508
2014-09-16,-0.002257364120778149,-0.00022554472113167634,-0.002257364120778149
2014-09-17,0.0032181669988116113,0.0030228156518905536,0.0030228156518905536
2014-09-18,-0.00026086750450282636,-0.0006630514818208866,-0.0006630514818208866
2014-09-19,0.004874076537563887,0.00513896993208629,0.00513896993208629
2014-09-22,0.0002006053568353039,-2.3567119156631122e-05,-2.3567119156631122e-05
2014-09-23,-0.0011097338958361291,-0.000990320874136863,-0.000990320874136863
2014-09-24,0.004466844988629148,0.004425254670597845,0.004425254670597845
2014-09-25,0.001856290772238367,0.0017364985766610275,0.0017364985766610275
2014-09-26,0.00520971705427975,0.005424693258373026,0.005424693258373026
2014-09-29,-0.000572326288318159,-0.0005948111649978216,-0.0005948111649978216
2014-09-30,0.0040226957299402955,0.0038541526374871182,0.0038541526374871182
2014-10-01,0.0004188286819255538,0.0003369683339746743,0.0003369683339746743
2014-10-02,-0.0043246965225796075,-0.004494494251270353,-0.004494494251270353
2014-10-03,0.012687711917079625,0.013135430843608908,0.013135430843608908
2014-10-06,-0.008874940943783827,-0.009012770201084486,-0.009012770201084486
2014-10-07,-0.002983685197171404,-0.003096229964775432,-0.003096229964775432
2014-10-08,-0.004386767207695819,-0.004334498710266033,-0.004334498710266033
2014-10-09,0.0026343688948315958,0.0028995355339116458,0.0028995355339116458
2014-10-10,0.004549863770205498,0.0043800962354234585,0.0043800962354234585
2014-10-13,-0.004432941628526699,-0.003539867923979756,-0.003539867923979756
2014-10-14,0.003384808955446239,0.0024931858104197957,0.0024931858104197957
2014-10-15,-0.007896209338426274,-0.008178475561265941,-0.008178475561265941
2014-10-16,-0.002257470006687079,-0.0023490456063113285,-0.0023490456063113285
2014-10-17,0.0018228329511478236,0.002020511218712606,0.002020511218712606
2014-10-20,-0.0018463751033719333,-0.0020557889425969478,-0.0020557889425969478
2014-10-21,0.0041114614819628414,0.004294722692311126,0.004294722692311126
2014-10-22,0.0051215004020725985,0.005255241047517956,0.005255241047517956
2014-10-23,0.0011889221840624131,0.0010710129079649633,0.0010710129079649633
2014-10-24,-0.0012938949787093534,-0.0014904173597996007,-0.0014904173597996007
2014-10-27,-0.0027682567743294584,-0.0029992028503791346,-0.0029992028503791346
2014-10-28,-0.0010181214784426018,-0.0010290352534036984,-0.0010290352534036984
2014-10-29,0.006349227678658309,0.006565276717151569,0.006565276717151569
2014-10-30,0.0022661384836633047,0.002275525165140735,0.002275525165140735
2014-10-31,0.008898500912065899,0.009050671312222036,0.009050671312222036
2014-11-03,0.004499910018863851,0.004483361195965152,0.004483361195965152
2014-11-04,-0.0037293566199174677,-0.0036103397974418527,-0.0036103397974418527
2014-11-05,0.005274394780697911,0.005439183449591489,0.005439183449591489
2014-11-06,0.006474580341748748,0.006454168937668925,0.006454168937668925
2014-11-07,-0.004212833721165765,-0.004640062913977339,-0.004640062913977339
2014-11-10,0.0019150542751757982,0.0021066184051958814,0.0021066184051958814
2014-11-11,-0.003182373038414177,-0.0021864154926447554,-0.0021864154926447554
2014-11-12,0.0033190223963748267,0.002129538171324441,0.002129538171324441
2014-11-13,-0.0016866485285786936,-0.0017534076381986452,-0.0017534076381986452
2014-11-14,-0.0017009233605573826,-0.0018135680353541517,-0.0018135680353541517
2014-11-17,0.0045710847841835545,0.004749358312041707,0.004749358312041707
2014-11-18,-0.003999982541362357,-0.004155879711210453,-0.004155879711210453
2014-11-19,0.0008218146585736719,0.0007527544323151503,0.0007527544323151503
2014-11-20,-0.0006391308038926624,-0.0005017733230303634,-0.0005017733230303634
2014-11-21,0.008175098542479553,0.008382983346257866,0.008382983346257866
2014-11-24,-0.0018020984016882124,-0.002253541220168742,-0.002253541220168742
2014-11-25,-0.0026239429836572015,-0.0027700848738154704,-0.0027700848738154704
2014-11-26,-0.003566406669748723,-0.0035647007470283043,-0.0035647007470283043
2014-11-27,0.0,0.0,0.0
2014-11-28,0.008513204748963332,0.00867881536599846,0.00867881536599846
2014-12-01,-0.004651118411860722,-0.00488676955365186,-0.00488676955365186
2014-12-02,0.007939201237332938,0.008161462513677442,0.008161462513677442
2014-12-03,0.003479674462530724,0.0032640043384768447,0.0032640043384768447
2014-12-04,-0.00283688133519977,-0.0029033149670123493,-0.0029033149670123493
2014-12-05,0.007077170374085284,0.007018754774416713,0.007018754774416713
2014-12-08,-0.003285216689787873,-0.003508834531558591,-0.003508834531558591
2014-12-09,-0.0039497944233195525,-0.003994626638636589,-0.003994626638636589
2014-12-10,-0.0047355155430830465,-0.0045768221876176796,-0.0045768221876176796
2014-12-11,0.004431038029777845,0.004464066090211993,0.004464066090211993
2014-12-12,-0.003389335885009892,-0.003807333424730608,-0.003807333424730608
2014-12-15,0.0010971424501349247,0.0025435957528774367,0.0010971424501349247
2014-12-16,-0.003794211307748263,-0.0030870678736807378,-0.0030870678736807378
2014-12-17,0.011373375144525966,0.011586466973166232,0.011586466973166232
2014-12-18,0.0011437030310199603,0.0016890100937585473,0.0016890100937585473
2014-12-19,0.004059658995207549,0.004059832252880646,0.004059832252880646
2014-12-22,0.0019178454654111832,0.0012014017797463694,0.0012014017797463694
2014-12-23,0.0032696849530733374,0.004182505057079844,0.004182505057079844
2014-12-24,-0.0010775922967312113,-0.001140964626486607,-0.001140964626486607
2014-12-25,-0.0014682820404043895,0.0,0.0
2014-12-26,0.0021682937358500354,0.0009638127847519939,0.0009638127847519939
2014-12-29,0.001775608057231537,0.0020574545713456516,0.0020574545713456516
2014-12-30,-0.002208890847684941,-0.0024007755964854383,-0.0024007755964854383
2014-12-31,0.0030844360412931593,0.004067967096855085,0.004067967096855085
2015-01-01,7.754299485984717e-05,0.0,0.0
2015-01-02,0.008866596829453677,0.008086623202718357,0.008086623202718357
2015-01-05,0.003266508072800711,0.0026119519781131473,0.0026119519781131473
2015-01-06,0.0013232939916658637,0.00126527067490656,0.00126527067490656
2015-01-07,0.0042641662527884705,0.004101108259311204,0.004101108259311204
2015-01-08,0.005188388805784427,0.005272943241560135,0.005272943241560135
2015-01-09,-0.00469879271277307,-0.004925611720989487,-0.004925611720989487
2015-01-12,0.0005219717601301355,0.000401451741670833,0.000401451741670833
2015-01-13,0.003548700636125446,0.003443686194543716,0.003443686194543716
2015-01-14,-0.0016154304189033297,-0.0016987025783823384,-0.0016987025783823384
2015-01-15,0.0020703155682486596,0.0028439676811435888,0.0028439676811435888
2015-01-16,0.001817474211832426,0.0030404663904111118,0.0030404663904111118
2015-01-19,0.0,0.0,0.0
2015-01-20,0.005669157159973182,0.004929160158133605,0.004929160158133605
2015-01-21,-0.00152729257975448,-0.002241420003332273,-0.002241420003332273
2015-01-22,0.012546893943332194,0.013034712182411923,0.013034712182411923
2015-01-23,0.007254889132946474,0.007296181035328253,0.007296181035328253
2015-01-26,0.000422021065114464,0.000652055048133704,0.000652055048133704
2015-01-27,-0.008261708645340704,-0.00913585949198481,-0.00913585949198481
2015-01-28,0.004721769724246094,0.005048244103981858,0.005048244103981858
2015-01-29,0.00332895065125971,0.0029936039390392466,0.0029936039390392466
2015-01-30,0.0002320846486423278,-0.0001368356237891888,-0.0001368356237891888
2015-02-02,-0.003169440817438307,-0.002782874479545505,-0.002782874479545505
2015-02-03,-0.009611778162672557,-0.010718671214620556,-0.010718671214620556
2015-02-04,0.004115451524151936,0.004694269593525036,0.004694269593525036
2015-02-05,-0.004446702963049276,-0.004608916230550264,-0.004608916230550264
2015-02-06,0.01199374860018576,0.011867592871857902,0.011867592871857902
2015-02-09,-0.002632874365859017,-0.0028400561761783294,-0.0028400561761783294
2015-02-10,0.003266266836996934,0.0028611416567176917,0.0028611416567176917
2015-02-11,0.0023927112810397944,0.0024954867827950977,0.0024954867827950977
2015-02-12,-0.009424701793925294,-0.00942486161693079,-0.00942486161693079
2015-02-13,0.0011365146341359988,0.0008595213738198382,0.0008595213738198382
2015-02-16,0.0,0.0,0.0
2015-02-17,-0.001487289265034164,-0.0014010807594839747,-0.0014010807594839747
2015-02-18,0.0014554419622330173,0.0011677035784698475,0.0011677035784698475
2015-02-19,0.002184495200683756,0.0024900807042840256,0.0024900807042840256
2015-02-20,-0.001600789074830189,-0.0016098969753963743,-0.0016098969753963743
2015-02-23,0.003347070733380697,0.003354553747070277,0.003354553747070277
2015-02-24,-0.0008039691116534797,-0.0010147027052074264,-0.0010147027052074264
2015-02-25,-0.00296758137511155,-0.003453466429387042,-0.003453466429387042
2015-02-26,0.011387685394182334,0.011615831319913283,0.011615831319913283
2015-02-27,1.0494005300287768e-05,-0.00015735063523436565,-0.00015735063523436565
2015-03-02,0.0017719068356454315,0.001656184864942567,0.001656184864942567
2015-03-03,-0.0008278970317521228,-0.0007438956374627992,-0.0007438956374627992
2015-03-04,0.006083176147574143,0.006039915119038675,0.006039915119038675
2015-03-05,0.004294418145842194,0.004241611515780619,0.004241611515780619
2015-03-06,0.012753210331081455,0.012474517170229404,0.012474517170229404
2015-03-09,-0.0002766350944618523,-0.00024592179810767334,-0.00024592179810767334
2015-03-10,0.010499265687940351,0.010550825467775304,0.010550825467775304
2015-03-11,0.011864281133716403,0.011794491564482534,0.011794491564482534
2015-03-12,-0.003613917500495667,-0.0037550998963240545,-0.0037550998963240545
2015-03-13,0.008960588576057305,0.009042494959938807,0.009042494959938807
2015-03-16,-0.007262428510816044,-0.008328543206826744,-0.008328543206826744
2015-03-17,-0.00019077358747310313,0.004683332617120506,-0.00019077358747310313
2015-03-18,-0.010447517240503856,-0.011754777325838184,-0.011754777325838184
2015-03-19,0.007178636560565721,0.008096230547852024,0.008096230547852024
2015-03-20,-0.01370419430681391,-0.014290653051995506,-0.014290653051995506
2015-03-23,-0.008987349020533664,-0.008932422067756463,-0.008932422067756463
2015-03-24,0.0016475655802308253,0.0015199444244009541,0.0015199444244009541
2015-03-25,-0.002204232192547728,-0.0025585316279670423,-0.0025585316279670423
2015-03-26,0.004701291996225265,0.0049774578207602005,0.0049774578207602005
2015-03-27,-0.0014892647326743003,-0.0016598194402970279,-0.0016598194402970279
2015-03-30,0.007005856602513738,0.007773237438372327,0.007773237438372327
2015-03-31,0.0038913725938218846,0.0038590089628245394,0.0038590089628245394
2015-04-01,-0.0017502624773229059,-0.001887022717244058,-0.001887022717244058
2015-04-02,-0.007657701986338417,-0.008177544194067465,-0.008177544194067465
2015-04-03,-0.009186531321352831,-0.008967839855218429,-0.008967839855218429
2015-04-06,0.0024001418501065075,0.0016515109914898574,0.0016515109914898574
2015-04-07,0.010821915724728903,0.011229908239690722,0.011229908239690722
2015-04-08,0.0011237678048336974,0.0007645766911528185,0.0007645766911528185
2015-04-09,0.012329236063621352,0.012798489856467476,0.012798489856467476
2015-04-10,0.001843894261754464,0.002020192555037603,0.002020192555037603
2015-04-13,0.0015289600017212024,0.0017254874769241368,0.0017254874769241368
2015-04-14,-0.007637899538610604,-0.00833388481888342,-0.00833388481888342
2015-04-15,-0.004201942727228847,-0.004203282718495238,-0.004203282718495238
2015-04-16,-0.009237091437578115,-0.00928939732597911,-0.00928939732597911
2015-04-17,0.0010772822751654587,0.0009522786288007623,0.0009522786288007623
2015-04-20,0.004307771381886205,0.0046255960187666645,0.0046255960187666645
2015-04-21,0.0006430376092358969,0.0004583301585086019,0.0004583301585086019
2015-04-22,-0.0007349338890323409,-0.0006824791573984967,-0.0006824791573984967
2015-04-23,-0.006700501479119048,-0.006994179601977457,-0.006994179601977457
2015-04-24,-0.0036663274848400818,-0.0036493952187148793,-0.0036493952187148793
2015-04-27,-0.001621172658832215,-0.0016285305598788824,-0.0016285305598788824
2015-04-28,-0.006979292759366373,-0.007735560358996807,-0.007735560358996807
2015-04-29,-0.00923159074892066,-0.009106351698256354,-0.009106351698256354
2015-04-30,-0.0064169990861957515,-0.006398809431193975,-0.006398809431193975
2015-05-01,0.007340854568533395,0.007688340818117645,0.007688340818117645
2015-05-04,0.0019184708442638865,0.0020096091166772467,0.0020096091166772467
2015-05-05,-0.004240229699524534,-0.004558824489534707,-0.004558824489534707
2015-05-06,-0.010456685626780704,-0.010846196401902652,-0.010846196401902652
2015-05-07,0.005807500346558747,0.00607653623902582,0.00607653623902582
2015-05-08,0.001678729627884401,0.001634564541671324,0.001634564541671324
2015-05-11,0.0022865582523738937,0.0020631151925423197,0.0020631151925423197
2015-05-12,-0.005033116219967049,-0.005208070557642941,-0.005208070557642941
2015-05-13,-0.009747567227632814,-0.010231219293411087,-0.010231219293411087
2015-05-14,-0.001710553460270603,-0.0014747688996070707,-0.0014747688996070707
2015-05-15,-0.0034513839783052447,-0.0034818044120328295,-0.0034818044120328295
2015-05-18,0.011593033188471935,0.011619291134567611,0.011619291134567611
2015-05-19,0.011040389098413428,0.011538265030518247,0.011538265030518247
2015-05-20,0.0018981208016484175,0.0015298213302559205,0.0015298213302559205
2015-05-21,-0.002024090506100862,-0.001886417310792865,-0.001886417310792865
2015-05-22,0.007936508101124673,0.00815930226199324,0.00815930226199324
2015-05-25,0.0,0.0,0.0
2015-05-26,0.013294697478330342,0.013404707814036243,0.013404707814036243
2015-05-27,0.0007397133948021661,0.0006875991260280045,0.0006875991260280045
2015-05-28,-0.004178336393451332,-0.00426663475668132,-0.00426663475668132
2015-05-29,-0.0005983329385408354,-0.0007524028286614026,-0.0007524028286614026
2015-06-01,0.004992316041905198,0.005008778386688562,0.005008778386688562
2015-06-02,-0.01611610902915217,-0.01649886663557254,-0.01649886663557254
2015-06-03,-0.0038682745569884602,-0.0038560660570379213,-0.0038560660570379213
2015-06-04,-4.190105067536365e-05,-0.0001675375130885115,-0.0001675375130885115
2015-06-05,0.008812835044382794,0.009048609072022096,0.009048609072022096
2015-06-08,-0.010511304733466176,-0.010830430774369404,-0.010830430774369404
2015-06-09,-0.0013965822761914382,-0.0015853437793733605,-0.0015853437793733605
2015-06-10,-0.005479119348602346,-0.00548933804930396,-0.00548933804930396
2015-06-11,0.003480612303984998,0.003469900281096727,0.003469900281096727
2015-06-12,-4.211678986454359e-05,7.369701056703093e-05,7.369701056703093e-05
2015-06-15,-0.0017072223851277712,0.0014938251005300884,-0.0017072223851277712
2015-06-16,0.001991476299481043,0.001397125091356699,0.001397125091356699
2015-06-17,-0.007427594305080554,-0.008136981528894971,-0.008136981528894971
2015-06-18,-0.002697279932825758,-0.002638677742123896,-0.002638677742123896
2015-06-19,0.00045713800516455905,0.0003288897877542496,0.0003288897877542496
2015-06-22,0.002590042527652159,0.0025743312219637104,0.0025743312219637104
2015-06-23,0.011625280455385578,0.011884868542487936,0.011884868542487936
2015-06-24,-0.0017619671462796305,-0.002376180702783337,-0.002376180702783337
2015-06-25,-0.0008086069823258768,-0.00032493907678254885,-0.00032493907678254885
2015-06-26,0.002989632928686703,0.002763849789623407,0.002763849789623407
2015-06-29,-0.007169092314776471,-0.007355713356378857,-0.007355713356378857
2015-06-30,0.007305248622427207,0.007460254629368279,0.007460254629368279
2015-07-01,0.008602988485395535,0.00882557635714143,0.00882557635714143
2015-07-02,-0.0020475729910431895,-0.002271796992612707,-0.002271796992612707
2015-07-03,0.0,0.0,0.0
2015-07-06,0.0019229675746998964,0.0019401667158751579,0.0019401667158751579
2015-07-07,0.00587070638247944,0.006189538910022385,0.006189538910022385
2015-07-08,-0.005912244971834291,-0.006241366076798371,-0.006241366076798371
2015-07-09,0.003234839523782007,0.003270208854554646,0.003270208854554646
2015-07-10,-0.006032276858888075,-0.006384764641513385,-0.006384764641513385
2015-07-13,0.008637414171478675,0.008552104719783848,0.008552104719783848
2015-07-14,-0.002222211652409989,-0.002208668369558353,-0.002208668369558353
2015-07-15,0.005397079284398032,0.005101447195199782,0.005101447195199782
2015-07-16,0.005153116097469379,0.005402786292449946,0.005402786292449946
2015-07-17,0.001984350878726282,0.0018693026204745777,0.0018693026204745777
2015-07-20,0.0017050302510837057,0.0017537603271442492,0.0017537603271442492
2015-07-21,-0.007176635684364996,-0.007515872321855355,-0.007515872321855355
2015-07-22,0.002770283827458364,0.0030335973415072104,0.0030335973415072104
2015-07-23,-0.004961158121711939,-0.0050885474101454164,-0.0050885474101454164
2015-07-24,0.001327440653044576,0.0012334767100572464,0.0012334767100572464
2015-07-27,-0.007659550418367189,-0.007641142406043855,-0.007641142406043855
2015-07-28,0.0027939627227677732,0.0026671093197805362,0.0026671093197805362
2015-07-29,0.0021058289673883124,0.002206868999207856,0.002206868999207856
2015-07-30,0.0060040481387897415,0.006335666643372484,0.006335666643372484
2015-07-31,-0.002298662862571632,-0.0026136034925627882,-0.0026136034925627882
2015-08-03,0.0016219271635469212,0.0018148732263520984,0.0018148732263520984
2015-08-04,0.004472311407345053,0.004170932237648195,0.004170932237648195
2015-08-05,0.000275666322978374,0.00011221112024006885,0.00011221112024006885
2015-08-06,-0.0012768719398064121,-0.0013167230813140307,-0.0013167230813140307
2015-08-07,-0.0027636202567702384,-0.0029356880820374798,-0.0029356880820374798
2015-08-10,-0.0041495114027938484,-0.004280859217638877,-0.004280859217638877
2015-08-11,0.0013473972076889495,0.0013673493548465032,0.0013673493548465032
2015-08-12,-0.010622568266089871,-0.010742240365066102,-0.010742240365066102
2015-08-13,0.0018992569549567406,0.0017223852024130792,0.0017223852024130792
2015-08-14,0.0007773430806281567,0.0007461372202275385,0.0007461372202275385
2015-08-17,0.0029587350758779607,0.0029170221565459897,0.0029170221565459897
2015-08-18,0.0024142888030853626,0.0026304267687731198,0.0026304267687731198
2015-08-19,-0.007042464693077122,-0.0072581714227695215,-0.0072581714227695215
2015-08-20,-0.00394096351261819,-0.0038051717172065125,-0.0038051717172065125
2015-08-21,-0.010178737848749897,-0.01043950278966399,-0.01043950278966399
2015-08-24,-0.017798069896537427,-0.017509379635519906,-0.017509379635519906
2015-08-25,0.012754215752480924,0.012645192444344033,0.012645192444344033
2015-08-26,0.006011725114051458,0.006189554490838134,0.006189554490838134
2015-08-27,0.005348447546010604,0.0054617161396297575,0.0054617161396297575
2015-08-28,0.005174331893489814,0.0050368483905129935,0.0050368483905129935
2015-08-31,-0.0029385734687386034,-0.002927253130678764,-0.002927253130678764
2015-09-01,-0.003910625350349584,-0.004265557957442212,-0.004265557957442212
2015-09-02,0.003952367674986412,0.004161227187073457,0.004161227187073457
2015-09-03,0.006003149644616457,0.0060228926469863,0.0060228926469863
2015-09-04,-0.0018272999467630058,-0.0018996907038149047,-0.0018996907038149047
2015-09-07,0.0,0.0,0.0
2015-09-08,-0.002538838285063072,-0.0026323060349184857,-0.0026323060349184857
2015-09-09,0.0002812543964534342,0.00023958707802762547,0.00023958707802762547
2015-09-10,-0.005807775323648734,-0.005933619565254844,-0.005933619565254844
2015-09-11,-0.002748493731274948,-0.00260181854321484,-0.00260181854321484
2015-09-14,0.0005461037732867879,0.001784234144979635,0.0005461037732867879
2015-09-15,0.0038248578253003984,0.004404947771021739,0.004404947771021739
2015-09-16,-0.00199967611168983,-0.002498289606063686,-0.002498289606063686
2015-09-17,-0.009159404983494213,-0.009136708445292463,-0.009136708445292463
2015-09-18,0.0033049503983395567,0.0033636869852227136,0.0033636869852227136
2015-09-21,0.010809669257250576,0.010867509981362211,0.010867509981362211
2015-09-22,0.004048356788614704,0.004280970794024341,0.004280970794024341
2015-09-23,-0.0022354974971543484,-0.0024915404372185534,-0.0024915404372185534
2015-09-24,-0.0007705845368866093,-0.0005926542244116817,-0.0005926542244116817
2015-09-25,0.002860666769336717,0.0029597649642481016,0.0029597649642481016
2015-09-28,-0.0024440608516735907,-0.0026166065516797232,-0.0026166065516797232
2015-09-29,-0.0018656624602808591,-0.001966957834635963,-0.001966957834635963
2015-09-30,0.005150761888362609,0.005060460836255665,0.005060460836255665
2015-10-01,-0.001713974502230542,-0.0015974609996494138,-0.0015974609996494138
2015-10-02,-0.0036976320024733056,-0.0037338896069645244,-0.0037338896069645244
2015-10-05,0.002875960635173591,0.0028406892941621464,0.0028406892941621464
2015-10-06,-0.006796816744222056,-0.007059355812936374,-0.007059355812936374
2015-10-07,0.00043990113407854636,0.00017787729652507522,0.00017787729652507522
2015-10-08,-0.001876163325802871,-0.0018116421255500725,-0.0018116421255500725
2015-10-09,-0.00531213939380315,-0.005507397387898294,-0.005507397387898294
2015-10-12,0.0002952745547508684,-0.0012444108583009594,-0.0012444108583009594
2015-10-13,-0.0008649789568835331,0.00026377568668678464,0.00026377568668678464
2015-10-14,-0.0087763560832963,-0.008826687664167387,-0.008826687664167387
2015-10-15,0.004673352389330532,0.0050215884741957595,0.0050215884741957595
2015-10-16,0.0017892028000936477,0.001671798842433958,0.001671798842433958
2015-10-19,0.004095684151196544,0.0038514142183725397,0.0038514142183725397
2015-10-20,-0.00015802698080147337,-0.00014745223627521398,-0.00014745223627521398
2015-10-21,0.0012845622673154367,0.0013578449196103293,0.0013578449196103293
2015-10-22,0.014032715000882767,0.014473785738090328,0.014473785738090328
2015-10-23,0.007741440692706547,0.008146789716254155,0.008146789716254155
2015-10-26,-0.0027424393953729975,-0.0029660471388828213,-0.0029660471388828213
2015-10-27,0.0004644753834135429,0.00038154754081087816,0.00038154754081087816
2015-10-28,0.008999074537475948,0.008919603613120941,0.008919603613120941
2015-10-29,-0.005126533804861388,-0.005091572018844914,-0.005091572018844914
2015-10-30,-0.0034598547601438767,-0.0035496968588812905,-0.0035496968588812905
2015-11-02,-0.00018568761207493623,-0.00016492975060877768,-0.00016492975060877768
2015-11-03,0.0023700844745624394,0.0024710946132859846,0.0024710946132859846
2015-11-04,0.008118625071160679,0.008050352789250148,0.008050352789250148
2015-11-05,-0.00014294028183581275,0.00021419937964051172,0.00021419937964051172
2015-11-06,0.012501177496623939,0.012265117516939483,0.012265117516939483
2015-11-09,-0.0019076751837552308,-0.00185543777011965,-0.00185543777011965
2015-11-10,0.003167368690585093,0.003164272590739259,0.003164272590739259
2015-11-11,-0.0028239204670788,-0.0023369674394846385,-0.0023369674394846385
2015-11-12,-0.0036830590752829906,-0.004508017944196752,-0.004508017944196752
2015-11-13,0.0035315523405188287,0.003892648829420864,0.003892648829420864
2015-11-16,0.004474911720606656,0.004440312377743005,0.004440312377743005
2015-11-17,0.0018988015128700297,0.0016261961643957434,0.0016261961643957434
2015-11-18,0.0002107555594577093,0.0004512522325814672,0.0004512522325814672
2015-11-19,-0.006675383853076866,-0.006850823287576802,-0.006850823287576802
2015-11-20,0.005801964360456324,0.005636993506049848,0.005636993506049848
2015-11-23,0.0023875457752238205,0.002316034301929726,0.002316034301929726
2015-11-24,-0.002769278847988943,-0.0026573757772281326,-0.0026573757772281326
2015-11-25,0.0026891177240866426,0.0024069814047855687,0.0024069814047855687
2015-11-26,0.0,0.0,0.0
2015-11-27,0.0022520841287976268,0.002431180319359072,0.002431180319359072
2015-11-30,0.001498576632915416,0.0013680644025440003,0.0013680644025440003
2015-12-01,-0.0037506607617130427,-0.0036990794491194023,-0.0036990794491194023
2015-12-02,0.0019821016760168675,0.0018012613696400948,0.0018012613696400948
2015-12-03,-0.024007549328943334,-0.024144372579458562,-0.024144372579458562
2015-12-04,0.00748058087168868,0.007235574513528853,0.007235574513528853
2015-12-07,0.0030557003407016836,0.0033094461001459408,0.0033094461001459408
2015-12-08,-0.0018363614776557569,-0.00203919172607403,-0.00203919172607403
2015-12-09,-0.011531184512894477,-0.011583259407116131,-0.011583259407116131
2015-12-10,0.006083466458314923,0.006410869192182922,0.006410869192182922
2015-12-11,-0.003826013342226986,-0.0041839139141348625,-0.0041839139141348625
2015-12-14,0.00039965363883709415,-0.0008409394403896542,-0.0008409394403896542
2015-12-15,0.006260840281373525,0.008367565692129375,0.006260840281373525
2015-12-16,-0.0035290314460052485,-0.00411884031512777,-0.00411884031512777
2015-12-17,0.01419312558046304,0.014563856533522213,0.014563856533522213
2015-12-18,-0.005728069487338949,-0.005947980434254596,-0.005947980434254596
2015-12-21,-0.0034506240280860467,-0.003673266433641409,-0.003673266433641409
2015-12-22,-0.0013021497480787403,-0.0012715335897590663,-0.0012715335897590663
2015-12-23,0.0010784633960803092,0.001251201774533861,0.001251201774533861
2015-12-24,-0.003636830698988014,-0.00357465130648027,-0.00357465130648027
2015-12-25,-0.0013991658353376124,0.0,0.0
2015-12-28,0.0007355720936867982,-0.0006735862598148401,-0.0006735862598148401
2015-12-29,0.0018569539057127216,0.002274084080938543,0.002274084080938543
2015-12-30,0.0016805271642628128,0.0018419866092340698,0.0018419866092340698
2015-12-31,0.0037075264539314645,0.003967554507227078,0.003967554507227078
2016-01-01,0.0005270786786928383,0.0,0.0
2016-01-04,0.0018830490702299585,0.002255795972581076,0.002255795972581076
2016-01-05,0.005396612735157014,0.0053208767909094234,0.0053208767909094234
2016-01-06,-0.0022458906134374956,-0.002314326708915182,-0.002314326708915182
2016-01-07,-0.009746784354667248,-0.010063971384112413,-0.010063971384112413
2016-01-08,0.003262877782367113,0.003321975310917935,0.003321975310917935
2016-01-11,0.001875650056896383,0.0018745287504184915,0.0018745287504184915
2016-01-12,0.0025189822069338064,0.0024265966772567538,0.0024265966772567538
2016-01-13,-0.0004143360324446732,-0.00046464177965432896,-0.00046464177965432896
2016-01-14,0.0015755828369776737,0.0017866791204417254,0.0017866791204417254
2016-01-15,-0.0013431292887400303,-0.0013624324045160563,-0.0013624324045160563
2016-01-18,0.0,0.0,0.0
2016-01-19,0.0003536300157591654,0.00016157046527087715,0.00016157046527087715
2016-01-20,0.0010096829443915212,0.00139246276472349,0.00139246276472349
2016-01-21,-0.00035327307871479974,-0.00046393884907924843,-0.00046393884907924843
2016-01-22,0.0052157395590075595,0.0052621374171906155,0.0052621374171906155
2016-01-25,-0.002151468150715097,-0.002461607717538783,-0.002461607717538783
2016-01-26,-0.002751366079787765,-0.002750091136333843,-0.002750091136333843
2016-01-27,-0.001868791234269196,-0.001807287189185658,-0.001807287189185658
2016-01-28,-0.003971395003524059,-0.004202686787182941,-0.004202686787182941
2016-01-29,0.011064337872406682,0.011231707802117796,0.011231707802117796
2016-02-01,-0.0060116486464760754,-0.006281478274219765,-0.006281478274219765
2016-02-02,-0.0013846708060842872,-0.0013641808695004087,-0.0013641808695004087
2016-02-03,-0.016150432608735166,-0.016229190928100934,-0.016229190928100934
2016-02-04,-0.008402109688368853,-0.008400982387288813,-0.008400982387288813
2016-02-05,0.005756973084670491,0.00585924038962915,0.00585924038962915
2016-02-08,-0.004762381096173662,-0.004885490131403714,-0.004885490131403714
2016-02-09,-0.005180632534639074,-0.005055155438850711,-0.005055155438850711
2016-02-10,-0.0019066577283579633,-0.0016455765833915947,-0.0016455765833915947
2016-02-11,-0.0034055922181304155,-0.003309757400027813,-0.003309757400027813
2016-02-12,0.003947744576218604,0.0037891288074094476,0.0037891288074094476
2016-02-15,0.0,0.0,0.0
2016-02-16,0.009626230924337342,0.00926081378599708,0.00926081378599708
2016-02-17,-0.000846871274549521,-0.0007744933909794582,-0.0007744933909794582
2016-02-18,0.001703340506912454,0.0016515280384723496,0.0016515280384723496
2016-02-19,-0.003626955012145494,-0.003678374092318748,-0.003678374092318748
2016-02-22,0.008031840434268744,0.008082851544235048,0.008082851544235048
2016-02-23,0.0010469055662127857,0.000995520241501957,0.000995520241501957
2016-02-24,-0.0002359712536401659,-0.0002154409623162934,-0.0002154409623162934
2016-02-25,-0.0017561430994126326,-0.0018691018350605049,-0.0018691018350605049
2016-02-26,0.008811170674936086,0.00913762324702816,0.00913762324702816
2016-02-29,0.0006416818395056367,0.0004480788693763671,0.0004480788693763671
2016-03-01,0.0014346547843109292,0.0014853703947785846,0.0014853703947785846
2016-03-02,-0.0014041087743814629,-0.0014242842837051128,-0.0014242842837051128
2016-03-03,-0.00635324854383601,-0.006373026176325958,-0.006373026176325958
2016-03-04,-0.0025855184411280874,-0.0026469155309474246,-0.0026469155309474246
2016-03-07,-0.002767334890207529,-0.002664240596237377,-0.002664240596237377
2016-03-08,0.0014206302574555352,0.0012558548153238647,0.0012558548153238647
2016-03-09,-0.00037040467133397925,-0.00048362617668917807,-0.00048362617668917807
2016-03-10,-0.011457439853249873,-0.011427867699241645,-0.011427867699241645
2016-03-11,0.0011027997663601852,0.0012173109339270738,0.0012173109339270738
2016-03-14,0.004688902551212237,0.0036223462358648817,0.0036223462358648817
2016-03-15,9.314022267314925e-05,0.001521826070536747,9.314022267314925e-05
2016-03-16,-0.007718596622628304,-0.007715791187718146,-0.007715791187718146
2016-03-17,-0.011854321875005347,-0.011786678404468454,-0.011786678404468454
2016-03-18,0.0034343659642788182,0.0033592946539782176,0.0033592946539782176
2016-03-21,0.002122139323736505,0.0019325301145336482,0.0019325301145336482
2016-03-22,0.0037709015229276943,0.0035611827232955306,0.0035611827232955306
2016-03-23,0.0041524572692877015,0.004381670790641223,0.004381670790641223
2016-03-24,0.0009990218742510493,0.0011340169861284721,0.0011340169861284721
2016-03-25,0.0013616404151468586,0.0,0.0
2016-03-28,-0.0034336405317123564,-0.0024256569232070646,-0.0024256569232070646
2016-03-29,-0.008194579693744153,-0.008310442101387316,-0.008310442101387316
2016-03-30,-0.0033578802189104806,-0.0034427428524201886,-0.0034427428524201886
2016-03-31,-0.0026923316531828334,-0.002544920247649962,-0.002544920247649962
2016-04-01,0.0003488279943404393,0.0004228419268477168,0.0004228419268477168
2016-04-04,-0.0011526525500391571,-0.0009939622901207201,-0.0009939622901207201
2016-04-05,0.001279468930658112,0.0011947495883575243,0.0011947495883575243
2016-04-06,-0.0021262986626444658,-0.00207321920270509,-0.00207321920270509
2016-04-07,0.0005505208913492154,0.000666860751379339,0.000666860751379339
2016-04-08,-0.0026176776977360205,-0.002670115384092675,-0.002670115384092675
2016-04-11,-0.003028936609116961,-0.003294475704685773,-0.003294475704685773
2016-04-12,9.579104786716641e-05,3.1934088045026954e-05,3.1934088045026954e-05
2016-04-13,0.008320000511852221,0.008658980374249836,0.008658980374249836
2016-04-14,0.001666262790212869,0.0015395163055451633,0.0015395163055451633
2016-04-15,-0.0021730195578140155,-0.00234184733123044,-0.00234184733123044
2016-04-18,-0.002177751857058041,-0.0023896895260788753,-0.0023896895260788753
2016-04-19,-0.005454578272949817,-0.005445670996989449,-0.005445670996989449
2016-04-20,0.005475744309927144,0.005562115625053821,0.005562115625053821
2016-04-21,0.0011317303459250638,0.0010896877483350664,0.0010896877483350664
2016-04-22,0.005450294176213788,0.005336045647622356,0.005336045647622356
2016-04-25,-0.0028848502303375767,-0.002938684763445387,-0.002938684763445387
2016-04-26,-0.002840326065468801,-0.0027252002669682085,-0.0027252002669682085
2016-04-27,-0.0019686712539455087,-0.0018633216973391598,-0.0018633216973391598
2016-04-28,-0.006654360503062229,-0.006805134346199004,-0.006805134346199004
2016-04-29,-0.007268166204590365,-0.007206331612670702,-0.007206331612670702
2016-05-02,-0.004910945316951576,-0.004696462594202089,-0.004696462594202089
2016-05-03,0.00342728147088156,0.0033737750878719552,0.0033737750878719552
2016-05-04,0.002525213164166651,0.002750944685029566,0.002750944685029566
2016-05-05,0.006429239247097485,0.006343386677370333,0.006343386677370333
2016-05-06,0.0011509688590765066,0.0010977124989226539,0.0010977124989226539
2016-05-09,0.002552975601583185,0.002468112615778395,0.002468112615778395
2016-05-10,0.0017195813554859996,0.0016137426398072918,0.0016137426398072918
2016-05-11,-0.004965110964006314,-0.005072940895101574,-0.005072940895101574
2016-05-12,0.00347922658958133,0.003597317601252925,0.003597317601252925
2016-05-13,0.004852783975312747,0.004927919426240379,0.004927919426240379
2016-05-16,-0.00038058991896150474,-0.0004546824438742547,-0.0004546824438742547
2016-05-17,-0.00025380710796074624,-0.00020097207084734947,-0.00020097207084734947
2016-05-18,0.005611000440441494,0.005612006669627689,0.005612006669627689
2016-05-19,0.0021747475306570507,0.0024270198983034064,0.0024270198983034064
2016-05-20,0.0004931251116344626,0.0005140660111004891,0.0005140660111004891
2016-05-23,-0.0010809960908879646,-0.0013329207101540064,-0.0013329207101540064
2016-05-24,0.003563907714530856,0.0037737476124259928,0.0037737476124259928
2016-05-25,-0.002273144883488065,-0.0024722927382425652,-0.0024722927382425652
2016-05-26,-0.0019525310367498605,-0.0018687473286496115,-0.0018687473286496115
2016-05-27,0.0037023677635277252,0.0035455450386541187,0.0035455450386541187
2016-05-30,0.0,0.0,0.0
2016-05-31,0.003866011126117286,0.003950302454345689,0.003950302454345689
2016-06-01,-0.0045571974807119275,-0.0044111416086920485,-0.0044111416086920485
2016-06-02,0.0011412478531509507,0.001151699931513761,0.001151699931513761
2016-06-03,-0.016192934771093626,-0.01622449800858039,-0.01622449800858039
2016-06-06,-0.0013515600867624045,-0.0014687259848154,-0.0014687259848154
2016-06-07,-0.0007883663115402229,-0.0006179350512525161,-0.0006179350512525161
2016-06-08,-0.0025397787612124745,-0.0026892637811331,-0.0026892637811331
2016-06-09,0.003871117059156326,0.003967328113924751,0.003967328113924751
2016-06-10,0.0065562179210507665,0.006461115345983259,0.006461115345983259
2016-06-13,-0.0022124254127291465,-0.0017146490229711375,-0.0017146490229711375
2016-06-14,0.005980259779644115,0.006767375739327619,0.005980259779644115
2016-06-15,-0.0033555307999337813,-0.003795070968552139,-0.003795070968552139
2016-06-16,-0.00043345192269672594,0.00027457151176335515,0.00027457151176335515
2016-06-17,-0.0038458529722165125,-0.003872078301430548,-0.003872078301430548
2016-06-20,-0.0063359758754675255,-0.0069778609299611105,-0.0069778609299611105
2016-06-21,0.004327719036278488,0.004016091046034731,0.004016091046034731
2016-06-22,-0.003206684577857999,-0.0032265134290172526,-0.0032265134290172526
2016-06-23,-0.001997383771746186,-0.0024668298811016953,-0.0024668298811016953
2016-06-24,0.02031004794085245,0.021650651878485583,0.021650651878485583
2016-06-27,0.011417266403150883,0.011743609222366835,0.011743609222366835
2016-06-28,-0.0031018392100516934,-0.0038542480652319355,-0.0038542480652319355
2016-06-29,-0.004957981970784786,-0.0054544264967493206,-0.0054544264967493206
2016-06-30,0.0038976246765978217,0.004124791015660989,0.004124791015660989
2016-07-01,-0.005151425423864708,-0.0050959639659859945,-0.0050959639659859945
2016-07-04,0.0,0.0,0.0
2016-07-05,0.005390623798456673,0.005677897039324087,0.005677897039324087
2016-07-06,-0.0011757423877698514,-0.0013306306864819817,-0.0013306306864819817
2016-07-07,0.0028589121306845655,0.0026179929140903724,0.0026179929140903724
2016-07-08,-0.00026994756951559395,-0.0005811841790910321,-0.0005811841790910321
2016-07-11,0.0027894020875782743,0.002726562852746639,0.002726562852746639
2016-07-12,-0.0013470667073347542,-0.0010669319470553162,-0.0010669319470553162
2016-07-13,-0.002335758392330689,-0.0028957699469360776,-0.0028957699469360776
2016-07-14,-0.0014457107040826145,-0.001123198320966523,-0.001123198320966523
2016-07-15,0.0052217271411629795,0.004806329095940143,0.004806329095940143
2016-07-18,-0.00018639136026443737,0.00024851152082305816,0.00024851152082305816
2016-07-19,0.0051749631305320065,0.005379604599850651,0.005379604599850651
2016-07-20,0.0014207472636513785,0.0015948884643872674,0.0015948884643872674
2016-07-21,-0.0020700209759318966,-0.0022335567597346895,-0.0022335567597346895
2016-07-22,0.004802880670922605,0.004831374207038053,0.004831374207038053
2016-07-25,-0.0018587652268564625,-0.0019502988085182693,-0.0019502988085182693
2016-07-26,-0.0013371598663862727,-0.0016247291408131304,-0.0016247291408131304
2016-07-27,-0.0010607130427242595,-0.0012975646741013591,-0.0012975646741013591
2016-07-28,-0.00324059068266358,-0.0033133291047873215,-0.0033133291047873215
2016-07-29,-0.012576296073757653,-0.012798543168289989,-0.012798543168289989
2016-08-01,0.001913796121739253,0.0019459329876676534,0.0019459329876676534
2016-08-02,-0.006803781415931631,-0.007227367363152659,-0.007227367363152659
2016-08-03,0.005235366865762536,0.005637425500407467,0.005637425500407467
2016-08-04,0.002038459630923306,0.002007927803603593,0.002007927803603593
2016-08-05,0.004542810179787082,0.004367934472431223,0.004367934472431223
2016-08-08,0.0021495893424816614,0.002119745593076594,0.002119745593076594
2016-08-09,-0.002263948127700033,-0.0021613541810951986,-0.0021613541810951986
2016-08-10,-0.005556930992717035,-0.005465748456400021,-0.005465748456400021
2016-08-11,0.002161801716029643,0.0024027674712945313,0.0024027674712945313
2016-08-12,-0.0014093405054333985,-0.0016290730419843413,-0.0016290730419843413
2016-08-15,-0.0009720357596521012,-0.0009201364123958555,-0.0009201364123958555
2016-08-16,-0.008801653291865996,-0.008720466278050232,-0.008720466278050232
2016-08-17,-0.0007704119974318857,-0.0007811923080351946,-0.0007811923080351946
2016-08-18,-0.005940454266150752,-0.005857229961674371,-0.005857229961674371
2016-08-19,0.0037526280601403172,0.0036687561031696347,0.0036687561031696347
2016-08-22,8.464264936591803e-05,0.0001693282962209608,0.0001693282962209608
2016-08-23,0.0002115752845641694,-5.2912012626471494e-05,-5.2912012626471494e-05
2016-08-24,0.002609271254588208,0.002673840771647562,0.002673840771647562
2016-08-25,-0.00014771204618568845,-4.221858673858492e-05,-4.221858673858492e-05
2016-08-26,0.008343101279621123,0.008397978777662907,0.008397978777662907
2016-08-29,0.00014648488616053612,1.0466546301657331e-05,1.0466546301657331e-05
2016-08-30,0.004946940174000325,0.0051987756976688,0.0051987756976688
2016-08-31,-0.0003332014441790321,-0.0003019999710538457,-0.0003019999710538457
2016-09-01,-0.0038502721362325687,-0.003672945403836003,-0.003672945403836003
2016-09-02,0.00199480997965118,0.0019216314711014704,0.0019216314711014704
2016-09-05,0.0,0.0,0.0
2016-09-06,-0.010709873855031304,-0.010709873855031304,-0.010709873855031304
2016-09-07,0.0014016305468356194,0.0013489731934868132,0.0013489731934868132
2016-09-08,0.0007474353316387905,0.0010526205959253687,0.0010526205959253687
2016-09-09,0.0032464320418092996,0.0029099868732389567,0.0029099868732389567
2016-09-12,-0.0025311018548803688,-0.0025207979065671182,-0.0025207979065671182
2016-09-13,0.005641556844480533,0.005840641980311645,0.005840641980311645
2016-09-14,-0.0032048623996026038,-0.003382786638675306,-0.003382786638675306
2016-09-15,-0.00040920179990244776,-0.000409223268479586,-0.000409223268479586
2016-09-16,0.00856867455094612,0.008589933061633026,0.008589933061633026
2016-09-19,-0.0027819907600799,-0.0034918602255666897,-0.0034918602255666897
2016-09-20,0.0018555201821168765,0.002148676679098571,0.002148676679098571
2016-09-21,-0.0037458502994320853,-0.003245654875660975,-0.003245654875660975
2016-09-22,-0.0022186416786516006,-0.0029731081435722118,-0.0022186416786516006
2016-09-23,0.00030378421079468865,0.00011532030226746315,0.00011532030226746315
2016-09-26,-0.0018870501579284493,-0.0019097391980613665,-0.0019097391980613665
2016-09-27,0.0014470568554898477,0.0010707425887321875,0.0010707425887321875
2016-09-28,-4.191422254962163e-05,0.0002517729021729309,0.0002517729021729309
2016-09-29,0.0010891992321333532,0.0014255169912216203,0.0014255169912216203
2016-09-30,-0.0007539346318869988,-0.0009116773922457355,-0.0009116773922457355
2016-10-03,0.002427312630484124,0.0021154941597147925,0.0021154941597147925
2016-10-04,0.004941009927198259,0.005612600278612767,0.005612600278612767
2016-10-05,-0.00045763259142628243,-0.00011444087840661865,-0.00011444087840661865
2016-10-06,0.0066359308265067085,0.006822709294139528,0.006822709294139528
2016-10-07,-0.001375409349337886,-0.0012201049976576783,-0.0012201049976576783
2016-10-10,0.003068802424913031,0.0028824269519125423,0.0028824269519125423
2016-10-11,0.007820447936961017,0.007799654184045046,0.007799654184045046
2016-10-12,0.0028212800330305043,0.0027599759922409817,0.0027599759922409817
2016-10-13,-0.004604012593330431,-0.004542672022988192,-0.004542672022988192
2016-10-14,0.00514487032521771,0.004899889608015684,0.004899889608015684
2016-10-17,-0.001337369461276161,-0.0012150607748893094,-0.0012150607748893094
2016-10-18,7.150774074382582e-05,0.00019410037093336996,0.00019410037093336996
2016-10-19,0.0002553430547793667,0.0004391407210180276,0.0004391407210180276
2016-10-20,0.004025790847504318,0.003811391897733607,0.003811391897733607
2016-10-21,0.0038576769834302027,0.003776654235092103,0.003776654235092103
2016-10-24,0.0006178748341687523,0.0006685643336981073,0.0006685643336981073
2016-10-25,-0.0003747309829904566,-0.0007090977535080256,-0.0007090977535080256
2016-10-26,-0.0009120944345966109,-0.0007197417350344182,-0.0007197417350344182
2016-10-27,0.002622560573989574,0.002714063137480238,0.002714063137480238
2016-10-28,-0.005475687493572856,-0.005445681008415804,-0.005445681008415804
2016-10-31,0.000985807501846736,0.0008131569230975799,0.0008131569230975799
2016-11-01,-0.007606693011974919,-0.007393503970627435,-0.007393503970627435
2016-11-02,-0.0030856470250579804,-0.002900914848070535,-0.002900914848070535
2016-11-03,-0.0024774498035684545,-0.0022403791293754693,-0.0022403791293754693
2016-11-04,-0.0009473695758552836,-0.0011117746301740894,-0.0011117746301740894
2016-11-07,0.0073494269611593666,0.007235216110990983,0.007235216110990983
2016-11-08,0.0008178203500150971,0.000684886023918807,0.000684886023918807
2016-11-09,0.006549052002057465,0.006813035228763198,0.006813035228763198
2016-11-10,0.0028486148747974838,0.0024834911372302315,0.0024834911372302315
2016-11-11,0.0027799557947236764,0.0027903609175892186,0.0027903609175892186
2016-11-14,0.010543854271300113,0.010744693419013629,0.010744693419013629
2016-11-15,0.0011979636053824905,0.0012975996231050502,0.0012975996231050502
2016-11-16,0.0017942588545700744,0.001873555518947967,0.001873555518947967
2016-11-17,0.004769010528943518,0.005045098692157524,0.005045098692157524
2016-11-18,0.003166751780521615,0.0033328584124738825,0.0033328584124738825
2016-11-21,-0.0015821223511798266,-0.001679875491394256,-0.001679875491394256
2016-11-22,-9.89658073944355e-05,-6.92318724029306e-05,-6.92318724029306e-05
2016-11-23,0.006510825012278509,0.006437801053040815,0.006437801053040815
2016-11-24,0.0,0.0,0.0
2016-11-25,-0.002067031593787405,-0.0020953747122112176,-0.0020953747122112176
2016-11-28,-0.0015777540005004198,-0.0017544382906828915,-0.0017544382906828915
2016-11-29,-0.003955310209457608,-0.004142020680831138,-0.004142020680831138
2016-11-30,0.005631591231073152,0.005827522319345135,0.005827522319345135
2016-12-01,-0.004542320439606229,-0.004342726354448878,-0.004342726354448878
2016-12-02,-0.002675785749924664,-0.0023569034479500317,-0.0023569034479500317
2016-12-05,-0.006770911061383167,-0.007453772076714493,-0.007453772076714493
2016-12-06,0.003988438829939156,0.004166631161321099,0.004166631161321099
2016-12-07,-0.0025906750240922705,-0.002609589225829545,-0.002609589225829545
2016-12-08,0.008642580989651094,0.0085107741871564,0.0085107741871564
2016-12-09,0.004834979077028123,0.004882990786930108,0.004882990786930108
2016-12-12,-0.005527602663812914,-0.005634818455966695,-0.005634818455966695
2016-12-13,0.00039584364693023844,0.0005738142977840255,0.0005738142977840255
2016-12-14,0.006803753505240984,0.006536003196436546,0.006536003196436546
2016-12-15,0.012306044545627337,0.012528053790393123,0.012528053790393123
2016-12-16,-0.000679710663640698,-0.0009611324626943585,-0.0009611324626943585
2016-12-19,0.0018438551490138622,-0.0005246436915351538,0.0018438551490138622
2016-12-20,0.0014532773957292022,0.0037635600324135154,0.0037635600324135154
2016-12-21,-0.0026174218811023664,-0.0025107008734428504,-0.0025107008734428504
2016-12-22,0.0006792489708535854,0.0006500909871158811,0.0006500909871158811
2016-12-23,-0.000776322212691305,-0.0009121874692432641,-0.0009121874692432641
2016-12-26,-0.0003883872269421218,0.0,0.0
2016-12-27,0.0004854604687798414,4.854156858247194e-05,4.854156858247194e-05
2016-12-28,0.0027142319881532373,0.0022981716870358326,0.0022981716870358326
2016-12-29,-0.006020020122653236,-0.005175899491821845,-0.005175899491821845
2016-12-30,-0.004587835661954642,-0.004146408083123276,-0.004146408083123276
2017-01-02,0.005561261223098413,0.0,0.0
2017-01-03,0.004174966013758663,0.008905731725476151,0.008905731725476151
2017-01-04,-0.004953630643329099,-0.004778795943005676,-0.004778795943005676
2017-01-05,-0.011556293528380834,-0.011565124472126875,-0.011565124472126875
2017-01-06,0.006871529934001863,0.0066851140067649695,0.0066851140067649695
2017-01-09,-0.002841050159812397,-0.002939478301897225,-0.002939478301897225
2017-01-10,0.0007845445141061447,0.0008533386163103174,0.0008533386163103174
2017-01-11,-0.0022572265337412745,-0.0024442569704836714,-0.0024442569704836714
2017-01-12,-0.004233748262676862,-0.0036430988876272608,-0.0036430988876272608
2017-01-13,-0.0016787640342190713,-0.0018660682234816761,-0.0018660682234816761
2017-01-16,0.0,0.0,0.0
2017-01-17,-0.008436355926268568,-0.008615095862838373,-0.008615095862838373
2017-01-18,0.005962454313246823,0.005943229014505391,0.005943229014505391
2017-01-19,0.0021773563629858828,0.0022369381104807573,0.0022369381104807573
2017-01-20,-0.004061623296250261,-0.00449875408207312,-0.00449875408207312
2017-01-23,-0.005774032965716103,-0.005577148207811966,-0.005577148207811966
2017-01-24,0.0018951678905585467,0.002085111171524545,0.002085111171524545
2017-01-25,-0.0031939342452576014,-0.00319428495085905,-0.00319428495085905
2017-01-26,0.003492843229698117,0.003553004326548148,0.003553004326548148
2017-01-27,0.0014932061905419403,0.0015032282411189257,0.0015032282411189257
2017-01-30,-0.0009952230120813255,-0.0011147607405037618,-0.0011147607405037618
2017-01-31,-0.009182727497583976,-0.009334968611047323,-0.009334968611047323
2017-02-01,0.001295486566022852,0.0012758114936177734,0.0012758114936177734
2017-02-02,0.0014942514225344539,0.0018054529568791722,0.0018054529568791722
2017-02-03,0.0007813361244544126,0.0005410008647706022,0.0005410008647706022
2017-02-06,0.00039043924910941996,0.00023033744537404033,0.00023033744537404033
2017-02-07,0.0035270585655720055,0.0037979157140082265,0.0037979157140082265
2017-02-08,0.0001994614547360385,0.00018951767807795505,0.00018951767807795505
2017-02-09,0.0036828787957077225,0.0038126380730494347,0.0038126380730494347
2017-02-10,0.0014892035514675328,0.0014297205545057423,0.0014297205545057423
2017-02-13,0.0015860431556342647,0.0015762788220703428,0.0015762788220703428
2017-02-14,0.002868307193746311,0.002799445896243924,0.002799445896243924
2017-02-15,-0.0006915971228584894,-0.0006818283143834591,-0.0006818283143834591
2017-02-16,-0.007340574574405956,-0.007281994935459224,-0.007281994935459224
2017-02-17,0.0050648104694621665,0.0051742831985421844,0.0051742831985421844
2017-02-20,0.0,0.0,0.0
2017-02-21,0.004151844635461366,0.003993955068457566,0.003993955068457566
2017-02-22,-0.0014808236083760917,-0.0015897391140669015,-0.0015897391140669015
2017-02-23,-0.0016809219363018713,-0.0013943348761067398,-0.0013943348761067398
2017-02-24,0.00039576531633667145,0.0003660774838927239,0.0003660774838927239
2017-02-27,0.0003956087481125081,0.0003857204365909084,0.0003857204365909084
2017-02-28,-9.888751553166486e-05,0.0,0.0
2017-03-01,0.006505690762138805,0.00641669155812874,0.00641669155812874
2017-03-02,0.00411805660891762,0.004157194786257534,0.004157194786257534
2017-03-03,-0.006478868250355596,-0.006439222846153392,-0.006439222846153392
2017-03-06,0.000984348932714596,0.0009547573722370473,0.0009547573722370473
2017-03-07,0.0016711726671418958,0.0015728683508040575,0.0015728683508040575
2017-03-08,0.0025505212963023993,0.0026584150519202154,0.0026584150519202154
2017-03-09,-0.0021577097425922176,-0.002187036555727495,-0.002187036555727495
2017-03-10,-0.005908436686166141,-0.005967521401971432,-0.005967521401971432
2017-03-13,0.0005924170789368688,0.0006220471475328893,0.0006220471475328893
2017-03-14,0.0038421799889283292,0.0026024738175820517,0.0038421799889283292
2017-03-15,-0.00948436273700981,-0.009883879047316135,-0.009883879047316135
2017-03-16,-0.0037792188192824483,-0.0038852409901428686,-0.0038852409901428686
2017-03-17,-0.0005980265303318077,-0.0006989516010955654,-0.0006989516010955654
2017-03-20,0.0010961089234546861,0.0011879272069643676,0.0011879272069643676
2017-03-21,-0.005963368536049174,-0.00620473548997591,-0.00620473548997591
2017-03-22,-0.0013634770772412708,-0.0014667325642117035,-0.0014667325642117035
2017-03-23,0.0008323430937267062,0.0009546252313912262,0.0009546252313912262
2017-03-24,-0.001334089180598852,-0.001216049997849744,-0.001216049997849744
2017-03-27,-0.004637998585280023,-0.004727473965914442,-0.004727473965914442
2017-03-28,0.005490817202326248,0.005802899591319743,0.005802899591319743
2017-03-29,0.0028641549798607002,0.00287885445962921,0.00287885445962921
2017-03-30,0.004111618103255665,0.004487292722044067,0.004487292722044067
2017-03-31,-0.0005977286489979861,-0.0006683192021448292,-0.0006683192021448292
2017-04-03,0.001891583022082699,0.0019339087919396647,0.0019339087919396647
2017-04-04,0.0,0.0001394158478245089,0.0001394158478245089
2017-04-05,0.0001989060175624502,0.00014935255694403793,0.00014935255694403793
2017-04-06,0.0010932764593398758,0.0012835120238152697,0.0012835120238152697
2017-04-07,0.005053268122458654,0.005424259780544283,0.005424259780544283
2017-04-10,-0.0015825918238840941,-0.0016331058863237047,-0.0016331058863237047
2017-04-11,-0.003073417379853005,-0.0032742347209140377,-0.0032742347209140377
2017-04-12,0.0006948235923989188,0.0008841074816068328,0.0008841074816068328
2017-04-13,-0.0028817031915853164,-0.00307290173335506,-0.00307290173335506
2017-04-14,0.00019900497578184684,0.0,0.0
2017-04-17,-0.002191235936531477,-0.002073820759596501,-0.002073820759596501
2017-04-18,-0.007918395237330955,-0.00791595231679576,-0.00791595231679576
2017-04-19,0.002399153918591246,0.002351263630838041,0.002351263630838041
2017-04-20,0.0004009703536151932,0.000471596362397797,0.000471596362397797
2017-04-21,0.0019924413990421996,0.0019542511167820464,0.0019542511167820464
2017-04-24,-0.008891447995504898,-0.009122379746555609,-0.009122379746555609
2017-04-25,-0.0031029401731617057,-0.0032891270967878583,-0.0032891270967878583
2017-04-26,0.0026285209492762363,0.002753484084986546,0.002753484084986546
2017-04-27,0.00031294007453031014,0.00035375868972842284,0.00035375868972842284
2017-04-28,-0.0002624592446149876,-0.0005761853656700566,-0.0005761853656700566
2017-05-01,0.00027255245541635276,0.00032351335785740787,0.00032351335785740787
2017-05-02,-0.0010199290973167408,-0.0010214453833361503,-0.0010214453833361503
2017-05-03,0.002351339479282011,0.002556706174153156,0.002556706174153156
2017-05-04,-0.004161496061596104,-0.00439996866205572,-0.00439996866205572
2017-05-05,-0.001509281352116254,-0.0012070497218026333,-0.0012070497218026333
2017-05-08,0.004167768591862853,0.004132404697665848,0.004132404697665848
2017-05-09,0.006018597259807912,0.006126581033574219,0.006126581033574219
2017-05-10,0.00011037139987202238,0.000150675781162235,0.000150675781162235
2017-05-11,-0.00046163419321221255,-0.0005425390962159327,-0.0005425390962159327
2017-05-12,-0.003730991128789718,-0.0037656864008086544,-0.0037656864008086544
2017-05-15,-0.003441614595935505,-0.003334481597377703,-0.003334481597377703
2017-05-16,-0.008182122229769107,-0.008160655861033206,-0.008160655861033206
2017-05-17,-0.005417020605386291,-0.005484511854771945,-0.005484511854771945
2017-05-18,0.0031107088638568925,0.00317567903672078,0.00317567903672078
2017-05-19,-0.007558196384036542,-0.007618028443797442,-0.007618028443797442
2017-05-22,-0.0016278091022172703,-0.0015367877977494615,-0.0015367877977494615
2017-05-23,0.003776987534830134,0.003945509766907662,0.003945509766907662
2017-05-24,-0.0011614224103331239,-0.0012036357420637245,-0.0012036357420637245
2017-05-25,0.00010283516560338768,0.0002984721336671825,0.0002984721336671825
2017-05-26,0.001992912468120167,0.0019327650716984834,0.0019327650716984834
2017-05-29,0.0,0.0,0.0
2017-05-30,-0.001663910984645689,-0.0015623718333142023,-0.0015623718333142023
2017-05-31,-0.0036868869067099297,-0.0036894706553134426,-0.0036894706553134426
2017-06-01,0.0028436038118675455,0.00295884130399493,0.00295884130399493
2017-06-02,-0.00498162576895389,-0.004860414808521618,-0.004860414808521618
2017-06-05,0.0008681542965973676,0.0008685582480021381,0.0008685582480021381
2017-06-06,-0.0016853210492504545,-0.0016861055482868537,-0.0016861055482868537
2017-06-07,0.001158317260192554,0.0012105599541447631,0.0012105599541447631
2017-06-08,0.0017556002980754215,0.0019627497184604437,0.0019627497184604437
2017-06-09,0.003666478524459116,0.0035129867123959713,0.0035129867123959713
2017-06-12,-0.00139909081933709,-0.0012142417626890278,-0.0012142417626890278
2017-06-13,-0.0016794345387669551,-0.0018447622757928883,-0.0018447622757928883
2017-06-14,-0.0003712986211779068,-0.00021664783978536661,-0.00021664783978536661
2017-06-15,0.005083047595723755,0.005309801627317867,0.005309801627317867
2017-06-16,-0.002764689808598675,-0.002991013777610796,-0.002991013777610796
2017-06-19,0.003944292060457322,0.0018408919638490673,0.003944292060457322
2017-06-20,0.002170930870850185,0.0008935128484894861,0.0008935128484894861
2017-06-21,-0.002058172230599453,-0.0020140993717010502,-0.0020140993717010502
2017-06-22,0.0003484463427891882,0.0008945142202163581,0.0008945142202163581
2017-06-23,-0.003376838529108639,-0.003716959670775566,-0.003716959670775566
2017-06-26,0.0016641844716049903,0.0017932787788161875,0.0017932787788161875
2017-06-27,-0.010649156462402054,-0.010589667769179911,-0.010589667769179911
2017-06-28,-0.003991606306036566,-0.0036385096204272216,-0.0036385096204272216
2017-06-29,-0.003986688505921876,-0.00395584211117761,-0.00395584211117761
2017-06-30,0.0,0.0005765592154984844,0.0005765592154984844
2017-07-03,0.0061507861522320795,0.005726542636077525,0.005726542636077525
2017-07-04,0.0,0.0,0.0
2017-07-05,0.0007480208963492885,0.0009373633698199768,0.0009373633698199768
2017-07-06,-0.005080909666572708,-0.00505130643969931,-0.00505130643969931
2017-07-07,0.0021479597435201114,0.002267894600519682,0.002267894600519682
2017-07-10,0.00014581055069395887,-0.00015660153814778255,-0.00015660153814778255
2017-07-11,-0.0036830148418571795,-0.0037134128100806407,-0.0037134128100806407
2017-07-12,0.0009611869308168153,0.0009427342083192514,0.0009427342083192514
2017-07-13,-0.0003446673211175977,-4.1880431374430316e-05,-4.1880431374430316e-05
2017-07-14,-0.006024714238074047,-0.006070235718005357,-0.006070235718005357
2017-07-17,-0.0002627692743244481,-0.000273923534905407,-0.000273923534905407
2017-07-18,-0.005523594673261023,-0.00530359499109867,-0.00530359499109867
2017-07-19,0.0018481072726634906,0.0019683587497087984,0.0019683587497087984
2017-07-20,-0.005003051396138325,-0.004991928969388937,-0.004991928969388937
2017-07-21,-0.004761812530853504,-0.004664644552597963,-0.004664644552597963
2017-07-24,0.001267069672008958,0.001269489227817111,0.001269489227817111
2017-07-25,0.000819013931789847,0.0009590486972745893,0.0009590486972745893
2017-07-26,-0.004069766865063329,-0.004087671719833708,-0.004087671719833708
2017-07-27,0.0020476075748989686,0.002243351010265293,0.002243351010265293
2017-07-28,-0.006466357509337328,-0.006433712893405996,-0.006433712893405996
2017-07-31,-0.004255279843803805,-0.004261920437929945,-0.004261920437929945
2017-08-01,0.0019364631184393133,0.001971781544893858,0.001971781544893858
2017-08-02,-0.002227256285772583,-0.0021767249973976277,-0.0021767249973976277
2017-08-03,3.23145280765047e-05,8.629709939178554e-05,8.629709939178554e-05
2017-08-04,0.007543723167523275,0.00761865464691347,0.00761865464691347
2017-08-07,-0.001176634320183112,-0.0011460705498658186,-0.0011460705498658186
2017-08-08,0.0022984952309466067,0.00220528501141537,0.00220528501141537
2017-08-09,-0.0010577206573874065,-0.0009093584300989832,-0.0009093584300989832
2017-08-10,-0.0015726217342271198,-0.0013495134161161104,-0.0013495134161161104
2017-08-11,-0.0035608982765396036,-0.0037367164708292933,-0.0037367164708292933
2017-08-14,0.003667957780313813,0.0037474340675158757,0.0037474340675158757
2017-08-15,0.00472061710528493,0.0048219658171726465,0.0048219658171726465
2017-08-16,-0.003329885570418689,-0.0033975480613515074,-0.0033975480613515074
2017-08-17,0.0008655557461354491,0.0010268918173430563,0.0010268918173430563
2017-08-18,-0.0020100939109228833,-0.0018727298630283329,-0.0018727298630283329
2017-08-21,-0.0036348275414344045,-0.0037237596081967084,-0.0037237596081967084
2017-08-22,0.004822126789366443,0.0048157198922691435,0.0048157198922691435
2017-08-23,-0.0042637135275747085,-0.004192338782024407,-0.004192338782024407
2017-08-24,0.001394670440200585,0.001417282491148697,0.001417282491148697
2017-08-25,-0.005773681886692472,-0.005648851091739182,-0.005648851091739182
2017-08-28,-0.005763829373795382,-0.0058111700892578,-0.0058111700892578
2017-08-29,0.00045539316396148166,0.00047742020394281326,0.00047742020394281326
2017-08-30,0.006859960030963563,0.006907874199572284,0.006907874199572284
2017-08-31,-0.002328189376221701,-0.002102982155569144,-0.002102982155569144
2017-09-01,0.0015742770743596424,0.0015210605045945513,0.0015210605045945513
2017-09-04,-0.0019304504806063605,0.0,0.0
2017-09-05,-0.004143077099549863,-0.005870445789461165,-0.005870445789461165
2017-09-06,0.0004118303750590968,0.00028187643157639997,0.00028187643157639997
2017-09-07,-0.006816985079045601,-0.006634281024511246,-0.006634281024511246
2017-09-08,-0.0033986317990928328,-0.0034541593523309544,-0.0034541593523309544
2017-09-11,0.00570878113365314,0.005753950550990261,0.005753950550990261
2017-09-12,7.618757384442176e-05,3.2660348706414766e-05,3.2660348706414766e-05
2017-09-13,0.006919692256393439,0.007072993839844166,0.007072993839844166
2017-09-14,-0.004289341729476703,-0.004289899331671343,-0.004289899331671343
2017-09-15,-0.0027391916951078343,-0.002706891175873416,-0.002706891175873416
2017-09-18,0.0019030122261742832,-0.00010886368100582189,0.0019030122261742832
2017-09-19,-0.0027632741690810647,-0.0031840562519382942,-0.0031840562519382942
2017-09-20,0.007759085269378296,0.007995386800351945,0.007995386800351945
2017-09-21,-0.0026952881276409713,-0.002679759665965342,-0.002679759665965342
2017-09-22,-0.0009542916735707507,-0.0008912269088297009,-0.0008912269088297009
2017-09-25,0.005161818418162767,0.005140786125254593,0.005140786125254593
2017-09-26,0.00342646902850241,0.0036712742750193428,0.0036712742750193428
2017-09-27,0.0042398642357213134,0.004194637022852277,0.004194637022852277
2017-09-28,-0.002960644922439748,-0.0025684715602780628,-0.0025684715602780628
2017-09-29,-9.669049915927985e-05,-0.0005274063034290677,-0.0005274063034290677
2017-10-02,0.005175889605811612,0.005604240382912629,0.005604240382912629
2017-10-03,0.00010687871413672667,9.634994306750855e-05,9.634994306750855e-05
2017-10-04,-0.0011869945305527096,-0.001392623606146337,-0.001392623606146337
2017-10-05,0.005367665046716041,0.005548235113720601,0.005548235113720601
2017-10-06,-0.001714946548633911,-0.0017285166805542929,-0.0017285166805542929
2017-10-09,-0.0013335113324277614,-0.0014534109619290803,-0.0014534109619290803
2017-10-10,-0.004118423706881202,-0.004329985436786643,-0.004329985436786643
2017-10-11,-0.002952150502919082,-0.002968925300752545,-0.002968925300752545
2017-10-12,0.00045143816064019404,0.0007861169996106199,0.0007861169996106199
2017-10-13,0.0003653007325148394,0.0003982069975618785,0.0003982069975618785
2017-10-16,0.002371207583032664,0.002428855118908224,0.002428855118908224
2017-10-17,0.0018629755171346574,0.0020266908085071478,0.0020266908085071478
2017-10-18,-0.0013165713251552802,-0.0013077642314476279,-0.0013077642314476279
2017-10-19,-0.0010394955632238023,-0.0011591217731563574,-0.0011591217731563574
2017-10-20,0.0046532359711246585,0.004917015353819387,0.004917015353819387
2017-10-23,0.0025048377758114526,0.002508099269344477,0.002508099269344477
2017-10-24,-0.00174739533455881,-0.0016322179913874635,-0.0016322179913874635
2017-10-25,-0.0006507256887555712,-0.0008972538227869364,-0.0008972538227869364
2017-10-26,0.009568739608841526,0.009910441267957815,0.009910441267957815
2017-10-27,0.0032079720221540597,0.0033063817879499524,0.0033063817879499524
2017-10-30,-0.0037577362717229335,-0.003888506347288434,-0.003888506347288434
2017-10-31,-8.460594784853726e-05,-0.00026471413675110966,-0.00026471413675110966
2017-11-01,0.002777676882431912,0.002960803271138346,0.002960803271138346
2017-11-02,-0.0013720318775032325,-0.0012784145177118234,-0.0012784145177118234
2017-11-03,0.002700053321023077,0.0028504184074611416,0.0028504184074611416
2017-11-06,-0.0019399261742787388,-0.0021212049216874362,-0.0021212049216874362
2017-11-07,0.0016449626738728185,0.001509577657790473,0.001509577657790473
2017-11-08,-0.0004953129794227351,-0.0003376097263672051,-0.0003376097263672051
2017-11-09,-0.004458303301345445,-0.004399330276460667,-0.004399330276460667
2017-11-10,-0.0005613366313630408,-0.0007846048220985224,-0.0007846048220985224
2017-11-13,0.001048279171180333,0.0011660819910774833,0.0011660819910774833
2017-11-14,-0.007041347720329938,-0.007070323056571404,-0.007070323056571404
2017-11-15,-0.0001492219145804441,3.200870637076747e-05,3.200870637076747e-05
2017-11-16,0.0012676770719446395,0.0013647512513825788,0.0013647512513825788
2017-11-17,-0.002878558871150183,-0.002977129537816481,-0.002977129537816481
2017-11-20,0.0044529267898978375,0.004499613076602849,0.004499613076602849
2017-11-21,-0.0013614705983213682,-0.0012774520829790248,-0.0012774520829790248
2017-11-22,-0.007821722607400439,-0.007935361299151289,-0.007935361299151289
2017-11-23,0.0,0.0,0.0
2017-11-24,-0.0047096354834250675,-0.004606071358464803,-0.004606071358464803
2017-11-27,0.0013140464822871678,0.0012720179366434436,0.0012720179366434436
2017-11-28,0.003931810795315016,0.004171196879816819,0.004171196879816819
2017-11-29,-0.001137131761611343,-0.0011378275164881657,-0.0011378275164881657
2017-11-30,-0.0012566391394344123,-0.0011283711281100395,-0.0011283711281100395
2017-12-01,-0.0017425729943587598,-0.0017326457308337595,-0.0017326457308337595
2017-12-04,0.003256789193687659,0.0032583301671857967,0.0032583301671857967
2017-12-05,0.0020475225171461275,0.0020377745980582063,0.0020377745980582063
2017-12-06,0.002470734829452148,0.00265359996497061,0.00265359996497061
2017-12-07,0.0019743343037177397,0.0019962536853288526,0.0019962536853288526
2017-12-08,0.0011294860974020438,0.001119146581106456,0.001119146581106456
2017-12-11,-0.0003728024669440444,-0.0003302844205030908,-0.0003302844205030908
2017-12-12,0.00250044020959983,0.0025223110066407983,0.0025223110066407983
2017-12-13,-0.007166883980101346,-0.007050733479610827,-0.007050733479610827
2017-12-14,0.0006419927675320736,0.0006420614673370295,0.0006420614673370295
2017-12-15,0.00472733391670932,0.004802365585796942,0.004802365585796942
2017-12-18,-0.002526290203939574,-0.004363860560026467,-0.004363860560026467
2017-12-19,-0.002714604950184274,-0.00528554356535782,-0.002714604950184274
2017-12-20,-0.0013707874534771847,-0.00146301083550604,-0.00146301083550604
2017-12-21,-0.00037515207497129666,-0.0003122426042718729,-0.0003122426042718729
2017-12-22,0.0007394508039553216,0.0006674346000412612,0.0006674346000412612
2017-12-25,-0.0008573848146520291,0.0,0.0
2017-12-26,-0.0001072248076345872,-0.0013245391625540393,-0.0013245391625540393
2017-12-27,-0.0024908484979793144,-0.00203869270721313,-0.00203869270721313
2017-12-28,-0.004557534541653752,-0.003374581380144903,-0.003374581380144903
2017-12-29,-0.005175244057270767,-0.005148659581950099,-0.005148659581950099
2018-01-01,0.0012583803270418414,0.0,0.0
2018-01-02,-0.003997572022149676,-0.0027590135223150014,-0.0027590135223150014
2018-01-03,0.003151594162345006,0.0035210344385614434,0.0035210344385614434
2018-01-04,-0.003358425024424072,-0.0034336762590507774,-0.0034336762590507774
2018-01-05,0.0010446024388146569,0.0010040709368333012,0.0010040709368333012
2018-01-08,0.004438254340603187,0.004647045740375333,0.004647045740375333
2018-01-09,0.0018389715598701173,0.0017357348684132745,0.0017357348684132745
2018-01-10,-0.0021205244341109264,-0.0020615208299199494,-0.0020615208299199494
2018-01-11,-0.00521219092512748,-0.005030553188715814,-0.005030553188715814
2018-01-12,-0.009604834649590721,-0.009575433884051243,-0.009575433884051243
2018-01-15,0.0,0.0,0.0
2018-01-16,-0.006406920635359192,-0.006512592055682553,-0.006512592055682553
2018-01-17,0.0016359560172034548,0.0018508364523013299,0.0018508364523013299
2018-01-18,-0.00047503577470742187,-0.0001771773439109836,-0.0001771773439109836
2018-01-19,0.0008173634961048393,0.0008081166341691315,0.0008081166341691315
2018-01-22,-0.0018897852264245785,-0.001982710093979101,-0.001982710093979101
2018-01-23,-0.003068829440711518,-0.003064864202724671,-0.003064864202724671
2018-01-24,-0.010238197945343863,-0.01010482201669749,-0.01010482201669749
2018-01-25,0.002071704073054015,0.002423726766908274,0.002423726766908274
2018-01-26,-0.0036311104685013973,-0.0037727843176895703,-0.0037727843176895703
2018-01-29,0.0027021740338426525,0.0026962975969304637,0.0026962975969304637
2018-01-30,-0.0016585610185222421,-0.0014820639326522667,-0.0014820639326522667
2018-01-31,-0.00030287224070946195,-0.0005057515294399906,-0.0005057515294399906
2018-02-01,-0.005196745177124207,-0.005060334591400206,-0.005060334591400206
2018-02-02,0.005892093103396334,0.005981734735244437,0.005981734735244437
2018-02-05,0.0040168110892757625,0.004135826698802525,0.004135826698802525
2018-02-06,0.00034609995935497295,0.0005143802949216791,0.0005143802949216791
2018-02-07,0.007451102088563033,0.00742893336364947,0.00742893336364947
2018-02-08,-0.0002881141838591006,-2.2193370841527837e-05,-2.2193370841527837e-05
2018-02-09,0.002357878117491552,0.0024161829432634008,0.0024161829432634008
2018-02-12,-0.002590646342355285,-0.0026381437458971035,-0.0026381437458971035
2018-02-13,-0.005613901610162841,-0.005609738231870054,-0.005609738231870054
2018-02-14,-0.006509216379665617,-0.006573482350995974,-0.006573482350995974
2018-02-15,-0.005942149224046567,-0.005633500336276853,-0.005633500336276853
2018-02-16,0.005706486758937146,0.005723378887944719,0.005723378887944719
2018-02-19,0.0,0.0,0.0
2018-02-20,0.006889791033815484,0.006974598519839503,0.006974598519839503
2018-02-21,0.00316054481968564,0.00308551113915545,0.00308551113915545
2018-02-22,-0.002937643987342753,-0.0028624113903319426,-0.0028624113903319426
2018-02-23,0.0016367982542950799,0.0016939334501167025,0.0016939334501167025
2018-02-26,-0.0003338229434133311,-0.00020044766712690176,-0.00020044766712690176
2018-02-27,0.005571354196323597,0.005442341416618035,0.005442341416618035
2018-02-28,0.0028513347641272446,0.0029972759414151895,0.0029972759414151895
2018-03-01,-0.0031944847738598625,-0.002986199352339902,-0.002986199352339902
2018-03-02,-0.004316018660460941,-0.004162348464769039,-0.004162348464769039
2018-03-05,0.0016109772114463183,0.001500442078250508,0.001500442078250508
2018-03-06,-0.005141971729620387,-0.005021415542405094,-0.005021415542405094
2018-03-07,0.00021198850878523245,0.00018973531979948888,0.00018973531979948888
2018-03-08,0.006028402827666035,0.006108061245737595,0.006108061245737595
2018-03-09,-0.0009541138559967521,-0.001009871299502585,-0.001009871299502585
2018-03-12,-0.002200147563955923,-0.0022008323135453978,-0.0022008323135453978
2018-03-13,-0.002572971863716411,-0.002495683987121744,-0.002495683987121744
2018-03-14,0.00044601044403691503,0.0004907154506543776,0.0004907154506543776
2018-03-15,0.0048375621883813835,0.004882860218463847,0.004882860218463847
2018-03-16,0.0010422904720233106,0.0009537646698900559,0.0009537646698900559
2018-03-19,-0.00520006949619134,-0.0025416923142387304,-0.0025416923142387304
2018-03-20,0.00672827514897012,-0.0003223350422771887,0.00672827514897012
2018-03-21,-0.006527771661765769,-0.006524562663819289,-0.006524562663819289
2018-03-22,0.000823870008747285,0.0011630378962772525,0.0011630378962772525
2018-03-23,-0.004696232131187195,-0.004929816265144105,-0.004929816265144105
2018-03-26,-0.004583591176512414,-0.004830084205845964,-0.004830084205845964
2018-03-27,0.0038677395061954556,0.004268336932400807,0.004268336932400807
2018-03-28,0.007646473192320258,0.008237223551785355,0.008237223551785355
2018-03-29,0.0010321350016484487,0.00103603286695364,0.00103603286695364
2018-03-30,-0.001965302506265587,0.0,0.0
2018-04-02,0.0008665415537842946,-0.0011809402101086164,-0.0011809402101086164
2018-04-03,0.0016421458098507813,0.001704118698256707,0.001704118698256707
2018-04-04,-0.0006432223442098817,-0.0008461273481055187,-0.0008461273481055187
2018-04-05,0.003521559325328383,0.004123671348610358,0.004123671348610358
2018-04-06,-0.0038988131439490203,-0.004134809376623139,-0.004134809376623139
2018-04-09,-0.0030009025221104935,-0.0027660683722965373,-0.0027660683722965373
2018-04-10,-0.0027978282149350164,-0.0028409427766868944,-0.0028409427766868944
2018-04-11,-0.00021210683565886512,-0.00030246509279319156,-0.00030246509279319156
2018-04-12,0.0020410560345540674,0.0022718507440817604,0.0022718507440817604
2018-04-13,0.0005458059405567539,0.0005252599878255992,0.0005252599878255992
2018-04-16,-0.0041846901630728794,-0.004120069868290166,-0.004120069868290166
2018-04-17,0.001017095107827437,0.0010428172707106498,0.0010428172707106498
2018-04-18,0.0011946032156568975,0.0013327735418151576,0.0013327735418151576
2018-04-19,0.0035307978739957946,0.00388736093470321,0.00388736093470321
2018-04-20,0.004171850538519983,0.004227630483103262,0.004227630483103262
2018-04-23,0.006951291906986512,0.0069698257591293,0.0069698257591293
2018-04-24,-0.0019811576436863376,-0.0018538754606103325,-0.0018538754606103325
2018-04-25,0.004463066252509584,0.0045842826441369056,0.0045842826441369056
2018-04-26,0.004257584427745265,0.004519583379744674,0.004519583379744674
2018-04-27,-0.00020753346551583007,-0.0002408214211344628,-0.0002408214211344628
2018-04-30,0.0032609376545984503,0.003137077441698999,0.003137077441698999
2018-05-01,0.006598320103261557,0.006797753016723362,0.006797753016723362
2018-05-02,0.0006812247169554198,0.000910105483364454,0.000910105483364454
2018-05-03,-0.001059883512043669,-0.00095346450692535,-0.00095346450692535
2018-05-04,0.0016434212802529657,0.0017004320160944886,0.0017004320160944886
2018-05-07,0.001975016156117171,0.0019891898451041,0.0019891898451041
2018-05-08,0.0039920642248656435,0.003945033410726495,0.003945033410726495
2018-05-09,-0.0008594757727191649,-0.0007963754577646753,-0.0007963754577646753
2018-05-10,-0.004200555479039636,-0.0039698002511920905,-0.0039698002511920905
2018-05-11,-0.0012203881916628134,-0.0011355833521724534,-0.0011355833521724534
2018-05-14,0.0005401784881033933,0.000551730120609939,0.000551730120609939
2018-05-15,0.006802820547511246,0.0068012441846496685,0.0068012441846496685
2018-05-16,0.0018541248861145831,0.002017449470042898,0.002017449470042898
2018-05-17,0.0008241420559480517,0.001007200496598415,0.001007200496598415
2018-05-18,0.0017957740013390122,0.0018082703850357262,0.0018082703850357262
2018-05-21,0.00042709034677557156,0.000395457586984449,0.000395457586984449
2018-05-22,-0.0007261621582825839,-0.0005878989196999029,-0.0005878989196999029
2018-05-23,0.004200163947135849,0.0041825886288391345,0.0041825886288391345
2018-05-24,-0.0024284006864006003,-0.002313199588122039,-0.002313199588122039
2018-05-25,0.0050843600923249355,0.0045679440131101146,0.0045679440131101146
2018-05-28,0.0017490768805483725,0.0,0.0
2018-05-29,0.0042486245331483374,0.006976563214136533,0.006976563214136533
2018-05-30,-0.00795180192824585,-0.007135929997123647,-0.007135929997123647
2018-05-31,-0.0009572024894897169,-0.0016589218687999008,-0.0016589218687999008
2018-06-01,0.0018816281098432697,0.0022325234651177084,0.0022325234651177084
2018-06-04,-0.0012540252660944162,-0.001945205364760838,-0.001945205364760838
2018-06-05,-0.001724193409041952,-0.0012243356847543296,-0.0012243356847543296
2018-06-06,-0.002794817542698169,-0.002527933934683091,-0.002527933934683091
2018-06-07,-0.0019139375740273579,-0.00275921248794031,-0.00275921248794031
2018-06-08,0.0010696904266493945,0.0017227270421829033,0.0017227270421829033
2018-06-11,0.000780152115789079,0.0002458617734744095,0.0002458617734744095
2018-06-12,0.00224088534010658,0.002572575220183282,0.002572575220183282
2018-06-13,-0.002924821418746504,-0.0010880001073259038,-0.0010880001073259038
2018-06-14,0.014170481726851314,0.01142869582362227,0.01142869582362227
2018-06-15,-0.0009595765945862311,6.330516255736995e-05,6.330516255736995e-05
2018-06-18,-0.0003376524744016507,0.0008015187098582288,0.0008015187098582288
2018-06-19,0.0027085578478969197,-0.001360853011104446,0.0027085578478969197
2018-06-20,0.0011675792992420497,-0.0001372429995036839,-0.0001372429995036839
2018-06-21,-0.0027580997135441265,-0.0032994953791591897,-0.0032994953791591897
2018-06-22,-0.0036117516107685432,-0.002375600319697746,-0.002375600319697746
2018-06-25,-0.0024469184758943996,-0.0025622093658306255,-0.0025622093658306255
2018-06-26,0.0040960023397529355,0.004323240129760819,0.004323240129760819
2018-06-27,0.006464337177531476,0.006581646979146427,0.006581646979146427
2018-06-28,0.00023084752623514504,0.001336385119838468,0.001336385119838468
2018-06-29,-0.00887339710528856,-0.007886234754060695,-0.007886234754060695
2018-07-02,0.004235750308148489,0.0045471928104170445,0.0045471928104170445
2018-07-03,-0.002955739977929639,-0.0038796820180468927,-0.0038796820180468927
2018-07-04,-0.0006345110776431184,0.0,0.0
2018-07-05,-0.0014397173866127488,-0.0020038705780383026,-0.0020038705780383026
2018-07-06,-0.004587017885793188,-0.004830002155522095,-0.004830002155522095
2018-07-09,0.0012125081255760506,0.00040516911033261493,0.00040516911033261493
2018-07-10,0.000860626397849451,0.0008737533588014657,0.0008737533588014657
2018-07-11,0.005940391362894815,0.006338441924321536,0.006338441924321536
2018-07-12,0.0011395651893204573,0.0008251785710235993,0.0008251785710235993
2018-07-13,-0.0015830803711454067,-0.0006770194478544767,-0.0006770194478544767
2018-07-16,-0.0017548686238102462,-0.0024156136595321342,-0.0024156136595321342
2018-07-17,0.005002754555114564,0.004572017108204207,0.004572017108204207
2018-07-18,0.0010522440072264772,0.001129198336485615,0.001129198336485615
2018-07-19,0.0008304906153577818,0.0013807425528140627,0.0013807425528140627
2018-07-20,-0.007255885029266551,-0.007570026846119404,-0.007570026846119404
2018-07-23,0.001649851253105794,0.002268560225762606,0.002268560225762606
2018-07-24,-0.0002007979081497524,-0.0005507657901846486,-0.0005507657901846486
2018-07-25,-0.004024448628820565,-0.002747764530081298,-0.002747764530081298
2018-07-26,0.005840730187061993,0.00439915270627278,0.00439915270627278
2018-07-27,-0.0012245718168619746,-0.0008888701353475525,-0.0008888701353475525
2018-07-30,-0.0033965231550370234,-0.003701527790378023,-0.003701527790378023
2018-07-31,0.002181025946359938,0.0017411064668273468,0.0017411064668273468
2018-08-01,0.0011309886785468848,0.0016215961964256564,0.0016215961964256564
2018-08-02,0.005362677537716465,0.005902400790696483,0.005902400790696483
2018-08-03,-9.457208764462877e-05,-0.0002737591357888647,-0.0002737591357888647
2018-08-06,0.0020680359461300313,0.002377096855285643,0.002377096855285643
2018-08-07,-0.0018053577831560474,-0.0014823929162712801,-0.0014823929162712801
2018-08-08,-0.0009880281235554733,-0.0016426589491009835,-0.0016426589491009835
2018-08-09,0.004323287390268327,0.004888443070814041,0.004888443070814041
2018-08-10,0.00889191258541544,0.009009681299361638,0.009009681299361638
2018-08-13,0.0003527922505304204,0.0003429123684686175,0.0003429123684686175
2018-08-14,0.0035210939331564717,0.0036711369890349843,0.0036711369890349843
2018-08-15,-0.0003618936382405735,-0.0002898820821410908,-0.0002898820821410908
2018-08-16,-0.0005275652984408907,-0.00042462185990554957,-0.00042462185990554957
2018-08-17,-0.005644749509345459,-0.005765740558218546,-0.005765740558218546
2018-08-20,-0.002093739859977184,-0.0020023993758524483,-0.0020023993758524483
2018-08-21,-0.006737977740518986,-0.006693262095070374,-0.006693262095070374
2018-08-22,-0.001155450176343109,-0.0010410040845254542,-0.0010410040845254542
2018-08-23,0.005450404453585023,0.005581390319330026,0.005581390319330026
2018-08-24,-0.005450404453585023,-0.005455150273716569,-0.005455150273716569
2018-08-27,-0.0038646882378507996,-0.003994798379101994,-0.003994798379101994
2018-08-28,-0.0006226945989844523,-0.0005176448332617767,-0.0005176448332617767
2018-08-29,-0.0012676950778631735,-0.001194774853082059,-0.001194774853082059
2018-08-30,0.00129936687360388,0.0016596110595141766,0.0016596110595141766
2018-08-31,0.004392648072699679,0.004257971673857774,0.004257971673857774
2018-09-03,0.0,0.0,0.0
2018-09-04,0.0031378089435412093,0.0031187184989054373,0.0031187184989054373
2018-09-05,-0.0026754395021271193,-0.002687609227058907,-0.002687609227058907
2018-09-06,-0.0017139406419630632,-0.0014307358104632684,-0.0014307358104632684
2018-09-07,0.0036137150248034544,0.0035834987406433427,0.0035834987406433427
2018-09-10,-0.0022570410862314816,-0.0022999500789051552,-0.0022999500789051552
2018-09-11,0.0010399215218761526,0.0012083958703730246,0.0012083958703730246
2018-09-12,-0.004735654581901727,-0.004810712830058073,-0.004810712830058073
2018-09-13,-0.002968568130246041,-0.002652087034035411,-0.002652087034035411
2018-09-14,0.004317882609234935,0.004307393617292377,0.004307393617292377
2018-09-17,-0.004550669599609591,-0.004635430741338098,-0.004635430741338098
2018-09-18,0.0015227141086189278,-0.00274491065925897,0.0015227141086189278
2018-09-19,-0.001088927408487983,-0.0011468256489317596,-0.0011468256489317596
2018-09-20,-0.006633118685422268,-0.006694764091159655,-0.006694764091159655
2018-09-21,0.0032742996956738324,0.003278358846064755,0.003278358846064755
2018-09-24,-0.00037154003771266986,-0.00024523785529151354,-0.00024523785529151354
2018-09-25,-0.0005522573659622054,-0.0006827176694352843,-0.0006827176694352843
2018-09-26,0.0006371929742057247,0.0006613897960372483,0.0006613897960372483
2018-09-27,0.007414610327920457,0.007976802414634498,0.007976802414634498
2018-09-28,0.0025049216891046555,0.00225086087390558,0.00225086087390558
2018-10-01,0.0017434232216224643,0.0020246123773892677,0.0020246123773892677
2018-10-02,0.0021907191487322564,0.0022202472436534393,0.0022202472436534393
2018-10-03,0.0026664033490133576,0.002791978554179231,0.002791978554179231
2018-10-04,-0.00011487470837057145,6.288714903224246e-05,6.288714903224246e-05
2018-10-05,-0.0013272372947685795,-0.0011220815263106587,-0.0011220815263106587
2018-10-08,0.001431669393113566,0.0013735905819620697,0.0013735905819620697
2018-10-09,-0.0009716396921746195,-0.0009434853044441027,-0.0009434853044441027
2018-10-10,-0.0016738506649058849,-0.0017740644890595902,-0.0017740644890595902
2018-10-11,-0.005154190651921908,-0.004960959811948662,-0.004960959811948662
2018-10-12,0.0021446827468150076,0.00216225422689309,0.00216225422689309
2018-10-15,-0.001702754247861371,-0.0016555509541502644,-0.0016555509541502644
2018-10-16,-0.00011572430275830214,-6.332386995389072e-05,-6.332386995389072e-05
2018-10-17,0.005529252426490494,0.005777595066030372,0.005777595066030372
2018-10-18,0.0033947023069158533,0.0035718999926999118,0.0035718999926999118
2018-10-19,-0.001951851485736178,-0.0020410199621485603,-0.0020410199621485603
2018-10-22,0.0031294685628378005,0.003200973485070868,0.003200973485070868
2018-10-23,-0.0005417400405454131,-0.0003760537383312723,-0.0003760537383312723
2018-10-24,0.004916977602986705,0.004888099573599369,0.004888099573599369
2018-10-25,0.0025373758519435796,0.0028343483625965504,0.0028343483625965504
2018-10-26,-0.00331541243816158,-0.003395941638237865,-0.003395941638237865
2018-10-29,0.0022805263384917396,0.00230675815876058,0.00230675815876058
2018-10-30,0.004463047854501134,0.004566619893082269,0.004566619893082269
2018-10-31,0.0011950263606799183,0.0011358240074539339,0.0011358240074539339
2018-11-01,-0.008789947186210512,-0.008498253050007065,-0.008498253050007065
2018-11-02,0.002748693508903166,0.0027231547198542927,0.0027231547198542927
2018-11-05,-0.00272792033122915,-0.002702339166472001,-0.002702339166472001
2018-11-06,0.0003946084082029344,0.0003537981306411808,0.0003537981306411808
2018-11-07,-0.0033278939165120036,-0.003230448193986213,-0.003230448193986213
2018-11-08,0.007544620964806015,0.007725257673581787,0.007725257673581787
2018-11-09,0.0018695552083602962,0.0019039346824651915,0.0019039346824651915
2018-11-12,0.006551937327430757,0.006676445084834448,0.006676445084834448
2018-11-13,-0.0024532332866176176,-0.00244697489030532,-0.00244697489030532
2018-11-14,-0.005151835655689219,-0.005005092929167176,-0.005005092929167176
2018-11-15,0.0012801323174889134,0.0013646939311069417,0.0013646939311069417
2018-11-16,-0.004777869600387952,-0.00474307552273423,-0.00474307552273423
2018-11-19,-0.0028236583035470275,-0.002775483982750515,-0.002775483982750515
2018-11-20,0.006662236019617573,0.006743393710391565,0.006743393710391565
2018-11-21,-0.0012813360713153088,-0.0013553993001078624,-0.0013553993001078624
2018-11-22,0.0,0.0,0.0
2018-11-23,0.0021071340454907883,0.0024817757425594777,0.0024817757425594777
2018-11-26,0.001628950306072241,0.0015892348188142336,0.0015892348188142336
2018-11-27,0.003034310582944677,0.0030989579982270143,0.0030989579982270143
2018-11-28,-0.006005529110493235,-0.006176519035157035,-0.006176519035157035
2018-11-29,-8.265999880663344e-05,0.00018616196144360941,0.00018616196144360941
2018-11-30,0.005091482269218517,0.0051264972120979024,0.0051264972120979024
2018-12-03,-0.0023879133583228906,-0.0023382185607339068,-0.0023382185607339068
2018-12-04,-0.0007731759875904132,-0.0006911812769043735,-0.0006911812769043735
2018-12-05,0.0010822790759306145,0.0011139074545889471,0.0011139074545889471
2018-12-06,-0.002682072992154616,-0.002539041689369803,-0.002539041689369803
2018-12-07,-0.0030622191895872675,-0.0029807515342277213,-0.0029807515342277213
2018-12-10,0.0072780900726225894,0.007301526301172423,0.007301526301172423
2018-12-11,0.0017368341579047097,0.001799107100334929,0.001799107100334929
2018-12-12,-0.003538515871235326,-0.0034983778528374643,-0.0034983778528374643
2018-12-13,0.000206070847887041,0.0003916032079063214,0.0003916032079063214
2018-12-14,0.003897036915408769,0.003846039931079126,0.003846039931079126
2018-12-17,-0.0035262163677014513,-0.0026206946989635327,-0.0026206946989635327
2018-12-18,4.1193796220362344e-05,-0.00624534275945976,4.1193796220362344e-05
2018-12-19,-0.0007108309294414639,-0.0008909424895495732,-0.0008909424895495732
2018-12-20,-0.007852671604538841,-0.007866354841601364,-0.007866354841601364
2018-12-21,0.007038200785097537,0.0075657416921766085,0.0075657416921766085
2018-12-24,-0.0041651869693897225,-0.00465547286364032,-0.00465547286364032
2018-12-25,0.0002899541271474959,0.0,0.0
2018-12-26,0.004844275112644958,0.005826317922613455,0.005826317922613455
2018-12-27,-0.005880211847404837,-0.00588881531857588,-0.00588881531857588
2018-12-28,-0.0008191494783620357,-0.00037506642240803245,-0.00037506642240803245
2018-12-31,-0.002378295292127852,-0.0023995838326733576,-0.0023995838326733576
2019-01-01,-0.0009154366127344105,0.0,0.0
2019-01-02,0.007610039629282639,0.007160804545070398,0.007160804545070398
2019-01-03,-0.005323017477487646,-0.005668212429208452,-0.005668212429208452
2019-01-04,-0.001309199912689074,-0.0013359218802744266,-0.0013359218802744266
2019-01-07,-0.005348080197380867,-0.005466611860493131,-0.005466611860493131
2019-01-08,0.002474305560014045,0.002632311817950317,0.002632311817950317
2019-01-09,-0.007157762270282753,-0.007242409553263052,-0.007242409553263052
2019-01-10,0.003355039371011337,0.003475333917576151,0.003475333917576151
2019-01-11,0.0013702286032177824,0.0015337265200159322,0.0015337265200159322
2019-01-14,-0.0006273525927209533,-0.0006195103966124549,-0.0006195103966124549
2019-01-15,0.004476941873292617,0.004903562805836259,0.004903562805836259
2019-01-16,0.00020822705152845344,2.090388394293541e-05,2.090388394293541e-05
2019-01-17,6.245966148821225e-05,0.0003761952079477382,0.0003761952079477382
2019-01-18,0.002817035038427562,0.0029211417389634065,0.0029211417389634065
2019-01-21,0.0,0.0,0.0
2019-01-22,-0.0003426097552710061,-0.0003542552341784244,-0.0003542552341784244
2019-01-23,-0.0018708495993378094,-0.0019506502265693726,-0.0019506502265693726
2019-01-24,0.004960471764281493,0.005466798988979171,0.005466798988979171
2019-01-25,-0.008389040596487263,-0.008677477505423248,-0.008677477505423248
2019-01-28,-0.0005012008040594651,-0.00042956902315438583,-0.00042956902315438583
2019-01-29,0.0007830159039077245,0.0009636535782915345,0.0009636535782915345
2019-01-30,-0.005032417858445548,-0.005090618559968618,-0.005090618559968618
2019-01-31,0.002493218274722153,0.002868628336463175,0.002868628336463175
2019-02-01,1.0462604037364542e-05,-4.197183690290984e-05,-4.197183690290984e-05
2019-02-04,0.0028522045548822206,0.0028291526179318183,0.0028291526179318183
2019-02-05,0.0022405294936005404,0.0025811589829398685,0.0025811589829398685
2019-02-06,0.003356597091954683,0.0034901503894593233,0.0034901503894593233
2019-02-07,0.0012130827783511933,0.001423813253354389,0.001423813253354389
2019-02-08,0.001346146084073574,0.0013180770440488487,0.0013180770440488487
2019-02-11,0.004336744124826097,0.004563501009849702,0.004563501009849702
2019-02-12,-0.003591965300043576,-0.0036615680131237838,-0.0036615680131237838
2019-02-13,0.004333522397872436,0.00449750294144291,0.00449750294144291
2019-02-14,-0.001555843225229836,-0.0013729530449309024,-0.0013729530449309024
2019-02-15,-0.0007633509412254824,-0.0006716784462916792,-0.0006716784462916792
2019-02-18,0.0,0.0,0.0
2019-02-19,-0.003970556957670013,-0.004049951415514563,-0.004049951415514563
2019-02-20,-0.0006840299996211385,-0.0005710044122482216,-0.0005710044122482216
2019-02-21,0.0015642889561364726,0.0017535035646227826,0.0017535035646227826
2019-02-22,-0.001014955139118534,-0.0009956957727661475,-0.0009956957727661475
2019-02-25,-0.0009744972780314498,-0.0009966881710470332,-0.0009966881710470332
2019-02-26,-0.004261606316631195,-0.004226179417529785,-0.004226179417529785
2019-02-27,0.0015716318539649166,0.0018029947094690968,0.0018029947094690968
2019-02-28,3.119946337104551e-05,5.2061369954614634e-05,5.2061369954614634e-05
2019-03-01,0.00384048965946171,0.004228731501959793,0.004228731501959793
2019-03-04,0.0016044804667707524,0.00165751617768084,0.00165751617768084
2019-03-05,0.0019013377087988559,0.001913084526494302,0.001913084526494302
2019-03-06,7.22621671735979e-05,4.132359474517955e-05,4.132359474517955e-05
2019-03-07,0.008162891013310691,0.008527673870586838,0.008527673870586838
2019-03-08,-0.0037030810679112847,-0.00368400135481739,-0.00368400135481739
2019-03-11,-0.0009356316967163991,-0.0009771501937221316,-0.0009771501937221316
2019-03-12,-0.0028843697566189874,-0.0028339870466762562,-0.0028339870466762562
2019-03-13,-0.003979641916647125,-0.004001845980592833,-0.004001845980592833
2019-03-14,0.0024310147229860135,0.002659342112890428,0.002659342112890428
2019-03-15,-0.001965043552991652,-0.0018514788671222249,-0.0018514788671222249
2019-03-18,-0.0007352979582426755,-0.0007664184812723462,-0.0007664184812723462
2019-03-19,-0.0014618445687260007,-0.00712257426313645,-0.0014618445687260007
2019-03-20,-0.006474333548755595,-0.00659577750296414,-0.00659577750296414
2019-03-21,0.007635689562279779,0.008222319687673618,0.008222319687673618
2019-03-22,0.0016153586812253096,0.0017071067652159044,0.0017071067652159044
2019-03-25,-0.0008798398224101334,-0.0008635983452043305,-0.0008635983452043305
2019-03-26,0.0017589062071596828,0.0016329251182929383,0.0016329251182929383
2019-03-27,0.0003927445660520945,0.0006025723788614101,0.0006025723788614101
2019-03-28,0.004412924223294645,0.004983252735151211,0.004983252735151211
2019-03-29,0.0008432484071754232,0.0008367380103804223,0.0008367380103804223
2019-04-01,-0.0005346604005707078,-0.00047509864354466913,-0.00047509864354466913
2019-04-02,0.0013258443921113638,0.0012801851822201726,0.0012801851822201726
2019-04-03,-0.002777036734191718,-0.0026964915478542295,-0.0026964915478542295
2019-04-04,0.0022325226995016934,0.0027171262719685174,0.0027171262719685174
2019-04-05,0.0008936688781391311,0.000794113290531584,0.000794113290531584
2019-04-08,-0.0035485650135402835,-0.0036353911931845673,-0.0036353911931845673
2019-04-09,-0.0004534773545170623,-0.0004035992831390445,-0.0004035992831390445
2019-04-10,-0.0006187098036010141,-0.0005487423067878083,-0.0005487423067878083
2019-04-11,0.0023799354948543794,0.002596101102803061,0.002596101102803061
2019-04-12,-0.002111780912445127,-0.0021819280968200516,-0.0021819280968200516
2019-04-15,-0.0003094155165621615,-0.0004348861598719722,-0.0004348861598719722
2019-04-16,0.0010413177217465375,0.0009937477526840155,0.0009937477526840155
2019-04-17,-0.00035042154008113613,6.20764575236521e-05,6.20764575236521e-05
2019-04-18,0.004781918070842828,0.005087494010523663,0.005087494010523663
2019-04-19,-0.0009853633297840503,0.0,0.0
2019-04-22,-0.0009349395795714699,-0.0020195157966735877,-0.0020195157966735877
2019-04-23,0.0035809050028170475,0.0037575645807406133,0.0037575645807406133
2019-04-24,0.005484950602769878,0.005482273241610436,0.005482273241610436
2019-04-25,0.00030553632046004253,0.0006538151366353162,0.0006538151366353162
2019-04-26,-0.0020080635057233565,-0.0019729618707922114,-0.0019729618707922114
2019-04-29,-0.001521471934393226,-0.0014848420859552292,-0.0014848420859552292
2019-04-30,-0.003870259162011891,-0.003901802857505743,-0.003901802857505743
2019-05-01,0.0021212827876126994,0.00214787530354954,0.00214787530354954
2019-05-02,0.0014934689096364195,0.0018051657243551844,0.0018051657243551844
2019-05-03,-0.0031942367140525008,-0.0033462355315796444,-0.0033462355315796444
2019-05-06,-5.1272848474503974e-05,8.225037017339787e-05,8.225037017339787e-05
2019-05-07,0.001158125196702997,0.0013458883095189833,0.0013458883095189833
2019-05-08,-5.121612694480859e-05,-0.00011294388241189779,-0.00011294388241189779
2019-05-09,-0.002564156567078868,-0.002302727280942385,-0.002302727280942385
2019-05-10,-0.0004416983888191339,-0.000401463804166724,-0.000401463804166724
2019-05-13,-0.00011302395606183069,-5.148137662303043e-05,-5.148137662303043e-05
2019-05-14,0.0021247666388921616,0.0020777411533474677,0.0020777411533474677
2019-05-15,0.00044081089414138575,0.0005547052500247673,0.0005547052500247673
2019-05-16,0.0029269711415587096,0.003096580857797626,0.003096580857797626
2019-05-17,0.0014296658038910337,0.0014935911360662857,0.0014935911360662857
2019-05-20,-0.0006328855709192283,-0.0006135345919195956,-0.0006135345919195956
2019-05-21,0.0013163603013106595,0.0013492795668623714,0.0013492795668623714
2019-05-22,-0.0002141731649212275,-0.0001532355693401044,-0.0001532355693401044
2019-05-23,-0.0018887482196969785,-0.0016155092366547663,-0.0016155092366547663
2019-05-24,-0.002486329036134549,-0.002520493137645019,-0.002520493137645019
2019-05-27,0.0,0.0,0.0
2019-05-28,0.0034668814925398195,0.0037374799674676495,0.0037374799674676495
2019-05-29,0.001958225168839256,0.001970625060190301,0.001970625060190301
2019-05-30,-2.0378427397993448e-05,0.00018359104127263493,0.00018359104127263493
2019-05-31,-0.004002210638968329,-0.003954654421563397,-0.003954654421563397
2019-06-03,-0.006239373318975616,-0.006224150410024443,-0.006224150410024443
2019-06-04,-0.0007208543465573314,-0.0006286748051786972,-0.0006286748051786972
2019-06-05,0.0025515467153800486,0.002594596050146336,0.002594596050146336
2019-06-06,-0.0028400340136371938,-0.002615215031982032,-0.002615215031982032
2019-06-07,-0.005165620925034808,-0.005240674157763081,-0.005240674157763081
2019-06-10,0.002245157560883726,0.0022877738354472044,0.0022877738354472044
2019-06-11,-0.0007754062224574199,-0.0006826786090243786,-0.0006826786090243786
2019-06-12,0.003242364188306368,0.0033571810577397443,0.0033571810577397443
2019-06-13,0.00013401163859594334,0.00029901685543620715,0.00029901685543620715
2019-06-14,0.005745576871722058,0.005869399947967757,0.005869399947967757
2019-06-17,-0.0001434940811151364,-0.0017849270764802583,-0.0017849270764802583
2019-06-18,0.0008811385699347696,-0.0024980866143629044,0.0008811385699347696
2019-06-19,-0.005411774289513893,-0.005894666976868912,-0.005894666976868912
2019-06-20,-0.005037534008313749,-0.004607729198348842,-0.004607729198348842
2019-06-21,-0.004241666933385346,-0.004378290706882559,-0.004378290706882559
2019-06-24,-0.0024973998412081144,-0.0024162559806191197,-0.0024162559806191197
2019-06-25,0.0016656260357148511,0.0016846735352311626,0.0016846735352311626
2019-06-26,0.0007694147628924952,0.0008360505461482148,0.0008360505461482148
2019-06-27,-0.00020789156450895518,0.00014623700866955858,0.00014623700866955858
2019-06-28,-0.000665543586473305,-0.0007941152302297638,-0.0007941152302297638
2019-07-01,0.007399994384861053,0.007736599828368718,0.007736599828368718
2019-07-02,-0.0012191973406689982,-0.0014012655199460156,-0.0014012655199460156
2019-07-03,0.0004341219950969588,0.0005918849631525447,0.0005918849631525447
2019-07-04,0.0,0.0,0.0
2019-07-05,0.005338732830435511,0.005786136699222233,0.005786136699222233
2019-07-08,0.0010068321598462049,0.0009697020473691254,0.0009697020473691254
2019-07-09,0.0010776250189730163,0.001143864221300639,0.001143864221300639
2019-07-10,-0.003956982032768508,-0.004045454902660062,-0.004045454902660062
2019-07-11,-0.0005562594784800368,-0.00038268802601848506,-0.00038268802601848506
2019-07-12,-0.00247601488303939,-0.0025066044508621488,-0.0025066044508621488
2019-07-15,0.0012697234638157084,0.0012540876084603525,0.0012540876084603525
2019-07-16,0.004754856432763965,0.005124348717050253,0.005124348717050253
2019-07-17,-0.0017675656391649142,-0.0019392045026123128,-0.0019392045026123128
2019-07-18,-0.004422300098992693,-0.004179993877306387,-0.004179993877306387
2019-07-19,0.0036814602408528074,0.0038082274662505355,0.0038082274662505355
2019-07-22,0.0010904902113528792,0.0012696317193450213,0.0012696317193450213
2019-07-23,0.00459577546929868,0.004918768085063974,0.004918768085063974
2019-07-24,0.0002456072139001009,0.00034895058598038986,0.00034895058598038986
2019-07-25,0.0009102671597656098,0.0010256200771863178,0.0010256200771863178
2019-07-26,0.0019609050955162743,0.002037859826715227,0.002037859826715227
2019-07-29,0.00034684322014211233,0.0004602474166759407,0.0004602474166759407
2019-07-30,6.11951411242373e-05,0.00013292093779959657,0.00013292093779959657
2019-07-31,0.0047414188925243295,0.0045800750242763755,0.0045800750242763755
2019-08-01,-0.0014932577628092858,-0.0011608844390860185,-0.0011608844390860185
2019-08-02,-0.0030034180067950444,-0.0029796548505034437,-0.0029796548505034437
2019-08-05,-0.005644302188939854,-0.005574927330917134,-0.005574927330917134
2019-08-06,0.001106829661244646,0.0011195276557662837,0.0011195276557662837
2019-08-07,-0.0008812649796166028,-0.0007393639753132675,-0.0007393639753132675
2019-08-08,0.0007583443861651773,0.0009138562801318528,0.0009138562801318528
2019-08-09,-0.0013018365932522258,-0.0011501572464700516,-0.0011501572464700516
2019-08-12,-0.0011392152963214386,-0.0012749333415209563,-0.0012749333415209563
2019-08-13,0.004426418145765609,0.0044449308153611256,0.0044449308153611256
2019-08-14,0.0017875479098314884,0.0019953244416566207,0.0019953244416566207
2019-08-15,0.001600971121689554,0.0018281073972064021,0.0018281073972064021
2019-08-16,-2.0378427397993448e-05,2.0406913862736076e-05,2.0406913862736076e-05
2019-08-19,0.002086631560864305,0.002181137093987928,0.002181137093987928
2019-08-20,-0.0015976638841088686,-0.0016099125157991168,-0.0016099125157991168
2019-08-21,0.0010687839783711794,0.0011822139349417782,0.0011822139349417782
2019-08-22,-0.001272491455139857,-0.0011720164608561845,-0.0011720164608561845
2019-08-23,-0.005413424179670834,-0.005460303759452501,-0.005460303759452501
2019-08-26,0.004506422369730423,0.004695204488759153,0.004695204488759153
2019-08-27,-0.0008363933576127636,-0.000837178960154894,-0.000837178960154894
2019-08-28,0.002150768632805722,0.0021731708777608105,0.0021731708777608105
2019-08-29,0.003019568473140666,0.003408371606845151,0.003408371606845151
2019-08-30,0.004143393476267576,0.004105116881679471,0.004105116881679471
2019-09-02,0.0,0.0,0.0
2019-09-03,0.0008488450154988669,0.0008998580044954352,0.0008998580044954352
2019-09-04,-0.005560887660716496,-0.005634902566925781,-0.005634902566925781
2019-09-05,-0.000375892113231302,-0.00011180282059619628,-0.00011180282059619628
2019-09-06,-0.00020324377127867166,-0.0002033098856273341,-0.0002033098856273341
2019-09-09,-0.0011491039779745194,-0.0011596563020761508,-0.0011596563020761508
2019-09-10,0.00045776600818658864,0.0006003408895427498,0.0006003408895427498
2019-09-11,0.0032390583273569362,0.003259961756737262,0.003259961756737262
2019-09-12,-0.0034119675250314785,-0.0032497895928642606,-0.0032497895928642606
2019-09-13,-0.0005290843911254228,-0.0005392673217681221,-0.0005392673217681221
2019-09-16,0.0035861813134623333,0.0037789177546621033,0.0037789177546621033
2019-09-17,-0.0035454725743084836,-0.008226225593746861,-0.0035454725743084836
2019-09-18,0.0030484420677048263,0.003215059441150636,0.003215059441150636
2019-09-19,-0.002936501579221762,-0.002928857441915511,-0.002928857441915511
2019-09-20,0.002449374906508872,0.002949237530569526,0.002949237530569526
2019-09-23,0.000872600404409063,0.0008657700546388369,0.0008657700546388369
2019-09-24,-0.0026607644572118616,-0.00299773864803754,-0.00299773864803754
2019-09-25,0.007093162573792888,0.007447156797184995,0.007447156797184995
2019-09-26,0.0009587776824568905,0.0010738310457272249,0.0010738310457272249
2019-09-27,-0.00023204079986616222,-4.0500997342540757e-05,-4.0500997342540757e-05
2019-09-30,0.002700443989636092,0.0026291588695661616,0.0026291588695661616
2019-10-01,-0.002508754243946143,-0.0024671647212510806,-0.0024671647212510806
2019-10-02,-0.0011001934018146642,-0.0008912927372364265,-0.0008912927372364265
2019-10-03,-0.0015665825937531963,-0.0015109342778831802,-0.0015109342778831802
2019-10-04,-0.0005665951829110227,-0.0005278437705031891,-0.0005278437705031891
2019-10-07,0.0016078880976388987,0.0017955602760757472,0.0017955602760757472
2019-10-08,0.0016759216441579738,0.001589978409465509,0.001589978409465509
2019-10-09,-0.0001513233227434796,-7.083693845721939e-05,-7.083693845721939e-05
2019-10-10,-0.004215981454397166,-0.004147637283370642,-0.004147637283370642
2019-10-11,-0.004060878059013007,-0.004083280031788483,-0.004083280031788483
2019-10-14,0.0015552339797118009,0.0016821719271913338,0.0016821719271913338
2019-10-15,-0.0016874895994964945,-0.0017025792575058318,-0.0017025792575058318
2019-10-16,-0.0029140577959783087,-0.00286114456955211,-0.00286114456955211
2019-10-17,-0.004038674466920966,-0.003978309136130953,-0.003978309136130953
2019-10-18,-0.003335234941626908,-0.0033651874118660885,-0.0033651874118660885
2019-10-21,0.00047274036130406927,0.0004328602856444874,0.0004328602856444874
2019-10-22,0.00203229154288298,0.0021203676384731196,0.0021203676384731196
2019-10-23,-0.00035894307035633233,-0.00020566398690391452,-0.00020566398690391452
2019-10-24,0.0014349998874996217,0.0017365307665784258,0.0017365307665784258
2019-10-25,0.002046434292068966,0.0019897034317502005,0.0019897034317502005
2019-10-28,-0.0006850891139400517,-0.0007687459058489665,-0.0007687459058489665
2019-10-29,-0.0007572114516536388,-0.0005641228296262568,-0.0005641228296262568
2019-10-30,-0.00045050580276218,-0.0003078375462974847,-0.0003078375462974847
2019-10-31,-0.0030154178275898502,-0.0029291927641690307,-0.0029291927641690307
2019-11-01,-0.0011614104732684538,-0.0011637788074230215,-0.0011637788074230215
2019-11-04,0.0027317931789738736,0.0033435041203766502,0.0033435041203766502
2019-11-05,0.004890335495058018,0.004498626746393342,0.004498626746393342
2019-11-06,-0.00031643147226034785,-0.00041928936181800935,-0.00041928936181800935
2019-11-07,0.0019480360070502911,0.002298816356177902,0.002298816356177902
2019-11-08,0.0021374489043237688,0.002161171135276696,0.002161171135276696
2019-11-11,-0.0015568323139563134,-0.001712241925912572,-0.001712241925912572
2019-11-12,0.0011093640614809885,0.0012029524755305943,0.0012029524755305943
2019-11-13,0.000650796740513826,0.0008045585292011381,0.0008045585292011381
2019-11-14,-0.002137013879589311,-0.002150330257009614,-0.002150330257009614
2019-11-15,-0.001672087745948403,-0.0015110524086017207,-0.0015110524086017207
2019-11-18,-0.002094049071326154,-0.002127508039069248,-0.002127508039069248
2019-11-19,0.0006337848410460367,0.0008085771019592514,0.0008085771019592514
2019-11-20,0.0007967720938406586,0.0007363619960871759,0.0007363619960871759
2019-11-21,0.0006022651475641183,0.0008686188995552513,0.0008686188995552513
2019-11-22,0.002822744826334045,0.002825451325036532,0.002825451325036532
2019-11-25,0.0005391850298233081,0.0006313195806741945,0.0006313195806741945
2019-11-26,-0.0007223706278773889,-0.0006924361809801383,-0.0006924361809801383
2019-11-27,0.0012002727483846343,0.0012012747171414873,0.0012012747171414873
2019-11-28,0.0,0.0,0.0
2019-11-29,-0.000986559479538407,-0.0008753626697695083,-0.0008753626697695083
2019-12-02,-0.004252309738530968,-0.0041940334854251304,-0.0041940334854251304
2019-12-03,-0.0012168126127516388,-0.0011254810060927767,-0.0011254810060927767
2019-12-04,-0.0009110218917056656,-0.0008090822479127624,-0.0008090822479127624
2019-12-05,-0.0024403010192752816,-0.002369559970715862,-0.002369559970715862
2019-12-06,0.002972684265873049,0.00297387314623343,0.00297387314623343
2019-12-09,-0.0005733475462168514,-0.0005325959054562901,-0.0005325959054562901
2019-12-10,-0.002368539534516323,-0.0022975076005691264,-0.0022975076005691264
2019-12-11,-0.003444892887537243,-0.003384063175692731,-0.003384063175692731
2019-12-12,0.0032806302723127345,0.0033737946011243025,0.0033737946011243025
2019-12-13,-0.002312805228942949,-0.002189613066748919,-0.002189613066748919
2019-12-16,-0.0015757685130495247,-0.002122224392341998,-0.002122224392341998
2019-12-17,0.002090187693710277,-0.0019407259035952862,0.002090187693710277
2019-12-18,0.0018291873439917339,0.001920099691804289,0.001920099691804289
2019-12-19,-0.00021562899574778527,-8.250910183171811e-05,-8.250910183171811e-05
2019-12-20,0.0031886180121096785,0.003284785349553232,0.003284785349553232
2019-12-23,-0.00032762045463741174,-0.00040100972728929207,-0.00040100972728929207
2019-12-24,-4.096010486343005e-05,0.00016453626519208342,0.00016453626519208342
2019-12-25,-0.0002253105710909864,0.0,0.0
2019-12-26,-0.0010042733697117612,-0.001399421937941625,-0.001399421937941625
2019-12-27,-0.006325457057317685,-0.00587626457902779,-0.00587626457902779
2019-12-30,-0.0018486107123925066,-0.0014407656169614924,-0.0014407656169614924
2019-12-31,-0.0036348801729548796,-0.0036266373888071968,-0.0036266373888071968
2020-01-01,0.0005808104543207904,0.0,0.0
2020-01-02,0.0041491903429946575,0.004849866451000828,0.004849866451000828
2020-01-03,-8.260878549126716e-05,-4.144090010260726e-05,-4.144090010260726e-05
2020-01-06,-0.0017260183398155604,-0.0017732063898225903,-0.0017732063898225903
2020-01-07,0.003449062672774339,0.0036466899082610027,0.0036466899082610027
2020-01-08,0.0030261880801880636,0.003035655771071788,0.003035655771071788
2020-01-09,0.0015507143067168272,0.0017099479851214738,0.0017099479851214738
2020-01-10,-0.0009650627526420763,-0.0008649094443624605,-0.0008649094443624605
2020-01-13,-0.00011299377005435929,-0.00018543510339696923,-0.00018543510339696923
2020-01-14,0.00027732555629977895,0.00035023744396234235,0.00035023744396234235
2020-01-15,-0.0014696741099919919,-0.0013810591000282813,-0.0013810591000282813
2020-01-16,0.0009354970381405536,0.0010514272546080505,0.0010514272546080505
2020-01-17,0.0029344490240248433,0.0030552278923243747,0.0030552278923243747
2020-01-20,0.0,0.0,0.0
2020-01-21,-0.0007686907525785713,-0.0006678551310894676,-0.0006678551310894676
2020-01-22,-4.1013442161563773e-05,1.0278073272473875e-05,1.0278073272473875e-05
2020-01-23,0.0017006458355570686,0.0019406615632808766,0.0019406615632808766
2020-01-24,0.0016364439641405326,0.0017013953492881484,0.0017013953492881484
2020-01-27,0.0010520457129148397,0.0011974394651446119,0.0011974394651446119
2020-01-28,0.0006327370168337509,0.0006952894422287414,0.0006952894422287414
2020-01-29,-0.0002754975554264405,-0.00016355402941581332,-0.00016355402941581332
2020-01-30,-0.0012662236576259644,-0.0011558625503731434,-0.0011558625503731434
2020-01-31,-0.00488587808789287,-0.0050585222709580435,-0.0050585222709580435
2020-02-03,0.0042010410676640575,0.004229160780535146,0.004229160780535146
2020-02-04,0.001644863239356198,0.0018829891868010762,0.0018829891868010762
2020-02-05,0.0034647597612282865,0.0035618279503086825,0.0035618279503086825
2020-02-06,0.0019817381750577567,0.0022692706861899836,0.0022692706861899836
2020-02-07,0.0019068876860472983,0.0019294047173028517,0.0019294047173028517
2020-02-10,0.0014986130510816764,0.0014496796517091681,0.0014496796517091681
2020-02-11,-0.0011237491881264106,-0.0012163725221032706,-0.0012163725221032706
2020-02-12,0.003316987417023576,0.003321252977038114,0.003321252977038114
2020-02-13,0.0001817117249443001,0.0003638568869739345,0.0003638568869739345
2020-02-14,0.0005752027243568492,0.0004546350116951814,0.0004546350116951814
2020-02-17,-0.0012214389259757041,0.0,0.0
2020-02-18,0.00440429449669022,0.0033276894212006525,0.0033276894212006525
2020-02-19,0.0026613789591989345,0.0026542015280277553,0.0026542015280277553
2020-02-20,0.0016034477554800475,0.0017956297803172205,0.0017956297803172205
2020-02-21,-0.006056454857465532,-0.005910634203607046,-0.005910634203607046
2020-02-24,0.000976734662614831,0.0009673909416623161,0.0009673909416623161
2020-02-25,-0.003942988161753647,-0.003865080372360552,-0.003865080372360552
2020-02-26,0.0002828797173899389,0.00037404152296982573,0.00037404152296982573
2020-02-27,-0.004941682123790869,-0.004832860636803105,-0.004832860636803105
2020-02-28,-0.003824252016343621,-0.0038668627926830013,-0.0038668627926830013
2020-03-02,-0.007898062458513877,-0.007799425412149397,-0.007799425412149397
2020-03-03,-0.0021283932502562664,-0.0020263223024619137,-0.0020263223024619137
2020-03-04,0.0018818550561316982,0.0019030088703901882,0.0019030088703901882
2020-03-05,-0.005315325973599627,-0.005327245889271026,-0.005327245889271026
2020-03-06,-0.009015940017307322,-0.008883228129659138,-0.008883228129659138
2020-03-09,-0.011066627305357457,-0.011152921626552903,-0.011152921626552903
2020-03-10,0.01588040209878816,0.015884553817096858,0.015884553817096858
2020-03-11,0.0009641252865568717,0.0010680161321303672,0.0010680161321303672
2020-03-12,0.009908574430277817,0.010022975698093184,0.010022975698093184
2020-03-13,0.01305715814317221,0.013250086832302443,0.013250086832302443
2020-03-16,-0.00690996459364257,-0.005319701485576367,-0.005319701485576367
2020-03-17,0.015239816513672011,0.015794798275718946,0.015794798275718946
2020-03-18,0.0157922927340568,0.01727409141514613,0.01727409141514613
2020-03-19,0.01564409219111873,0.020103237119348805,0.01564409219111873
2020-03-20,0.0006031950059339763,-0.000994655018824453,-0.000994655018824453
2020-03-23,-0.003214747732158685,-0.002534561339808228,-0.002534561339808228
2020-03-24,-0.004380868119469916,-0.009664920211224448,-0.009664920211224448
2020-03-25,-0.00973964929755855,-0.012300641209368024,-0.012300641209368024
2020-03-26,-0.016946344203898178,-0.015405642672302378,-0.015405642672302378
2020-03-27,-0.009984049917503235,-0.009253058594691943,-0.009253058594691943
2020-03-30,0.008261413959888664,0.00752210120495711,0.00752210120495711
2020-03-31,-0.0013418825697266712,-0.0019055018292535308,-0.0019055018292535308
2020-04-01,0.006290246735780158,0.006648418967163394,0.006648418967163394
2020-04-02,0.005073740075300037,0.0051793900531134085,0.0051793900531134085
2020-04-03,0.0039450926856865465,0.0040408518865273635,0.0040408518865273635
2020-04-06,0.0010831707152112457,0.0007744549416033308,0.0007744549416033308
2020-04-07,-0.007827145675860514,-0.008382011411002033,-0.008382011411002033
2020-04-08,0.002189792844801808,0.0025589266477377137,0.0025589266477377137
2020-04-09,-0.0060309946573351425,-0.006670898262139957,-0.006670898262139957
2020-04-10,-0.00035176056523766874,0.0,0.0
2020-04-13,-0.0013478853320680884,-0.0016898012469921397,-0.0016898012469921397
2020-04-14,-0.004651053860727394,-0.004550484340552607,-0.004550484340552607
2020-04-15,0.005787823445290385,0.006059371973302419,0.006059371973302419
2020-04-16,0.005654547214066774,0.006152755573883617,0.006152755573883617
2020-04-17,-0.002432348414274088,-0.00264084660520858,-0.00264084660520858
2020-04-20,0.0017322783786815066,0.0022211781371348494,0.0022211781371348494
2020-04-21,0.00302677879383495,0.0031531917240981144,0.0031531917240981144
2020-04-22,0.0012958147004242804,0.0015330860833921989,0.0015330860833921989
2020-04-23,0.00044816030946126517,6.96299170197534e-05,6.96299170197534e-05
2020-04-24,-0.0005278542846394174,-0.0010051302290730035,-0.0010051302290730035
2020-04-27,-0.003382882265729137,-0.0033610795064431542,-0.0033610795064431542
2020-04-28,-0.0017608280439231905,-0.0016297477498827817,-0.0016297477498827817
2020-04-29,-0.0030085767064962354,-0.0029061339837292977,-0.0029061339837292977
2020-04-30,-0.005529243972917541,-0.006201195679443217,-0.006201195679443217
2020-05-01,0.0006360584782454382,0.000726802906902968,0.000726802906902968
2020-05-04,0.004079315498127123,0.0047013430530506994,0.0047013430530506994
2020-05-05,0.0022591164919720796,0.001956564897303892,0.001956564897303892
2020-05-06,0.0038238284830445224,0.003741912739425146,0.003741912739425146
2020-05-07,-0.0020202027072757645,-0.0022995181146869825,-0.0022995181146869825
2020-05-08,-0.0015529275799845976,-0.0013722300888723282,-0.0013722300888723282
2020-05-11,0.005020763659919325,0.005009033713671229,0.005009033713671229
2020-05-12,-0.00302744412398237,-0.0031364583761464004,-0.0031364583761464004
2020-05-13,0.00308730106590982,0.0033458709745755044,0.0033458709745755044
2020-05-14,0.002232099298505652,0.002151416680590934,0.002151416680590934
2020-05-15,-0.0006372344242553396,-0.0007265814663162118,-0.0007265814663162118
2020-05-18,-0.007367565203217907,-0.007525708256987507,-0.007525708256987507
2020-05-19,-0.0029542415826764312,-0.0031650842561417036,-0.0031650842561417036
2020-05-20,-0.0024887289603112706,-0.002327445244882931,-0.002327445244882931
2020-05-21,0.0024786656115303174,0.0026997367030823227,0.0026997367030823227
2020-05-22,0.004948989436820206,0.004867264025780749,0.004867264025780749
2020-05-25,0.0,0.0,0.0
2020-05-26,-0.009609121535163467,-0.009879654190163123,-0.009879654190163123
2020-05-27,0.0015557915953214874,0.0015356330430806864,0.0015356330430806864
2020-05-28,-0.006877891835142869,-0.006949326452470039,-0.006949326452470039
2020-05-29,-0.00039648854006735235,-0.0003151799856295767,-0.0003151799856295767
2020-06-01,-0.0052402578957018164,-0.005311975622995568,-0.005311975622995568
2020-06-02,-0.0016061138064360492,-0.00164723613692086,-0.00164723613692086
2020-06-03,-0.004072865711482798,-0.004104295770611444,-0.004104295770611444
2020-06-04,-0.00617677380031445,-0.006208893891602507,-0.006208893891602507
2020-06-05,0.0026857578097461143,0.0027379019990707576,0.0027379019990707576
2020-06-08,-0.0032962236969371617,-0.003244977786718728,-0.003244977786718728
2020-06-09,-0.003047550326473747,-0.0029751899580103824,-0.0029751899580103824
2020-06-10,-0.003796492028998344,-0.0038591411127093522,-0.0038591411127093522
2020-06-11,0.008033588968219263,0.008189407901966206,0.008189407901966206
2020-06-12,0.0060396366056796325,0.005833744977453925,0.005833744977453925
2020-06-15,-0.006318794378159076,-0.00336622667740194,-0.00336622667740194
2020-06-16,0.002602446941375902,-0.0004641304599308782,0.002602446941375902
2020-06-17,0.0020606242738319125,0.002174395555721631,0.002174395555721631
2020-06-18,0.0027032738390078137,0.002631796896971572,0.002631796896971572
2020-06-19,0.0020713282359032803,0.0018155992616764038,0.0018155992616764038
2020-06-22,-0.006000161840456819,-0.006085482539910814,-0.006085482539910814
2020-06-23,-0.004058141201884524,-0.0038947738458263714,-0.0038947738458263714
2020-06-24,0.0051807705380158,0.005378438356528292,0.005378438356528292
2020-06-25,0.002888318715478455,0.002663007891963609,0.002663007891963609
2020-06-26,4.105469512349913e-05,0.0001642777941182061,0.0001642777941182061
2020-06-29,0.0010565783235501058,0.0009953567944229746,0.0009953567944229746
2020-06-30,-0.0014877367090733173,-0.0015601748096747414,-0.0015601748096747414
2020-07-01,-0.0020042455588118457,-0.0019948182487965482,-0.0019948182487965482
2020-07-02,0.0012441329433778847,0.0015016253284478864,0.0015016253284478864
2020-07-03,-0.0014910871757827238,0.0,0.0
2020-07-06,-0.004610703537260008,-0.006382024208304138,-0.006382024208304138
2020-07-07,0.0016115206528821702,0.0016225632819653057,0.0016225632819653057
2020-07-08,-0.004686805365726521,-0.004875609403733883,-0.004875609403733883
2020-07-09,0.0028167865855159846,0.00315995310626338,0.00315995310626338
2020-07-10,-0.0004965037960404928,-0.0006104911539051017,-0.0006104911539051017
2020-07-13,-0.0019470169161577289,-0.002144845165616971,-0.002144845165616971
2020-07-14,-0.0021274064571095153,-0.0020766929909301624,-0.0020766929909301624
2020-07-15,-0.001850889579036341,-0.0017477611265288573,-0.0017477611265288573
2020-07-16,0.00275429297891705,0.0029112404761688637,0.0029112404761688637
2020-07-17,-0.004202036470876358,-0.004474326951728003,-0.004474326951728003
2020-07-20,-0.001147183789915296,-0.001220905813216433,-0.001220905813216433
2020-07-21,-0.007488945652365686,-0.007462095496008736,-0.007462095496008736
2020-07-22,-0.0013571449441078798,-0.0013684932921558257,-0.0013684932921558257
2020-07-23,-0.003121048505658308,-0.0029644655345473225,-0.0029644655345473225
2020-07-24,-0.0027177521790884285,-0.002846126060918941,-0.002846126060918941
2020-07-27,-0.00815515170804293,-0.008138559244125432,-0.008138559244125432
2020-07-28,0.0002988834590249567,0.00034176715309541805,0.00034176715309541805
2020-07-29,-0.0025968627837693603,-0.0022984952309466067,-0.0022984952309466067
2020-07-30,-0.004633362000593166,-0.004537636311780169,-0.004537636311780169
2020-07-31,0.003519883443134475,0.003348900247876152,0.003348900247876152
2020-08-03,0.002065375738884434,0.001991136890098666,0.001991136890098666
2020-08-04,-0.0017119261205182923,-0.0013805283515315736,-0.0013805283515315736
2020-08-05,-0.005519477099607428,-0.005670483652212788,-0.005670483652212788
2020-08-06,-0.0008618089902983073,-0.0008835350594695868,-0.0008835350594695868
2020-08-07,0.006948686288194672,0.006918063900134719,0.006918063900134719
2020-08-10,0.0015720499235252205,0.0016793154052692216,0.0016793154052692216
2020-08-11,0.0004914267499147584,0.00033125143889733977,0.00033125143889733977
2020-08-12,-0.0019778593187496085,-0.0020533888118423604,-0.0020533888118423604
2020-08-13,-0.0011564532443486542,-0.0009746954848512956,-0.0009746954848512956
2020-08-14,-0.002563952678784176,-0.0024892449629927427,-0.0024892449629927427
2020-08-17,-0.002635161005822617,-0.002560077124836191,-0.002560077124836191
2020-08-18,-0.006266158509465214,-0.006353137961539801,-0.006353137961539801
2020-08-19,0.00665380132300708,0.00670849825215214,0.00670849825215214
2020-08-20,-0.0010124947008867125,-0.0010987946682874394,-0.0010987946682874394
2020-08-21,0.004880680512030722,0.004967271446207455,0.004967271446207455
2020-08-24,0.0005467849716760398,0.0005253874853465845,0.0005253874853465845
2020-08-25,-0.002994898034413218,-0.002898428291000954,-0.002898428291000954
2020-08-26,-0.00013976616068944736,-0.0002472918863229978,-0.0002472918863229978
2020-08-27,-5.376141759416697e-05,-5.3767198795462434e-05,-5.3767198795462434e-05
2020-08-28,-0.00679716921193485,-0.00660303418677799,-0.00660303418677799
2020-08-31,-0.0024605058073667863,-0.0026882028003498704,-0.0026882028003498704
2020-09-01,0.0021031869939784897,0.0022334506324401815,0.0022334506324401815
2020-09-02,0.005497219340728776,0.005368024079893452,0.005368024079893452
2020-09-03,-0.0011638810275726996,-0.0010885557235216226,-0.0010885557235216226
2020-09-04,-0.00021568225773549443,-0.00015098246475186983,-0.00015098246475186983
2020-09-07,0.0,0.0,0.0
2020-09-08,0.007799614108550124,0.007756807263729293,0.007756807263729293
2020-09-09,-0.0020353515328555005,-0.0019603753486290287,-0.0019603753486290287
2020-09-10,0.0008682091321450258,0.0007824684598185527,0.0007824684598185527
2020-09-11,-3.2142455364869704e-05,-0.0001178670354056166,-0.0001178670354056166
2020-09-14,-0.003015266388392668,-0.004381638523534903,-0.004381638523534903
2020-09-15,-2.1493589538401636e-05,0.0018602455941660878,-2.1493589538401636e-05
2020-09-16,0.0017609419144788419,0.0015672301883240536,0.0015672301883240536
2020-09-17,-0.0026210645349715733,-0.002814180160165769,-0.002814180160165769
2020-09-18,-0.0004733829756604635,-0.0001828733714575037,-0.0001828733714575037
2020-09-21,0.007825017685265223,0.00784418604559356,0.00784418604559356
2020-09-22,0.0035386193689870282,0.003558836373803942,0.003558836373803942
2020-09-23,0.004257426391752972,0.00451022461358086,0.00451022461358086
2020-09-24,-0.0003708746856965206,-0.000518966104097629,-0.000518966104097629
2020-09-25,0.003047685907864306,0.0030463963986200326,0.0030463963986200326
2020-09-28,-0.003853487724229332,-0.0040215098858142895,-0.0040215098858142895
2020-09-29,-0.004113329460783355,-0.003984513503612952,-0.003984513503612952
2020-09-30,-5.325465846350852e-05,0.0,0.0
2020-10-01,-0.0018657020182875073,-0.0017582281594155091,-0.0017582281594155091
2020-10-02,0.0014182508842033315,0.0015665716073698377,0.0015665716073698377
2020-10-05,-0.0035333651197309024,-0.0038836243292070805,-0.0038836243292070805
2020-10-06,0.0018483009978735865,0.0021250588650509883,0.0021250588650509883
2020-10-07,-0.0005979201100636544,-0.0007042930149943061,-0.0007042930149943061
2020-10-08,-0.0002670440905658822,-0.00032029723857363024,-0.00032029723857363024
2020-10-09,-0.005871592229641287,-0.006244898798568599,-0.006244898798568599
2020-10-12,8.59651197053779e-05,0.0004189741640177047,0.0004189741640177047
2020-10-13,0.004994758395662657,0.004629241014521668,0.004629241014521668
2020-10-14,-0.001594324970029426,-0.001819135663407856,-0.001819135663407856
2020-10-15,0.00506308561911073,0.0053196728558946305,0.0053196728558946305
2020-10-16,-0.0018556244593463944,-0.00197288152589703,-0.00197288152589703
2020-10-19,-0.0027256856471247204,-0.0026722550480977603,-0.0026722550480977603
2020-10-20,-0.003860718812984665,-0.0040540596065516965,-0.0040540596065516965
2020-10-21,-0.004911738781722796,-0.004869387483021903,-0.004869387483021903
2020-10-22,0.0036645474880163675,0.0039339789800116876,0.0039339789800116876
2020-10-23,-0.00197071984263264,-0.002142907958925022,-0.002142907958925022
2020-10-26,0.0029814943539454575,0.00300308606882016,0.00300308606882016
2020-10-27,-0.0011291234363586256,-0.0012582608625688607,-0.0012582608625688607
2020-10-28,0.004990753335692766,0.005173461650444189,0.005173461650444189
2020-10-29,0.005871067248590656,0.00606237114416075,0.00606237114416075
2020-10-30,0.0008830116588702808,0.0006914195117460054,0.0006914195117460054
2020-11-02,0.0009672259970603392,0.0010946559569484648,0.0010946559569484648
2020-11-03,-0.006138061278514684,-0.006233205232413219,-0.006233205232413219
2020-11-04,-0.0015618317252714675,-0.0015938303966072098,-0.0015938303966072098
2020-11-05,-0.009487410621040304,-0.009627508786118177,-0.009627508786118177
2020-11-06,-0.00320426354244141,-0.0031503590505135293,-0.0031503590505135293
2020-11-09,0.005363508645876536,0.005299028296606778,0.005299028296606778
2020-11-10,0.0002587963826075068,0.00022647491887095583,0.00022647491887095583
2020-11-11,0.0031648321283581637,0.0031007776782487895,0.0031007776782487895
2020-11-12,-0.0008601873588247599,-0.0007312614585464061,-0.0007312614585464061
2020-11-13,-0.002239956137459309,-0.002218561430375132,-0.002218561430375132
2020-11-16,-0.001219005852229671,-0.0012946382216076913,-0.0012946382216076913
2020-11-17,-0.002442478707800788,-0.002507729874199782,-0.002507729874199782
2020-11-18,-0.001082649565508298,-0.0009420223858471743,-0.0009420223858471743
2020-11-19,-0.00023834028605307367,-0.0002925323025273485,-0.0002925323025273485
2020-11-20,0.0010612608340414553,0.0012020859260264416,0.0012020859260264416
2020-11-23,0.0012223022987800647,0.0010709129203094747,0.0010709129203094747
2020-11-24,-0.003020610640716015,-0.0029667507711383934,-0.0029667507711383934
2020-11-25,-0.002518728939860715,-0.0027580832529654487,-0.0027580832529654487
2020-11-26,0.0,0.0,0.0
2020-11-27,-0.002219998299989534,-0.0017957527122929307,-0.0017957527122929307
2020-11-30,0.0008602900470142671,0.0006207155851889468,0.0006207155851889468
2020-12-01,-0.006070484080512806,-0.0061259780449844925,-0.0061259780449844925
2020-12-02,-0.0021377953775978398,-0.001995483415487165,-0.001995483415487165
2020-12-03,-0.004443669593784172,-0.004366651056969317,-0.004366651056969317
2020-12-04,-0.00014331780748300105,-0.0002645910980527688,-0.0002645910980527688
2020-12-07,0.0010027935802012777,0.001046930111107791,0.001046930111107791
2020-12-08,0.0019036411499291361,0.001969663428317503,0.001969663428317503
2020-12-09,0.0013402766051768822,0.0012633824070871214,0.0012633824070871214
2020-12-10,-0.0028915258917114883,-0.002891653059704069,-0.002891653059704069
2020-12-11,0.0016721676063573554,0.0016502561641660307,0.0016502561641660307
2020-12-14,-0.0029171067596296396,-0.0026306970003977526,-0.0026306970003977526
2020-12-15,-0.0026271650575058203,-0.0035552648688392807,-0.0026271650575058203
2020-12-16,-0.0002542518101495972,-0.0005531952699051601,-0.0005531952699051601
2020-12-17,-0.006967277673878947,-0.006862880906203017,-0.006862880906203017
2020-12-18,0.0021574981400211968,0.0023595679139010173,0.0023595679139010173
2020-12-21,0.00029990170113514125,-4.4468655164386917e-05,-4.4468655164386917e-05
2020-12-22,0.006762727977177363,0.006615165817105861,0.006615165817105861
2020-12-23,-0.002661999616885957,-0.0022776786380100944,-0.0022776786380100944
2020-12-24,-0.0009959278443592012,-0.0009967330134674768,-0.0009967330134674768
2020-12-25,-0.0011077510465584695,0.0,0.0
2020-12-28,0.0012627383157717276,0.00027696995053094753,0.00027696995053094753
2020-12-29,-0.0038041203524494804,-0.003962423258379921,-0.003962423258379921
2020-12-30,-0.003495222677373455,-0.0029960984058936546,-0.0029960984058936546
2020-12-31,0.0028616464519668483,0.002729152927922307,0.002729152927922307
2021-01-01,0.0,0.0,0.0
2021-01-04,-0.0007563707912066064,-0.0005452350487535895,-0.0005452350487535895
2021-01-05,-0.00482976873710772,-0.0048646151250082426,-0.0048646151250082426
2021-01-06,0.001050478958507739,0.0010396231464397943,0.0010396231464397943
2021-01-07,0.003300701049689714,0.003223776168524317,0.003223776168524317
2021-01-08,0.003023501113899485,0.0030801930290413893,0.0030801930290413893
2021-01-11,0.00406506876140611,0.004143820676643095,0.004143820676643095
2021-01-12,-0.004120565428845424,-0.004188232552386317,-0.004188232552386317
2021-01-13,0.002903885707913112,0.002993383536488814,0.002993383536488814
2021-01-14,-0.0012846497220637687,-0.001318201897897886,-0.001318201897897886
2021-01-15,0.005889161879312432,0.005956838948316445,0.005956838948316445
2021-01-18,-7.711926498199517e-05,0.0,0.0
2021-01-19,-0.0029459977282240146,-0.0030679271428430965,-0.0030679271428430965
2021-01-20,-0.00025418156436440853,-7.737157703768816e-05,-7.737157703768816e-05
2021-01-21,-0.003809401858160477,-0.0037874638289778773,-0.0037874638289778773
2021-01-22,0.0011864567919301905,0.0009426691541429832,0.0009426691541429832
2021-01-25,0.001694080536251974,0.001783094306362365,0.001783094306362365
2021-01-26,-0.0024479274080118074,-0.002492786063805319,-0.002492786063805319
2021-01-27,0.005276064822607118,0.005442852563331435,0.005442852563331435
2021-01-28,-0.0021203528611986044,-0.0023527213490206478,-0.0023527213490206478
2021-01-29,0.0014251075385143253,0.001569095771557727,0.001569095771557727
2021-02-01,0.004362105130119254,0.004472752355935583,0.004472752355935583
2021-02-02,0.002382299660542486,0.0023495322725164414,0.0023495322725164414
2021-02-03,-0.0002851377453962911,-0.000449716740880568,-0.000449716740880568
2021-02-04,0.003918997900344223,0.004072968601628091,0.004072968601628091
2021-02-05,-0.0053349234550745805,-0.00534643457678019,-0.00534643457678019
2021-02-08,-0.001186969849651831,-0.0012420928110090657,-0.0012420928110090657
2021-02-09,-0.005458378358382809,-0.005403987829573076,-0.005403987829573076
2021-02-10,-0.0007521708224764723,-0.0007301208342394006,-0.0007301208342394006
2021-02-11,0.0005088833439463869,0.0005531707889874227,0.0005531707889874227
2021-02-12,0.0006965289921563311,0.0006302416687766765,0.0006302416687766765
2021-02-15,0.0,0.0,0.0
2021-02-16,0.00032046146725139835,0.000364695290079986,0.000364695290079986
2021-02-17,0.004871606680795892,0.004915910523728861,0.004915910523728861
2021-02-18,-0.003954991026423826,-0.0038446968025249717,-0.0038446968025249717
2021-02-19,-0.002519950934512849,-0.002619321469047975,-0.002619321469047975
2021-02-22,-0.003925182725981635,-0.004036332422460376,-0.004036332422460376
2021-02-23,0.001764912018299647,0.0018649473118390603,0.0018649473118390603
2021-02-24,7.76289889214965e-05,3.327104255124169e-05,3.327104255124169e-05
2021-02-25,-0.0004658643531652018,-0.0003882310578147141,-0.0003882310578147141
2021-02-26,0.008231499468124959,0.008253415318942636,0.008253415318942636
2021-03-01,0.0017590347437419496,0.0016930709087237261,0.0016930709087237261
2021-03-02,-0.0027939124122866588,-0.0027058852980017534,-0.0027058852980017534
2021-03-03,0.0017828455407995492,0.001672793293908903,0.001672793293908903
2021-03-04,0.007492723110432031,0.007689565016672617,0.007689565016672617
2021-03-05,0.0037689034199690497,0.00376836979481876,0.00376836979481876
2021-03-08,0.0036464308676622537,0.003732562220704061,0.003732562220704061
2021-03-09,-0.0038530255893585164,-0.004015241588080087,-0.004015241588080087
2021-03-10,-0.0014691401644535418,-0.0014799341083646667,-0.0014799341083646667
2021-03-11,-0.004398538004083186,-0.004474866400006938,-0.004474866400006938
2021-03-12,0.0028290724989812333,0.002840042106434737,0.002840042106434737
2021-03-15,0.0016783647516271927,0.0018961483368711285,0.0018961483368711285
2021-03-16,0.0003483979174916385,0.0003047917642735598,0.0003047917642735598
2021-03-17,-0.004615216558370605,-0.004855040494301299,-0.004615216558370605
2021-03-18,0.004582559409445963,0.004746196956778803,0.004746196956778803
2021-03-19,0.000620303533310107,0.0005984929039604125,0.0005984929039604125
2021-03-22,-0.0019274647834652825,-0.0020036377071059874,-0.0020036377071059874
2021-03-23,0.006453808295992403,0.006583831526375761,0.006583831526375761
2021-03-24,0.0020772034472518186,0.0019796952543336133,0.0019796952543336133
2021-03-25,0.003452446032389922,0.003193856704047704,0.003193856704047704
2021-03-26,-0.0008835540997402802,-0.0005495660183250095,-0.0005495660183250095
2021-03-29,0.0019169679016641794,0.0019490559712576072,0.0019490559712576072
2021-03-30,0.0037907917453239293,0.003918899994441283,0.003918899994441283
2021-03-31,-0.0006969425947822572,-0.0009112497079373227,-0.0009112497079373227
2021-04-01,-0.003255249677057037,-0.0031044749747231037,-0.0031044749747231037
2021-04-02,0.001000263593678774,0.0011182917110756918,0.0011182917110756918
2021-04-05,-0.004600879803370539,-0.004912585426806615,-0.004912585426806615
2021-04-06,-0.0028118766161329134,-0.002671094843891275,-0.002671094843891275
2021-04-07,0.0012987717611130378,0.0013418463218881627,0.0013418463218881627
2021-04-08,-0.0042923638098422146,-0.004367600052379572,-0.004367600052379572
2021-04-09,0.0011290726519996852,0.0009879010079947292,0.0009879010079947292
2021-04-12,-0.0002712953283303676,-0.00017362618326455248,-0.00017362618326455248
2021-04-13,-0.003108867116152325,-0.0032610851345404868,-0.0032610851345404868
2021-04-14,-0.001765263994815136,-0.0018526798311437886,-0.0018526798311437886
2021-04-15,-0.0002072414533946798,-0.0006110468732130059,-0.0006110468732130059
2021-04-16,-0.0012552736780122586,-0.0008080279100060039,-0.0008080279100060039
2021-04-19,-0.005333345975362391,-0.005410924841796394,-0.005410924841796394
2021-04-20,0.0018868965063028043,0.0019420997233146053,0.0019420997233146053
2021-04-21,-0.0009430032059141169,-0.001074820783900421,-0.001074820783900421
2021-04-22,0.0019508138228356842,0.0021046869923306843,0.0021046869923306843
2021-04-23,-0.005203313750781646,-0.005292063294954907,-0.005292063294954907
2021-04-26,-0.0005724791806960283,-0.0006497117820876142,-0.0006497117820876142
2021-04-27,0.0011226310364804704,0.0012329914812321263,0.0012329914812321263
2021-04-28,-0.0033054603196562837,-0.00329504113869028,-0.00329504113869028
2021-04-29,5.518063381870775e-05,0.0,0.0
2021-04-30,0.007322979056390899,0.00744519915792452,0.00744519915792452
2021-05-03,-0.0036767773620161037,-0.003765159746970781,-0.003765159746970781
2021-05-04,0.00376441594057475,0.003819940759886009,0.003819940759886009
2021-05-05,0.0002190628500073899,0.00019718680226876728,0.00019718680226876728
2021-05-06,-0.003917507026473643,-0.003918151959560134,-0.003918151959560134
2021-05-07,-0.007925686136928789,-0.007949167454422756,-0.007949167454422756
2021-05-10,-0.0002327579051213391,-0.00034367880782415483,-0.00034367880782415483
2021-05-11,-0.0007873448588915366,-0.0006766162790237118,-0.0006766162790237118
2021-05-12,0.006325565453619397,0.006216490347452641,0.006216490347452641
2021-05-13,0.00042983496101722807,0.0005401800363955545,0.0005401800363955545
2021-05-14,-0.004760519944585262,-0.004606394120565405,-0.004606394120565405
2021-05-17,-0.001739757205308834,-0.0019505713820535675,-0.0019505713820535675
2021-05-18,-0.004602206951324739,-0.004536466228998393,-0.004536466228998393
2021-05-19,0.004901616451496338,0.005079905324515188,0.005079905324515188
2021-05-20,-0.004255585620041025,-0.0044003493491855394,-0.0044003493491855394
2021-05-21,0.002324483182049697,0.0023359298719682897,0.0023359298719682897
2021-05-24,-0.0019237083453456094,-0.001857175959030677,-0.001857175959030677
2021-05-25,-0.0022843399000951337,-0.0023402772207070655,-0.0023402772207070655
2021-05-26,0.004485735005454572,0.00447517695745514,0.00447517695745514
2021-05-27,-0.0007888319585998005,-0.0007889371426328395,-0.0007889371426328395
2021-05-28,0.0006666592840325336,0.00037787854988646785,0.00037787854988646785
2021-05-31,-0.002246192426671456,0.0,-0.002246192426671456
2021-06-01,2.22642769687198e-05,-0.0019353553078902408,-0.0019353553078902408
2021-06-02,0.0008679203838468652,0.0009125306664836685,0.0009125306664836685
2021-06-03,0.0066843908993154955,0.006651835482357704,0.006651835482357704
2021-06-04,-0.004162797738935353,-0.00407454309958144,-0.00407454309958144
2021-06-07,-0.002065680465322295,-0.002076867010775807,-0.002076867010775807
2021-06-08,0.0013997980355506812,0.0014442681738602303,0.0014442681738602303
2021-06-09,0.0004883571319505009,0.0004994533864097761,0.0004994533864097761
2021-06-10,-0.0004994589298865648,-0.00047725016028010714,-0.00047725016028010714
2021-06-11,0.005314744282342687,0.005226222671200098,0.005226222671200098
2021-06-14,-0.00036448583050674443,-0.0008286148796168291,-0.0008286148796168291
2021-06-15,0.00015464657764763245,0.0002983804593990058,0.0002983804593990058
2021-06-16,0.006528523449390811,0.00777066262221382,0.00777066262221382
2021-06-17,0.008305241763552296,0.00726457605715769,0.00726457605715769
2021-06-18,0.0036499166061556565,0.003650551092910348,0.003650551092910348
2021-06-21,-0.0035410955731185467,-0.0035634781583890884,-0.0035634781583890884
2021-06-22,-0.0015572680177395881,-0.0014158754652520145,-0.0014158754652520145
2021-06-23,0.0005012039896161724,0.00037049952476753134,0.00037049952476753134
2021-06-24,0.0001307075637972943,0.00010894432955588229,0.00010894432955588229
2021-06-25,0.0004029074728499893,0.0005336557176072176,0.0005336557176072176
2021-06-28,0.0003918623307175295,0.00034835619773154747,0.00034835619773154747
2021-06-29,0.0017614827101608554,0.001794288122008325,0.001794288122008325
2021-06-30,0.00419546919980629,0.004228290266805601,0.004228290266805601
2021-07-01,0.0017402305602898238,0.001761924520122804,0.001761924520122804
2021-07-02,-0.0040146572482688825,-0.001956683344395138,-0.001956683344395138
2021-07-05,-0.000151812533500717,0.0,0.0
2021-07-06,0.0036155442670056104,0.0014057399749978217,0.0014057399749978217
2021-07-07,0.0010583725811104117,0.001101583367330683,0.001101583367330683
2021-07-08,-0.0024532463765822854,-0.0025830731299940624,-0.0025830731299940624
2021-07-09,-0.0031103212880427833,-0.003143259218614247,-0.003143259218614247
2021-07-12,0.0014208938835418294,0.001518669070222245,0.001518669070222245
2021-07-13,0.005307747592994794,0.005437410364389272,0.005437410364389272
2021-07-14,-0.003694066697428333,-0.0038236420826613937,-0.0038236420826613937
2021-07-15,0.0023130894366998334,0.0024427691085060488,0.0024427691085060488
2021-07-16,0.0006799380762849694,0.0006043665667077036,0.0006043665667077036
2021-07-19,0.002198537350015961,0.002295420406859705,0.002295420406859705
2021-07-20,0.0008823656579020067,0.00085001538373497,0.00085001538373497
2021-07-21,-0.0023583011785994756,-0.0023689293831470337,-0.0023689293831470337
2021-07-22,0.0007328534190138569,0.0007651315914598555,0.0007651315914598555
2021-07-23,0.0009691279684282961,0.001055136350434971,0.001055136350434971
2021-07-26,-0.002834649264721989,-0.002985253781005781,-0.002985253781005781
2021-07-27,-0.002344920326062372,-0.002323232822440957,-0.002323232822440957
2021-07-28,-0.0011907727356135211,-0.0012882065942800836,-0.0012882065942800836
2021-07-29,-0.004973243829407892,-0.004842887394294948,-0.004842887394294948
2021-07-30,0.0033688726588012585,0.0034445510779903543,0.0034445510779903543
2021-08-02,-0.001367915011751819,-0.0013351209290615174,-0.0013351209290615174
2021-08-03,0.00035844435535192787,0.0002497922935775776,0.0002497922935775776
2021-08-04,0.0020504371141747413,0.0020177700730812376,0.0020177700730812376
2021-08-05,-0.00028182143546917615,-0.0002384487834152793,-0.0002384487834152793
2021-08-06,0.006009399637159518,0.005922676889728251,0.005922676889728251
2021-08-09,0.0015612805669524832,0.0014859643733977634,0.0014859643733977634
2021-08-10,0.0011827958368195723,0.001258112030374292,0.001258112030374292
2021-08-11,-0.0014302846338347663,-0.001473332416880524,-0.001473332416880524
2021-08-12,0.001215334877512575,0.0012906280696212136,0.0012906280696212136
2021-08-13,-0.005572546257702982,-0.005669646014731633,-0.005669646014731633
2021-08-16,0.00118825157381508,0.00115593835623784,0.00115593835623784
2021-08-17,0.005404894777849556,0.005663114551498261,0.005663114551498261
2021-08-18,6.44239958136339e-05,-1.0736006957223765e-05,-1.0736006957223765e-05
2021-08-19,0.004627654157878247,0.004755487401646441,0.004755487401646441
2021-08-20,-0.0007697900564025417,-0.0008551760045696355,-0.0008551760045696355
2021-08-23,-0.005770876388646151,-0.005759377563971491,-0.005759377563971491
2021-08-24,-0.0006994850998944813,-0.0007532065433135671,-0.0007532065433135671
2021-08-25,-0.000732293079170887,-0.0007430020855130337,-0.0007430020855130337
2021-08-26,0.002549937633272492,0.0026464433712556357,0.0026464433712556357
2021-08-27,-0.0040485013412210336,-0.004134105752281236,-0.004134105752281236
2021-08-30,-0.00035610422359866334,-0.0004532064432885008,-0.0004532064432885008
2021-08-31,-0.00029145235230210176,-0.00018349911270298946,-0.00018349911270298946
2021-09-01,-0.0019127386623143394,-0.00200989888499592,-0.00200989888499592
2021-09-02,-0.002425897634241281,-0.0023933690226138893,-0.0023933690226138893
2021-09-03,-0.0020623039980538493,-0.0021165637090581058,-0.0021165637090581058
2021-09-06,0.0,0.0,0.0
2021-09-07,0.00516942634925055,0.005212776031962463,0.005212776031962463
2021-09-08,0.0015229662976610214,0.0014689683140982623,0.0014689683140982623
2021-09-09,-0.001879740414780784,-0.0018365478073016916,-0.0018365478073016916
2021-09-10,0.0011131465909679505,0.0011887395358884945,0.0011887395358884945
2021-09-13,0.001004010729011462,0.0006693946547233764,0.001004010729011462
2021-09-14,-0.0005612580963099134,-0.00041022098531762197,-0.00041022098531762197
2021-09-15,-0.0008100620950495241,-0.0008641735798242678,-0.0008641735798242678
2021-09-16,0.004140614067605242,0.004152001349001289,0.004152001349001289
2021-09-17,0.002826029270725172,0.002762031901811568,0.002762031901811568
2021-09-20,0.0008687678523164877,0.0008582218171806488,0.0008582218171806488
2021-09-21,-0.0007722008105721656,-0.0006006779259850603,-0.0006006779259850603
2021-09-22,0.0027642973470127785,0.0027858155807338747,0.0027858155807338747
2021-09-23,-0.004041882348663428,-0.00461151549181249,-0.00461151549181249
2021-09-24,0.002596400832022283,0.0032731497040927593,0.0032731497040927593
2021-09-27,0.0005998607646002796,0.0004927269321397532,0.0004927269321397532
2021-09-28,0.004093001134805263,0.004263715244740673,0.004263715244740673
2021-09-29,0.00608176076090583,0.006091454150005227,0.006091454150005227
2021-09-30,-0.0011454754975286363,-0.001198347908169417,-0.001198347908169417
2021-10-01,-0.0020715488246239033,-0.0020500625916213266,-0.0020500625916213266
2021-10-04,-0.0027580936599678196,-0.002843043650214483,-0.002843043650214483
2021-10-05,0.002119829716168198,0.0019920431414437445,0.0019920431414437445
2021-10-06,0.0030917837432733464,0.003240564037280791,0.003240564037280791
2021-10-07,-0.0005199408021292484,-0.0005411341667276304,-0.0005411341667276304
2021-10-08,-0.0015933380609514103,-0.0015082318313126564,-0.0015082318313126564
2021-10-11,0.0026435521783669813,0.0026220125953066997,0.0026220125953066997
2021-10-12,0.00211828582852025,0.0020440050538326204,0.0020440050538326204
2021-10-13,-0.004623648187005003,-0.004655388340947475,-0.004655388340947475
2021-10-14,-0.001318896572727546,-0.0012656815895040197,-0.0012656815895040197
2021-10-15,-0.000202242766518701,-0.0002448123738272301,-0.0002448123738272301
2021-10-18,0.0001703124172509618,7.45144585003743e-05,7.45144585003743e-05
2021-10-19,-0.002333673609681064,-0.002312534000163069,-0.002312534000163069
2021-10-20,-0.0018794187878370394,-0.0020612728444548978,-0.0020612728444548978
2021-10-21,0.002263410600730431,0.002381296742304251,0.002381296742304251
2021-10-22,-0.0013659746430620956,-0.0014195527057880852,-0.0014195527057880852
2021-10-25,0.001824438371152759,0.001963358399292403,0.001963358399292403
2021-10-26,0.0014486426836493038,0.0014061253981267896,0.0014061253981267896
2021-10-27,-0.001565904096783477,-0.0015233918115606926,-0.0015233918115606926
2021-10-28,-0.004883871057199229,-0.005044793837570616,-0.005044793837570616
2021-10-29,0.00830013086504433,0.008482448551429655,0.008482448551429655
2021-11-01,-0.002595718524282198,-0.002574469507048427,-0.002574469507048427
2021-11-02,0.0022450519886216824,0.0021281358120717186,0.0021281358120717186
2021-11-03,-0.002404844897352376,-0.002405126417468928,-0.002405126417468928
2021-11-04,0.0051325486853324165,0.005186149332880419,0.005186149332880419
2021-11-05,-0.0002862185775391879,-0.00025442865003810766,-0.00025442865003810766
2021-11-08,-0.00287733318081429,-0.0029199581160552768,-0.0029199581160552768
2021-11-09,-0.0009999788071857196,-0.000914903413853807,-0.000914903413853807
2021-11-10,0.009480752139907622,0.009343585248797304,0.009343585248797304
2021-11-11,0.003452126273350231,0.0035471294421745014,0.0035471294421745014
2021-11-12,-0.0005254695190961556,-0.0004939491332835999,-0.0004939491332835999
2021-11-15,0.0029285978891850917,0.002907634847027829,0.002907634847027829
2021-11-16,0.005310431563838591,0.005289690144655523,0.005289690144655523
2021-11-17,-0.0009074647415578951,-0.0008553249713063593,-0.0008553249713063593
2021-11-18,-0.0029680434806174105,-0.002999411772584004,-0.002999411772584004
2021-11-19,0.0050841816420117425,0.005073874224978958,0.005073874224978958
2021-11-22,0.005369237996215581,0.005359047368600933,0.005359047368600933
2021-11-23,-0.0005905542574975442,-0.0005180327305307486,-0.0005180327305307486
2021-11-24,0.0039717479266556666,0.00390968920594581,0.00390968920594581
2021-11-25,-0.0010431245104109976,0.0,0.0
2021-11-26,-0.0071035178382645725,-0.007959581032991103,-0.007959581032991103
2021-11-29,0.002619135727873534,0.002431902758503135,0.002431902758503135
2021-11-30,-0.003608291538078845,-0.0034417357013651895,-0.0034417357013651895
2021-12-01,0.0003541260934190049,0.00017705474683182842,0.00017705474683182842
2021-12-02,0.0013320569758850098,0.0013945116786731049,0.0013945116786731049
2021-12-03,-0.00040567318900652793,-0.0004576849543154182,-0.0004576849543154182
2021-12-06,0.0021928351949904723,0.002244809822130378,0.002244809822130378
2021-12-07,0.0004255385462013095,0.00041515309366424447,0.00041515309366424447
2021-12-08,-0.004941158376063015,-0.005087110647605364,-0.005087110647605364
2021-12-09,0.003923716427827628,0.0038619129571966226,0.0038619129571966226
2021-12-10,-0.0018090331807032456,-0.001580436196540802,-0.001580436196540802
2021-12-13,0.0022867368888759287,0.00254618340161894,0.00254618340161894
2021-12-14,0.0026336542119240747,0.0020012138385592237,0.0026336542119240747
2021-12-15,-0.0006214976220597634,-0.0005802507674976809,-0.0005802507674976809
2021-12-16,-0.004871395693305303,-0.0048520331868511235,-0.0048520331868511235
2021-12-17,0.005430760931947276,0.005535864742276964,0.005535864742276964
2021-12-20,-0.00014499057586725428,-3.107310985051015e-05,-3.107310985051015e-05
2021-12-21,-0.0006216264018403805,-0.0005802086841804055,-0.0005802086841804055
2021-12-22,-0.004310194815117185,-0.004466426188145967,-0.004466426188145967
2021-12-23,-0.0005934563801552883,-0.0007706567626426519,-0.0007706567626426519
2021-12-24,0.0,0.0,0.0
2021-12-27,0.0007703839808019808,0.0010516945224354757,0.0010516945224354757
2021-12-28,0.001133674943956109,0.0012169184346335626,0.0012169184346335626
2021-12-29,-0.0028418129685130467,-0.0028834813268741044,-0.0028834813268741044
2021-12-30,0.0004064680587703151,0.00039606024802463224,0.00039606024802463224
2021-12-31,-0.0031100328765223395,-0.0038735255185633477,-0.0038735255185633477
2022-01-03,0.005659713986790216,0.006444100629911631,0.006444100629911631
2022-01-04,0.0005091570443802595,0.0006545964854369757,0.0006545964854369757
2022-01-05,-0.0009457837978237293,-0.0009560627572824387,-0.0009560627572824387
2022-01-06,0.0015481246370878665,0.001496042001970288,0.001496042001970288
2022-01-07,-0.006259165712394044,-0.006290114882367526,-0.006290114882367526
2022-01-10,0.002837621224913711,0.00279586227858708,0.00279586227858708
2022-01-11,-0.003830602497350455,-0.0038097272287460626,-0.0038097272287460626
2022-01-12,-0.00744208033317495,-0.007600049178537738,-0.007600049178537738
2022-01-13,-0.0013178357775549543,-0.0013285815657635425,-0.0013285815657635425
2022-01-14,0.0039483086747971186,0.004064532594209247,0.004064532594209247
2022-01-17,0.0009767728414553645,0.0,0.0
2022-01-18,0.004963620851166084,0.005888409964886598,0.005888409964886598
2022-01-19,-0.0023216667857219875,-0.0023323564748096715,-0.0023323564748096715
2022-01-20,0.0023530037785217672,0.0023532498766734022,0.0023532498766734022
2022-01-21,-0.0009719037012869691,-0.0009301791526707959,-0.0009301791526707959
2022-01-24,0.0028816056690743608,0.0027670911530144338,0.0027670911530144338
2022-01-25,0.0003127182538280593,0.00028150071343091554,0.00028150071343091554
2022-01-26,0.005508625032319969,0.004908291539367227,0.004908291539367227
2022-01-27,0.008021391979551318,0.008696515287537565,0.008696515287537565
2022-01-28,0.0001542218226937564,0.0002467764834541697,0.0002467764834541697
2022-01-31,-0.0075331866490016,-0.007523138839977683,-0.007523138839977683
2022-02-01,-0.0016068423827926281,-0.001679522664019828,-0.001679522664019828
2022-02-02,-0.004669285369422127,-0.004575953073431727,-0.004575953073431727
2022-02-03,-0.005822874043292181,-0.005812450373221978,-0.005812450373221978
2022-02-04,0.0011107386505369021,0.001058373033789195,0.001058373033789195
2022-02-07,-0.0009010708683678814,-0.0009220839749684018,-0.0009220839749684018
2022-02-08,0.002554413507768416,0.0026068809160033624,0.0026068809160033624
2022-02-09,-0.0015590914389367327,-0.0015381801238234516,-0.0015381801238234516
2022-02-10,0.0006176490798148748,0.0005653207298728091,0.0005653207298728091
2022-02-11,0.005520926174100715,0.0054795801465186145,0.0054795801465186145
2022-02-14,0.0030344621530149496,0.0029413467204175703,0.0029413467204175703
2022-02-15,-0.004002854125440436,-0.0037743937420300355,-0.0037743937420300355
2022-02-16,-0.0030048538442217776,-0.003088322137450916,-0.003088322137450916
2022-02-17,0.001033937251705197,0.0011070497214173969,0.0011070497214173969
2022-02-18,0.002533322872963595,0.002283332153247386,0.002283332153247386
2022-02-21,0.00036435371861642807,-2.0828777039128e-05,-2.0828777039128e-05
2022-02-22,-0.000551787336426024,-9.373486579367096e-05,-9.373486579367096e-05
2022-02-23,0.0017168279325554536,0.001841841529222954,0.001841841529222954
2022-02-24,0.009796951014904742,0.009622124252198994,0.009622124252198994
2022-02-25,-0.005388344512464727,-0.005151324769775201,-0.005151324769775201
2022-02-28,0.0009517800037768254,0.000775943715767724,0.000775943715767724
2022-03-01,0.007232820172969667,0.007336457429481413,0.007336457429481413
2022-03-02,-0.00024641416184678633,8.21270917201744e-05,8.21270917201744e-05
2022-03-03,0.004098996362748686,0.0038626107807600008,0.0038626107807600008
2022-03-04,0.008786767523616845,0.008958535344085305,0.008958535344085305
2022-03-07,0.006517116543938606,0.0063041337056652935,0.0063041337056652935
2022-03-08,-0.0023291583719178277,-0.002167612694968568,-0.002167612694968568
2022-03-09,-0.011105022004651133,-0.011439832828269658,-0.011439832828269658
2022-03-10,0.005486716907224576,0.005609384697681463,0.005609384697681463
2022-03-11,0.006243979988918014,0.006334963554235351,0.006334963554235351
2022-03-14,-0.0012618425582680004,-0.002535239655172994,-0.0012618425582680004
2022-03-15,0.0009894193521802208,0.00186922552316382,0.00186922552316382
2022-03-16,-0.004845367697409841,-0.0044818852371770745,-0.0044818852371770745
2022-03-17,-0.006551663380015782,-0.006571876589925196,-0.006571876589925196
2022-03-18,0.0026400704402513853,0.002568782566656047,0.002568782566656047
2022-03-21,0.0026940356148950073,0.0027652691898936155,0.0027652691898936155
2022-03-22,-5.076374048584853e-05,0.00024362761639551422,0.00024362761639551422
2022-03-23,0.0013088807895549337,0.0009333563968265679,0.0009333563968265679
2022-03-24,0.0016919020706742671,0.0018742248983558696,0.0018742248983558696
2022-03-25,0.0,0.00022264727703280585,0.00022264727703280585
2022-03-28,0.003052357332473221,0.0023549993954352644,0.0023549993954352644
2022-03-29,-0.006957166217084421,-0.006217867482866346,-0.006217867482866346
2022-03-30,-0.006238679534505742,-0.005766229632456543,-0.005766229632456543
2022-03-31,0.005303320878295104,0.004943063037024409,0.004943063037024409
2022-04-01,0.0032496575839555675,0.0027108404464009084,0.0027108404464009084
2022-04-04,0.003724097568338358,0.00351213158525443,0.00351213158525443
2022-04-05,0.004756347392391724,0.004576574756507412,0.004576574756507412
2022-04-06,0.001275926852525977,0.001878991524631779,0.001878991524631779
2022-04-07,0.0015249564028714246,0.0014545457109944593,0.0014545457109944593
2022-04-08,0.0004510215714876864,-7.017086608751555e-05,-7.017086608751555e-05
2022-04-11,0.0013618523293610352,0.001712766535988841,0.001712766535988841
2022-04-12,0.00359597638576048,0.0036760340273058745,0.0036760340273058745
2022-04-13,-0.004166526982549712,-0.003786123750541215,-0.003786123750541215
2022-04-14,0.004455640850564713,0.004125076390139704,0.004125076390139704
2022-04-15,0.0017826825621272135,0.0,0.0
2022-04-18,0.0027921183077843637,0.004376113442404517,0.004376113442404517
2022-04-19,0.001784457849772103,0.0019630205084215646,0.0019630205084215646
2022-04-20,-0.0056717029532515895,-0.005432502026092578,-0.005432502026092578
2022-04-21,0.0018709451737608518,0.0019598973597076963,0.0019598973597076963
2022-04-22,0.006362819908735773,0.005935794108274273,0.005935794108274273
2022-04-25,0.005242114363251282,0.005478331975849571,0.005478331975849571
2022-04-26,0.0054005178916094465,0.005380071481680737,0.005380071481680737
2022-04-27,0.006343288490746168,0.006284089833687112,0.006284089833687112
2022-04-28,0.0064770263757845115,0.006736965399877448,0.006736965399877448
2022-04-29,-0.006428462176331529,-0.006736965399877448,-0.006736965399877448
2022-05-02,0.007595475382219163,0.007768663695559397,0.007768663695559397
2022-05-03,-0.0026929348494189043,-0.002605399472478176,-0.002605399472478176
2022-05-04,-0.008522172207984013,-0.008753513121090073,-0.008753513121090073
2022-05-05,0.011292216977632386,0.0117057868743915,0.0117057868743915
2022-05-06,-0.0008871232718794531,-0.001040984016586144,-0.001040984016586144
2022-05-09,-8.682607295984468e-05,-4.821996018034014e-05,-4.821996018034014e-05
2022-05-10,0.002591885673743022,0.002446637577102173,0.002446637577102173
2022-05-11,-0.0007123398739841136,-0.0006640457954407708,-0.0006640457954407708
2022-05-12,0.009631262248517736,0.009800290154108993,0.009800290154108993
2022-05-13,-0.0027505341722182663,-0.002634620029287049,-0.002634620029287049
2022-05-16,-0.0036023991053539817,-0.004032166979352603,-0.004032166979352603
2022-05-17,-0.007969321425013831,-0.007639471277173904,-0.007639471277173904
2022-05-18,0.004344265170862727,0.004390436880372661,0.004390436880372661
2022-05-19,-0.010516525211707872,-0.010754509233382947,-0.010754509233382947
2022-05-20,0.004138459523814753,0.004098605220852036,0.004098605220852036
2022-05-23,-0.010466605641509474,-0.010483849128886114,-0.010483849128886114
2022-05-24,-0.0021477650422969674,-0.002225851179073146,-0.002225851179073146
2022-05-25,0.0019518134025338085,0.0020299398479144415,0.0020299398479144415
2022-05-26,-0.002226746389350609,-0.0021477439790489328,-0.0021477439790489328
2022-05-27,-0.0015823332392352896,-0.0015720492930810792,-0.0015720492930810792
2022-05-30,0.0,-0.003871868799644851,0.0
2022-05-31,0.0008258775417804287,0.0045402917396426545,0.0045402917396426545
2022-06-01,0.007304806043792134,0.007469625273726521,0.007469625273726521
2022-06-02,-0.006597453477653836,-0.006821288823350535,-0.006821288823350535
2022-06-03,0.003098588504176547,0.0032158151561505477,0.0032158151561505477
2022-06-06,0.002903554247622786,0.002805379955015397,0.002805379955015397
2022-06-07,-0.0011623649082883603,-0.00119156930083264,-0.00119156930083264
2022-06-08,0.002186860190087181,0.00215745601595696,0.00215745601595696
2022-06-09,0.006619225684165286,0.006531778048533887,0.006531778048533887
2022-06-10,0.008921268017022754,0.00899851275417518,0.00899851275417518
2022-06-13,0.008889967068475002,0.0076136916204543326,0.0076136916204543326
2022-06-14,0.004178622958009193,0.0037567391975397157,0.0037567391975397157
2022-06-15,-0.003417573434033372,-0.003871089165741637,-0.003871089165741637
2022-06-16,-0.014627468177657477,-0.014571752230881252,-0.014571752230881252
2022-06-17,0.010262605011590153,0.010302873656716116,0.010302873656716116
2022-06-20,0.0,0.0,0.0
2022-06-21,-0.002534249569210445,-0.002654542308864194,-0.002654542308864194
2022-06-22,-0.0022815301894247852,-0.0022094998229480467,-0.0022094998229480467
2022-06-23,0.00224322812015032,0.0020271607966124705,0.0020271607966124705
2022-06-24,-0.0023584012158428536,-0.002238760297257336,-0.002238760297257336
2022-06-27,-0.002363976423303882,-0.002706648348311802,-0.002706648348311802
2022-06-28,0.005440297425698404,0.005607428405611792,0.005607428405611792
2022-06-29,0.005724878716017123,0.005623849167954553,0.005623849167954553
2022-06-30,-0.0040135236033504995,-0.0036787054237397143,-0.0036787054237397143
2022-07-01,0.004317931817112708,0.004250793273894438,0.004250793273894438
2022-07-04,0.0,0.0,0.0
2022-07-05,0.01319979670299265,0.013360106686818085,0.013360106686818085
2022-07-06,0.005252058826267003,0.005421694377091946,0.005421694377091946
2022-07-07,0.00031742179086968747,0.0005704746784465087,0.0005704746784465087
2022-07-08,-0.0011487973916439742,-0.0012910470499409854,-0.0012910470499409854
2022-07-11,0.009431399783970562,0.009392102583393402,0.009392102583393402
2022-07-12,0.00047201900058713164,0.0007694411733973894,0.0007694411733973894
2022-07-13,-0.0010646719733271581,-0.0014466682790867935,-0.0014466682790867935
2022-07-14,0.0054226210353300885,0.006023250678093284,0.006023250678093284
2022-07-15,-0.004441230344582436,-0.0045858492519368355,-0.0045858492519368355
2022-07-18,-0.00647083198682008,-0.006321427377486977,-0.006321427377486977
2022-07-19,-0.006391111603359256,-0.0063710273923351934,-0.0063710273923351934
2022-07-20,0.0036864159113934036,0.0037751270812647064,0.0037751270812647064
2022-07-21,-0.0015515036806066362,-0.0013941066176279548,-0.0013941066176279548
2022-07-22,-0.0016850780995349979,-0.001714888554273486,-0.001714888554273486
2022-07-25,-0.0023169329308716513,-0.002497935338375612,-0.002497935338375612
2022-07-26,0.0066082834364360465,0.0064574097738665515,0.0064574097738665515
2022-07-27,-0.006899452104986992,-0.006683094587176974,-0.006683094587176974
2022-07-28,-0.0009492348095081482,-0.0008938358853907147,-0.0008938358853907147
2022-07-29,-0.00422136369893078,-0.004311022406671583,-0.004311022406671583
2022-08-01,-0.004286673893227899,-0.0041967709561978594,-0.0041967709561978594
2022-08-02,0.0074731914096437535,0.0072645041380088315,0.0072645041380088315
2022-08-03,0.0024912232562943615,0.002569642934847849,0.002569642934847849
2022-08-04,-0.007662656073075702,-0.00765303839507947,-0.00765303839507947
2022-08-05,0.008741824936342901,0.008714734295471871,0.008714734295471871
2022-08-08,-0.001746020269347781,-0.0015694533160965918,-0.0015694533160965918
2022-08-09,-0.0005732840403425143,-0.0006679995544178752,-0.0006679995544178752
2022-08-10,-0.01113590937726272,-0.011091666339438255,-0.011091666339438255
2022-08-11,-0.0010081508895307678,-0.0008187591496735536,-0.0008187591496735536
2022-08-12,0.005134762920232738,0.004902529486335183,0.004902529486335183
2022-08-15,0.00862492798167036,0.008709944042797346,0.008709944042797346
2022-08-16,-0.00043183162992832536,-0.00042289060450428906,-0.00042289060450428906
2022-08-17,0.0006945943942024968,0.0009207325171063374,0.0009207325171063374
2022-08-18,0.008502419737375533,0.008686316017612938,0.008686316017612938
2022-08-19,0.006352819611002758,0.006338385959392845,0.006338385959392845
2022-08-22,0.008074992661009084,0.008135332022042085,0.008135332022042085
2022-08-23,-0.0038774339937788227,-0.003925810084902004,-0.003925810084902004
2022-08-24,0.0004878026428869475,0.0005709812744338905,0.0005709812744338905
2022-08-25,-0.0019065431500520091,-0.001686255576968776,-0.001686255576968776
2022-08-26,0.003065270518985308,0.00292839460780403,0.00292839460780403
2022-08-29,0.0002940662956891771,0.00035855310417609587,0.00035855310417609587
2022-08-30,-0.000569832006890536,-0.00037694390877440753,-0.00037694390877440753
2022-08-31,-0.0006713477327462414,-0.0007727193665516552,-0.0007727193665516552
2022-09-01,0.009075527855854304,0.009279045065074598,0.009279045065074598
2022-09-02,-0.0014323186392148912,-0.0015329309350722298,-0.0015329309350722298
2022-09-05,0.0,0.0,0.0
2022-09-06,0.0061889270481785275,0.0063173244130565465,0.0063173244130565465
2022-09-07,-0.0033991689322663277,-0.0033812681054206095,-0.0033812681054206095
2022-09-08,-0.0012115858223493703,-0.0010840603216095701,-0.0010840603216095701
2022-09-09,-0.006437770851191793,-0.006547506359092736,-0.006547506359092736
2022-09-12,-0.006193280828697745,-0.006267478054338582,-0.006267478054338582
2022-09-13,0.013615007809239188,0.013689612069153867,0.013689612069153867
2022-09-14,-0.001430700147902364,-0.0016223116937643667,-0.0016223116937643667
2022-09-15,0.0007383875228939019,0.0007294544915925627,0.0007294544915925627
2022-09-16,0.00022778732052053385,0.0002278454488608972,0.0002278454488608972
2022-09-19,-0.0002460125478807029,0.0022392348627837677,0.0022392348627837677
2022-09-20,0.0043464096939542785,-0.0003637620308936107,0.0043464096939542785
2022-09-21,0.003866760229795929,0.0036679297369035524,0.0036679297369035524
2022-09-22,0.006405571576888036,0.006854816388463192,0.006854816388463192
2022-09-23,0.01638015647866542,0.01657577883726713,0.01657577883726713
2022-09-26,0.008016057354410577,0.00932239263280632,0.00932239263280632
2022-09-27,2.629168876033816e-05,0.00023677252847686958,0.00023677252847686958
2022-09-28,-0.013250601883507684,-0.013586313904601965,-0.013586313904601965
2022-09-29,-0.0031130783219772695,-0.002723511985641025,-0.002723511985641025
2022-09-30,-0.0012211918387476928,-0.0010522280560296693,-0.0010522280560296693
2022-10-03,-0.003323479129202944,-0.003825873979296901,-0.003825873979296901
2022-10-04,-0.015148389398091489,-0.015115092605728186,-0.015115092605728186
2022-10-05,0.010331221309496819,0.009321671900826445,0.009321671900826445
2022-10-06,0.00939747189577389,0.010502170956058876,0.010502170956058876
2022-10-07,0.004772218269821771,0.004447100264414416,0.004447100264414416
2022-10-10,0.003089331877811574,0.003437373265019694,0.003437373265019694
2022-10-11,0.0006803172130833701,0.0005039810185412108,0.0005039810185412108
2022-10-12,0.0008740140310337097,0.0008482364260622433,0.0008482364260622433
2022-10-13,-0.008480973189508134,-0.008612905108402735,-0.008612905108402735
2022-10-14,0.008401548927119862,0.00841858113439553,0.00841858113439553
2022-10-17,-0.011289225731642816,-0.011496728291179537,-0.011496728291179537
2022-10-18,0.0008118875045051155,0.000768193265171746,0.000768193265171746
2022-10-19,0.007587303293973058,0.007871150108521796,0.007871150108521796
2022-10-20,-0.0009120492961720572,-0.0005405477386526414,-0.0005405477386526414
2022-10-21,-0.00772815805773952,-0.0074556168806445555,-0.0074556168806445555
2022-10-24,-0.0002053562268100606,-0.0006342428826791036,-0.0006342428826791036
2022-10-25,-0.00932100280743775,-0.009688545250506664,-0.009688545250506664
2022-10-26,-0.011330282097418376,-0.011598173408854606,-0.011598173408854606
2022-10-27,0.00805317421144025,0.008190768730138132,0.008190768730138132
2022-10-28,0.0014909259603088643,0.0013842460558555203,0.0013842460558555203
2022-10-31,0.006973246599430993,0.007332507427968871,0.007332507427968871
2022-11-01,-0.00041254125997625124,-0.0005476279319376332,-0.0005476279319376332
2022-11-02,-0.0012206835547692307,-0.0011950492245977884,-0.0011950492245977884
2022-11-03,0.014134668497959524,0.014087631992006244,0.014087631992006244
2022-11-04,-0.018346678937070315,-0.018159709690939607,-0.018159709690939607
2022-11-07,-0.006850798524101975,-0.007075362333300639,-0.007075362333300639
2022-11-08,-0.004404892540732064,-0.0041086900444717855,-0.0041086900444717855
2022-11-09,0.00829307384818101,0.00834542711361319,0.00834542711361319
2022-11-10,-0.02142204384186286,-0.021670748116841665,-0.021670748116841665
2022-11-11,-0.01784679392595656,-0.01799764806695059,-0.01799764806695059
2022-11-14,0.003456181358419741,0.003450954316927657,0.003450954316927657
2022-11-15,-0.0024030349865862277,-0.0022177750531513496,-0.0022177750531513496
2022-11-16,-0.0011566402305058787,-0.0013462183188908128,-0.0013462183188908128
2022-11-17,0.003878394343875158,0.004136432777134047,0.004136432777134047
2022-11-18,0.0022094904693261697,0.0021928805796154194,0.0021928805796154194
2022-11-21,0.00842786633537873,0.008445319073736357,0.008445319073736357
2022-11-22,-0.005700829642185212,-0.005743637995437645,-0.005743637995437645
2022-11-23,-0.010745633125796239,-0.010775298782199627,-0.010775298782199627
2022-11-24,0.0,0.0,0.0
2022-11-25,-0.0011035915002208796,-0.0004719563622366252,-0.0004719563622366252
2022-11-28,0.0067908462624091115,0.0067278857769697,0.0067278857769697
2022-11-29,0.0013208247237628257,0.001274601859534208,0.001274601859534208
2022-11-30,-0.008196613107605444,-0.008191332567050402,-0.008191332567050402
2022-12-01,-0.01160077183651076,-0.011472873319255505,-0.011472873319255505
2022-12-02,-0.0017489121544107533,-0.001806978870079412,-0.001806978870079412
2022-12-05,0.00709134952206103,0.00704688263162101,0.00704688263162101
2022-12-06,0.0027410659889763878,0.00287502392255945,0.00287502392255945
2022-12-07,-0.004537738351518605,-0.004615436639864079,-0.004615436639864079
2022-12-08,-0.00310662837882969,-0.0028597049210503656,-0.0028597049210503656
2022-12-09,0.00034353767801054147,0.00041039345855242715,0.00041039345855242715
2022-12-12,0.0030580043931358603,0.0029061062934330195,0.0029061062934330195
2022-12-13,-0.011008618619652744,-0.011107664180879162,-0.011107664180879162
2022-12-14,-0.00202166133838233,-0.001964542575767503,-0.001964542575767503
2022-12-15,0.007565029742313989,0.00761511523128533,0.00761511523128533
2022-12-16,0.0013667275697546444,0.0012333110223696764,0.0012333110223696764
2022-12-19,0.00019100190105003634,-0.0006308063060416202,-0.0006308063060416202
2022-12-20,-0.007245366792248298,-0.009500506134798137,-0.007245366792248298
2022-12-21,0.0018930754667394467,0.002323418879605299,0.002323418879605299
2022-12-22,0.0025983379512277693,0.0026926458997236224,0.0026926458997236224
2022-12-23,-0.001140136269175862,-0.0011242596205729427,-0.0011242596205729427
2022-12-26,0.0,0.0,0.0
2022-12-27,-0.0012950076872293437,-0.001125525003018879,-0.001125525003018879
2022-12-28,0.0027223682230852475,0.0027778463134664477,0.0027778463134664477
2022-12-29,-0.006020210310103025,-0.005737184116816785,-0.005737184116816785
2022-12-30,-0.003028580908462253,-0.0030649512765572595,-0.0030649512765572595
2023-01-02,0.0,0.0,0.0
2023-01-03,0.009575154871432012,0.010049173839056458,0.010049173839056458
2023-01-04,-0.002586629532966178,-0.0027936062865965283,-0.0027936062865965283
2023-01-05,0.007587594336245118,0.007728109939848515,0.007728109939848515
2023-01-06,-0.01113350992274409,-0.011339665050713599,-0.011339665050713599
2023-01-09,-0.008488063335735596,-0.008750522188764265,-0.008750522188764265
2023-01-10,0.0022789325068410804,0.0023040700830501137,0.0023040700830501137
2023-01-11,-0.00046506221045206075,-0.0005050799493515612,-0.0005050799493515612
2023-01-12,-0.009170892863449076,-0.009105922193716864,-0.009105922193716864
2023-01-13,-0.0004108584063668985,-0.00048053114325075086,-0.00048053114325075086
2023-01-16,0.0,0.0,0.0
2023-01-17,0.0018182356397815624,0.0019109503235448244,0.0019109503235448244
2023-01-18,-0.0002637324010539288,-0.0003329285996835907,-0.0003329285996835907
2023-01-19,-0.0029840400577487713,-0.002706706631466105,-0.002706706631466105
2023-01-20,-0.0004508257047008968,-0.0004911301986627592,-0.0004911301986627592
2023-01-23,0.0012343866372663825,0.001325498360463584,0.001325498360463584
2023-01-24,-0.0021562716630816325,-0.0023674927925840805,-0.0023674927925840805
2023-01-25,-0.0027215713476396175,-0.0025505821568625464,-0.0025505821568625464
2023-01-26,0.001946137826744021,0.002186611329532795,0.002186611329532795
2023-01-27,0.0008637359075702733,0.0008162904480126798,0.0008162904480126798
2023-01-30,0.0034181705440792243,0.003581823884649893,0.003581823884649893
2023-01-31,-0.0017516995471122954,-0.001676462762927322,-0.001676462762927322
2023-02-01,-0.008656614845723887,-0.008741426392166574,-0.008741426392166574
2023-02-02,0.005252097387380417,0.005399735730263089,0.005399735730263089
2023-02-03,0.011384580488258855,0.011550072119092647,0.011550072119092647
2023-02-06,0.006836607175705112,0.00720477485433868,0.00720477485433868
2023-02-07,-0.0018739621418513153,-0.0019342739932781683,-0.0019342739932781683
2023-02-08,-0.0001740509393481915,-0.00025173064953509794,-0.00025173064953509794
2023-02-09,-0.0018196781868642375,-0.0016086989485266656,-0.0016086989485266656
2023-02-10,0.003954542477520917,0.004152134536106189,0.004152134536106189
2023-02-13,-0.0027539575323265453,-0.002775858598504044,-0.002775858598504044
2023-02-14,-0.001084336289188137,-0.0012114106660980895,-0.0012114106660980895
2023-02-15,0.006661670931326746,0.006919172181715005,0.006919172181715005
2023-02-16,-0.000644916014825192,-0.0004623609387381933,-0.0004623609387381933
2023-02-17,5.777063135248284e-05,-0.00010598783076876117,-0.00010598783076876117
2023-02-20,0.0,0.0,0.0
2023-02-21,0.0030186815720414373,0.0031939688130337984,0.0031939688130337984
2023-02-22,0.003918361411376914,0.003939900128513862,0.003939900128513862
2023-02-23,0.00012429308324968247,0.00015306464141051634,0.00015306464141051634
2023-02-24,0.005871940308047385,0.005903773520006261,0.005903773520006261
2023-02-27,-0.005155166333525862,-0.005091010223638115,-0.005091010223638115
2023-02-28,0.0018707472216705767,0.0019193222379056962,0.0019193222379056962
2023-03-01,-0.003687573440029901,-0.0037561511639641054,-0.0037561511639641054
2023-03-02,0.005193081213812789,0.005376588083219502,0.005376588083219502
2023-03-03,-0.0048294518055840285,-0.00484049770086159,-0.00484049770086159
2023-03-06,-0.0016373746303148806,-0.0015612057976035487,-0.0015612057976035487
2023-03-07,0.012049773115997198,0.012071584349037323,0.012071584349037323
2023-03-08,0.0004070562787834575,0.00039767832135684245,0.00039767832135684245
2023-03-09,-0.0033085773449492706,-0.0031193877545634408,-0.0031193877545634408
2023-03-10,-0.00698480577555749,-0.007176346098711761,-0.007176346098711761
2023-03-13,-0.009425013685037342,-0.00805708629630697,-0.00805708629630697
2023-03-14,1.930576470154932e-05,-0.004813277675875582,1.930576470154932e-05
2023-03-15,0.010074853637439318,0.01022703874084474,0.01022703874084474
2023-03-16,-0.0021811511344944634,-0.0017661065790015584,-0.0017661065790015584
2023-03-17,-0.006822816507837004,-0.007057083450104251,-0.007057083450104251
2023-03-20,-0.004125828964011369,-0.004139748898992046,-0.004139748898992046
2023-03-21,-0.00024208737535769131,-0.00034980323924749257,-0.00034980323924749257
2023-03-22,-0.00885211177209655,-0.009030222100415486,-0.009030222100415486
2023-03-23,0.0018157152168676305,0.002301902779104026,0.002301902779104026
2023-03-24,0.005679623141428891,0.005434928561363073,0.005434928561363073
2023-03-27,-0.0025148940541521725,-0.002396704219131074,-0.002396704219131074
2023-03-28,-0.004160035616490809,-0.004026903557233119,-0.004026903557233119
2023-03-29,0.002048081858937678,0.0018786330646003435,0.0018786330646003435
2023-03-30,-0.00484413792009164,-0.004673752745186555,-0.004673752745186555
2023-03-31,0.003537751063340089,0.003578312405601025,0.003578312405601025
2023-04-03,-0.004037170865433204,-0.0039122874980925815,-0.0039122874980925815
2023-04-04,-0.004978432211045991,-0.005121801459280206,-0.005121801459280206
2023-04-05,0.002615048826534405,0.00274145685769156,0.00274145685769156
2023-04-06,-0.0002945884130225451,-0.00025607690326268084,-0.00025607690326268084
2023-04-07,0.002648176758721199,0.002076271723846723,0.002076271723846723
2023-04-10,0.004749117246702461,0.005088770118329755,0.005088770118329755
2023-04-11,-0.0036526688461417933,-0.003576103706739886,-0.003576103706739886
2023-04-12,-0.0069120174651020605,-0.007022756695228338,-0.007022756695228338
2023-04-13,-0.004829376679853503,-0.0046663547975018815,-0.0046663547975018815
2023-04-14,0.005341560762126107,0.0053975223267155314,0.0053975223267155314
2023-04-17,0.005411125132718908,0.005427488562365745,0.005427488562365745
2023-04-18,-0.0035124246306805773,-0.00342445868099972,-0.00342445868099972
2023-04-19,0.002189355505785251,0.0021662506748043597,0.0021662506748043597
2023-04-20,-0.001256084322786677,-0.001003769138669952,-0.001003769138669952
2023-04-21,-0.00017676346148931543,-0.00013785090461837513,-0.00013785090461837513
2023-04-24,-0.004666051680811023,-0.004727954519719191,-0.004727954519719191
2023-04-25,0.005068634105179548,0.005121763842336868,0.005121763842336868
2023-04-26,-0.0038951507468887314,-0.0038166291392336404,-0.0038166291392336404
2023-04-27,0.00035473223015713984,0.0004642961304801574,0.0004642961304801574
2023-04-28,0.001535720564472598,0.0014902176402697975,0.0014902176402697975
2023-05-01,0.004828035481150295,0.005085515305604638,0.005085515305604638
2023-05-02,-0.0018911469608982046,-0.0019150979360995635,-0.0019150979360995635
2023-05-03,-0.006050160854857545,-0.006014610914241381,-0.006014610914241381
2023-05-04,0.000552426250348681,0.0006821586134950763,0.0006821586134950763
2023-05-05,-0.001826141969285544,-0.0018300257848622437,-0.0018300257848622437
2023-05-08,0.0016091537647016096,0.0015433781272324865,0.0015433781272324865
2023-05-09,0.00224650556097572,0.0024092352461373423,0.0024092352461373423
2023-05-10,-0.0012605747131688716,-0.0012828864727483236,-0.0012828864727483236
2023-05-11,0.0057091073091850575,0.005946596763712009,0.005946596763712009
2023-05-12,0.006085815822529206,0.006223660135410647,0.006223660135410647
2023-05-15,-0.002408406205221425,-0.002324446793246615,-0.002324446793246615
2023-05-16,0.0012683052266506678,0.0012996215338452188,0.0012996215338452188
2023-05-17,0.0030957064528882583,0.003139475108247858,0.003139475108247858
2023-05-18,0.00680017731906446,0.00707148610062891,0.00707148610062891
2023-05-19,-0.0037334047291244232,-0.0036410510172064647,-0.0036410510172064647
2023-05-22,0.0,0.0,0.0
2023-05-23,0.002806190939931952,0.002964199318575389,0.002964199318575389
2023-05-24,0.0038481060143533696,0.003996452921280813,0.003996452921280813
2023-05-25,0.0034976829900488227,0.0036158405345032563,0.0036158405345032563
2023-05-26,-0.0004317437236354138,-0.00037444014435816797,-0.00037444014435816797
2023-05-29,0.0,0.0,0.0
2023-05-30,-0.0003935288550627192,-0.0005571191322406577,-0.0005571191322406577
2023-05-31,0.0015444314814772042,0.0016032798661012038,0.0016032798661012038
2023-06-01,-0.0073694569784859,-0.007152961707798333,-0.007152961707798333
2023-06-02,0.004383964627009185,0.004338317947953918,0.004338317947953918
2023-06-05,-0.00012498978465114163,-0.000153929039017342,-0.000153929039017342
2023-06-06,0.001181970761312101,0.0013268594802786637,0.0013268594802786637
2023-06-07,-0.0002497310601574654,-0.00018257907406216134,-0.00018257907406216134
2023-06-08,-0.0072888166040474545,-0.007127352700027956,-0.007127352700027956
2023-06-09,0.0020686329271448756,0.002098149660931803,0.002098149660931803
2023-06-12,0.000936243800622627,0.0009461103986225794,0.0009461103986225794
2023-06-13,-0.0030532604689046394,-0.003024902161047116,-0.003024902161047116
2023-06-14,-0.003781162702836127,-0.003898489183550957,-0.003898489183550957
2023-06-15,-0.00812437720970749,-0.007882044864881976,-0.007882044864881976
2023-06-16,0.0012527037526188778,0.0014679548157339184,0.0014679548157339184
2023-06-19,0.0027250767724513736,0.0,0.0027250767724513736
2023-06-20,0.000175556661362819,-0.001301478290987923,-0.001301478290987923
2023-06-21,-0.004584316790138487,-0.004406266175839946,-0.004406266175839946
2023-06-22,0.003081334943130898,0.0031227010203602745,0.0031227010203602745
2023-06-23,0.00503681242542342,0.0053584827242323385,0.0053584827242323385
2023-06-26,-0.0020525798203276935,-0.002030497193072023,-0.002030497193072023
2023-06-27,-0.0019494703616320663,-0.0020248367241126886,-0.0020248367241126886
2023-06-28,0.004021485772413236,0.004113844814856549,0.004113844814856549
2023-06-29,0.004237643737427632,0.004475673469806374,0.004475673469806374
2023-06-30,-0.004169622145404617,-0.004095436060589819,-0.004095436060589819
2023-07-03,0.0007382224716021568,0.0006528910147585165,0.0006528910147585165
2023-07-04,0.0004950807519570333,0.0,0.0
2023-07-05,0.0032362487792081396,0.0037046262633877447,0.0037046262633877447
2023-07-06,-0.00200446471909288,-0.0016318446375533924,-0.0016318446375533924
2023-07-07,-0.008703410696366376,-0.008954394675936506,-0.008954394675936506
2023-07-10,-0.0029376649081180872,-0.0030256614696915207,-0.0030256614696915207
2023-07-11,-0.0023563612992258953,-0.00235415903252445,-0.00235415903252445
2023-07-12,-0.01197524360150215,-0.012004350587267787,-0.012004350587267787
2023-07-13,-0.007499123969492594,-0.007382990625853125,-0.007382990625853125
2023-07-14,0.0014422790505195238,0.0014970288286200173,0.0014970288286200173
2023-07-17,-0.0007208795041746541,-0.0007633051481921171,-0.0007633051481921171
2023-07-18,0.0009910753978408238,0.0009640781248236863,0.0009640781248236863
2023-07-19,0.003396233448951236,0.003637041677135855,0.003637041677135855
2023-07-20,0.005955446338111514,0.006072257359908129,0.006072257359908129
2023-07-21,0.0018915485137398491,0.0019960780231631503,0.0019960780231631503
2023-07-24,0.00271716475585837,0.0028234473707930974,0.0028234473707930974
2023-07-25,2.9601124845513027e-05,0.00012859891500038856,0.00012859891500038856
2023-07-26,-0.004568927428262093,-0.0045605139221089885,-0.0045605139221089885
2023-07-27,0.008743764381756058,0.008982155551604976,0.008982155551604976
2023-07-28,-0.0014847958675625605,-0.001428972910360926,-0.001428972910360926
2023-07-31,0.002290186132481331,0.0022361787424474144,0.0022361787424474144
2023-08-01,0.004388764771271703,0.004506391670200394,0.004506391670200394
2023-08-02,0.002801464058828529,0.0029734853721024024,0.0029734853721024024
2023-08-03,-0.0004679913507015243,-0.0003809728529660106,-0.0003809728529660106
2023-08-04,-0.0051330046853275135,-0.0050346359272426255,-0.0050346359272426255
2023-08-07,0.0002940254059131675,0.0002454626246386482,0.0002454626246386482
2023-08-08,0.004702440536334507,0.004691464572251114,0.004691464572251114
2023-08-09,-0.0003706991623682043,-0.0002736352459269398,-0.0002736352459269398
2023-08-10,0.00033168466847843803,0.0005374269106628304,0.0005374269106628304
2023-08-11,0.0030969123823600953,0.0031406080745588483,0.0031406080745588483
2023-08-14,0.0033781192333126597,0.0035869334243727735,0.0035869334243727735
2023-08-15,0.0001841094196555204,0.0003589567010644501,0.0003589567010644501
2023-08-16,0.002148665170441433,0.0021703962709080926,0.0021703962709080926
2023-08-17,0.0013622993078010737,0.0014604261042734379,0.0014604261042734379
2023-08-18,-0.0019038696816657819,-0.00187669949541025,-0.00187669949541025
2023-08-21,-0.0007257772182622801,-0.0006780252291402888,-0.0006780252291402888
2023-08-22,0.0025427470519483464,0.0025837182155132865,0.0025837182155132865
2023-08-23,-0.0013914255658251662,-0.0013539261083943543,-0.0013539261083943543
2023-08-24,0.005429109627041129,0.005654966529857752,0.005654966529857752
2023-08-25,0.000913202568521676,0.000904141800238456,0.000904141800238456
2023-08-28,-0.0001825738107745778,-0.0002019182238059969,-0.0002019182238059969
2023-08-29,-0.005077351229102689,-0.005022592898468403,-0.005022592898468403
2023-08-30,-0.003618985216281345,-0.0036598867366546273,-0.0036598867366546273
2023-08-31,0.0044686111423608565,0.00478034585570164,0.00478034585570164
2023-09-01,0.005936848401428385,0.0058139139018180686,0.0058139139018180686
2023-09-04,0.0,0.0,0.0
2023-09-05,0.005463004454549392,0.005474902885675981,0.005474902885675981
2023-09-06,0.0005151000743461864,0.0005534773788129499,0.0005534773788129499
2023-09-07,0.001886433486255612,0.0019728477823504065,0.0019728477823504065
2023-09-08,0.0002950287674448049,0.0003617428428643876,0.0003617428428643876
2023-09-11,-0.004969985284905221,-0.005028516595266375,-0.005028516595266375
2023-09-12,0.0013570338473964938,0.0014433948087111403,0.0014433948087111403
2023-09-13,0.0005251173280491628,0.0005634098860358705,0.0005634098860358705
2023-09-14,0.006080781544224756,0.006148184434558779,0.006148184434558779
2023-09-15,-0.0007877491189276498,-0.0006643887867774367,-0.0006643887867774367
2023-09-18,-0.0011400126636038621,-0.00031336502058287863,-0.00031336502058287863
2023-09-19,-0.0006560962509816193,-0.004378374053947809,-0.0006560962509816193
2023-09-20,0.0018530754467631638,-0.00041980727646429017,-0.00041980727646429017
2023-09-21,0.000332240108233961,0.0024400484865525485,0.0024400484865525485
2023-09-22,0.0020858426304704025,0.002054169924995186,0.002054169924995186
2023-09-25,0.003922852545312772,0.004076801095622251,0.004076801095622251
2023-09-26,0.0021957422747433952,0.002268217587149124,0.002268217587149124
2023-09-27,0.004086488821849699,0.004107478360339201,0.004107478360339201
2023-09-28,-0.00415238512932703,-0.0040791581722912085,-0.0040791581722912085
2023-09-29,-0.00047081423481998286,-0.0011145324840358128,-0.0011145324840358128
2023-10-02,0.006851977736776149,0.007447509013612574,0.007447509013612574
2023-10-03,0.0008975989831458975,0.00105941648253971,0.00105941648253971
2023-10-04,-0.0018802712755272566,-0.001772576185462782,-0.001772576185462782
2023-10-05,-0.004382288333212969,-0.004374521898792949,-0.004374521898792949
2023-10-06,-0.002712172529298229,-0.0026528344697913653,-0.0026528344697913653
2023-10-09,0.00036770425678422924,0.0002552045194503805,0.0002552045194503805
2023-10-10,-0.0024350201736638155,-0.002403392398706572,-0.002403392398706572
2023-10-11,-4.724893100238603e-05,0.00011367619348501279,0.00011367619348501279
2023-10-12,0.0073345933487187764,0.007530610856278486,0.007530610856278486
2023-10-13,0.00045956098667154777,0.0006296963098284536,0.0006296963098284536
2023-10-16,-0.003804768530128122,-0.0037652773366065873,-0.0037652773366065873
2023-10-17,6.588452327882521e-05,0.00011316484357681844,0.00011316484357681844
2023-10-18,0.0029603198086753935,0.0029001903567316134,0.0029001903567316134
2023-10-19,-0.002932084913166655,-0.0029001903567316134,-0.0029001903567316134
2023-10-20,-0.0008473938440189954,-0.0005470820853883396,-0.0005470820853883396
2023-10-23,-0.005923521918882457,-0.0061896261437421884,-0.0061896261437421884
2023-10-24,0.006930898447469858,0.007057272424854766,0.007057272424854766
2023-10-25,0.0024248360080108,0.0025608208616736405,0.0025608208616736405
2023-10-26,0.0006944118892100448,0.0006579751522783894,0.0006579751522783894
2023-10-27,-0.0004034509181636281,-0.0003947331373330698,-0.0003947331373330698
2023-10-30,-0.004128293094121993,-0.004201330633263112,-0.004201330633263112
2023-10-31,0.005103802265289836,0.005272386853356181,0.005272386853356181
2023-11-01,0.0020698027029038,0.0020730839612674856,0.0020730839612674856
2023-11-02,-0.0071359125010284075,-0.006939640059351326,-0.006939640059351326
2023-11-03,-0.010447891576514046,-0.010605498862156892,-0.010605498862156892
2023-11-06,0.0018455455303971746,0.0017817588858948241,0.0017817588858948241
2023-11-07,0.0031031022684588905,0.0031080868480550805,0.0031080868480550805
2023-11-08,0.00048310323718858683,0.0007115041021910073,0.0007115041021910073
2023-11-09,0.0029975956593428776,0.0031435252276690306,0.0031435252276690306
2023-11-10,-0.0004627640316607895,-0.00052008227928102,-0.00052008227928102
2023-11-13,-0.00217502402617864,-0.0021019948277700706,-0.0021019948277700706
2023-11-14,-0.015051504081569966,-0.015243120221491324,-0.015243120221491324
2023-11-15,0.003271817816465905,0.003439466911268063,0.003439466911268063
2023-11-16,-0.00043115218902745056,-0.0003069573832963357,-0.0003069573832963357
2023-11-17,-0.004148546758238503,-0.004210977822505235,-0.004210977822505235
2023-11-20,-0.0046201041888105365,-0.00461586821331661,-0.00461586821331661
2023-11-21,0.0012270355109285092,0.0012768058378318514,0.0012768058378318514
2023-11-22,0.0034219374548580817,0.003628051877544891,0.003628051877544891
2023-11-23,0.0,0.0,0.0
2023-11-24,-0.004987397169248453,-0.005030691972467416,-0.005030691972467416
2023-11-27,-0.0019748121150611198,-0.001928211092121046,-0.001928211092121046
2023-11-28,-0.004399239899850471,-0.00443248487594694,-0.00443248487594694
2023-11-29,0.00018490494478839992,0.00026299768811099966,0.00026299768811099966
2023-11-30,0.00709779865511706,0.007297319188869444,0.007297319188869444
2023-12-01,-0.0022150759909420614,-0.0022068654058005066,-0.0022068654058005066
2023-12-04,0.0042902761719894045,0.004322041855395753,0.004322041855395753
2023-12-05,0.0032537258805067637,0.003351926159705698,0.003351926159705698
2023-12-06,0.000989419061229846,0.0010860007890896028,0.0010860007890896028
2023-12-07,-0.005893302370608922,-0.005818562550023998,-0.005818562550023998
2023-12-08,0.004519378834777044,0.004617164939988427,0.004617164939988427
2023-12-11,0.0008168953626954689,0.0007786702436725079,0.0007786702436725079
2023-12-12,-0.0022119647410887566,-0.0021644717761892807,-0.0021644717761892807
2023-12-13,-0.00963564489805524,-0.00958945259405386,-0.00958945259405386
2023-12-14,-0.008914986421244997,-0.008867765203151023,-0.008867765203151023
2023-12-15,0.005809136851041785,0.005946576734695341,0.005946576734695341
2023-12-18,0.00010725899645080972,-0.00011702521906808983,-0.00011702521906808983
2023-12-19,-0.003849014169266418,-0.007243145813925267,-0.003849014169266418
2023-12-20,0.0023561052082339273,0.0023940826600128418,0.0023940826600128418
2023-12-21,-0.005532422765242906,-0.005522867053651126,-0.005522867053651126
2023-12-22,-0.0014247746108058124,-0.0013805619106586065,-0.0013805619106586065
2023-12-25,0.0,0.0,0.0
2023-12-26,-0.002283870182156811,-0.002311774278201284,-0.002311774278201284
2023-12-27,-0.004741873623518522,-0.004460797055893195,-0.004460797055893195
2023-12-28,0.002403383695265937,0.0025698665212159355,0.0025698665212159355
2023-12-29,0.0010268461916673743,0.0011488448441481225,0.0011488448441481225
2024-01-01,0.0,0.0,0.0
2024-01-02,0.008519554510586502,0.008496010103301366,0.008496010103301366
2024-01-03,0.0028725825101600932,0.0029791384498691897,0.0029791384498691897
2024-01-04,-0.0007027269999699826,-0.0005872852907016224,-0.0005872852907016224
2024-01-05,-9.76400403054356e-05,-5.8747503247857935e-05,-5.8747503247857935e-05
2024-01-08,-0.0019841567248599645,-0.0019700384207119725,-0.0019700384207119725
2024-01-09,0.0035257558046906112,0.003486576309269296,0.003486576309269296
2024-01-10,-0.0020299423362368785,-0.0019964383918695816,-0.0019964383918695816
2024-01-11,-0.0006938574352535198,-0.0005487398718804215,-0.0005487398718804215
2024-01-12,0.0011040817946588177,0.0012440310163226442,0.0012440310163226442
2024-01-15,0.0,0.0,0.0
2024-01-16,0.009263240502775716,0.009363665361556528,0.009363665361556528
2024-01-17,0.0008993893462889702,0.0009112147898306944,0.0009112147898306944
2024-01-18,0.0008309741233576418,0.001026544991802325,0.001026544991802325
2024-01-19,-0.002398175442492878,-0.0023548690266501637,-0.0023548690266501637
2024-01-22,0.00041622503855709425,0.0004752967056358415,0.0004752967056358415
2024-01-23,0.0027639811167725625,0.0027503406839386457,0.0027503406839386457
2024-01-24,-0.0036837796005348977,-0.003516746907029855,-0.003516746907029855
2024-01-25,0.0032687036501570788,0.003207227240388022,0.003207227240388022
2024-01-26,-0.0013622729840587766,-0.0013165284277505407,-0.0013165284277505407
2024-01-29,0.0017001385457406926,0.0018097800782959084,0.0018097800782959084
2024-01-30,-0.0020482505252745753,-0.0019938449083864995,-0.0019938449083864995
2024-01-31,-0.0011902977633271306,-0.0012214985232139597,-0.0012214985232139597
2024-02-01,-0.002190751256662793,-0.00210719583120067,-0.00210719583120067
2024-02-02,0.008445718656882484,0.008797412693002826,0.008797412693002826
2024-02-05,0.005087017986251219,0.005170602581686445,0.005170602581686445
2024-02-06,-0.002290754122769023,-0.002408980611874334,-0.002408980611874334
2024-02-07,-0.0014980556890025198,-0.0014520280455849743,-0.0014520280455849743
2024-02-08,0.001037354455196926,0.0011541015159073353,0.0011541015159073353
2024-02-09,-0.0005185427145715238,-0.0004230159174749559,-0.0004230159174749559
2024-02-12,0.0005665423305831752,0.0005191309480174766,0.0005191309480174766
2024-02-13,0.007555145199421354,0.007688037216110999,0.007688037216110999
2024-02-14,-0.0022605561817092834,-0.002272489543911682,-0.002272489543911682
2024-02-15,-0.004085758653591398,-0.003946138484750783,-0.003946138484750783
2024-02-16,-0.0002013702774688042,-0.00017275964377727604,-0.00017275964377727604
2024-02-19,0.0001534286511839511,0.0,0.0
2024-02-20,-0.00203484256995079,-0.0019600313730707697,-0.0019600313730707697
2024-02-21,-0.0007016363793139746,-0.000634951197435285,-0.000634951197435285
2024-02-22,-0.00047123768080670203,-0.00035613392937072774,-0.00035613392937072774
2024-02-23,-0.00020202700496341208,-0.00015404315164246896,-0.00015404315164246896
2024-02-26,-0.001049272584632277,-0.001040412405395763,-0.001040412405395763
2024-02-27,1.9262626651972425e-05,7.710471788335838e-05,7.710471788335838e-05
2024-02-28,0.0014051704877973137,0.0013964935839778647,0.0013964935839778647
2024-02-29,0.0017392896361334564,0.0018653672200601434,0.0018653672200601434
2024-03-01,-0.002836308549437838,-0.0028764263664813328,-0.0028764263664813328
2024-03-04,-0.00027925833021313906,-0.00020233455606000206,-0.00020233455606000206
2024-03-05,-0.00032750566203176845,-0.00024092786254570342,-0.00024092786254570342
2024-03-06,-0.004141592176475584,-0.004172427506391685,-0.004172427506391685
2024-03-07,-0.005296047142358873,-0.005327704469217487,-0.005327704469217487
2024-03-08,-0.00108010811580872,-0.0008176774523525054,-0.0008176774523525054
2024-03-11,0.0015273787998104638,0.0015957967772992632,0.0015957967772992632
2024-03-12,0.0008550912456346538,0.0007969444407294191,0.0007969444407294191
2024-03-13,-0.0016330819295387045,-0.0016334471303265374,-0.0016334471303265374
2024-03-14,0.005539696629602631,0.005589317246702308,0.005589317246702308
2024-03-15,0.0006963519179601363,0.0006964731655711986,0.0006964731655711986
2024-03-18,0.0014202146234589819,0.00045438067247083325,0.00045438067247083325
2024-03-19,0.002304759526855271,0.00022228128338142028,0.002304759526855271
2024-03-20,-0.004140792666031068,-0.004241520908855989,-0.004241520908855989
2024-03-21,0.005959631132084198,0.0059987021478606906,0.0059987021478606906
2024-03-22,0.0040587859228384815,0.004917182966072353,0.004917182966072353
2024-03-25,-0.0019745613976347443,-0.0023352932851725683,-0.0023352932851725683
2024-03-26,0.0007097572736354252,0.0005482746319867005,0.0005482746319867005
2024-03-27,0.0004792807047069303,0.0007017375501243706,0.0007017375501243706
2024-03-28,0.001895698864453621,0.001968003783985317,0.001968003783985317
2024-03-29,-0.000564504184188408,0.0,0.0
2024-04-01,0.0050786244161376,0.004736103153711646,0.004736103153711646
2024-04-02,-0.001934854179047818,-0.0019300045164269974,-0.0019300045164269974
2024-04-03,-0.005424163682755001,-0.005418144335092023,-0.005418144335092023
2024-04-04,-0.001228583923793991,-0.0010197799698516974,-0.0010197799698516974
2024-04-05,0.0016985019844870664,0.0017310859190615702,0.0017310859190615702
2024-04-08,-0.001516038632705552,-0.0016252113226089548,-0.0016252113226089548
2024-04-09,7.6816715354866e-05,0.00019247055259974388,0.00019247055259974388
2024-04-10,0.010478001045697738,0.01061492692790278,0.01061492692790278
2024-04-11,0.0003514988612476344,0.0003141436042870538,0.0003141436042870538
2024-04-12,0.007155056078661737,0.00728324287721982,0.00728324287721982
2024-04-15,0.0016019151018493716,0.0015672948494591665,0.0015672948494591665
2024-04-16,0.00046125244975669943,0.0006318877147757362,0.0006318877147757362
2024-04-17,-0.0028839649032077475,-0.0028419168535496198,-0.0028419168535496198
2024-04-18,0.0018858856519603506,0.0020590715009740634,0.0020590715009740634
2024-04-19,2.826122795251962e-05,1.8870951001837e-05,1.8870951001837e-05
2024-04-22,-0.0007256244693616409,-0.0006701369312169803,-0.0006701369312169803
2024-04-23,-0.0037968990418111304,-0.003859657233502567,-0.003859657233502567
2024-04-24,0.0017207802593448562,0.0018465477181717205,0.0018465477181717205
2024-04-25,-0.002449695013329034,-0.0023585028289954124,-0.0023585028289954124
2024-04-26,0.0032145856287746355,0.0033419358456940884,0.0033419358456940884
2024-04-29,-0.003394529467841245,-0.003370385482726057,-0.003370385482726057
2024-04-30,0.0060623415130312,0.006164105209772508,0.006164105209772508
2024-05-01,-0.004396731240295715,-0.004458557979075017,-0.004458557979075017
2024-05-02,-0.004321175713864811,-0.004269334682319048,-0.004269334682319048
2024-05-03,-0.0025578987839889322,-0.002475060284139907,-0.002475060284139907
2024-05-06,0.00019992288755243948,9.531207556534582e-06,9.531207556534582e-06
2024-05-07,0.0034305350967889225,0.0036247952579699927,0.0036247952579699927
2024-05-08,0.001270395225797749,0.0011958658638802078,0.0011958658638802078
2024-05-09,-0.003026955478819815,-0.0030589488536927334,-0.0030589488536927334
2024-05-10,0.0007029944049969927,0.0006752933264673189,0.0006752933264673189
2024-05-13,-0.0007885274421850497,-0.0006848077574801437,-0.0006848077574801437
2024-05-14,-0.0019502363112486876,-0.002009572332752896,-0.002009572332752896
2024-05-15,-0.00638143531077251,-0.00650396355005789,-0.00650396355005789
2024-05-16,0.0011206522027000787,0.0012754308705007489,0.0012754308705007489
2024-05-17,-0.00016275184687497557,-0.00014376422691597668,-0.00014376422691597668
2024-05-20,0.001148270543852803,0.0012452705282743892,0.0012452705282743892
2024-05-21,0.0009176680406532967,0.0009185900289976345,0.0009185900289976345
2024-05-22,0.0025954956028915177,0.002674411313623004,0.002674411313623004
2024-05-23,0.0016663417189350938,0.0019059241875281074,0.0019059241875281074
2024-05-24,-0.003660074999777052,-0.003796374161918692,-0.003796374161918692
2024-05-27,-0.0012325686280911796,0.0,0.0
2024-05-28,0.00018163654577207922,-0.0009465668538304328,-0.0009465668538304328
2024-05-29,0.004844194543645486,0.004723899743791726,0.004723899743791726
2024-05-30,-0.0038696566554055067,-0.0035862160022910317,-0.0035862160022910317
2024-05-31,-0.0004298261180757379,-0.0002962467470357666,-0.0002962467470357666
2024-06-03,-0.005085949922267297,-0.005261026485098519,-0.005261026485098519
2024-06-04,-0.00028811524809135847,-0.00025945447440278713,-0.00025945447440278713
2024-06-05,0.001516475158408248,0.001632480964835814,0.001632480964835814
2024-06-06,-0.0015933199128310704,-0.0015748185972030981,-0.0015748185972030981
2024-06-07,0.007493324118514444,0.007639617457933845,0.007639617457933845
2024-06-10,0.0025233902979557854,0.0024480049564390427,0.0024480049564390427
2024-06-11,0.0007605286040117676,0.0008273462154866351,0.0008273462154866351
2024-06-12,-0.005574761310779053,-0.005566849763793513,-0.005566849763793513
2024-06-13,0.005251607325094554,0.005452773731994931,0.005452773731994931
2024-06-14,0.0033594975272936978,0.003397683734823964,0.003397683734823964
2024-06-17,-0.0021814396662209745,0.00018000180050403713,0.00018000180050403713
2024-06-18,-0.0006078565645717404,-0.006538704155720332,-0.0006078565645717404
2024-06-19,-1.9001472614910142e-05,0.0,0.0
2024-06-20,0.0031682518605018473,0.0033412214631862724,0.0033412214631862724
2024-06-21,0.0019679830747003635,0.0020506011837406746,0.0020506011837406746
2024-06-24,-0.0030577155347986107,-0.003058454921096576,-0.003058454921096576
2024-06-25,0.0012696609626789979,0.0013119119668489887,0.0013119119668489887
2024-06-26,0.00420488290761778,0.004313354841050554,0.004313354841050554
2024-06-27,-0.0013776316354254803,-0.0013536220918171082,-0.0013536220918171082
2024-06-28,-0.0003777647703726572,-0.00024631008669651067,-0.00024631008669651067
2024-07-01,0.00033055197758535826,0.0003978553753487546,0.0003978553753487546
2024-07-02,-0.0016916879799326878,-0.0017062100691704885,-0.0017062100691704885
2024-07-03,-0.0030219087531762057,-0.0031356328308591586,-0.0031356328308591586
2024-07-04,-0.0025934191125616124,0.0,0.0
2024-07-05,-0.002428514800368653,-0.005047118644744053,-0.005047118644744053
2024-07-08,0.0011911853701525033,0.0011471399238995872,0.0011471399238995872
2024-07-09,0.0012278173522553004,0.0013271275369506341,0.0013271275369506341
2024-07-10,-0.0007707789530746467,-0.0007445021724459266,-0.0007445021724459266
2024-07-11,-0.005804644725775354,-0.0057263395009305995,-0.0057263395009305995
2024-07-12,-0.0033280135064623906,-0.003347541050384706,-0.003347541050384706
2024-07-15,0.0009218272034852149,0.0009534587677269002,0.0009534587677269002
2024-07-16,0.000777131273550502,0.0007409510493383564,0.0007409510493383564
2024-07-17,-0.0050188069849337325,-0.004975854279534175,-0.004975854279534175
2024-07-18,0.004088096843533506,0.004263781733520489,0.004263781733520489
2024-07-19,0.002138381878184603,0.002182724655878765,0.002182724655878765
2024-07-22,-0.0007857793514371991,-0.0007206376513524404,-0.0007206376513524404
2024-07-23,0.0013029068157255352,0.001325572207242054,0.001325572207242054
2024-07-24,-0.0005650231666161076,-0.0005088887611801596,-0.0005088887611801596
2024-07-25,-0.00034491679224402105,-0.00013446669568395464,-0.00013446669568395464
2024-07-26,-0.0003737941587864668,-0.0004707758761473002,-0.0004707758761473002
2024-07-29,0.002374570246368002,0.0024475352113428883,0.0024475352113428883
2024-07-30,-9.563978239679471e-05,4.793105597844516e-05,4.793105597844516e-05
2024-07-31,-0.004390134057958406,-0.004419302218857446,-0.004419302218857446
2024-08-01,0.003117254355052168,0.0033259027889842585,0.0033259027889842585
2024-08-02,-0.011684435223157763,-0.011747636224905378,-0.011747636224905378
2024-08-05,-0.0050413663065942416,-0.004915545423361145,-0.004915545423361145
2024-08-06,0.0027229689387855416,0.0026797780615899214,0.0026797780615899214
2024-08-07,0.0022118108024606897,0.002332861339108483,0.002332861339108483
2024-08-08,0.00011627568979122316,0.00023298708968599868,0.00023298708968599868
2024-08-09,-0.0007172488967208679,-0.0006311323208443298,-0.0006311323208443298
2024-08-12,3.878336581930597e-05,3.885041618989504e-05,3.885041618989504e-05
2024-08-13,-0.005639350281567701,-0.005658894720980356,-0.005658894720980356
2024-08-14,8.775051559073432e-05,4.883647108666622e-05,4.883647108666622e-05
2024-08-15,0.003979669072988301,0.004122953504316129,0.004122953504316129
2024-08-16,-0.005003904522059344,-0.004885074190766225,-0.004885074190766225
2024-08-19,-0.00564721660910994,-0.0056460221147274225,-0.0056460221147274225
2024-08-20,-0.004377192507728722,-0.004255535161745705,-0.004255535161745705
2024-08-21,-0.00397076776169758,-0.003847509061163379,-0.003847509061163379
2024-08-22,0.004631032187085715,0.004834198699077419,0.004834198699077419
2024-08-23,-0.007813080600327815,-0.007851331141281115,-0.007851331141281115
2024-08-26,0.001319647557920689,0.00134096877758072,0.00134096877758072
2024-08-27,-0.0029691734449341922,-0.0028430007816915293,-0.0028430007816915293
2024-08-28,0.005375770461766294,0.005311636008342724,0.005311636008342724
2024-08-29,0.0024600258408629117,0.0027687153057280867,0.0027687153057280867
2024-08-30,0.003496834252593395,0.0034895103769656544,0.0034895103769656544
2024-09-02,-0.00044258450398082516,0.0,0.0
2024-09-03,0.001690600860698055,0.0013963323965979768,0.0013963323965979768
2024-09-04,-0.00459684936583038,-0.0045797772435323125,-0.0045797772435323125
2024-09-05,-0.0024794421612428508,-0.0022433610396666026,-0.0022433610396666026
2024-09-06,0.0006920962883292248,0.0006824352322292171,0.0006824352322292171
2024-09-09,0.0036995242683817153,0.0037007655936704964,0.0037007655936704964
2024-09-10,0.0007677845855607046,0.0007877272508007849,0.0007877272508007849
2024-09-11,0.0005311980608295741,0.0005903884927658254,0.0005903884927658254
2024-09-12,-0.003132236000874755,-0.0030244987564680414,-0.0030244987564680414
2024-09-13,-0.002489136014537152,-0.0022818092490091146,-0.0022818092490091146
2024-09-16,-0.0034773684341820044,-0.004052901287245447,-0.004052901287245447
2024-09-17,0.0012992360139003623,-0.0014308570690113598,0.0012992360139003623
2024-09-18,-0.002957965331090051,-0.00283795479471749,-0.00283795479471749
2024-09-19,0.0001789175493067674,0.00038882768942993806,0.00038882768942993806
2024-09-20,0.00108276184356626,0.0010162197503085224,0.0010162197503085224
2024-09-23,0.0012700052308769472,0.0013632995946801785,0.0013632995946801785
2024-09-24,-0.0038248182652687035,-0.003995641005603012,-0.003995641005603012
2024-09-25,0.004429488119092717,0.004631874524759105,0.004631874524759105
2024-09-26,-0.0034743972133721712,-0.003763632659881999,-0.003763632659881999
2024-09-27,-0.001801506386903462,-0.0013675727718505115,-0.0013675727718505115
2024-09-30,0.003957054278512118,0.0041070685254931405,0.0041070685254931405
2024-10-01,0.004109465958649139,0.004070454163707993,0.004070454163707993
2024-10-02,0.004761655560455047,0.004882494033894069,0.004882494033894069
2024-10-03,0.0030638422128914655,0.0031992152301940635,0.0031992152301940635
2024-10-04,0.005192937164343547,0.005146439492757615,0.005146439492757615
2024-10-07,0.0001658075563275574,0.0002541842654073534,0.0002541842654073534
2024-10-08,0.00011702407783698021,1.954995992292652e-05,1.954995992292652e-05
2024-10-09,0.003688981538608971,0.0038244322168194955,0.0038244322168194955
2024-10-10,0.0005827619194045397,0.0007592423515774271,0.0007592423515774271
2024-10-11,-0.0009520202003301392,-0.000934534017881461,-0.000934534017881461
2024-10-14,0.003957558466225031,0.00393664941053018,0.00393664941053018
2024-10-15,-0.0003582511572544078,-0.00026196170657755147,-0.00026196170657755147
2024-10-16,0.0031810363733217883,0.003342135779067945,0.003342135779067945
2024-10-17,0.002265989446806671,0.0024341723280052463,0.0024341723280052463
2024-10-18,-0.0032028119488396456,-0.003333996777830528,-0.003333996777830528
2024-10-21,0.005002299532486099,0.005088332460029932,0.005088332460029932
2024-10-22,0.0006055159805749,0.0007220460208854362,0.0007220460208854362
2024-10-23,0.0034147731569671436,0.0035353038464007724,0.0035353038464007724
2024-10-24,-0.003578130241502109,-0.0034390704225337743,-0.0034390704225337743
2024-10-25,0.001910568711169347,0.0020475755888513802,0.0020475755888513802
2024-10-28,0.0005657491772543821,0.0004896430983745148,0.0004896430983745148
2024-10-29,0.0,7.678501160324203e-05,7.678501160324203e-05
2024-10-30,-0.0030915487155125376,-0.003162658305649657,-0.003162658305649657
2024-10-31,-0.0001731018901276471,0.00015403870252850282,0.00015403870252850282
2024-11-01,0.0029386647351996587,0.0031237860667747697,0.0031237860667747697
2024-11-04,-0.003814249917738266,-0.003971292714570751,-0.003971292714570751
2024-11-05,-0.004457143620561155,-0.004499944826090285,-0.004499944826090285
2024-11-06,0.01597071991372001,0.01594780065850543,0.01594780065850543
2024-11-07,-0.005534470891305432,-0.00587520497765226,-0.00587520497765226
2024-11-08,0.0046681548221787494,0.004969904141551851,0.004969904141551851
2024-11-11,0.005186674494365384,0.005391104919717726,0.005391104919717726
2024-11-12,0.004547030763230708,0.00466399782107807,0.00466399782107807
2024-11-13,0.004301081899391157,0.004040904292473613,0.004040904292473613
2024-11-14,0.0018015148852681406,0.0020565608228801935,0.0020565608228801935
2024-11-15,0.00013123359598932183,0.0001594649485348043,0.0001594649485348043
2024-11-18,-0.003869239714171968,-0.003890689818833337,-0.003890689818833337
2024-11-19,-0.0006494698577794722,-0.0005462834028033825,-0.0005462834028033825
2024-11-20,0.004453094926739176,0.004446352720865576,0.004446352720865576
2024-11-21,0.0027334186603296118,0.0029408204911396396,0.0029408204911396396
2024-11-22,0.005425929051710021,0.005381546958249217,0.005381546958249217
2024-11-25,-0.006875957136956323,-0.006878973536603716,-0.006878973536603716
2024-11-26,0.0018332325201528832,0.001852736122153864,0.001852736122153864
2024-11-27,-0.008719089291754578,-0.00863790250826657,-0.00863790250826657
2024-11-28,-0.00033941131319714657,0.0,0.0
2024-11-29,-0.002936942876480053,-0.002076687110053932,-0.002076687110053932
2024-12-02,0.006682935378948152,0.005606584266657499,0.005606584266657499
2024-12-03,-0.0007612388824966843,-0.0007802108845096356,-0.0007802108845096356
2024-12-04,-0.0004137554952157174,-0.00047030053070162836,-0.00047030053070162836
2024-12-05,-0.005725485492306781,-0.005556853976113274,-0.005556853976113274
2024-12-06,0.0032204930346324545,0.0031925974033599758,0.0031925974033599758
2024-12-09,0.0008482564127856307,0.0008106936587743974,0.0008106936587743974
2024-12-10,0.0023900944831725113,0.0024187450323474025,0.0024187450323474025
2024-12-11,0.0029186962613358958,0.002937907189728861,0.002937907189728861
2024-12-12,0.0023026603081071073,0.002471286606940737,0.002471286606940737
2024-12-13,0.00043933651546268493,0.00031782830061199974,0.00031782830061199974
2024-12-16,-0.0013560211746765916,0.0003457572351432958,0.0003457572351432958
2024-12-17,0.0009166846592139066,-0.0034348374614552313,0.0009166846592139066
2024-12-18,0.009963660942846175,0.010130116663503053,0.010130116663503053
2024-12-19,0.0035206911409861874,0.0037331968637728252,0.0037331968637728252
2024-12-20,-0.007286091049141241,-0.007433805456994236,-0.007433805456994236
2024-12-23,0.0038579650740979687,0.0042387518265316615,0.0042387518265316615
2024-12-24,0.0020342688735510706,0.0020015759821481183,0.0020015759821481183
2024-12-25,0.0,0.0,0.0
2024-12-26,-0.0011830711314937403,-0.0012041721383191373,-0.0012041721383191373
2024-12-27,-0.0012122503531957207,-0.0009365510571663904,-0.0009365510571663904
2024-12-30,0.0012214985232139597,0.0013072200262245204,0.0013072200262245204
2024-12-31,0.003296143176395816,0.0033575546389563726,0.0033575546389563726
2025-01-01,0.0,0.0,0.0
2025-01-02,0.008325693743072016,0.008395258613594692,0.008395258613594692
2025-01-03,-0.004048625610256984,-0.0037705255971367535,-0.0037705255971367535
2025-01-06,-0.006399388347735346,-0.006426976603766121,-0.006426976603766121
2025-01-07,0.002629164933160233,0.0025591410822984884,0.0025591410822984884
2025-01-08,0.005036034757583963,0.005043636211761182,0.005043636211761182
2025-01-09,0.0008155075153366553,0.0007158262132858084,0.0007158262132858084
2025-01-10,0.00430473773889517,0.004421241943894927,0.004421241943894927
2025-01-13,0.0027868109071800262,0.0029639919738242426,0.0029639919738242426
2025-01-14,-0.006230947637142492,-0.006413265054234785,-0.006413265054234785
2025-01-15,-0.0016761085242693596,-0.0017796047370470802,-0.0017796047370470802
2025-01-16,-0.0012199206271512608,-0.0009093707138774221,-0.0009093707138774221
2025-01-17,0.0035730029216711756,0.003540963244831552,0.003540963244831552
2025-01-20,0.0,0.0,0.0
2025-01-21,-0.011821175423375685,-0.012365174317229055,-0.012365174317229055
2025-01-22,0.000971192654575681,0.0009359522142968757,0.0009359522142968757
2025-01-23,-0.001110011491588736,-0.0009174100029518684,-0.0009174100029518684
2025-01-24,-0.005605843257211696,-0.005745966680271941,-0.005745966680271941
2025-01-27,-0.0009497914897567128,-0.0007928919983504201,-0.0007928919983504201
2025-01-28,0.004879033130584354,0.004868681158813004,0.004868681158813004
2025-01-29,0.0012415110968078125,0.0011694170953830962,0.0011694170953830962
2025-01-30,-0.0018813983501093645,-0.0016524326077140827,-0.0016524326077140827
2025-01-31,0.005301469160793104,0.005429760199010758,0.005429760199010758
2025-02-03,0.005704836966316407,0.006080334172057,0.006080334172057
2025-02-04,-0.009495346751416278,-0.009727810906156265,-0.009727810906156265
2025-02-05,-0.0035353267559781187,-0.003539826705123872,-0.003539826705123872
2025-02-06,0.001021981990580123,0.0009767942392278073,0.0009767942392278073
2025-02-07,0.003254085540008944,0.003536376814611053,0.003536376814611053
2025-02-10,0.002579048291470265,0.0024523311738100517,0.0024523311738100517
2025-02-11,-0.0032920013825066263,-0.0033329352323665518,-0.0033329352323665518
2025-02-12,-0.00023158762684527545,-9.274029015848839e-05,-9.274029015848839e-05
2025-02-13,-0.005807190270235019,-0.005645502556986592,-0.005645502556986592
2025-02-14,-0.0056349233078245575,-0.005996528579540694,-0.005996528579540694
2025-02-17,-0.0012659119771996075,0.0,0.0
2025-02-18,0.0044844174032911965,0.0035592226024947493,0.0035592226024947493
2025-02-19,0.0011109711870096461,0.0010092609889582604,0.0010092609889582604
2025-02-20,-0.0075019668608824475,-0.007443830895810244,-0.007443830895810244
2025-02-21,0.0022536913719575224,0.0023497576463737957,0.0023497576463737957
2025-02-24,-0.00015008817708572764,-9.388437207569211e-05,-9.388437207569211e-05
2025-02-25,-0.0027054463576687837,-0.002641761079855698,-0.002641761079855698
2025-02-26,0.0010154003241700238,0.0009503333938791769,0.0009503333938791769
2025-02-27,0.00775067064518975,0.007934282039446572,0.007934282039446572
2025-02-28,0.0034441386008223773,0.0035578939801395038,0.0035578939801395038
2025-03-03,-0.00808920211873776,-0.008299655068416456,-0.008299655068416456
2025-03-04,-0.009449926787290508,-0.00924868616724428,-0.00924868616724428
2025-03-05,-0.013970391818651784,-0.013670850571998017,-0.013670850571998017
2025-03-06,-0.002054354704982053,-0.002150951472661866,-0.002150951472661866
2025-03-07,-0.0021548829887354515,-0.002078522688266027,-0.002078522688266027
2025-03-10,0.0005969057355015295,0.0013573029302014206,0.0013573029302014206
2025-03-11,-0.004640200493465585,-0.006562906592129991,-0.006562906592129991
2025-03-12,0.0018644556217068953,0.0030358720019876273,0.0030358720019876273
2025-03-13,0.0020825306408100985,0.002343106989065369,0.002343106989065369
2025-03-14,-0.0010600060738319428,-0.0012046162345198397,-0.0012046162345198397
2025-03-17,-0.0033608932200070996,-0.0022686144639827432,-0.0022686144639827432
2025-03-18,-0.0012196658079286493,-0.005601821183052635,-0.0012196658079286493
2025-03-19,0.0017805996807975788,0.0019515990367882097,0.0019515990367882097
2025-03-20,0.004081461095487349,0.003911133307494374,0.003911133307494374
2025-03-21,0.0022795156524244575,0.002383699335121392,0.002383699335121392
2025-03-24,0.0016702667669976634,0.0018489989859471478,0.0018489989859471478
2025-03-25,-0.000748395302769822,-0.0010107477023693079,-0.0010107477023693079
2025-03-26,0.003478164392956451,0.0036147281689826727,0.0036147281689826727
2025-03-27,-0.0020298548730108834,-0.0020653324600532486,-0.0020653324600532486
2025-03-28,-0.0027929895927050197,-0.0027250728222814047,-0.0027250728222814047
2025-03-31,0.0015942074116930272,0.0016763655704252756,0.0016763655704252756
2025-04-01,0.00047968533562414706,0.0006351283942676034,0.0006351283942676034
2025-04-02,-0.004354373502393649,-0.004415741845382293,-0.004415741845382293
2025-04-03,-0.016854959218123966,-0.016523665406106502,-0.016523665406106502
2025-04-04,0.00927381765311619,0.009513033518795844,0.009513033518795844
2025-04-07,0.00225907726032748,0.001983086097547826,0.001983086097547826
2025-04-08,-0.0029193419727766567,-0.002635252627532836,-0.002635252627532836
2025-04-09,-0.0005343567201059329,-0.0007597748315069097,-0.0007597748315069097
2025-04-10,-0.01995482546665439,-0.019810422849985798,-0.019810422849985798
2025-04-11,-0.007613151231792514,-0.00716205393611169,-0.00716205393611169
2025-04-14,-0.004625975747576838,-0.004967670247296496,-0.004967670247296496
2025-04-15,0.005754187651570319,0.0056681816492449855,0.0056681816492449855
2025-04-16,-0.008366991871375795,-0.00822686139715234,-0.00822686139715234
2025-04-17,-4.025035722676762e-05,-0.00014122014226192192,-0.00014122014226192192
2025-04-18,-0.0014702478907970828,0.0,0.0
2025-04-21,-0.009640190500586954,-0.011005674729150705,-0.011005674729150705
2025-04-22,0.006491026664988908,0.006567266682685258,0.006567266682685258
2025-04-23,0.009317743830584035,0.009539920883978148,0.009539920883978148
2025-04-24,-0.004688269362998376,-0.004708163462556314,-0.004708163462556314
2025-04-25,0.0009454458380471209,0.0008668394168500626,0.0008668394168500626
2025-04-28,-0.004645289261762109,-0.00469595849907023,-0.00469595849907023
2025-04-29,0.002290073486179267,0.0023153892663678732,0.0023153892663678732
2025-04-30,0.0023250557767875435,0.002541758812144579,0.002541758812144579
2025-05-01,0.007811131465594201,0.007866629638927591,0.007866629638927591
2025-05-02,-0.002176974865895076,-0.002141135619440071,-0.002141135619440071
2025-05-05,-0.0019913846699761706,-0.0020052142271378415,-0.0020052142271378415
2025-05-06,-0.005957750870637213,-0.005969205441570757,-0.005969205441570757
2025-05-07,0.003781711505125962,0.0039096794090554,0.0039096794090554
2025-05-08,0.010247075990529098,0.010554055699402376,0.010554055699402376
2025-05-09,-0.0029953400608944136,-0.003209443694220049,-0.003209443694220049
2025-05-12,0.014337766084471681,0.014184916209611487,0.014184916209611487
2025-05-13,-0.007741999605276106,-0.00763743369095593,-0.00763743369095593
2025-05-14,0.0003563615523605179,0.00046604099029501356,0.00046604099029501356
2025-05-15,-0.0015848020829043463,-0.0014285574993238015,-0.0014285574993238015
2025-05-16,0.002109214480949362,0.002151978021510459,0.002151978021510459
2025-05-19,-0.00660985544520809,-0.006539673664228474,-0.006539673664228474
2025-05-20,-0.003071647540345168,-0.0031058871995206516,-0.0031058871995206516
2025-05-21,-0.0055990570807917805,-0.005435995172570429,-0.005435995172570429
2025-05-22,0.004019672712258782,0.0041548804276754225,0.0041548804276754225
2025-05-23,-0.00851958215331372,-0.008438189654716766,-0.008438189654716766
2025-05-26,-0.0017975626665514,-0.0014655719616305518,-0.0014655719616305518
2025-05-27,0.005915716025011619,0.005648307920961493,0.005648307920961493
2025-05-28,0.003550726914540725,0.0036142803261949297,0.0036142803261949297
2025-05-29,-0.005995408437319938,-0.00578913543800752,-0.00578913543800752
2025-05-30,0.0005135770755408942,0.0005038595749224939,0.0005038595749224939
2025-06-02,-0.006291837859320637,-0.006306427361031375,-0.006306427361031375
2025-06-03,0.005264419811289223,0.0052984542087290976,0.0052984542087290976
2025-06-04,-0.004444137527443104,-0.004335770781203507,-0.004335770781203507
2025-06-05,-0.00046575676189331006,-0.00026337915607577145,-0.00026337915607577145
2025-06-06,0.0045369423706107526,0.0044276934136950885,0.0044276934136950885
2025-06-09,-0.002533704145054827,-0.002383261751751853,-0.002383261751751853
2025-06-10,0.0016057608847308558,0.0016567668557128101,0.0016567668557128101
2025-06-11,-0.004723645680103417,-0.004714842247887319,-0.004714842247887319
2025-06-12,-0.007224582687304526,-0.007155064748157969,-0.007155064748157969
2025-06-13,0.0026822381650370986,0.0028050223158428977,0.0028050223158428977
2025-06-16,-0.0018961989961505665,-0.004839756636455306,-0.0018961989961505665
2025-06-17,0.008352943118547174,0.007057796921082549,0.007057796921082549
2025-06-18,0.0008597800504350772,0.0007517957095366512,0.0007517957095366512
2025-06-19,0.0,0.0,0.0
2025-06-20,-0.0020039275576326787,-0.0018907248326307524,-0.0018907248326307524
2025-06-23,-0.002952473444394421,-0.0027713831851805537,-0.0027713831851805537
2025-06-24,-0.005685944173372981,-0.005730088327518423,-0.005730088327518423
2025-06-25,-0.0018308560528312867,-0.0018179675616014634,-0.0018179675616014634
2025-06-26,-0.0054612969755050145,-0.005267103165534692,-0.005267103165534692
2025-06-27,0.0026111822719334654,0.002776159848566273,0.002776159848566273
2025-06-30,-0.00541498986272515,-0.005560048221234126,-0.005560048221234126
2025-07-01,-0.0005782316598379467,-0.000269485905445066,-0.000269485905445066
2025-07-02,-0.000444226356125732,-0.0003939946965365593,-0.0003939946965365593
2025-07-03,0.0041658993202098316,0.0040672549354852094,0.0040672549354852094
2025-07-04,0.0,0.0,0.0
2025-07-07,0.003082299779248565,0.0032892900977659068,0.0032892900977659068
2025-07-08,0.0003692383475453198,0.00031907283880094894,0.00031907283880094894
2025-07-09,0.00039985441731094085,0.00027781922379066515,0.00027781922379066515
2025-07-10,0.0009938169018903764,0.0012646451169082695,0.0012646451169082695
2025-07-11,0.0020562141205520135,0.0021247012114145036,0.0021247012114145036
2025-07-14,0.002327315350185266,0.002396412674195325,0.002396412674195325
2025-07-15,0.005439852354728991,0.005579569028687281,0.005579569028687281
2025-07-16,-0.0022740203091089484,-0.0023932592832167643,-0.0023932592832167643
2025-07-17,0.003469865397145888,0.0037756824028072344,0.0037756824028072344
2025-07-18,-0.0025555749751564605,-0.0025223259441826684,-0.0025223259441826684
2025-07-21,-0.006407437817794737,-0.006415779434381541,-0.006415779434381541
2025-07-22,-0.0047222807927358446,-0.004653631906852418,-0.004653631906852418
2025-07-23,-0.0018293377351099593,-0.0017932602971129086,-0.0017932602971129086
2025-07-24,0.001675309116287771,0.001865335708617799,0.001865335708617799
2025-07-25,0.002748409601998958,0.0028274310308207262,0.0028274310308207262
2025-07-28,0.010077577020682682,0.010174046103720968,0.010174046103720968
2025-07-29,0.0025516417246702616,0.002557831704839586,0.002557831704839586
2025-07-30,0.00935080114451825,0.009473770997865394,0.009473770997865394
2025-07-31,0.0015316621525496288,0.0015752854072070832,0.0015752854072070832
2025-08-01,-0.008307055489593651,-0.008184348533833763,-0.008184348533833763
2025-08-04,-0.003607430967823788,-0.0034832656373824378,-0.0034832656373824378
2025-08-05,-2.024639867226341e-05,-5.071842652260017e-05,-5.071842652260017e-05
2025-08-06,-0.006143429879427842,-0.006084551035963948,-0.006084551035963948
2025-08-07,0.0022688320165586973,0.0025074932103459346,0.0025074932103459346
2025-08-08,-0.0022382754283007955,-0.002242176257077233,-0.002242176257077233
2025-08-11,0.0034570446224302387,0.003585072842224868,0.003585072842224868
2025-08-12,-0.004302788188383921,-0.004422080893704106,-0.004422080893704106
2025-08-13,-0.00262329368503611,-0.0027097654996355303,-0.0027097654996355303
2025-08-14,0.004222471009917683,0.004505409506065483,0.004505409506065483
2025-08-15,-0.0040998293074965275,-0.0039935706627032275,-0.0039935706627032275
2025-08-18,0.0032139769221677383,0.0031165565334738687,0.0031165565334738687
2025-08-19,0.0009978008484434753,0.0010400947219810774,0.0010400947219810774
2025-08-20,-0.0004784128998069903,-0.00039755554833220685,-0.00039755554833220685
2025-08-21,0.004074442861379701,0.004384744881842373,0.004384744881842373
2025-08-22,-0.009198628540527665,-0.009300969604826292,-0.009300969604826292
2025-08-25,0.007280323368125785,0.007339875844713184,0.007339875844713184
2025-08-26,-0.0020848701965965333,-0.0019955209228372794,-0.0019955209228372794
2025-08-27,7.126241368826669e-05,5.095567367074949e-05,5.095567367074949e-05
2025-08-28,-0.004274535315718531,-0.0039721288792158305,-0.0039721288792158305
2025-08-29,-0.0004294829908948472,-0.0004912295163972402,-0.0004912295163972402
2025-09-01,0.0,0.0,0.0
2025-09-02,0.00638230623696856,0.006702841400456627,0.006702841400456627
2025-09-03,-0.0025949062841235104,-0.002687982069494055,-0.002687982069494055
2025-09-04,0.002086631560864305,0.002250659089338747,0.002250659089338747
2025-09-05,-0.005904715929608173,-0.005876608488985191,-0.005876608488985191
2025-09-08,-0.003216853333911196,-0.0032387032511582703,-0.0032387032511582703
2025-09-09,0.0034213983242947776,0.00348425266921204,0.00348425266921204
2025-09-10,-8.18129755835173e-05,-5.115115679465987e-05,-5.115115679465987e-05
2025-09-11,-0.002549780963731152,-0.0022429915945814116,-0.0022429915945814116
2025-09-12,0.00019479088235208053,8.202436128179613e-05,8.202436128179613e-05
2025-09-15,-0.0025455231038282733,-0.0009026382264689659,-0.0009026382264689659
2025-09-16,-0.006899246177074048,-0.01239070866643388,-0.006899246177074048
2025-09-17,0.002480544510888194,0.0028220470256075103,0.0028220470256075103
2025-09-18,0.004891344880738835,0.004661723974224152,0.004661723974224152
2025-09-19,0.003036024322675246,0.0030786521502932374,0.0030786521502932374
2025-09-22,-0.0031079338810275914,-0.003037403555318008,-0.003037403555318008
2025-09-23,-0.0007913466151263648,-0.0008459364607871223,-0.0008459364607871223
2025-09-24,0.00624178886848803,0.006429699483850193,0.006429699483850193
2025-09-25,0.006923754660848935,0.0071219768371459935,0.0071219768371459935
2025-09-26,-0.004077177046821312,-0.003989007477815498,-0.003989007477815498
2025-09-29,-0.0025094628028110577,-0.002456400154323468,-0.002456400154323468
2025-09-30,-0.0013389140444930447,-0.0013638579805288487,-0.0013638579805288487
2025-10-01,-0.0007059509913052153,-0.0007185678226573344,-0.0007185678226573344
2025-10-02,0.0014318444599776825,0.0016314305309919064,0.0016314305309919064
2025-10-03,-0.001257868232878323,-0.0012823473840555266,-0.0012823473840555266
2025-10-06,0.003931966808318421,0.004015946223704603,0.004015946223704603
2025-10-07,0.004779200294844799,0.004865097743898872,0.004865097743898872
2025-10-08,0.0034127824995202616,0.0036156119906340933,0.0036156119906340933
2025-10-09,0.006278585323340913,0.006517643382907501,0.006517643382907501
2025-10-10,-0.005641877586045396,-0.005585393553518614,-0.005585393553518614
2025-10-13,0.002935733796721962,0.0030137258477340723,0.0030137258477340723
2025-10-14,-0.002238852061664076,-0.0022240203263397262,-0.0022240203263397262
2025-10-15,-0.00256773291101009,-0.0027261089793642057,-0.0027261089793642057
2025-10-16,-0.0046365660933247455,-0.004566891420874519,-0.004566891420874519
2025-10-17,0.0009859277412340717,0.0010189318401083725,0.0010189318401083725
2025-10-20,0.0015531500084406957,0.0016586367369511024,0.0016586367369511024
2025-10-21,0.003523697449137053,0.0036130066806361327,0.0036130066806361327
2025-10-22,-0.00037405664866874133,-0.0003850362792263695,-0.0003850362792263695
2025-10-23,0.00039427194153862644,0.00056737015331354,0.00056737015331354
2025-10-24,0.00016170763295253465,0.00018230063450630496,0.00018230063450630496
2025-10-27,-0.0017093589010563903,-0.0018650859392606023,-0.0018650859392606023
2025-10-28,-0.0011749811430297186,-0.00111666069182359,-0.00111666069182359
2025-10-29,0.005589062844280512,0.005762770727273825,0.005762770727273825
2025-10-30,0.0030793096897019367,0.0032867902755571166,0.0032867902755571166
2025-10-31,0.002789346111946145,0.002834486112096357,0.002834486112096357
2025-11-03,0.000691116180094653,0.0007725610782722825,0.0007725610782722825
2025-11-04,0.0035083020736372816,0.003634055967326688,0.003634055967326688
2025-11-05,-0.00019957291462624482,-0.0001099290958439525,-0.0001099290958439525
2025-11-06,-0.004711492833019193,-0.004748461167287665,-0.004748461167287665
2025-11-07,-0.0013043305617701506,-0.001145406443047392,-0.001145406443047392
2025-11-10,-0.00014056789452432383,-9.048272540113089e-05,-9.048272540113089e-05
2025-11-11,-0.001467101030862672,-0.001468975704095321,-0.001468975704095321
2025-11-12,0.0005227759521488906,0.000583824064094074,0.000583824064094074
2025-11-13,-0.0034130241385819104,-0.003265736886223003,-0.003265736886223003
2025-11-14,0.0014411329999175493,0.0015031604502961926,0.0015031604502961926
2025-11-17,0.0029061748973466806,0.0029091002814869427,0.0029091002814869427
2025-11-18,-0.00038164489410608127,-0.0003920839310893598,-0.0003920839310893598
2025-11-19,0.006787560221926725,0.00703409713919001,0.00703409713919001
2025-11-20,-0.0006986516308264967,-0.0006092658535159501,-0.0006092658535159501
2025-11-21,0.0002196288281650638,0.0002297667877222409,0.0002297667877222409
2025-11-24,-0.0003793891879650957,-0.0004096211062094568,-0.0004096211062094568
2025-11-25,-0.004784650229716192,-0.0048382101880974915,-0.0048382101880974915
2025-11-26,-0.0006925659845524734,-0.0006729914723822006,-0.0006729914723822006
2025-11-27,-0.000592574754572972,0.0,0.0
2025-11-28,-0.0007738888297996738,-0.0011461319306222961,-0.0011461319306222961
2025-12-01,-0.00045255012764933156,-0.00046284651427530576,-0.00046284651427530576
2025-12-02,-0.000573524322586394,-0.0006644585410935377,-0.0006644585410935377
2025-12-03,-0.005075410343160058,-0.005048170161680687,-0.005048170161680687
2025-12-04,0.0013647187007137518,0.001587871827291032,0.001587871827291032
2025-12-05,3.0305938450325698e-05,0.00015157562895051768,0.00015157562895051768
2025-12-08,0.0009592133167481975,0.000939256440593006,0.000939256440593006
2025-12-09,0.0013413547675220627,0.0013820307961394107,0.0013820307961394107
2025-12-10,-0.004383712564389519,-0.0043441871457226,-0.0043441871457226
2025-12-11,-0.004464021373235205,-0.004302129286500644,-0.004302129286500644
2025-12-12,0.0005387684696636086,0.0005082902243236376,0.0005082902243236376
2025-12-15,-0.0009150619830409212,-0.002299529915116949,-0.002299529915116949
2025-12-16,-0.0016594134779337466,-0.003817071208695566,-0.0016594134779337466
2025-12-17,0.0022593819721636876,0.002124661160042507,0.002124661160042507
2025-12-18,0.0005996087478612466,0.000877148304492259,0.000877148304492259
2025-12-19,0.0017459629053382386,0.0016705718461960117,0.0016705718461960117
2025-12-22,-0.003179523718780608,-0.0030376260577291703,-0.0030376260577291703
2025-12-23,-0.0035061291191640365,-0.00348729944809012,-0.00348729944809012
2025-12-24,0.00034708398760052717,0.0006963859898219127,0.0006963859898219127
2025-12-25,0.0,0.0,0.0
2025-12-26,0.000469392553440251,0.00017402074985373162,0.00017402074985373162
2025-12-29,0.00015301516410115568,0.00034795067638615507,0.00034795067638615507
2025-12-30,0.002048147448882709,0.0022791508534716343,0.0022791508534716343
2025-12-31,0.0008547009067321198,0.0009387659999031683,0.0009387659999031683
2026-01-01,0.0,0.0,0.0
2026-01-02,0.0010368699657252733,0.001131469757060799,0.001131469757060799
2026-01-05,-0.0015658843835320013,-0.0017946369658128347,-0.0017946369658128347
2026-01-06,0.0031496089028957286,0.0034131638492338467,0.0034131638492338467
2026-01-07,0.0010544246252299772,0.0010674041239342458,0.0010674041239342458
2026-01-08,0.0025301352444246916,0.0026990021964943267,0.0026990021964943267
2026-01-09,0.002009421730623906,0.002044762781090448,0.002044762781090448
2026-01-12,-0.0027374445741603637,-0.002673202750281156,-0.002673202750281156
2026-01-13,0.002747531981546203,0.0028653169678296564,0.0028653169678296564
2026-01-14,-0.0007972188586053974,-2.0220811260074356e-05,-2.0220811260074356e-05
2026-01-15,0.0026817776285543715,0.002171399991684808,0.002171399991684808
2026-01-16,0.0007246595926888588,0.0007966802053056554,0.0007966802053056554
2026-01-19,0.0,0.0,0.0
2026-01-20,-0.007594691967731215,-0.0077110278860867965,-0.0077110278860867965
2026-01-21,0.0012157933028191792,0.0012588706345697531,0.0012588706345697531
2026-01-22,-0.004078739420756428,-0.003934151328925495,-0.003934151328925495
2026-01-23,-0.007756803096947706,-0.007894508737697592,-0.007894508737697592
2026-01-26,-0.005743982829122807,-0.005631613609297759,-0.005631613609297759
2026-01-27,-0.008517207399706628,-0.00835636355322844,-0.00835636355322844
2026-01-28,0.00237720899022964,0.0023189923300259707,0.0023189923300259707
2026-01-29,-0.00169149467764651,-0.0014240352490411112,-0.0014240352490411112
2026-01-30,0.007326419144900953,0.007482055257063358,0.007482055257063358
2026-02-02,0.006587117840687107,0.006514010612798771,0.006514010612798771
2026-02-03,-0.0019992932239780714,-0.0019610567239212173,-0.0019610567239212173
2026-02-04,0.0018353990992157065,0.0019302844948301257,0.0019302844948301257
2026-02-05,0.0021285312989274274,0.002172243284621622,0.002172243284621622
2026-02-06,-0.001954394683191474,-0.001997879838963712,-0.001997879838963712
2026-02-09,-0.00840328114526745,-0.008424614952723175,-0.008424614952723175
2026-02-10,-0.00017560622930723468,-0.00013446212584256045,-0.00013446212584256045
2026-02-11,0.00036150863108197484,0.00047570788297068844,0.00047570788297068844
2026-02-12,0.0009393112752524857,0.0011986072793446212,0.0011986072793446212
2026-02-13,-0.00010317787875369078,-0.00018589664200252543,-0.00018589664200252543
2026-02-16,0.0,0.0,0.0
2026-02-17,0.0024733356247512717,0.002486087963396777,0.002486087963396777
2026-02-18,0.0056246235179227,0.005763290231963758,0.005763290231963758
2026-02-19,0.0022696147309817505,0.0023941569478989067,0.0023941569478989067
2026-02-20,-0.0013182031430432062,-0.0012884491311258017,-0.0012884491311258017
2026-02-23,-0.0009207067585785822,-0.0009008548492737134,-0.0009008548492737134
2026-02-24,0.0014011835643703563,0.001320294341046413,0.001320294341046413
2026-02-25,-0.0014625941659058839,-0.0014841733577295457,-0.0014841733577295457
2026-02-26,0.0009309892176396772,0.0011772836821588584,0.0011772836821588584
2026-02-27,-0.0018730909933442064,-0.0017920692950470496,-0.0017920692950470496
2026-03-02,0.007888238710116902,0.007881532565156668,0.007881532565156668
2026-03-03,0.00679726877987008,0.0067800992466047205,0.0067800992466047205
2026-03-04,-0.002861174425977886,-0.0027916027353649397,-0.0027916027353649397
2026-03-05,0.00553296445003415,0.005847349761803677,0.005847349761803677
2026-03-06,-0.0033383287938226758,-0.0033284949635792316,-0.0033284949635792316
2026-03-09,0.0019075404071404733,0.001937926420276348,0.001937926420276348
2026-03-10,-0.003525238371800299,-0.0036569391193541634,-0.0036569391193541634
2026-03-11,0.004089737444278541,0.004201304946624518,0.004201304946624518
2026-03-12,0.005106308527066616,0.005317156547476998,0.005317156547476998
2026-03-13,0.006226875557987732,0.006076494341320071,0.006076494341320071
2026-03-16,-0.00649761874969812,-0.005264826319065996,-0.005264826319065996
2026-03-17,-0.0013749017405206843,-0.005071183011596148,-0.0013749017405206843
2026-03-18,0.00511868733226617,0.005451738627381353,0.005451738627381353
2026-03-19,-0.008569273481935369,-0.008193841682339276,-0.008193841682339276
2026-03-20,0.0041733979187990045,0.004039961770557987,0.004039961770557987
2026-03-23,-0.007019268788262423,-0.00740729177015087,-0.00740729177015087
2026-03-24,0.004879435441280222,0.005223104611861373,0.005223104611861373
2026-03-25,0.0016580168896522807,0.0015807414651742846,0.0015807414651742846
2026-03-26,0.0030175612750005243,0.0031038612210956273,0.0031038612210956273
2026-03-27,0.0025093614299356304,0.002744255315302091,0.002744255315302091
2026-03-30,0.003568228643930027,0.0037038003755611726,0.0037038003755611726
2026-03-31,-0.005467165810061125,-0.005936692897906326,-0.005936692897906326
2026-04-01,-0.0031060281869299544,-0.0030218327657562938,-0.0030218327657562938
2026-04-02,0.003776065064024614,0.003983689222731179,0.003983689222731179
2026-04-03,0.0,0.0,0.0
2026-04-06,-0.0004699788596029819,-0.0005108710462256028,-0.0005108710462256028
2026-04-07,-0.0012309911031600507,-0.0012231436312335475,-0.0012231436312335475
2026-04-08,-0.007286793955134208,-0.0076231317718296054,-0.0076231317718296054
2026-04-09,-0.003172488920133887,-0.0034022937525115537,-0.0034022937525115537
2026-04-10,-0.0017116614887520143,-0.0015226265198844402,-0.0015226265198844402
2026-04-13,-0.002883016574411812,-0.002807704716266457,-0.002807704716266457
2026-04-14,-0.0024632309263719065,-0.0026011000481620528,-0.0026011000481620528
2026-04-15,-0.0007034392350373508,-0.0005823487207319289,-0.0005823487207319289
2026-04-16,0.0016304074534367885,0.00177663466446365,0.00177663466446365
2026-04-17,-0.0011919741825847652,-0.0012964278597982215,-0.0012964278597982215
2026-04-20,-1.0193939702141108e-05,9.192819393089025e-05,9.192819393089025e-05
2026-04-21,0.0030230415254104415,0.003201993272561765,0.003201993272561765
2026-04-22,0.0019900099975869168,0.0019427060571848287,0.0019427060571848287
2026-04-23,0.0018240783330858434,0.0019287975362578536,0.0019287975362578536
2026-04-24,-0.002402397469754014,-0.0024166619196384076,-0.0024166619196384076
2026-04-27,-0.0003755792338679953,-0.0004677601492630856,-0.0004677601492630856
2026-04-28,0.0014609206396745122,0.0016057403574185614,0.0016057403574185614
2026-04-29,0.003248974270054994,0.0035579831049989963,0.0035579831049989963
2026-04-30,-0.00918708908727961,-0.009230240478480312,-0.009230240478480312
2026-05-01,0.0010193057372456238,0.0008778914836709006,0.0008778914836709006
2026-05-04,0.0022184917255474446,0.0026188829185462836,0.0026188829185462836
2026-05-05,0.0007113170843275896,0.0004883706830476342,0.0004883706830476342
2026-05-06,-0.0042857135741618535,-0.004434597067865198,-0.004434597067865198
2026-05-07,0.00044877352989391994,0.0007047324606466177,0.0007047324606466177
2026-05-08,-0.001704369005252282,-0.001634922296652519,-0.001634922296652519
2026-05-11,0.0005616400035313163,0.00040898123346266857,0.00040898123346266857
2026-05-12,0.003495491526186001,0.0036325829214822747,0.0036325829214822747
2026-05-13,0.0022964922551809153,0.0024719879527994593,0.0024719879527994593
2026-05-14,0.0029897206360134376,0.0030940775681767008,0.0030940775681767008
2026-05-15,0.004694536215990475,0.004850062049588821,0.004850062049588821
2026-05-18,-0.0009169828884614262,-0.001038762050512787,-0.001038762050512787
2026-05-19,0.0013499901304756534,0.001623221492565996,0.001623221492565996
2026-05-20,-0.0023687258768507746,-0.002541861364558251,-0.002541861364558251
2026-05-21,0.0016637345089733913,0.0020581951654108366,0.0020581951654108366
2026-05-22,-0.00018136385669542676,-0.00032257414444725185,-0.00032257414444725185
2026-05-25,0.0,0.0,0.0
2026-05-26,-0.0007056167382808454,-0.0008573431965439582,-0.0008573431965439582
2026-05-27,0.00037303088019235986,0.00048423708386380326,0.00048423708386380326
2026-05-28,-0.0018766463994426275,-0.0018170994006379004,-0.0018170994006379004
2026-05-29,-0.0007880300667446605,-0.0011828876978920988,-0.0011828876978920988
2026-06-01,0.002614275018646417,0.0029798152342452866,0.0029798152342452866
2026-06-02,0.0001814333237515342,0.00037311363759862104,0.00037311363759862104
2026-06-03,0.00311953077662519,0.0032311831987126283,0.0032311831987126283
2026-06-04,-0.0011661691663515938,-0.0012368834130063178,-0.0012368834130063178
2026-06-05,0.006577058228334209,0.006709045237021094,0.006709045237021094
2026-06-08,-0.0002398632790816535,-0.0002698987895923821,-0.0002698987895923821
2026-06-09,-0.0013603130817267939,-0.0013505877108643816,-0.0013505877108643816
2026-06-10,0.0003802738017162355,0.0004503986103774338,0.0004503986103774338
2026-06-11,-0.0008908686558015688,-0.0008509233030720154,-0.0008509233030720154
2026-06-12,-0.001112196702909074,-0.0010421155887661016,-0.0010421155887661016
2026-06-15,-0.0011636189859336454,-0.0027206257149909874,-0.0011636189859336454
2026-06-16,-0.0009137877133928995,-0.001962235161919068,-0.001962235161919068
2026-06-17,0.005500216742515995,0.00589521906178625,0.00589521906178625
2026-06-18,0.0075645584617243244,0.007501880716314524,0.007501880716314524
2026-06-19,0.0,0.0,0.0
2026-06-22,0.001694168405257379,0.0017476619545675476,0.0017476619545675476
2026-06-23,0.003833466468604385,0.0037530927812312598,0.0037530927812312598
2026-06-24,0.0019801303898221434,0.002152406984098576,0.002152406984098576
2026-06-25,-0.001753349542958027,-0.0019547453209227683,-0.0019547453209227683
2026-06-26,-0.0007298262548536272,-0.0006524318143652508,-0.0006524318143652508
2026-06-29,-0.0024893573128279556,-0.002475199774636394,-0.002475199774636394
2026-06-30,0.0008107093161484613,0.0007927307013639862,0.0007927307013639862
