,basis,roll_yield,is_roll
2007-01-01,-0.21999999999999886,0.013367826654414144,False
2007-01-02,-0.29999999999999716,0.018588086309831817,False
2007-01-03,-0.23999999999999488,0.014954930346899434,False
2007-01-04,-0.25,0.015726766180472616,False
2007-01-05,-0.23999999999999488,0.015263451352104496,False
2007-01-08,-0.19999999999998863,0.013311330130103818,False
2007-01-09,-0.23000000000000398,0.015519625532418632,False
2007-01-10,-0.21999999999999886,0.015021840596383831,False
2007-01-11,-0.18999999999999773,0.013145474052141976,False
2007-01-12,-0.20000000000000284,0.014108952033428756,False
2007-01-15,-0.20000000000000284,0.01485273412385167,False
2007-01-16,-0.21000000000000796,0.01584840120336257,False
2007-01-17,-0.1799999999999926,0.01384160318209341,False
2007-01-18,-0.1799999999999926,0.014098258639742779,False
2007-01-19,-0.1799999999999926,0.014367816091953433,False
2007-01-22,-0.20000000000000284,0.01687143504266417,False
2007-01-23,-0.18999999999999773,0.016418087121211924,False
2007-01-24,-0.19000000000001194,0.016701747963760543,False
2007-01-25,-0.1599999999999966,0.014322150284480762,False
2007-01-26,-0.12000000000000455,0.010949534644778013,False
2007-01-29,-0.15000000000000568,0.014649378170687883,False
2007-01-30,-0.12999999999999545,0.013003633892210521,False
2007-01-31,-0.1699999999999875,0.017498293881094914,False
2007-02-01,-0.18000000000000682,0.01897275662313882,False
2007-02-02,-0.1699999999999875,0.018295199905647902,False
2007-02-05,-0.1599999999999966,0.018586650711002645,False
2007-02-06,-0.12999999999999545,0.015572490023103847,False
2007-02-07,-0.09999999999999432,0.012325459672108303,False
2007-02-08,-0.14999999999999147,0.01904771844862748,False
2007-02-09,-0.12999999999999545,0.01696612139089956,False
2007-02-12,-0.12000000000000455,0.017176470588235942,False
2007-02-13,-0.09999999999999432,0.014879071872030981,False
2007-02-14,-0.12000000000000455,0.018609156724789123,False
2007-02-15,-0.14000000000000057,0.02255503030142534,False
2007-02-16,-0.07000000000000739,0.011700110819054785,False
2007-02-19,0.030000000000001137,-0.00566433023821246,False
2007-02-20,-0.10000000000000853,0.01973228959432743,False
2007-02-21,-0.10999999999999943,0.022731004183863417,False
2007-02-22,-0.12000000000000455,0.026003324625980564,False
2007-02-23,-0.060000000000002274,0.013723438253927992,False
2007-02-26,-0.09000000000000341,0.024488609255726115,False
2007-02-27,-0.0799999999999983,0.02334692572159541,False
2007-02-28,-0.06999999999999318,0.021856287425147572,False
2007-03-01,-0.1799999999999926,0.06045993723945383,False
2007-03-02,-0.09999999999999432,0.036366172485252195,False
2007-03-05,-0.060000000000002274,0.02893036896128196,False
2007-03-06,-0.030000000000001137,0.01629270324961376,False
2007-03-07,-0.04999999999999716,0.031137499786727686,False
2007-03-08,-0.06999999999999318,0.050658259973030195,False
2007-03-09,-0.04000000000000625,0.034675216720109925,False
2007-03-12,-0.030000000000001137,0.06529516994633522,False
2007-03-13,0.010000000000005116,-0.043597706641207205,False
2007-03-14,-0.060000000000002274,,False
2007-03-15,0.009999999999990905,-0.0004847663824470317,False
2007-03-16,0.04000000000000625,-0.001970983345191041,False
2007-03-19,-0.0519999999999925,0.002649495479106015,False
2007-03-20,-0.2599999999999909,0.013482316003323934,True
2007-03-21,-0.28000000000000114,0.014749262536873217,False
2007-03-22,-0.28000000000000114,0.01486928270987591,False
2007-03-23,-0.28000000000000114,0.01501616220981493,False
2007-03-26,-0.28000000000000114,0.015624044517825538,False
2007-03-27,-0.29000000000000625,0.016405358825571946,False
2007-03-28,-0.269999999999996,0.015464839655269588,False
2007-03-29,-0.28000000000000114,0.016238821906838168,False
2007-03-30,-0.27000000000001023,0.015896443261553955,False
2007-04-02,-0.25,0.015339640657360338,False
2007-04-03,-0.2400000000000091,0.01488123045352135,False
2007-04-04,-0.25,0.015760747534414567,False
2007-04-05,-0.22700000000000387,0.01456394301333288,False
2007-04-06,-0.23199999999999932,0.015047053137349626,False
2007-04-09,-0.21299999999999386,0.014430559486962521,False
2007-04-10,-0.22399999999998954,0.015488603297768433,False
2007-04-11,-0.23100000000000875,0.016234028788614557,False
2007-04-12,-0.20900000000000318,0.01497569651663182,False
2007-04-13,-0.20400000000000773,0.014899673331766424,False
2007-04-16,-0.20299999999998875,0.015604006351532052,False
2007-04-17,-0.20100000000000762,0.015767551919122182,False
2007-04-18,-0.22299999999999898,0.01782976132062238,False
2007-04-19,-0.1740000000000066,0.014173650088711383,False
2007-04-20,-0.19299999999999784,0.016016415433235388,False
2007-04-23,-0.1880000000000024,0.016498960099061294,False
2007-04-24,-0.18600000000000705,0.016688790560472608,False
2007-04-25,-0.17799999999999727,0.01631899529042361,False
2007-04-26,-0.18000000000000682,0.016780066200809757,False
2007-04-27,-0.17900000000000205,0.017087970288613884,False
2007-04-30,-0.14700000000000557,0.014999161355250484,False
2007-05-01,-0.16499999999999204,0.017199820647780546,False
2007-05-02,-0.1769999999999925,0.01885297567979189,False
2007-05-03,-0.1290000000000049,0.014035866953634627,False
2007-05-04,-0.12099999999999511,0.013527628032344467,False
2007-05-07,-0.13599999999999568,0.016453539632347056,False
2007-05-08,-0.12899999999999068,0.015987246872834277,False
2007-05-09,-0.12600000000000477,0.01604591525216815,False
2007-05-10,-0.11199999999999477,0.014630724521494453,False
2007-05-11,-0.09600000000000364,0.012945844694199245,False
2007-05-14,-0.09600000000000364,0.014249115530072515,False
2007-05-15,-0.09499999999999886,0.014642293107670824,False
2007-05-16,-0.11299999999999955,0.017952903281970856,False
2007-05-17,-0.08799999999999386,0.014467099959011877,False
2007-05-18,-0.0870000000000033,0.014874511677581293,False
2007-05-21,-0.1039999999999992,0.02006363703633215,False
2007-05-22,-0.0759999999999934,0.015319026739265962,False
2007-05-23,-0.09000000000000341,0.01902561073079267,False
2007-05-24,-0.0660000000000025,0.014628370172456225,False
2007-05-25,-0.06100000000000705,0.014243856876908876,False
2007-05-28,-0.06199999999999761,0.017191868238725486,False
2007-05-29,-0.07000000000000739,0.02071173800259622,False
2007-05-30,-0.08300000000001262,0.026277213982136012,False
2007-05-31,-0.05100000000000193,0.017409399111527432,False
2007-06-01,-0.031999999999996476,0.01182808765747024,False
2007-06-04,-0.058000000000006935,0.028685636856371995,False
2007-06-05,-0.030000000000001137,0.01672062057170843,False
2007-06-06,-0.05700000000000216,0.03631650607457197,False
2007-06-07,-0.003999999999990678,0.0029570219143609943,False
2007-06-08,-0.0010000000000047748,0.00088281533438564,False
2007-06-11,-0.0020000000000095497,0.00441300930965715,False
2007-06-12,-0.0010000000000047748,0.004403426227551488,False
2007-06-13,-0.024999999999991473,,False
2007-06-14,0.02200000000000557,-0.0010730273267858666,False
2007-06-15,0.009000000000000341,-0.0004454515129079406,False
2007-06-18,0.06900000000000261,-0.0035375052813262638,False
2007-06-19,-0.23399999999999466,0.012207794064047402,True
2007-06-20,-0.24800000000000466,0.013098566277124928,False
2007-06-21,-0.24099999999999966,0.01284785158332443,False
2007-06-22,-0.2259999999999991,0.01225156022111915,False
2007-06-25,-0.2150000000000034,0.012097849596635762,False
2007-06-26,-0.24500000000000455,0.013972874576165514,False
2007-06-27,-0.2560000000000002,0.014788039160449606,False
2007-06-28,-0.2330000000000041,0.013629880120520787,False
2007-06-29,-0.23000000000000398,0.01370220753254196,False
2007-07-02,-0.22499999999999432,0.01405229764691353,False
2007-07-03,-0.28600000000000136,0.01810691736626665,False
2007-07-04,-0.20300000000000296,0.01303089991382513,False
2007-07-05,-0.22799999999999443,0.014833193414361207,False
2007-07-06,-0.2049999999999983,0.0135413198013637,False
2007-07-09,-0.2230000000000132,0.015419662224243852,False
2007-07-10,-0.20999999999999375,0.014850046497209723,False
2007-07-11,-0.2049999999999983,0.014749436978558246,False
2007-07-12,-0.18500000000000227,0.013537761382545926,False
2007-07-13,-0.18599999999999284,0.013844393825999357,False
2007-07-16,-0.18200000000000216,0.014256221403861345,False
2007-07-17,-0.1700000000000017,0.013544811387682978,False
2007-07-18,-0.1740000000000066,0.014132176234980509,False
2007-07-19,-0.1490000000000009,0.012318651822825313,False
2007-07-20,-0.13799999999999102,0.011637901157551055,False
2007-07-23,-0.13400000000000034,0.011954869207718023,False
2007-07-24,-0.14699999999999136,0.013425497310145588,False
2007-07-25,-0.132000000000005,0.012211441953831175,False
2007-07-26,-0.1530000000000058,0.014488636363636915,False
2007-07-27,-0.13599999999999568,0.013069795975323893,False
2007-07-30,-0.1290000000000049,0.01325710649608123,False
2007-07-31,-0.10999999999999943,0.011576009549126623,False
2007-08-01,-0.12199999999999989,0.013129883532360298,False
2007-08-02,-0.10799999999998988,0.011928086528553516,False
2007-08-03,-0.11700000000000443,0.013335311016737952,False
2007-08-06,-0.11499999999999488,0.014155970295225967,False
2007-08-07,-0.10899999999999466,0.013750639403867546,False
2007-08-08,-0.11800000000000921,0.015339001914260202,False
2007-08-09,-0.08400000000000318,0.011179825265092824,False
2007-08-10,-0.08400000000000318,0.011527897625050493,False
2007-08-13,-0.07800000000000296,0.011720390268000938,False
2007-08-14,-0.0589999999999975,0.0091193197457512,False
2007-08-15,-0.06199999999999761,0.009885204081632272,False
2007-08-16,-0.009000000000000341,0.0014888236253875586,False
2007-08-17,-0.0660000000000025,0.011388132516451533,False
2007-08-20,-0.020000000000010232,0.003900114332120773,False
2007-08-21,-0.02200000000000557,0.00448017675217985,False
2007-08-22,-0.028999999999996362,0.006205954432991329,False
2007-08-23,-0.03499999999999659,0.007875107878189345,False
2007-08-24,-0.05700000000000216,0.013583922590249863,False
2007-08-27,-0.029000000000010573,0.008196784785035823,False
2007-08-28,-0.036000000000001364,0.010852329038652542,False
2007-08-29,-0.060000000000002274,0.01939838435374223,False
2007-08-30,-0.033999999999991815,0.01182039852173297,False
2007-08-31,-0.04599999999999227,0.017328214337314154,False
2007-09-03,-0.04899999999999238,0.024604992536642275,False
2007-09-04,-0.030000000000001137,0.016929499072356857,False
2007-09-05,-0.05200000000000671,0.03365307895530498,False
2007-09-06,-0.02199999999999136,0.01663559146467132,False
2007-09-07,-0.049000000000006594,0.044762858215498455,False
2007-09-10,-0.006000000000000227,0.013720085202356114,False
2007-09-11,-0.053999999999987836,0.24745762711858832,False
2007-09-12,-0.024999999999991473,,False
2007-09-13,-0.03300000000000125,0.0016838617681597685,False
2007-09-14,0.022999999999996135,-0.0011844028465169932,False
2007-09-17,-0.06799999999999784,0.0036233195797064927,True
2007-09-18,-0.1490000000000009,0.008092885522536916,False
2007-09-19,-0.10999999999999943,0.0060358150079074125,False
2007-09-20,-0.10199999999998965,0.005715522641022226,False
2007-09-21,-0.11699999999999022,0.006635992392033457,False
2007-09-24,-0.10699999999999932,0.006304094473445445,False
2007-09-25,-0.11800000000000921,0.007061570268937021,False
2007-09-26,-0.09299999999998931,0.005623012191889097,False
2007-09-27,-0.09299999999998931,0.00570828470626946,False
2007-09-28,-0.08399999999998897,0.005265666258774344,False
2007-10-01,-0.09399999999999409,0.006124248525610433,False
2007-10-02,-0.10299999999999443,0.00677118979863801,False
2007-10-03,-0.11299999999999955,0.007509741087360227,False
2007-10-04,-0.10099999999999909,0.0068164756611231924,False
2007-10-05,-0.0730000000000075,0.005008477475479746,False
2007-10-08,-0.12199999999999989,0.00872153944082651,False
2007-10-09,-0.11599999999999966,0.008437221017727306,False
2007-10-10,-0.11499999999999488,0.008513542566698333,False
2007-10-11,-0.07800000000000296,0.005887096774193771,False
2007-10-12,-0.1039999999999992,0.007965886865939688,False
2007-10-15,-0.06299999999998818,0.0050812626368638885,False
2007-10-16,-0.06100000000000705,0.004995703224040983,False
2007-10-17,-0.0799999999999983,0.006681555246393648,False
2007-10-18,-0.0799999999999983,0.006849556069011477,False
2007-10-19,-0.03699999999999193,0.003232423324189454,False
2007-10-22,-0.03499999999999659,0.0032103838010689775,False
2007-10-23,-0.06399999999999295,0.006026443082875827,False
2007-10-24,-0.016000000000005343,0.001537258783302303,False
2007-10-25,-0.04800000000000182,0.0047261426906644284,False
2007-10-26,-0.046999999999997044,0.004741491296440335,False
2007-10-29,-0.046999999999997044,0.005077306467461116,False
2007-10-30,-0.042999999999992156,0.004756939919196317,False
2007-10-31,-0.019000000000005457,0.0021595480986018184,False
2007-11-01,-0.033999999999991815,0.003953538751687505,False
2007-11-02,-0.03700000000000614,0.004424967234600997,False
2007-11-05,-0.03499999999999659,0.004519835976832525,False
2007-11-06,-0.07000000000000739,0.00934213797844277,False
2007-11-07,-0.0020000000000095497,0.00027658324966506364,False
2007-11-08,-0.0010000000000047748,0.00014227412520970536,False
2007-11-09,-0.010000000000005116,0.0014671184587626634,False
2007-11-12,0.01300000000000523,-0.0020834705482016764,False
2007-11-13,0.019000000000005457,-0.00315069737858434,False
2007-11-14,0.07600000000000762,-0.013054609114697392,False
2007-11-15,0.000999999999990564,-0.00017771156196123253,False
2007-11-16,0.01300000000000523,-0.002406381856541052,False
2007-11-19,0.01999999999999602,-0.004187220373981042,False
2007-11-20,0.0049999999999954525,-0.0011029722836653371,False
2007-11-21,0.017000000000010118,-0.003934960586980507,False
2007-11-22,0.0040000000000048885,-0.0009726200786102086,False
2007-11-23,0.016999999999995907,-0.0043503256609610024,False
2007-11-26,0.12100000000000932,-0.03681398372899723,False
2007-11-27,0.2389999999999901,-0.07719740713700705,False
2007-11-28,0.07400000000001228,-0.025672464594624543,False
2007-11-29,0.03200000000001069,-0.011881268691640287,False
2007-11-30,0.022999999999996135,-0.009184499584261728,False
2007-12-03,-0.0049999999999954525,0.0026705884074488787,False
2007-12-04,0.0309999999999917,-0.01867778144601679,False
2007-12-05,0.05200000000000671,-0.035459734145411904,False
2007-12-06,0.03700000000000614,-0.02945345895490326,False
2007-12-07,0.05200000000000671,-0.049724914854604264,False
2007-12-10,0.0379999999999967,-0.09113009198422337,False
2007-12-11,0.038000000000010914,-0.18187778651985292,False
2007-12-12,0.015999999999991132,,False
2007-12-13,0.022999999999996135,-0.001217964063168533,False
2007-12-14,-0.036000000000001364,0.001907499346746871,False
2007-12-17,0.06400000000000716,-0.0035064597815371405,True
2007-12-18,0.022999999999996135,-0.0012754530365123825,False
2007-12-19,0.03300000000000125,-0.001847369970920672,False
2007-12-20,0.055999999999997385,-0.003163327684533749,False
2007-12-21,0.018999999999991246,-0.001087897745454957,False
2007-12-24,-0.012000000000000455,0.0007148406133920274,False
2007-12-25,-0.03699999999999193,0.0022323494796414114,False
2007-12-26,0.030000000000001137,-0.001842547191083151,False
2007-12-27,-0.007000000000005002,0.0004388827813662611,False
2007-12-28,0.016999999999995907,-0.0010852408123999922,False
2007-12-31,0.005000000000009663,-0.00033047225843899883,False
2008-01-01,0.05200000000000671,-0.0034853186918123377,False
2008-01-02,0.038000000000010914,-0.0026067998571624004,False
2008-01-03,0.06100000000000705,-0.004248599860702135,False
2008-01-04,0.026999999999986812,-0.0019114543733601227,False
2008-01-07,0.02599999999999625,-0.0019160104986873873,False
2008-01-08,0.009000000000000341,-0.0006743053730951385,False
2008-01-09,0.04099999999999682,-0.003106718317285693,False
2008-01-10,0.0660000000000025,-0.005112478777589327,False
2008-01-11,0.06200000000001182,-0.0048787954570942635,False
2008-01-14,-0.03300000000000125,0.0027477165095674957,False
2008-01-15,0.08599999999999852,-0.007278638043694891,False
2008-01-16,0.10200000000000387,-0.008706409488887557,False
2008-01-17,0.12599999999999056,-0.010959132610507938,False
2008-01-18,0.11700000000000443,-0.010337690631808671,False
2008-01-21,0.11400000000000432,-0.010598627603808877,False
2008-01-22,0.19400000000000261,-0.018502743663444197,False
2008-01-23,0.1740000000000066,-0.01692618281396854,False
2008-01-24,0.17800000000001148,-0.01784027503185388,False
2008-01-25,0.1419999999999959,-0.01448815552055149,False
2008-01-28,0.12100000000000932,-0.013259577278732856,False
2008-01-29,0.12000000000000455,-0.013462031998451454,False
2008-01-30,0.10800000000000409,-0.012490969238374554,False
2008-01-31,0.10699999999999932,-0.0126527326241582,False
2008-02-01,0.12000000000000455,-0.014490835704361034,False
2008-02-04,0.09999999999999432,-0.013071240048846302,False
2008-02-05,0.16899999999999693,-0.022461456671982582,False
2008-02-06,0.15899999999999181,-0.02173188541471523,False
2008-02-07,0.18200000000000216,-0.02533484866975866,False
2008-02-08,0.14999999999999147,-0.02159712196160915,False
2008-02-11,0.15099999999999625,-0.023941704133271926,False
2008-02-12,0.05500000000000682,-0.009064310322252595,False
2008-02-13,0.13100000000000023,-0.022313845177428127,False
2008-02-14,0.08499999999999375,-0.015071800551862403,False
2008-02-15,0.10899999999999466,-0.020078628889807545,False
2008-02-18,0.12299999999999045,-0.025555859148192972,False
2008-02-19,0.07699999999999818,-0.0167926388432464,False
2008-02-20,0.1039999999999992,-0.023715810123576934,False
2008-02-21,0.049000000000006594,-0.01182088565763543,False
2008-02-22,0.05500000000000682,-0.01398053519508504,False
2008-02-25,0.055999999999997385,-0.016901501620691147,False
2008-02-26,0.027000000000001023,-0.008784596871239801,False
2008-02-27,0.05200000000000671,-0.01825509036173784,False
2008-02-28,0.054000000000002046,-0.020551051794698794,False
2008-02-29,0.02599999999999625,-0.010724618027301592,False
2008-03-03,0.03100000000000591,-0.017050548887535932,False
2008-03-04,0.0309999999999917,-0.019192278987714518,False
2008-03-05,0.01099999999999568,-0.007804754777128907,False
2008-03-06,0.03900000000000148,-0.03248220153340758,False
2008-03-07,0.018000000000000682,-0.01798891094530837,False
2008-03-10,0.027000000000001023,-0.06748151191454652,False
2008-03-11,0.01300000000000523,-0.06474280256517818,False
2008-03-12,0.02600000000001046,,False
2008-03-13,0.007999999999995566,-0.00045011715377950144,False
2008-03-14,0.018000000000000682,-0.0010299298879540134,False
2008-03-17,-0.15500000000000114,0.00922597381927111,False
2008-03-18,0.4690000000000083,-0.027955874187543358,True
2008-03-19,0.4759999999999991,-0.0284815936840172,False
2008-03-20,0.4830000000000041,-0.029004999925963827,False
2008-03-21,0.5210000000000008,-0.03166851516937951,False
2008-03-24,0.48100000000000875,-0.03026476606498623,False
2008-03-25,0.4140000000000015,-0.026651639734594845,False
2008-03-26,0.3739999999999952,-0.02466412274425599,False
2008-03-27,0.38000000000000966,-0.025333148250972326,False
2008-03-28,0.4270000000000067,-0.02882000785890991,False
2008-03-31,0.36299999999999955,-0.025500011547610765,False
2008-04-01,0.402000000000001,-0.02832343888590234,False
2008-04-02,0.28600000000000136,-0.02055669879779063,False
2008-04-03,0.2680000000000007,-0.019558269427057923,False
2008-04-04,0.33899999999999864,-0.025146936884206314,False
2008-04-07,0.2980000000000018,-0.023081167108753457,False
2008-04-08,0.2980000000000018,-0.0234321142975322,False
2008-04-09,0.28700000000000614,-0.02305570961977001,False
2008-04-10,0.30299999999999727,-0.024631183686559362,False
2008-04-11,0.2569999999999908,-0.02133888691106427,False
2008-04-14,0.25499999999999545,-0.02224790488437982,False
2008-04-15,0.2670000000000101,-0.023651083719813636,False
2008-04-16,0.23699999999999477,-0.02156092041115373,False
2008-04-17,0.24499999999999034,-0.022605618226055293,False
2008-04-18,0.242999999999995,-0.02273199086568357,False
2008-04-21,0.23299999999998988,-0.02319906816371412,False
2008-04-22,0.21100000000001273,-0.021530612244899255,False
2008-04-23,0.23099999999999454,-0.023882224645582862,False
2008-04-24,0.2400000000000091,-0.02507729302645234,False
2008-04-25,0.23999999999999488,-0.025521426636094795,False
2008-04-28,0.29599999999999227,-0.03372877122877035,False
2008-04-29,0.21000000000000796,-0.024383532446959188,False
2008-04-30,0.21099999999999852,-0.025215765624181288,False
2008-05-01,0.2049999999999983,-0.024836690255851727,False
2008-05-02,0.18999999999999773,-0.02352761568733857,False
2008-05-05,0.18500000000000227,-0.024872231686542044,False
2008-05-06,0.17600000000000193,-0.02438598489162233,False
2008-05-07,0.17600000000000193,-0.02490743074268682,False
2008-05-08,0.1880000000000024,-0.027397479048634665,False
2008-05-09,0.17499999999999716,-0.02643367785054325,False
2008-05-12,0.17300000000000182,-0.028786013858497748,False
2008-05-13,0.16200000000000614,-0.027765582041825516,False
2008-05-14,0.16599999999999682,-0.029415191618684562,False
2008-05-15,0.14000000000000057,-0.02575306290097429,False
2008-05-16,0.11599999999999966,-0.02231992240215918,False
2008-05-19,0.12999999999999545,-0.028193282928060098,False
2008-05-20,0.11499999999999488,-0.026309356666498352,False
2008-05-21,0.1419999999999959,-0.03424105491253006,False
2008-05-22,0.5010000000000048,-0.12628798342541556,False
2008-05-23,0.08199999999999363,-0.021887774876957266,False
2008-05-26,0.13000000000000966,-0.04112070160843345,False
2008-05-27,0.08200000000000784,-0.027552241553901187,False
2008-05-28,0.07800000000000296,-0.028000983525941558,False
2008-05-29,0.08200000000000784,-0.031493163153107344,False
2008-05-30,0.07099999999999795,-0.029603609778386168,False
2008-06-02,0.06099999999999284,-0.033893531838451826,False
2008-06-03,0.060000000000002274,-0.03734652114597686,False
2008-06-04,0.08099999999998886,-0.05745964803171006,False
2008-06-05,0.03700000000000614,-0.030801687763718187,False
2008-06-06,0.04000000000000625,-0.040314786690604114,False
2008-06-09,0.021000000000000796,-0.05259005145797798,False
2008-06-10,0.04399999999999693,-0.217792243015987,False
2008-06-11,0.02599999999999625,,False
2008-06-12,0.021000000000000796,-0.0011527702580762032,False
2008-06-13,0.02400000000000091,-0.001327045520994183,False
2008-06-16,0.07500000000000284,-0.004319928798105234,False
2008-06-17,0.41100000000000136,-0.023873958105393066,True
2008-06-18,0.4000000000000057,-0.02353866790486542,False
2008-06-19,0.38700000000000045,-0.023038682413422495,False
2008-06-20,0.3499999999999943,-0.02123094616064687,False
2008-06-23,0.3810000000000002,-0.02384767941063745,False
2008-06-24,0.35899999999999466,-0.02282521599777001,False
2008-06-25,0.3569999999999993,-0.023090090425333935,False
2008-06-26,0.3030000000000115,-0.01999172095646528,False
2008-06-27,0.3100000000000023,-0.020760515572680303,False
2008-06-30,0.3370000000000033,-0.023467071123321356,False
2008-07-01,0.30100000000000193,-0.021293441120093477,False
2008-07-02,0.3059999999999974,-0.02205808292764796,False
2008-07-03,0.3329999999999984,-0.024105668684644904,False
2008-07-04,0.25900000000000034,-0.0190467267877147,False
2008-07-07,0.29999999999999716,-0.023086410642940505,False
2008-07-08,0.30299999999999727,-0.023570168110209157,False
2008-07-09,0.29000000000000625,-0.023056933308065956,False
2008-07-10,0.27200000000000557,-0.02200632615379204,False
2008-07-11,0.24899999999999523,-0.020594623440277238,False
2008-07-14,0.25499999999999545,-0.022235574051687905,False
2008-07-15,0.25799999999999557,-0.022904550993454408,False
2008-07-16,0.2710000000000008,-0.02441887448281318,False
2008-07-17,0.2530000000000001,-0.023160217946065254,False
2008-07-18,0.2360000000000042,-0.02202533911198086,False
2008-07-21,0.23000000000000398,-0.02279255651305148,False
2008-07-22,0.2289999999999992,-0.023002407980736075,False
2008-07-23,0.2289999999999992,-0.02335454992511783,False
2008-07-24,0.19199999999999307,-0.019965811965811247,False
2008-07-25,0.2150000000000034,-0.022848865563651812,False
2008-07-28,0.21099999999999852,-0.024023344895565426,False
2008-07-29,0.19599999999999795,-0.022634119178729897,False
2008-07-30,0.1880000000000024,-0.02222567710256488,False
2008-07-31,0.19299999999999784,-0.02340194404395666,False
2008-08-01,0.17599999999998772,-0.021820652173911523,False
2008-08-04,0.15800000000000125,-0.02117153828645288,False
2008-08-05,0.1740000000000066,-0.023822384263948868,False
2008-08-06,0.16599999999999682,-0.02326492214948023,False
2008-08-07,0.17799999999999727,-0.02557219609155098,False
2008-08-08,0.16500000000000625,-0.024009998684384543,False
2008-08-11,0.18999999999999773,-0.030291117954093418,False
2008-08-12,0.16799999999999216,-0.02770548687920062,False
2008-08-13,0.1770000000000067,-0.030206472849008525,False
2008-08-14,0.16599999999999682,-0.029206404295881193,False
2008-08-15,0.1699999999999875,-0.03085376162299013,False
2008-08-18,0.1529999999999916,-0.03142284817213325,False
2008-08-19,0.1460000000000008,-0.03146421676005378,False
2008-08-20,0.13700000000000045,-0.03088644498593273,False
2008-08-21,0.13400000000000034,-0.03203851696580645,False
2008-08-22,0.0899999999999892,-0.02248452264023467,False
2008-08-25,0.11199999999999477,-0.033222807359727984,False
2008-08-26,0.09399999999999409,-0.02957312474411002,False
2008-08-27,0.14399999999999125,-0.04863379382454157,False
2008-08-28,0.1039999999999992,-0.037796906349103335,False
2008-08-29,0.11899999999999977,-0.046704301075268725,False
2008-09-01,0.0759999999999934,-0.03965803168067363,False
2008-09-02,0.07899999999999352,-0.04612714358842723,False
2008-09-03,0.07800000000000296,-0.052032787784085086,False
2008-09-04,0.07500000000000284,-0.05798436804982109,False
2008-09-05,0.06799999999999784,-0.06283544303797269,False
2008-09-08,0.0660000000000025,-0.1512146130186486,False
2008-09-09,0.043000000000006366,-0.19794425526551046,False
2008-09-10,0.030000000000001137,,False
2008-09-11,0.0040000000000048885,-0.00020239828100114844,False
2008-09-12,0.009000000000000341,-0.00046736451230835026,False
2008-09-15,-0.11899999999999977,0.006410180727692382,False
2008-09-16,0.4620000000000033,-0.024945081767146868,True
2008-09-17,-0.0049999999999954525,0.0002782198806014946,False
2008-09-18,0.04599999999999227,-0.002591291316549952,False
2008-09-19,0.2599999999999909,-0.01484882054363217,False
2008-09-22,0.22400000000000375,-0.013550726138929974,False
2008-09-23,0.18200000000000216,-0.011111111111111243,False
2008-09-24,0.09199999999999875,-0.005672527264618759,False
2008-09-25,0.11599999999999966,-0.007224812127582584,False
2008-09-26,0.09199999999999875,-0.005811322387349305,False
2008-09-29,0.0589999999999975,-0.0038578256445531995,False
2008-09-30,-0.08799999999999386,0.005700533848250397,False
2008-10-01,0.07200000000000273,-0.004720293850865477,False
2008-10-02,0.20100000000000762,-0.013185278640442184,False
2008-10-03,0.2669999999999959,-0.01778557662826831,False
2008-10-06,0.2750000000000057,-0.01884357253484809,False
2008-10-07,0.2469999999999999,-0.017343903902979557,False
2008-10-08,0.132000000000005,-0.009436262628933725,False
2008-10-09,0.20199999999999818,-0.014615541675008739,False
2008-10-10,0.3130000000000024,-0.022480720831341144,False
2008-10-13,0.33899999999999864,-0.02594857470006092,False
2008-10-14,0.277000000000001,-0.021726750732785006,False
2008-10-15,0.2950000000000017,-0.0233501470294841,False
2008-10-16,0.32500000000000284,-0.026054822201234604,False
2008-10-17,0.42199999999999704,-0.03443480904698965,False
2008-10-20,0.375,-0.03215122526998221,False
2008-10-21,0.42500000000001137,-0.036752946751170794,False
2008-10-22,0.4200000000000017,-0.03646778678833711,False
2008-10-23,0.4300000000000068,-0.038113902164200006,False
2008-10-24,0.5100000000000051,-0.04555075673228729,False
2008-10-27,0.6760000000000019,-0.06400784468356681,False
2008-10-28,0.5719999999999885,-0.05542635658914618,False
2008-10-29,0.5640000000000072,-0.057236276889456796,False
2008-10-30,0.6989999999999981,-0.07299049766053327,False
2008-10-31,0.7120000000000033,-0.07524465805779178,False
2008-11-03,0.6310000000000002,-0.07156095567890708,False
2008-11-04,0.5859999999999985,-0.06959574661929102,False
2008-11-05,0.5240000000000009,-0.0641909013106007,False
2008-11-06,0.5669999999999931,-0.07040147773196631,False
2008-11-07,0.5430000000000064,-0.06947263263052818,False
2008-11-10,0.47799999999999443,-0.06731874831191803,False
2008-11-11,0.6149999999999949,-0.08827137919237367,False
2008-11-12,0.5799999999999983,-0.08586841891782242,False
2008-11-13,0.46699999999999875,-0.07222868426460878,False
2008-11-14,0.4200000000000017,-0.0679397804477026,False
2008-11-17,0.3329999999999984,-0.06064454002055634,False
2008-11-18,0.3780000000000001,-0.0714685314685315,False
2008-11-19,0.2530000000000001,-0.05021847715846462,False
2008-11-20,0.3260000000000076,-0.06738207146497695,False
2008-11-21,0.22400000000000375,-0.048669998243928224,False
2008-11-24,0.19899999999999807,-0.05261575683820069,False
2008-11-25,0.060000000000002274,-0.017164354573243067,False
2008-11-26,0.06799999999999784,-0.02067833606878272,False
2008-11-27,0.16800000000000637,-0.05501747334138049,False
2008-11-28,0.1880000000000024,-0.06595159833150806,False
2008-12-01,0.17600000000000193,-0.08213783403656912,False
2008-12-02,0.117999999999995,-0.062010481455883115,False
2008-12-03,0.13500000000000512,-0.08075816800649321,False
2008-12-04,0.10099999999999909,-0.07099389527606,False
2008-12-05,0.06900000000000261,-0.057770386512216894,False
2008-12-08,0.03999999999999204,-0.08528037383175874,False
2008-12-09,0.0379999999999967,-0.16151382823870505,False
2008-12-10,0.0660000000000025,,False
2008-12-11,0.055999999999997385,-0.0027072489106103287,False
2008-12-12,-0.014000000000010004,0.0006865446650379011,False
2008-12-15,-0.006999999999990791,0.0003611502416097433,False
2008-12-16,0.9119999999999919,-0.047996020517404404,True
2008-12-17,1.1670000000000016,-0.0633267918469293,False
2008-12-18,1.1479999999999961,-0.06262399968913654,False
2008-12-19,1.1370000000000005,-0.061394269246871545,False
2008-12-22,0.9869999999999948,-0.05555786882818832,False
2008-12-23,0.9440000000000026,-0.05374990445258757,False
2008-12-24,0.7609999999999957,-0.04400533897331677,False
2008-12-25,0.7609999999999957,-0.04458435659138672,False
2008-12-26,0.7980000000000018,-0.04754070265638399,False
2008-12-29,0.8400000000000034,-0.05223346621690709,False
2008-12-30,0.8810000000000002,-0.05538132192519264,False
2008-12-31,0.8419999999999987,-0.05344404834362221,False
2009-01-01,0.8419999999999987,-0.0542185997688921,False
2009-01-02,0.9660000000000082,-0.06261876769305685,False
2009-01-05,0.9380000000000024,-0.06302399963183707,False
2009-01-06,0.8700000000000045,-0.05926563246536103,False
2009-01-07,0.8399999999999892,-0.0585534099340264,False
2009-01-08,0.7989999999999924,-0.05712990007385195,False
2009-01-09,0.7920000000000016,-0.056785290197623066,False
2009-01-12,0.7259999999999991,-0.054556010549265864,False
2009-01-13,0.730000000000004,-0.05499807522217538,False
2009-01-14,0.7510000000000048,-0.05747224039316362,False
2009-01-15,0.7150000000000034,-0.05572191885385501,False
2009-01-16,0.6229999999999905,-0.04963774996780167,False
2009-01-19,0.6430000000000007,-0.053908074094746614,False
2009-01-20,0.6490000000000009,-0.05454095435445814,False
2009-01-21,0.6980000000000075,-0.06009810732360974,False
2009-01-22,0.6099999999999994,-0.05385512210224849,False
2009-01-23,0.5819999999999936,-0.05243981011767611,False
2009-01-26,0.47799999999999443,-0.04653749513206063,False
2009-01-27,0.5040000000000049,-0.05037253661702299,False
2009-01-28,0.5379999999999967,-0.05487004096322218,False
2009-01-29,0.47799999999999443,-0.04962236433628928,False
2009-01-30,0.4609999999999985,-0.048654001850566585,False
2009-02-02,0.4070000000000107,-0.04642691951896514,False
2009-02-03,0.38000000000000966,-0.045098651267445576,False
2009-02-04,0.37300000000000466,-0.045191485830464034,False
2009-02-05,0.30299999999999727,-0.03766551780508371,False
2009-02-06,0.2989999999999924,-0.03861429402908667,False
2009-02-09,0.25799999999999557,-0.03690770135214516,False
2009-02-10,0.32800000000000296,-0.04792797192858887,False
2009-02-11,0.34900000000000375,-0.052823968484346416,False
2009-02-12,0.3580000000000041,-0.055688736317009206,False
2009-02-13,0.284000000000006,-0.04618503419546089,False
2009-02-16,0.29999999999999716,-0.05474781008759598,False
2009-02-17,0.33899999999999864,-0.0639708619406069,False
2009-02-18,0.3229999999999933,-0.06355765446674405,False
2009-02-19,0.31100000000000705,-0.06468091168091314,False
2009-02-20,0.2120000000000033,-0.046973835974018815,False
2009-02-23,0.19000000000001194,-0.049575374585385704,False
2009-02-24,0.15500000000000114,-0.04332758950794594,False
2009-02-25,0.21399999999999864,-0.0633146358861289,False
2009-02-26,0.14799999999999613,-0.04728744939271132,False
2009-02-27,0.14200000000001012,-0.048997920211763746,False
2009-03-02,0.12999999999999545,-0.05919189651085706,False
2009-03-03,0.10999999999999943,-0.05637778027409542,False
2009-03-04,0.12300000000000466,-0.07230632952166484,False
2009-03-05,0.09499999999999886,-0.06478886397608292,False
2009-03-06,0.0379999999999967,-0.03132693393562687,False
2009-03-09,-0.009000000000000341,0.01845505617977598,False
2009-03-10,0.012999999999991019,-0.05335057342024648,False
2009-03-11,0.017000000000010118,,False
2009-03-12,0.005000000000009663,-0.0002313098474626928,False
2009-03-13,0.027000000000001023,-0.0012661407247001987,False
2009-03-16,-0.055999999999997385,0.002735348355445277,False
2009-03-17,0.41199999999999193,-0.020255040020472844,True
2009-03-18,0.3850000000000051,-0.019686004550090473,False
2009-03-19,0.5109999999999957,-0.026867152973443043,False
2009-03-20,0.49900000000000944,-0.026335766381140713,False
2009-03-23,0.5240000000000009,-0.02883874518436989,False
2009-03-24,0.4719999999999942,-0.02619136663960538,False
2009-03-25,0.48699999999999477,-0.027386042986018967,False
2009-03-26,0.4449999999999932,-0.02525908347277563,False
2009-03-27,0.4689999999999941,-0.02667056165770785,False
2009-03-30,0.4309999999999974,-0.025317851165185888,False
2009-03-31,0.4649999999999892,-0.027830408728638727,False
2009-04-01,0.45699999999999363,-0.02772136541913144,False
2009-04-02,0.4440000000000026,-0.02766751857903083,False
2009-04-03,0.39000000000000057,-0.02475764121508106,False
2009-04-06,0.5040000000000049,-0.03326657474174403,False
2009-04-07,0.37700000000000955,-0.025098676530672437,False
2009-04-08,0.34899999999998954,-0.023590994364532335,False
2009-04-09,0.2890000000000015,-0.019766145428311867,False
2009-04-10,0.2890000000000015,-0.0200901805992678,False
2009-04-13,0.2950000000000017,-0.021858772132831626,False
2009-04-14,0.28300000000000125,-0.02133874574573033,False
2009-04-15,0.27899999999999636,-0.02130368021154076,False
2009-04-16,0.27299999999999613,-0.021189792663476575,False
2009-04-17,0.31400000000000716,-0.02459479005049488,False
2009-04-20,0.3430000000000035,-0.028222624989292396,False
2009-04-21,0.31100000000000705,-0.02612843825526587,False
2009-04-22,0.29399999999999693,-0.025322310227206764,False
2009-04-23,0.23799999999999955,-0.02110421161059604,False
2009-04-24,0.20600000000000307,-0.01883875687756214,False
2009-04-27,0.22400000000000375,-0.021626883358727294,False
2009-04-28,0.1670000000000016,-0.016613631872662144,False
2009-04-29,0.18099999999999739,-0.01858101931930976,False
2009-04-30,0.16100000000000136,-0.016907020736382675,False
2009-05-01,0.15899999999999181,-0.017128563839205777,False
2009-05-04,0.14499999999999602,-0.01700535463835661,False
2009-05-05,0.13800000000000523,-0.01659845384265638,False
2009-05-06,0.13700000000000045,-0.017020661016372295,False
2009-05-07,0.16400000000000148,-0.020933217231961634,False
2009-05-08,0.1110000000000042,-0.014856331954590019,False
2009-05-11,0.11700000000000443,-0.017193067214204407,False
2009-05-12,0.11400000000000432,-0.01740873072320979,False
2009-05-13,0.12600000000000477,-0.019878971255673977,False
2009-05-14,0.09100000000000819,-0.014934869311464073,False
2009-05-15,0.12600000000000477,-0.02127295434571522,False
2009-05-18,0.08799999999999386,-0.01687537597885732,False
2009-05-19,0.07700000000001239,-0.015568825787584003,False
2009-05-20,0.09499999999999886,-0.02036495407240326,False
2009-05-21,0.08199999999999363,-0.01855778769841126,False
2009-05-22,0.09700000000000841,-0.023276760385131975,False
2009-05-25,0.09099999999999397,-0.02591197029270252,False
2009-05-26,0.07399999999999807,-0.022450803150260205,False
2009-05-27,0.08300000000001262,-0.02690951403878506,False
2009-05-28,0.06699999999999307,-0.02336837075967269,False
2009-05-29,0.08200000000000784,-0.03140081413404136,False
2009-06-01,-0.01100000000000989,0.005635562292970089,False
2009-06-02,0.0660000000000025,-0.03837453804001675,False
2009-06-03,0.03499999999999659,-0.022945872886148515,False
2009-06-04,0.036000000000001364,-0.027564505978603937,False
2009-06-05,0.060000000000002274,-0.05425492382014326,False
2009-06-08,0.06099999999999284,-0.13748919352845118,False
2009-06-09,0.0379999999999967,-0.17375508925773625,False
2009-06-10,0.01100000000000989,,False
2009-06-11,0.020000000000010232,-0.0010211646872863227,False
2009-06-12,0.03300000000000125,-0.0016880209373456875,False
2009-06-15,-0.27899999999999636,0.0146439928640102,False
2009-06-16,0.42099999999999227,-0.022283046091602754,True
2009-06-17,0.4060000000000059,-0.02189471506877682,False
2009-06-18,0.40100000000001046,-0.021768099431425807,False
2009-06-19,0.36599999999999966,-0.020205213214230598,False
2009-06-22,0.3569999999999993,-0.02032820285613547,False
2009-06-23,0.3340000000000032,-0.01949421537821931,False
2009-06-24,0.32399999999999807,-0.01898917106632229,False
2009-06-25,0.28699999999999193,-0.017082107611325517,False
2009-06-26,0.22700000000000387,-0.013791065892682752,False
2009-06-29,0.28000000000000114,-0.017717586524926048,False
2009-06-30,0.2920000000000016,-0.018664927081919656,False
2009-07-01,0.24099999999999966,-0.015732617929801004,False
2009-07-02,0.2289999999999992,-0.01507062467770837,False
2009-07-03,0.28300000000000125,-0.01883151450625507,False
2009-07-06,0.24099999999999966,-0.016770651122221827,False
2009-07-07,0.24399999999999977,-0.017208464725159203,False
2009-07-08,0.2389999999999901,-0.017093790996635796,False
2009-07-09,0.18599999999999284,-0.013678950655839572,False
2009-07-10,0.19700000000000273,-0.014655855921960649,False
2009-07-13,0.17399999999999238,-0.01363636363636304,False
2009-07-14,0.18600000000000705,-0.014819617165347673,False
2009-07-15,0.14399999999999125,-0.011811872999891414,False
2009-07-16,0.15400000000001057,-0.012876401663097772,False
2009-07-17,0.15800000000000125,-0.013432651568617967,False
2009-07-20,0.14300000000000068,-0.012946633428830167,False
2009-07-21,0.1629999999999967,-0.01504488557339709,False
2009-07-22,0.15399999999999636,-0.014546574399477936,False
2009-07-23,0.1670000000000016,-0.01608073741083127,False
2009-07-24,0.1460000000000008,-0.014371376985031355,False
2009-07-27,0.12899999999999068,-0.013587881866085443,False
2009-07-28,0.15000000000000568,-0.016117162201943504,False
2009-07-29,0.15500000000000114,-0.016883171141490495,False
2009-07-30,0.12000000000000455,-0.013453720583425097,False
2009-07-31,0.10300000000000864,-0.01198056086679514,False
2009-08-03,0.1110000000000042,-0.014083601286174167,False
2009-08-04,0.11499999999999488,-0.014971394738343226,False
2009-08-05,0.08800000000000807,-0.011825453072796468,False
2009-08-06,0.09000000000000341,-0.01236231169583868,False
2009-08-07,0.13000000000000966,-0.018176838226141138,False
2009-08-10,0.1290000000000049,-0.019770737544876984,False
2009-08-11,0.10899999999999466,-0.01730335563756159,False
2009-08-12,0.10999999999999943,-0.018173999637877872,False
2009-08-13,0.09099999999999397,-0.015655194517499412,False
2009-08-14,0.11999999999999034,-0.021322895824507932,False
2009-08-17,0.10800000000000409,-0.021585806592926016,False
2009-08-18,0.09799999999999898,-0.020572013549807984,False
2009-08-19,0.07600000000000762,-0.016817778101120544,False
2009-08-20,0.0660000000000025,-0.015353728489484329,False
2009-08-21,0.055999999999997385,-0.013774513107351604,False
2009-08-24,0.0589999999999975,-0.017182912038809433,False
2009-08-25,0.05200000000000671,-0.016161100112823252,False
2009-08-26,0.0589999999999975,-0.019540323751450973,False
2009-08-27,0.04600000000000648,-0.016546517987811715,False
2009-08-28,0.019000000000005457,-0.0073727966660309075,False
2009-08-31,0.04800000000000182,-0.024887070655417294,False
2009-09-01,0.045000000000001705,-0.026053232662903086,False
2009-09-02,0.0589999999999975,-0.03922265023813911,False
2009-09-03,0.05499999999999261,-0.04261122431651661,False
2009-09-04,0.029000000000010573,-0.027083733128648008,False
2009-09-07,-0.001999999999995339,0.004678887322127282,False
2009-09-08,0.017000000000010118,-0.0802301525731018,False
2009-09-09,0.009999999999990905,,False
2009-09-10,0.01300000000000523,-0.0006862192141382718,False
2009-09-11,0.031999999999996476,-0.0017123689334050797,False
2009-09-14,0.03700000000000614,-0.0020465370864952864,False
2009-09-15,0.24099999999999966,-0.013477662993308263,True
2009-09-16,0.2389999999999901,-0.013579756845529412,False
2009-09-17,0.24200000000000443,-0.013924072582361623,False
2009-09-18,0.24500000000000455,-0.014223930878933417,False
2009-09-21,0.22400000000000375,-0.013440736478711387,False
2009-09-22,0.23199999999999932,-0.014219266871526163,False
2009-09-23,0.24800000000000466,-0.015408407046129335,False
2009-09-24,0.2149999999999892,-0.013389947344532612,False
2009-09-25,0.20300000000000296,-0.012827804107425147,False
2009-09-28,0.2189999999999941,-0.014367909063456755,False
2009-09-29,0.2360000000000042,-0.015683033048342034,False
2009-09-30,0.20699999999999363,-0.014043158246904889,False
2009-10-01,0.22700000000000387,-0.015511168396942398,False
2009-10-02,0.2120000000000033,-0.014737307213243617,False
2009-10-05,0.19299999999999784,-0.014105150397204641,False
2009-10-06,0.1600000000000108,-0.011928884240800856,False
2009-10-07,0.17100000000000648,-0.012922641175429767,False
2009-10-08,0.16400000000000148,-0.012682042177430063,False
2009-10-09,0.18900000000000716,-0.014759875219842143,False
2009-10-12,0.16400000000000148,-0.013528233916860016,False
2009-10-13,0.18900000000000716,-0.01589001717186086,False
2009-10-14,0.17399999999999238,-0.01497665424703986,False
2009-10-15,0.17900000000000205,-0.01570062240165351,False
2009-10-16,0.17300000000000182,-0.01543291344663936,False
2009-10-19,-0.005000000000009663,0.00047393303391244767,False
2009-10-20,0.16500000000000625,-0.015905189488974587,False
2009-10-21,0.13800000000000523,-0.013686049576268252,False
2009-10-22,0.1460000000000008,-0.014755559985823225,False
2009-10-23,0.1319999999999908,-0.013559608240458359,False
2009-10-26,0.13399999999998613,-0.014588764473926033,False
2009-10-27,0.14499999999999602,-0.016135473957634223,False
2009-10-28,0.1599999999999966,-0.018155986034813092,False
2009-10-29,0.14799999999999613,-0.017321514173532133,False
2009-10-30,0.17499999999999716,-0.02088100686498822,False
2009-11-02,0.1699999999999875,-0.021933390361324925,False
2009-11-03,0.1839999999999975,-0.024364053226531675,False
2009-11-04,0.18200000000000216,-0.02503132212331055,False
2009-11-05,0.12399999999999523,-0.017546648264524935,False
2009-11-06,0.12099999999999511,-0.017623562461591774,False
2009-11-09,0.10900000000000887,-0.017650451409686223,False
2009-11-10,0.08899999999999864,-0.014913758671190071,False
2009-11-11,0.09799999999999898,-0.016974488440074233,False
2009-11-12,0.09899999999998954,-0.01768060417905003,False
2009-11-13,0.09099999999999397,-0.016937354988397952,False
2009-11-16,0.02599999999999625,-0.005507323754032493,False
2009-11-17,0.09600000000000364,-0.0211055094776033,False
2009-11-18,0.0799999999999983,-0.018474406304074414,False
2009-11-19,0.07699999999999818,-0.018644686214673835,False
2009-11-20,0.07399999999999807,-0.018771674994960835,False
2009-11-23,0.08500000000000796,-0.02579569642144714,False
2009-11-24,0.05700000000000216,-0.018462562396007354,False
2009-11-25,0.055999999999997385,-0.019643457786746477,False
2009-11-26,0.05900000000001171,-0.02212109850489137,False
2009-11-27,0.04400000000001114,-0.017834932480459382,False
2009-11-30,0.055999999999997385,-0.030307748196583773,False
2009-12-01,0.05000000000001137,-0.030655781764436184,False
2009-12-02,0.036000000000001364,-0.02512740589174658,False
2009-12-03,0.03900000000000148,-0.03177313512789728,False
2009-12-04,0.0589999999999975,-0.056693431617741444,False
2009-12-07,0.043000000000006366,-0.1035153673657982,False
2009-12-08,0.01999999999999602,-0.09563736407701491,False
2009-12-09,0.017000000000010118,,False
2009-12-10,0.024999999999991473,-0.001332836714721366,False
2009-12-11,0.012000000000000455,-0.0006425995057265689,False
2009-12-14,0.06199999999999761,-0.003443603722926569,False
2009-12-15,0.33899999999999864,-0.018831900159805116,True
2009-12-16,0.3399999999999892,-0.019103652322763374,False
2009-12-17,0.3960000000000008,-0.0223004966465941,False
2009-12-18,0.3739999999999952,-0.0212898023858425,False
2009-12-21,0.38299999999999557,-0.022565123208687782,False
2009-12-22,0.35999999999999943,-0.02143003923947821,False
2009-12-23,0.3329999999999984,-0.020177764201795807,False
2009-12-24,0.4410000000000025,-0.027092555501321412,False
2009-12-25,0.4410000000000025,-0.027453789574672365,False
2009-12-28,0.382000000000005,-0.024822505643501934,False
2009-12-29,0.3539999999999992,-0.023276320968594656,False
2009-12-30,0.3610000000000042,-0.02404799926997336,False
2009-12-31,0.35999999999999943,-0.024346047380298566,False
2010-01-01,0.35999999999999943,-0.024704077488832365,False
2010-01-04,0.3049999999999926,-0.02200555451229945,False
2010-01-05,0.23099999999999454,-0.016922567437379177,False
2010-01-06,0.16200000000000614,-0.012086426225889693,False
2010-01-07,0.19200000000000728,-0.01447183382171697,False
2010-01-08,0.1839999999999975,-0.014177884315979165,False
2010-01-11,0.15500000000000114,-0.012641667113566173,False
2010-01-12,0.16600000000001103,-0.013783486205140319,False
2010-01-13,0.14399999999999125,-0.012190822555804282,False
2010-01-14,0.1530000000000058,-0.0132062643735927,False
2010-01-15,0.1570000000000107,-0.01369648559245968,False
2010-01-18,0.14100000000000534,-0.013070625569054618,False
2010-01-19,0.15000000000000568,-0.014101738570509226,False
2010-01-20,0.16200000000000614,-0.015372416482517155,False
2010-01-21,0.1950000000000074,-0.018885722473413438,False
2010-01-22,0.1530000000000058,-0.015149706609227936,False
2010-01-25,0.1599999999999966,-0.016940302836920218,False
2010-01-26,0.17799999999999727,-0.019220585581454227,False
2010-01-27,0.1950000000000074,-0.02148653299280995,False
2010-01-28,0.19599999999999795,-0.022059140945391527,False
2010-01-29,0.1880000000000024,-0.021537978656622995,False
2010-02-01,0.17799999999999727,-0.02210961906252731,False
2010-02-02,0.16600000000001103,-0.021256069153266825,False
2010-02-03,0.17799999999999727,-0.0233348298464574,False
2010-02-04,0.15900000000000603,-0.02131641292171023,False
2010-02-05,0.15399999999999636,-0.021134478979257933,False
2010-02-08,0.13799999999999102,-0.020872700149178153,False
2010-02-09,0.12699999999999534,-0.019983101335942124,False
2010-02-10,0.11199999999999477,-0.018218118292986422,False
2010-02-11,0.10599999999999454,-0.017889674943356918,False
2010-02-12,0.19199999999999307,-0.033520515052661584,False
2010-02-15,0.10300000000000864,-0.020321566698470087,False
2010-02-16,0.05499999999999261,-0.01144128894739988,False
2010-02-17,0.09899999999998954,-0.02138197310610878,False
2010-02-18,0.06700000000000728,-0.015196047971169238,False
2010-02-19,0.07699999999999818,-0.01832520473632005,False
2010-02-22,0.07799999999998875,-0.022080722218772022,False
2010-02-23,0.060000000000002274,-0.018044741070325738,False
2010-02-24,0.0660000000000025,-0.021265702103619243,False
2010-02-25,0.07299999999999329,-0.025347704484481773,False
2010-02-26,0.07800000000000296,-0.029494032819493907,False
2010-03-01,0.046999999999997044,-0.023618253034025045,False
2010-03-02,0.054000000000002046,-0.03057710207880972,False
2010-03-03,0.042999999999992156,-0.028019780769088336,False
2010-03-04,0.0239999999999867,-0.018117515666677308,False
2010-03-05,0.027999999999991587,-0.025403927417342605,False
2010-03-08,0.022999999999996135,-0.05217202162698769,False
2010-03-09,0.01300000000000523,-0.058867315923353494,False
2010-03-10,0.020000000000010232,,False
2010-03-11,-0.007999999999995566,0.00040396494358994537,False
2010-03-12,0.007000000000005002,-0.00035956744950601,False
2010-03-15,-0.07600000000000762,0.004023176046584548,False
2010-03-16,0.24200000000000443,-0.012990517789715035,True
2010-03-17,0.21199999999998909,-0.011536511912215764,False
2010-03-18,0.2150000000000034,-0.011753877768658109,False
2010-03-19,0.25099999999999056,-0.013797543656201713,False
2010-03-22,0.23199999999999932,-0.01325246014832798,False
2010-03-23,0.2219999999999942,-0.012806604623463681,False
2010-03-24,0.2680000000000007,-0.01547255511643015,False
2010-03-25,0.2849999999999966,-0.016610035798798415,False
2010-03-26,0.3019999999999925,-0.01792838729089874,False
2010-03-29,0.26599999999999113,-0.01652053589902697,False
2010-03-30,0.2680000000000007,-0.016855642159989758,False
2010-03-31,0.21800000000000352,-0.013983273495396837,False
2010-04-01,0.19599999999999795,-0.012804569409214145,False
2010-04-02,0.2710000000000008,-0.017860521989848,False
2010-04-05,0.1600000000000108,-0.011057443799217257,False
2010-04-06,0.18299999999999272,-0.012794800478116448,False
2010-04-07,0.16899999999999693,-0.011997340882798685,False
2010-04-08,0.16699999999998738,-0.012033453217099525,False
2010-04-09,0.14799999999999613,-0.010900576931497399,False
2010-04-12,0.12999999999999545,-0.010138594263072344,False
2010-04-13,0.117999999999995,-0.009371957024343408,False
2010-04-14,0.10099999999999909,-0.008198970886258304,False
2010-04-15,0.10299999999999443,-0.008482291425766801,False
2010-04-16,0.12000000000000455,-0.010020645274648422,False
2010-04-19,0.10500000000000398,-0.009265403960733895,False
2010-04-20,0.09199999999999875,-0.008276950000616097,False
2010-04-21,0.10500000000000398,-0.009624478344484615,False
2010-04-22,0.1150000000000091,-0.010705898076280402,False
2010-04-23,0.1460000000000008,-0.01391236333694138,False
2010-04-26,0.13400000000000034,-0.013619933947079726,False
2010-04-27,0.16400000000000148,-0.016912805530990484,False
2010-04-28,0.15399999999999636,-0.016215342985803616,False
2010-04-29,0.15800000000000125,-0.017119866674622626,False
2010-04-30,0.125,-0.013911587857203839,False
2010-05-03,0.12699999999999534,-0.015204527213167536,False
2010-05-04,0.12199999999999989,-0.014827734556579797,False
2010-05-05,0.12100000000000932,-0.014986426874789075,False
2010-05-06,0.1529999999999916,-0.019312850541464244,False
2010-05-07,0.20900000000000318,-0.02730562216263719,False
2010-05-10,0.17899999999998784,-0.025823600324102514,False
2010-05-11,0.1460000000000008,-0.02171753993944857,False
2010-05-12,0.1389999999999958,-0.02132550620492934,False
2010-05-13,0.13500000000000512,-0.02138454688195811,False
2010-05-14,0.13599999999999568,-0.022140886331258,False
2010-05-17,0.17199999999999704,-0.03160060221345101,False
2010-05-18,0.1529999999999916,-0.029071855819835665,False
2010-05-19,0.14800000000001035,-0.029724762565069698,False
2010-05-20,0.14100000000000534,-0.030024152334726825,False
2010-05-21,0.16600000000001103,-0.037281496526897884,False
2010-05-24,0.13100000000000023,-0.03461363610039734,False
2010-05-25,0.10900000000000887,-0.030525887732869315,False
2010-05-26,0.12300000000000466,-0.0367565186635853,False
2010-05-27,0.0969999999999942,-0.0315646547189608,False
2010-05-28,0.10199999999998965,-0.03583308308886011,False
2010-05-31,0.08200000000000784,-0.03837031909029507,False
2010-06-01,0.08199999999999363,-0.04313923320841406,False
2010-06-02,0.08399999999998897,-0.050416105528499205,False
2010-06-03,0.07800000000000296,-0.05440640264177976,False
2010-06-04,0.08199999999999363,-0.06778010530486933,False
2010-06-07,0.057999999999992724,-0.11965454483793986,False
2010-06-08,0.07899999999999352,-0.32591864184550806,False
2010-06-09,0.0379999999999967,,False
2010-06-10,-0.0030000000000001137,0.00013958041744105648,False
2010-06-11,0.009999999999990905,-0.00046860879549137744,False
2010-06-14,-0.006999999999990791,0.0003434442606762961,False
2010-06-15,0.3090000000000117,-0.015377011854690308,True
2010-06-16,0.30299999999999727,-0.015240978200832669,False
2010-06-17,0.29399999999999693,-0.015036770094497066,False
2010-06-18,0.277000000000001,-0.014341069657556218,False
2010-06-21,0.30700000000000216,-0.016447520512981335,False
2010-06-22,0.3020000000000067,-0.016355026481404033,False
2010-06-23,0.30700000000000216,-0.016912185527377166,False
2010-06-24,0.2839999999999918,-0.015856718653533757,False
2010-06-25,0.26599999999999113,-0.015126763964679303,False
2010-06-28,0.269999999999996,-0.015930145946323176,False
2010-06-29,0.3149999999999977,-0.01875568910334824,False
2010-06-30,0.26200000000000045,-0.015833646540291135,False
2010-07-01,0.2680000000000007,-0.016681741968138635,False
2010-07-02,0.242999999999995,-0.015404963213583214,False
2010-07-05,0.2539999999999907,-0.016807377769880984,False
2010-07-06,0.22299999999999898,-0.015085484722321001,False
2010-07-07,0.21599999999999397,-0.014891222678175784,False
2010-07-08,0.2120000000000033,-0.014851545958030506,False
2010-07-09,0.2049999999999983,-0.014576472861753552,False
2010-07-12,0.20399999999999352,-0.015209557305060423,False
2010-07-13,0.17799999999999727,-0.013598317383513574,False
2010-07-14,0.17199999999999704,-0.013410266137603882,False
2010-07-15,0.18499999999998806,-0.014837838520807724,False
2010-07-16,0.17199999999999704,-0.014065094638057692,False
2010-07-19,0.19199999999999307,-0.01661468650092224,False
2010-07-20,0.18200000000000216,-0.01602093356968028,False
2010-07-21,0.20000000000000284,-0.017822017613524675,False
2010-07-22,0.1869999999999976,-0.017177395649617653,False
2010-07-23,0.16500000000000625,-0.015507666542296926,False
2010-07-26,0.15500000000000114,-0.015634292144469538,False
2010-07-27,0.14300000000000068,-0.014743917127858462,False
2010-07-28,0.13100000000000023,-0.013831276648674316,False
2010-07-29,0.11800000000000921,-0.012849375013799088,False
2010-07-30,0.11599999999999966,-0.012963076357847,False
2010-08-02,0.11700000000000443,-0.014239580398362012,False
2010-08-03,0.08799999999999386,-0.01105822991202915,False
2010-08-04,0.10000000000000853,-0.01287605125021276,False
2010-08-05,0.10500000000000398,-0.013928158684702627,False
2010-08-06,0.08899999999999864,-0.012229103798871054,False
2010-08-09,0.07800000000000296,-0.0117466486774194,False
2010-08-10,0.125,-0.019441400104653322,False
2010-08-11,0.13799999999999102,-0.021824241415883613,False
2010-08-12,0.1319999999999908,-0.021559854101807725,False
2010-08-13,0.09000000000000341,-0.015215462059076403,False
2010-08-16,0.10200000000000387,-0.019588499451491187,False
2010-08-17,0.09799999999999898,-0.019750122575543875,False
2010-08-18,0.0870000000000033,-0.01837131402190395,False
2010-08-19,0.09300000000000352,-0.02056275745093366,False
2010-08-20,0.10299999999999443,-0.023793701425279083,False
2010-08-23,0.10499999999998977,-0.028780128081892713,False
2010-08-24,0.060000000000002274,-0.01754681152801547,False
2010-08-25,0.07000000000000739,-0.021900613217172394,False
2010-08-26,0.049000000000006594,-0.01657892858500435,False
2010-08-27,0.04999999999999716,-0.0183303602995522,False
2010-08-30,0.06199999999999761,-0.03021224670709091,False
2010-08-31,0.05200000000000671,-0.028497129267065914,False
2010-09-01,0.027000000000001023,-0.017054805544067114,False
2010-09-02,0.038000000000010914,-0.028019862385514484,False
2010-09-03,0.02199999999999136,-0.019555793677845323,False
2010-09-06,0.027999999999991587,-0.06226392104299336,False
2010-09-07,0.02400000000000091,-0.10574091062720695,False
2010-09-08,-0.0049999999999954525,,False
2010-09-09,0.015999999999991132,-0.0007847247416719425,False
2010-09-10,0.0030000000000001137,-0.00014876931096984703,False
2010-09-13,0.1799999999999926,-0.009306065004775883,True
2010-09-14,0.25900000000000034,-0.013673348216577985,False
2010-09-15,0.2600000000000051,-0.013819548442978396,False
2010-09-16,0.2600000000000051,-0.01402895049110963,False
2010-09-17,0.2430000000000092,-0.013248812991798918,False
2010-09-20,0.2469999999999999,-0.013988410821573009,False
2010-09-21,0.23400000000000887,-0.013573314491837931,False
2010-09-22,0.23399999999999466,-0.013854176399140114,False
2010-09-23,0.23699999999999477,-0.014184002943543075,False
2010-09-24,0.20400000000000773,-0.01247251849897659,False
2010-09-27,0.21600000000000819,-0.013764235613546038,False
2010-09-28,0.1980000000000075,-0.012850165681256633,False
2010-09-29,0.21399999999999864,-0.014141779898069017,False
2010-09-30,0.21800000000000352,-0.014608786716120502,False
2010-10-01,0.22500000000000853,-0.015421712719923127,False
2010-10-04,0.21099999999999852,-0.015063263162629934,False
2010-10-05,0.21800000000000352,-0.0159462496953842,False
2010-10-06,0.23400000000000887,-0.01746604336143181,False
2010-10-07,0.25499999999999545,-0.01933502070296139,False
2010-10-08,0.23799999999999955,-0.018360537378076337,False
2010-10-11,0.2220000000000084,-0.017988630066920253,False
2010-10-12,0.22499999999999432,-0.018569746271126644,False
2010-10-13,0.21600000000000819,-0.018215963135549268,False
2010-10-14,0.23399999999999466,-0.02019886696204596,False
2010-10-15,0.22700000000000387,-0.01985753289656621,False
2010-10-18,0.20300000000000296,-0.018834581812294013,False
2010-10-19,0.23700000000000898,-0.022061692658854968,False
2010-10-20,0.242999999999995,-0.023382101955929022,False
2010-10-21,0.21599999999999397,-0.021156967308137598,False
2010-10-22,0.21300000000000807,-0.0212930287207347,False
2010-10-25,0.20000000000000284,-0.02146218011061579,False
2010-10-26,0.20199999999999818,-0.022008101178163042,False
2010-10-27,0.22799999999999443,-0.025280740158828776,False
2010-10-28,0.19499999999999318,-0.022398818236146173,False
2010-10-29,0.1909999999999883,-0.0225011942109802,False
2010-11-01,0.18499999999998806,-0.02355416166543904,False
2010-11-02,0.1700000000000017,-0.022416000508650166,False
2010-11-03,0.14200000000001012,-0.019326535672803836,False
2010-11-04,0.117999999999995,-0.01666795665634604,False
2010-11-05,0.14300000000000068,-0.02062388893959753,False
2010-11-08,0.13700000000000045,-0.021601178442451643,False
2010-11-09,0.14100000000000534,-0.02287398397110049,False
2010-11-10,0.13599999999999568,-0.022796157166736362,False
2010-11-11,0.1389999999999958,-0.023981240416483963,False
2010-11-12,0.1490000000000009,-0.02673787589613813,False
2010-11-15,0.15500000000000114,-0.031265905821510176,False
2010-11-16,0.12300000000000466,-0.025722988140898434,False
2010-11-17,0.12599999999999056,-0.027648024239361645,False
2010-11-18,0.11199999999999477,-0.025962478883256545,False
2010-11-19,0.0899999999999892,-0.021998465129918886,False
2010-11-22,0.08599999999999852,-0.02490700538289618,False
2010-11-23,0.08100000000000307,-0.024711015270430462,False
2010-11-24,0.07199999999998852,-0.02348219088483166,False
2010-11-25,-0.0350000000000108,0.012330664504581354,False
2010-11-26,0.07600000000000762,-0.02874027658631281,False
2010-11-29,0.06700000000000728,-0.03358658898695357,False
2010-11-30,0.07600000000000762,-0.04266589558391489,False
2010-12-01,0.049000000000006594,-0.03163616552339397,False
2010-12-02,0.03300000000000125,-0.02498879705238095,False
2010-12-03,0.030000000000001137,-0.02757943254373145,False
2010-12-06,0.028000000000005798,-0.06419678639180214,False
2010-12-07,0.007000000000005002,-0.031991886206574,False
2010-12-08,0.01099999999999568,,False
2010-12-09,0.015999999999991132,-0.0008102502202516443,False
2010-12-10,-0.003999999999990678,0.00020488714787780378,False
2010-12-13,0.35599999999999454,-0.018972001915596642,True
2010-12-14,0.3229999999999933,-0.01740494415861427,False
2010-12-15,0.32099999999999795,-0.01730934239124643,False
2010-12-16,0.3680000000000092,-0.020091040894512514,False
2010-12-17,0.3789999999999907,-0.020891274459108256,False
2010-12-20,0.3439999999999941,-0.019628601104178824,False
2010-12-21,0.3509999999999991,-0.020260518817303726,False
2010-12-22,0.3459999999999894,-0.020230284683307887,False
2010-12-23,0.30999999999998806,-0.018418643476267156,False
2010-12-24,0.3579999999999899,-0.021554169965689544,False
2010-12-27,0.3130000000000024,-0.019667275389024692,False
2010-12-28,0.3050000000000068,-0.01943668955595523,False
2010-12-29,0.3059999999999974,-0.019919245818723813,False
2010-12-30,0.277000000000001,-0.018362488471797153,False
2010-12-31,0.2599999999999909,-0.017601506347670125,False
2011-01-03,0.257000000000005,-0.01817940449150804,False
2011-01-04,0.25499999999999545,-0.018247366654537373,False
2011-01-05,0.28000000000000114,-0.020142320671263612,False
2011-01-06,0.3020000000000067,-0.02192425025349279,False
2011-01-07,0.3089999999999975,-0.022736248032236363,False
2011-01-10,0.2819999999999965,-0.021865322528908136,False
2011-01-11,0.2890000000000015,-0.022809071733379288,False
2011-01-12,0.2189999999999941,-0.01778704939919845,False
2011-01-13,0.2150000000000034,-0.01796864445782692,False
2011-01-14,0.20399999999999352,-0.017373798463937266,False
2011-01-17,0.17300000000000182,-0.015572094766720836,False
2011-01-18,0.1979999999999933,-0.018259221829206054,False
2011-01-19,0.17100000000000648,-0.01616240766141947,False
2011-01-20,0.16100000000000136,-0.015500238444917248,False
2011-01-21,0.1570000000000107,-0.01555767920312644,False
2011-01-24,0.14300000000000068,-0.015170795339736367,False
2011-01-25,0.14300000000000068,-0.015533139795282251,False
2011-01-26,0.13700000000000045,-0.015257195336646915,False
2011-01-27,0.12699999999999534,-0.01452217941399953,False
2011-01-28,0.14700000000000557,-0.01713560296372063,False
2011-01-31,0.12999999999999545,-0.016469947119147083,False
2011-02-01,0.12600000000000477,-0.016549428056948798,False
2011-02-02,0.12000000000000455,-0.01619385299087216,False
2011-02-03,0.11899999999999977,-0.016406179768066027,False
2011-02-04,0.11299999999999955,-0.015991510483366556,False
2011-02-07,0.09300000000000352,-0.014483756176237716,False
2011-02-08,0.09499999999999886,-0.015310902952498267,False
2011-02-09,0.0799999999999983,-0.013417958374919528,False
2011-02-10,0.07699999999999818,-0.01328949054509813,False
2011-02-11,0.10500000000000398,-0.018762024585229013,False
2011-02-14,0.10299999999999443,-0.02076508527244707,False
2011-02-15,0.0870000000000033,-0.018349975729839124,False
2011-02-16,0.054000000000002046,-0.011990385791119539,False
2011-02-17,0.06999999999999318,-0.016364567988213355,False
2011-02-18,0.055999999999997385,-0.013841861473033457,False
2011-02-21,0.056000000000011596,-0.01643192488263251,False
2011-02-22,0.05499999999999261,-0.017197143946303194,False
2011-02-23,0.03499999999999659,-0.011782707504776498,False
2011-02-24,0.03900000000000148,-0.01420307149527915,False
2011-02-25,0.024999999999991473,-0.009837214316512384,False
2011-02-28,0.03200000000001069,-0.016871566643416117,False
2011-03-01,0.033999999999991815,-0.02012441134880099,False
2011-03-02,0.01799999999998647,-0.012238670846806235,False
2011-03-03,0.012000000000000455,-0.009543107392640403,False
2011-03-04,0.015999999999991132,-0.015284757118919502,False
2011-03-07,0.018000000000000682,-0.0429333193925311,False
2011-03-08,0.001999999999995339,-0.009505208333311182,False
2011-03-09,-0.0020000000000095497,,False
2011-03-10,-0.001999999999995339,0.00010496559141615819,False
2011-03-11,-0.006000000000000227,0.0003205254861669225,False
2011-03-14,0.11299999999999955,-0.006272305501501557,False
2011-03-15,0.32800000000000296,-0.01837391186906839,True
2011-03-16,0.3050000000000068,-0.01721478735156585,False
2011-03-17,0.2990000000000066,-0.01722399159120144,False
2011-03-18,0.2530000000000001,-0.014823531829058014,False
2011-03-21,0.2540000000000049,-0.0155117877707685,False
2011-03-22,0.23900000000000432,-0.014779345815514863,False
2011-03-23,0.25200000000000955,-0.015708195757114112,False
2011-03-24,0.23199999999999932,-0.014682301896423494,False
2011-03-25,0.2680000000000007,-0.01705258111612303,False
2011-03-28,0.24800000000000466,-0.01646095923093964,False
2011-03-29,0.2530000000000001,-0.017001304577879035,False
2011-03-30,0.23900000000000432,-0.016320891152275602,False
2011-03-31,0.2150000000000034,-0.014950557900143657,False
2011-04-01,0.25,-0.0176374717703808,False
2011-04-04,0.2469999999999999,-0.01821189879068789,False
2011-04-05,0.2289999999999992,-0.017159354429714436,False
2011-04-06,0.2430000000000092,-0.018583855523016963,False
2011-04-07,0.22500000000000853,-0.017472586389573917,False
2011-04-08,0.20699999999999363,-0.016454858413734157,False
2011-04-11,0.2259999999999991,-0.0188921837797925,False
2011-04-12,0.2120000000000033,-0.018084911205610392,False
2011-04-13,0.20999999999999375,-0.01820388349514509,False
2011-04-14,0.20300000000000296,-0.017989288246205503,False
2011-04-15,0.19600000000001216,-0.01765760535819823,False
2011-04-18,0.2259999999999991,-0.021358127299513405,False
2011-04-19,0.21999999999999886,-0.021342476311977457,False
2011-04-20,0.19899999999999807,-0.019879396231248354,False
2011-04-21,0.07100000000001216,-0.007278185944101184,False
2011-04-22,0.07200000000000273,-0.007537731681992907,False
2011-04-25,0.19499999999999318,-0.021806306687205346,False
2011-04-26,0.1880000000000024,-0.021557770394979973,False
2011-04-27,0.17199999999999704,-0.020284185378972724,False
2011-04-28,0.19000000000001194,-0.023072436805312332,False
2011-04-29,0.17399999999999238,-0.02171816652304062,False
2011-05-02,0.1880000000000024,-0.025357122664988834,False
2011-05-03,0.17499999999999716,-0.024201126039085138,False
2011-05-04,0.18199999999998795,-0.025924357696035877,False
2011-05-05,0.18099999999999739,-0.02612555610479448,False
2011-05-06,0.23900000000000432,-0.0352089084774227,False
2011-05-09,0.16300000000001091,-0.02647752558967689,False
2011-05-10,0.17099999999999227,-0.02878020619012928,False
2011-05-11,0.18999999999999773,-0.03279772388052604,False
2011-05-12,0.1770000000000067,-0.03172729991617101,False
2011-05-13,0.18099999999999739,-0.033461001586313856,False
2011-05-16,0.18099999999999739,-0.037968979978424404,False
2011-05-17,0.1460000000000008,-0.03206397150404051,False
2011-05-18,0.1570000000000107,-0.036080092074911536,False
2011-05-19,0.15399999999999636,-0.03733544110418765,False
2011-05-20,0.14399999999999125,-0.036601645820578683,False
2011-05-23,0.12999999999999545,-0.03890160558280946,False
2011-05-24,0.14099999999999113,-0.045131078752479965,False
2011-05-25,0.09799999999999898,-0.033605155859528786,False
2011-05-26,0.08299999999999841,-0.030812151144813973,False
2011-05-27,0.06400000000000716,-0.025949327716906403,False
2011-05-30,0.07200000000000273,-0.03891776622684407,False
2011-05-31,0.057999999999992724,-0.03542693049158814,False
2011-06-01,0.053999999999987836,-0.03767799555356749,False
2011-06-02,0.04200000000000159,-0.03435294117647189,False
2011-06-03,0.02400000000000091,-0.02373758586584018,False
2011-06-06,0.046999999999997044,-0.11591372856389222,False
2011-06-07,0.007000000000005002,-0.034748667174434575,False
2011-06-08,0.00899999999998613,,False
2011-06-09,0.009000000000000341,-0.00045640866540133673,False
2011-06-10,0.0030000000000001137,-0.00015249405064307112,False
2011-06-13,0.08400000000000318,-0.0044195053267581524,False
2011-06-14,0.35999999999999943,-0.01912200596536731,True
2011-06-15,0.47100000000000364,-0.024834049639497303,False
2011-06-16,0.4720000000000084,-0.025113116895233212,False
2011-06-17,0.472999999999999,-0.02570641073765459,False
2011-06-20,0.47100000000000364,-0.026476975204066125,False
2011-06-21,0.39000000000000057,-0.02234997374054722,False
2011-06-22,0.40500000000000114,-0.023405615637753806,False
2011-06-23,0.45699999999999363,-0.026476849641398275,False
2011-06-24,0.5449999999999875,-0.031831972630183517,False
2011-06-27,0.43600000000000705,-0.026565785458496437,False
2011-06-28,0.4269999999999925,-0.026468949869399797,False
2011-06-29,0.38299999999999557,-0.0241830657820212,False
2011-06-30,0.33200000000000784,-0.02136361873397955,False
2011-07-01,0.32500000000000284,-0.02118095544187643,False
2011-07-04,0.2949999999999875,-0.020054795643168137,False
2011-07-05,0.29399999999999693,-0.020156143904837096,False
2011-07-06,0.31799999999999784,-0.021979624299348438,False
2011-07-07,0.30000000000001137,-0.02108716161605154,False
2011-07-08,0.33499999999999375,-0.02381229659011374,False
2011-07-11,0.3849999999999909,-0.028307055764043073,False
2011-07-12,0.42499999999999716,-0.03179458148595094,False
2011-07-13,0.33899999999999864,-0.025997691755431866,False
2011-07-14,0.3089999999999975,-0.02407444089920584,False
2011-07-15,0.39399999999999125,-0.031217438871908174,False
2011-07-18,0.3100000000000023,-0.025739343593280797,False
2011-07-19,0.2920000000000016,-0.02476162463951265,False
2011-07-20,0.3019999999999925,-0.026212385239071146,False
2011-07-21,0.21599999999999397,-0.019310726589356276,False
2011-07-22,0.21100000000001273,-0.01916631327882317,False
2011-07-25,0.19000000000001194,-0.018312870977573097,False
2011-07-26,0.15500000000000114,-0.015367586141330294,False
2011-07-27,0.18599999999999284,-0.01865429165486219,False
2011-07-28,0.16900000000001114,-0.017274995183110205,False
2011-07-29,0.1389999999999958,-0.014580313430038768,False
2011-08-01,0.19400000000000261,-0.02161435185637428,False
2011-08-02,0.1529999999999916,-0.017393739188284987,False
2011-08-03,0.15500000000000114,-0.01815420436291351,False
2011-08-04,0.2360000000000042,-0.02787918802754956,False
2011-08-05,0.20400000000000773,-0.024885698243363417,False
2011-08-08,0.14700000000000557,-0.019351132070981214,False
2011-08-09,0.11899999999999977,-0.01614645599509897,False
2011-08-10,0.13300000000000978,-0.018550468777168372,False
2011-08-11,0.13299999999999557,-0.019085605101550746,False
2011-08-12,0.13599999999999568,-0.020125529136405772,False
2011-08-15,0.09300000000000352,-0.015305225283718742,False
2011-08-16,0.08299999999999841,-0.01409924247113456,False
2011-08-17,0.08399999999998897,-0.014845847230129022,False
2011-08-18,0.07099999999999795,-0.012915492361095165,False
2011-08-19,0.0969999999999942,-0.01837544556757466,False
2011-08-22,0.0940000000000083,-0.020112975008560487,False
2011-08-23,0.06699999999999307,-0.015029419681870094,False
2011-08-24,0.07500000000000284,-0.017595143933098627,False
2011-08-25,0.08299999999999841,-0.020369947015948617,False
2011-08-26,0.05500000000000682,-0.014303414793330789,False
2011-08-29,0.055999999999997385,-0.017315694593165083,False
2011-08-30,0.04999999999999716,-0.016442330216046783,False
2011-08-31,0.055999999999997385,-0.019683712402086093,False
2011-09-01,0.07800000000000296,-0.029373499470205115,False
2011-09-02,0.08299999999999841,-0.03373352574637936,False
2011-09-05,0.1110000000000042,-0.05984428521418765,False
2011-09-06,0.10500000000000398,-0.06298729899943702,False
2011-09-07,0.09900000000000375,-0.06831303571901454,False
2011-09-08,0.10600000000000875,-0.08445532970104078,False
2011-09-09,0.10800000000000409,-0.10199223803363906,False
2011-09-12,0.08799999999999386,-0.2067828908402503,False
2011-09-13,0.07800000000000296,-0.3697546657662127,False
2011-09-14,0.04200000000000159,,False
2011-09-15,0.02599999999999625,-0.0013825697148757553,False
2011-09-16,-0.006000000000000227,0.0003212661936865593,False
2011-09-19,0.2890000000000015,-0.015839991831108242,True
2011-09-20,0.49800000000000466,-0.027583203336024584,False
2011-09-21,0.5169999999999959,-0.02885328729161789,False
2011-09-22,0.644999999999996,-0.03585898588030989,False
2011-09-23,0.7269999999999897,-0.04084460778217054,False
2011-09-26,0.7000000000000028,-0.040906330586872326,False
2011-09-27,0.5220000000000056,-0.03130533023648349,False
2011-09-28,0.5769999999999982,-0.03487396078146938,False
2011-09-29,0.5749999999999886,-0.035132414257657875,False
2011-09-30,0.5220000000000056,-0.03212646221941229,False
2011-10-03,0.5060000000000002,-0.0320895065975567,False
2011-10-04,0.507000000000005,-0.032537806485372155,False
2011-10-05,0.4660000000000082,-0.030608517262167734,False
2011-10-06,0.4539999999999935,-0.03036610108864198,False
2011-10-07,0.4230000000000018,-0.028686587396964745,False
2011-10-10,0.3170000000000073,-0.02287693157878659,False
2011-10-11,0.3230000000000075,-0.023644675450531945,False
2011-10-12,0.28000000000000114,-0.020993118283280647,False
2011-10-13,0.2880000000000109,-0.021938355558301925,False
2011-10-14,0.2839999999999918,-0.022096093493375546,False
2011-10-17,0.2819999999999965,-0.02292006990253876,False
2011-10-18,0.2740000000000009,-0.022665237992931037,False
2011-10-19,0.3019999999999925,-0.02542617620573019,False
2011-10-20,0.26200000000000045,-0.022511876232938988,False
2011-10-21,0.2330000000000041,-0.02055263620879359,False
2011-10-24,0.23399999999999466,-0.02195989984989776,False
2011-10-25,0.19899999999999807,-0.01903407974214156,False
2011-10-26,0.22700000000000387,-0.022111312062387607,False
2011-10-27,0.1319999999999908,-0.013381370732291665,False
2011-10-28,0.1490000000000009,-0.015384062693768283,False
2011-10-31,0.14000000000000057,-0.01521982067417557,False
2011-11-01,0.1290000000000049,-0.014149114872723112,False
2011-11-02,0.16400000000000148,-0.018466178142782654,False
2011-11-03,0.1839999999999975,-0.02131321927354771,False
2011-11-04,0.20000000000000284,-0.02365153832197229,False
2011-11-07,0.17900000000000205,-0.022890691212336254,False
2011-11-08,0.16500000000000625,-0.02179667583050032,False
2011-11-09,0.24099999999999966,-0.032152771812730574,False
2011-11-10,0.23000000000000398,-0.031666315866503356,False
2011-11-11,0.18600000000000705,-0.026672449822675776,False
2011-11-14,0.1839999999999975,-0.028792029460813554,False
2011-11-15,0.18999999999999773,-0.03063435871928466,False
2011-11-16,0.18999999999999773,-0.03167002166439512,False
2011-11-17,0.20700000000000784,-0.0356525542857399,False
2011-11-18,0.1910000000000025,-0.03426421511527939,False
2011-11-21,0.1629999999999967,-0.03296762971635969,False
2011-11-22,0.16899999999999693,-0.03574760803676401,False
2011-11-23,0.20999999999999375,-0.04599816007359569,False
2011-11-24,0.20999999999999375,-0.04829806807727548,False
2011-11-25,0.14499999999999602,-0.034892789966171,False
2011-11-28,0.17300000000000182,-0.04968229140440154,False
2011-11-29,0.14399999999999125,-0.04426981339464804,False
2011-11-30,0.10699999999999932,-0.035540926439245765,False
2011-12-01,0.10500000000000398,-0.037587200834814864,False
2011-12-02,0.10599999999999454,-0.040951679346972615,False
2011-12-05,0.1010000000000133,-0.05206634097839929,False
2011-12-06,0.07200000000000273,-0.04180931895992318,False
2011-12-07,0.06700000000000728,-0.04447463372761747,False
2011-12-08,0.0800000000000125,-0.06167207353339704,False
2011-12-09,0.04899999999999238,-0.045462055642397074,False
2011-12-12,0.04599999999999227,-0.10549132947975107,False
2011-12-13,0.046999999999997044,-0.21366563290113116,False
2011-12-14,0.03300000000000125,,False
2011-12-15,0.01999999999999602,-0.0010095855305646555,False
2011-12-16,-0.007000000000005002,0.00035773486484018294,False
2011-12-19,-0.043000000000006366,0.002275362499532797,False
2011-12-20,0.39099999999999113,-0.02091612372777848,True
2011-12-21,0.32799999999998875,-0.017737872996117565,False
2011-12-22,0.34199999999999875,-0.018728063950569723,False
2011-12-23,0.3059999999999974,-0.01697583591818754,False
2011-12-26,0.3149999999999977,-0.01813873755964196,False
2011-12-27,0.33800000000000807,-0.019737526257773814,False
2011-12-28,0.3859999999999957,-0.022622062234835993,False
2011-12-29,0.42499999999999716,-0.025226711090613363,False
2011-12-30,0.3440000000000083,-0.020791005356714604,False
2012-01-02,0.24200000000000443,-0.015235656783929585,False
2012-01-03,0.30100000000000193,-0.019363729680113035,False
2012-01-04,0.29599999999999227,-0.01919090545761307,False
2012-01-05,0.31399999999999295,-0.02044325529542875,False
2012-01-06,0.3429999999999893,-0.022563365579327834,False
2012-01-09,0.3370000000000033,-0.023251395972190416,False
2012-01-10,0.29599999999999227,-0.020815094758387147,False
2012-01-11,0.26300000000000523,-0.018669960530426015,False
2012-01-12,0.26600000000000534,-0.019324346487184896,False
2012-01-13,0.27599999999999625,-0.020191407487817035,False
2012-01-16,0.27599999999999625,-0.021235790633738604,False
2012-01-17,0.2469999999999999,-0.01942387437726935,False
2012-01-18,0.21300000000000807,-0.017177297906864765,False
2012-01-19,0.18900000000000716,-0.015599436941393879,False
2012-01-20,0.18300000000000693,-0.015383733110022776,False
2012-01-23,0.15099999999999625,-0.013519732210445832,False
2012-01-24,0.15800000000000125,-0.014412815834853787,False
2012-01-25,0.13800000000000523,-0.012895106234222417,False
2012-01-26,0.11800000000000921,-0.011284842310901823,False
2012-01-27,0.10899999999999466,-0.010713563449419526,False
2012-01-30,0.13500000000000512,-0.014121792182245163,False
2012-01-31,0.1290000000000049,-0.013787979903547624,False
2012-02-01,0.1110000000000042,-0.01220557054828861,False
2012-02-02,0.11899999999999977,-0.013391356894228757,False
2012-02-03,0.13299999999999557,-0.015351265542582688,False
2012-02-06,0.11700000000000443,-0.014575672330831622,False
2012-02-07,0.09900000000000375,-0.01275818239593312,False
2012-02-08,0.09299999999998931,-0.012318148993535595,False
2012-02-09,0.08599999999999852,-0.011738230358002736,False
2012-02-10,0.11199999999999477,-0.01563612802347488,False
2012-02-13,0.09900000000000375,-0.01523815548105567,False
2012-02-14,0.11400000000000432,-0.018004210934411007,False
2012-02-15,0.11299999999999955,-0.018463027390367728,False
2012-02-16,0.10699999999999932,-0.018205040355943267,False
2012-02-17,0.125,-0.022085276030855975,False
2012-02-20,0.125,-0.02496596420879371,False
2012-02-21,0.09199999999999875,-0.019287854280777596,False
2012-02-22,0.09199999999999875,-0.020163772102538332,False
2012-02-23,0.06699999999999307,-0.015500215500847724,False
2012-02-24,0.04899999999999238,-0.012006425804180277,False
2012-02-27,0.010000000000005116,-0.0029031662806398312,False
2012-02-28,0.027000000000001023,-0.008390804597701468,False
2012-02-29,0.05700000000000216,-0.018860210530896832,False
2012-03-01,0.045000000000001705,-0.01602686072584908,False
2012-03-02,0.0589999999999975,-0.022584170211336956,False
2012-03-05,0.06499999999999773,-0.03321503321503206,False
2012-03-06,0.060000000000002274,-0.03425043164927687,False
2012-03-07,0.05100000000000193,-0.033339840706666186,False
2012-03-08,0.04000000000000625,-0.030732054374691696,False
2012-03-09,0.043000000000006366,-0.03919634383897488,False
2012-03-12,0.022999999999996135,-0.05252587188566685,False
2012-03-13,0.016999999999995907,-0.07735943149231402,False
2012-03-14,-0.028999999999996362,,False
2012-03-15,-0.014000000000010004,0.0007085177420612254,False
2012-03-16,-0.05200000000000671,0.002674623460083774,False
2012-03-19,0.2600000000000051,-0.013843441038903115,True
2012-03-20,0.23199999999999932,-0.012480241705200679,False
2012-03-21,0.23900000000000432,-0.01299829659509767,False
2012-03-22,0.26200000000000045,-0.014402468495447348,False
2012-03-23,0.23099999999999454,-0.012921379653627336,False
2012-03-26,0.19700000000000273,-0.011495344389519116,False
2012-03-27,0.17499999999999716,-0.010336904602386246,False
2012-03-28,0.17300000000000182,-0.010341428455150048,False
2012-03-29,0.17099999999999227,-0.010348803508196667,False
2012-03-30,0.13400000000000034,-0.00824045759727735,False
2012-04-02,0.14300000000000068,-0.009180635937788067,False
2012-04-03,0.15800000000000125,-0.010198936742717532,False
2012-04-04,0.17099999999999227,-0.011152645525807914,False
2012-04-05,0.21700000000001296,-0.014296371423719456,False
2012-04-06,0.19899999999999807,-0.013337850592568794,False
2012-04-09,0.18599999999999284,-0.013069001594883547,False
2012-04-10,0.20699999999999363,-0.014738780930859244,False
2012-04-11,0.1979999999999933,-0.014340540511579994,False
2012-04-12,0.16400000000000148,-0.012152246988228305,False
2012-04-13,0.1670000000000016,-0.012482197177964859,False
2012-04-16,0.1769999999999925,-0.013970291857030808,False
2012-04-17,0.15099999999999625,-0.012143240666625385,False
2012-04-18,0.1360000000000099,-0.011125694347323292,False
2012-04-19,0.14599999999998658,-0.012155884563576625,False
2012-04-20,0.11899999999999977,-0.010141488177875637,False
2012-04-23,0.11599999999999966,-0.010437991330106746,False
2012-04-24,0.10099999999999909,-0.0092945566396893,False
2012-04-25,0.09900000000000375,-0.009321699632059569,False
2012-04-26,0.08200000000000784,-0.007892832580179065,False
2012-04-27,0.04800000000000182,-0.0047331152462234795,False
2012-04-30,0.07200000000000273,-0.0075749889315233085,False
2012-05-01,0.07099999999999795,-0.007635072130292441,False
2012-05-02,0.0689999999999884,-0.0075711526008858014,False
2012-05-03,0.07200000000000273,-0.008083634239543488,False
2012-05-04,0.08899999999999864,-0.01020424189880241,False
2012-05-07,0.11200000000000898,-0.013860187729598614,False
2012-05-08,0.1110000000000042,-0.014094311345999441,False
2012-05-09,0.15200000000000102,-0.019756990442004036,False
2012-05-10,0.14500000000001023,-0.019395412824537838,False
2012-05-11,0.14000000000000057,-0.019258803647640103,False
2012-05-14,0.14200000000001012,-0.021395782764486917,False
2012-05-15,0.15899999999999181,-0.024590893297513162,False
2012-05-16,0.15200000000000102,-0.0243048497550241,False
2012-05-17,0.1570000000000107,-0.026029033693985182,False
2012-05-18,0.132000000000005,-0.022758362682710174,False
2012-05-21,0.14799999999999613,-0.02891342884791525,False
2012-05-22,0.15500000000000114,-0.03149606737569724,False
2012-05-23,0.14100000000000534,-0.02980135326459997,False
2012-05-24,0.14000000000000057,-0.030974577812261452,False
2012-05-25,0.12099999999999511,-0.028167585814990154,False
2012-05-28,0.12099999999999511,-0.03344900815530081,False
2012-05-29,0.10099999999999909,-0.02976067941374704,False
2012-05-30,0.06799999999999784,-0.021337615757854353,False
2012-05-31,0.08599999999999852,-0.02904660689549186,False
2012-06-01,0.08299999999999841,-0.030426564464744975,False
2012-06-04,0.1039999999999992,-0.051025003058004934,False
2012-06-05,0.08799999999999386,-0.048424251926714984,False
2012-06-06,0.058000000000006935,-0.0367118527086524,False
2012-06-07,0.05499999999999261,-0.0407501684813885,False
2012-06-08,0.05100000000000193,-0.04509338436569052,False
2012-06-11,0.03300000000000125,-0.0729575519697658,False
2012-06-12,0.02599999999999625,-0.11510145665803868,False
2012-06-13,-0.0010000000000047748,,False
2012-06-14,-0.001999999999995339,9.893046678894725e-05,False
2012-06-15,-0.022999999999996135,0.0011558831284432737,False
2012-06-18,-0.09199999999999875,0.004770263106006603,False
2012-06-19,0.2079999999999984,-0.010947668357171923,True
2012-06-20,0.15099999999999625,-0.008027637854270391,False
2012-06-21,0.1979999999999933,-0.01055575224961492,False
2012-06-22,0.18599999999999284,-0.010042536926181568,False
2012-06-25,0.16500000000000625,-0.00922239689521095,False
2012-06-26,0.1670000000000016,-0.009467940718622305,False
2012-06-27,0.19200000000000728,-0.010990579279433699,False
2012-06-28,0.20000000000000284,-0.011571630293703991,False
2012-06-29,0.12600000000000477,-0.007500642178268971,False
2012-07-02,0.13799999999999102,-0.008530671804376255,False
2012-07-03,0.09000000000000341,-0.00565121233557316,False
2012-07-04,0.09000000000000341,-0.005731943940367063,False
2012-07-05,0.12899999999999068,-0.008227331199486109,False
2012-07-06,0.1840000000000117,-0.01181947390317962,False
2012-07-09,0.18999999999999773,-0.012800363246068603,False
2012-07-10,0.15899999999999181,-0.010852174810612302,False
2012-07-11,0.1599999999999966,-0.011071375489491058,False
2012-07-12,0.14999999999999147,-0.010536631103210658,False
2012-07-13,0.125,-0.008960284875196243,False
2012-07-16,0.12000000000000455,-0.009074628251016993,False
2012-07-17,0.1360000000000099,-0.010471301377723636,False
2012-07-18,0.1280000000000001,-0.010027954640676415,False
2012-07-19,0.09700000000000841,-0.007757619579746067,False
2012-07-20,0.09499999999999886,-0.007683457930547211,False
2012-07-23,0.10899999999999466,-0.0093073798152556,False
2012-07-24,0.14000000000000057,-0.012145700873492236,False
2012-07-25,0.11700000000000443,-0.010419897086894357,False
2012-07-26,0.05099999999998772,-0.004680390784343362,False
2012-07-27,0.055999999999997385,-0.005254559500045385,False
2012-07-30,0.07399999999999807,-0.007407728391702712,False
2012-07-31,0.07499999999998863,-0.007697109260991993,False
2012-08-01,0.11999999999999034,-0.012537655904891422,False
2012-08-02,0.0899999999999892,-0.009601077425016188,False
2012-08-03,0.07099999999999795,-0.0078581738349948,False
2012-08-06,0.0379999999999967,-0.0045546372577861625,False
2012-08-07,0.04000000000000625,-0.004930766632895063,False
2012-08-08,0.044999999999987494,-0.005692520703618238,False
2012-08-09,0.07199999999998852,-0.009345196185110205,False
2012-08-10,0.07800000000000296,-0.010440721675004604,False
2012-08-13,0.05100000000000193,-0.007522488664743392,False
2012-08-14,0.04399999999999693,-0.006710447531695533,False
2012-08-15,0.0660000000000025,-0.01040196760838553,False
2012-08-16,0.060000000000002274,-0.009841551028442455,False
2012-08-17,0.06699999999999307,-0.01137845133949682,False
2012-08-20,0.04399999999999693,-0.008463768115941439,False
2012-08-21,0.01300000000000523,-0.0026328346946033316,False
2012-08-22,0.01099999999999568,-0.0023459817685362785,False
2012-08-23,0.0,0.0,False
2012-08-24,0.009999999999990905,-0.0023541446167140915,False
2012-08-27,0.03300000000000125,-0.009215366441836048,False
2012-08-28,0.01099999999999568,-0.0032890560040619004,False
2012-08-29,0.014999999999986358,-0.004794657306790654,False
2012-08-30,0.02199999999999136,-0.007559290537516247,False
2012-08-31,0.007999999999995566,-0.0029961255581806355,False
2012-09-03,0.007999999999995566,-0.003994834077574181,False
2012-09-04,0.0040000000000048885,-0.0022443307590169588,False
2012-09-05,0.0,0.0,False
2012-09-06,-0.007000000000005002,0.005255060695440594,False
2012-09-07,-0.018000000000000682,0.01637709699130107,False
2012-09-10,-0.013999999999995794,0.03180115255839628,False
2012-09-11,-0.021000000000000796,0.09600931910416717,False
2012-09-12,-0.013999999999995794,,False
2012-09-13,-0.025000000000005684,0.0012795649619358625,False
2012-09-14,-0.006000000000000227,0.00031210590394635583,False
2012-09-17,-0.1670000000000016,0.008989752670084202,False
2012-09-18,0.09700000000000841,-0.005249532575866987,True
2012-09-19,0.07199999999998852,-0.003953860791602019,False
2012-09-20,0.06699999999999307,-0.003707171219920443,False
2012-09-21,0.06999999999999318,-0.003924347790292302,False
2012-09-24,0.0589999999999975,-0.0034255493007885347,False
2012-09-25,0.055999999999997385,-0.00329177070208107,False
2012-09-26,0.06299999999998818,-0.0037353825441075158,False
2012-09-27,0.04399999999999693,-0.002654987806232655,False
2012-09-28,0.09000000000000341,-0.005473289597001144,False
2012-10-01,0.08500000000000796,-0.005392418598378381,False
2012-10-02,0.08599999999999852,-0.0055381770769927395,False
2012-10-03,0.09899999999998954,-0.006447520554983904,False
2012-10-04,0.0870000000000033,-0.00579327028328758,False
2012-10-05,0.09099999999999397,-0.0061496686603327395,False
2012-10-08,0.08199999999999363,-0.0057830943515799985,False
2012-10-09,0.11800000000000921,-0.008404860183092739,False
2012-10-10,0.09999999999999432,-0.00724052488052597,False
2012-10-11,0.08499999999999375,-0.006266005832787563,False
2012-10-12,0.07299999999999329,-0.005477843976529778,False
2012-10-15,0.06399999999999295,-0.005046721057183806,False
2012-10-16,0.0589999999999975,-0.004754442483940446,False
2012-10-17,0.042999999999992156,-0.0035450468275946578,False
2012-10-18,0.057999999999992724,-0.004846195667724805,False
2012-10-19,0.06700000000000728,-0.005683043499277426,False
2012-10-22,0.08400000000000318,-0.007539586517862172,False
2012-10-23,0.1039999999999992,-0.009480519480519407,False
2012-10-24,0.10099999999999909,-0.00940257375211527,False
2012-10-25,0.07399999999999807,-0.0070234945122608985,False
2012-10-26,0.08800000000000807,-0.008525927632606562,False
2012-10-29,0.08599999999999852,-0.008882306468152575,False
2012-10-30,0.055999999999997385,-0.005942826174369338,False
2012-10-31,0.06799999999999784,-0.007388105329020493,False
2012-11-01,0.08899999999999864,-0.009887155250707791,False
2012-11-02,0.09000000000000341,-0.010178724142632663,False
2012-11-05,0.0940000000000083,-0.011470347430171805,False
2012-11-06,0.10200000000000387,-0.012812570980198302,False
2012-11-07,0.10800000000000409,-0.013927630730529845,False
2012-11-08,0.09299999999998931,-0.012343079802945649,False
2012-11-09,0.07200000000000273,-0.009819769123328152,False
2012-11-12,0.07099999999999795,-0.010650671138181004,False
2012-11-13,0.055999999999997385,-0.008686561328652498,False
2012-11-14,0.04399999999999693,-0.0070723973929887616,False
2012-11-15,0.060000000000002274,-0.009996686030110944,False
2012-11-16,0.05299999999999727,-0.009150639054709423,False
2012-11-19,0.04800000000000182,-0.009413251407958423,False
2012-11-20,0.043000000000006366,-0.008807519640854277,False
2012-11-21,0.033999999999991815,-0.007298772088929164,False
2012-11-22,0.2669999999999959,-0.06018266926858096,False
2012-11-23,0.04400000000001114,-0.010534712073071325,False
2012-11-26,0.015000000000000568,-0.004263168714026025,False
2012-11-27,0.028000000000005798,-0.00847113431970004,False
2012-11-28,0.018000000000000682,-0.005840228417822785,False
2012-11-29,0.005000000000009663,-0.0017502352028436546,False
2012-11-30,0.009999999999990905,-0.0037943523404362365,False
2012-12-03,-0.010000000000005116,0.0050775685541336515,False
2012-12-04,-0.010000000000005116,0.0057293367154762215,False
2012-12-05,-0.010000000000005116,0.0065371417109076554,False
2012-12-06,-0.0049999999999954525,0.0037900971510895546,False
2012-12-07,-0.006000000000000227,0.005447625680953416,False
2012-12-10,0.001999999999995339,-0.004543757002354654,False
2012-12-11,-0.007000000000005002,0.031915956729230595,False
2012-12-12,-0.0049999999999954525,,False
2012-12-13,-0.015000000000000568,0.000761244520082285,False
2012-12-14,-0.01999999999999602,0.0010309511300917048,False
2012-12-17,-0.05499999999999261,0.002935749280722752,False
2012-12-18,0.028000000000005798,-0.001514546388170254,True
2012-12-19,0.04399999999999693,-0.002410581823792604,False
2012-12-20,0.049000000000006594,-0.002716957857910381,False
2012-12-21,0.09499999999999886,-0.005304920885920959,False
2012-12-24,0.10300000000000864,-0.005967597666930929,False
2012-12-25,0.07500000000000284,-0.004401047569898449,False
2012-12-26,0.08299999999999841,-0.004936283730321577,False
2012-12-27,0.09899999999998954,-0.005964205852001898,False
2012-12-28,0.10699999999999932,-0.006526707192245786,False
2012-12-31,0.10199999999998965,-0.006473980960965569,False
2013-01-01,0.1349999999999909,-0.008689187370973139,False
2013-01-02,0.10299999999999443,-0.006717759400752984,False
2013-01-03,0.13299999999999557,-0.008738132331089336,False
2013-01-04,0.1110000000000042,-0.007391251997635955,False
2013-01-07,0.11299999999999955,-0.007895313635088889,False
2013-01-08,0.09999999999999432,-0.00708947106718836,False
2013-01-09,0.12000000000000455,-0.008617550172144745,False
2013-01-10,0.07899999999999352,-0.005826836954048037,False
2013-01-11,0.04800000000000182,-0.0036077064068295744,False
2013-01-14,0.05200000000000671,-0.004114173740387064,False
2013-01-15,0.05299999999999727,-0.004251252191004399,False
2013-01-16,0.04999999999999716,-0.0040811087377318435,False
2013-01-17,0.06199999999999761,-0.005161828925173811,False
2013-01-18,0.0799999999999983,-0.0067494725240991715,False
2013-01-21,0.0799999999999983,-0.007146500319634417,False
2013-01-22,0.09900000000000375,-0.009036799919973333,False
2013-01-23,0.06999999999999318,-0.006518671976853615,False
2013-01-24,0.058000000000006935,-0.005512538486216449,False
2013-01-25,0.07199999999998852,-0.007005123229392679,False
2013-01-28,0.08799999999999386,-0.00914008113387025,False
2013-01-29,0.060000000000002274,-0.006396341876587646,False
2013-01-30,0.044999999999987494,-0.004929927496297807,False
2013-01-31,0.019000000000005457,-0.0021349852505927755,False
2013-02-01,0.010000000000005116,-0.0011530928160743878,False
2013-02-04,0.018999999999991246,-0.002355477767990978,False
2013-02-05,0.045000000000001705,-0.005736612475324926,False
2013-02-06,0.04599999999999227,-0.006013944183863066,False
2013-02-07,0.06500000000001194,-0.008694495404104151,False
2013-02-08,0.07000000000000739,-0.009639952490693087,False
2013-02-11,0.07899999999999352,-0.011956445118941495,False
2013-02-12,0.05700000000000216,-0.008949437934002913,False
2013-02-13,0.07600000000000762,-0.012358130973023625,False
2013-02-14,0.0799999999999983,-0.013428213780842068,False
2013-02-15,-0.0040000000000048885,0.000696905358343859,False
2013-02-18,-0.05100000000000193,0.010044527230031117,False
2013-02-19,0.07699999999999818,-0.015860698988142897,False
2013-02-20,0.08599999999999852,-0.018418605196991917,False
2013-02-21,0.09000000000000341,-0.020140770805999464,False
2013-02-22,0.10299999999999443,-0.024253039290631963,False
2013-02-25,0.10699999999999932,-0.029848704403438432,False
2013-02-26,0.06999999999999318,-0.020787568139286883,False
2013-02-27,0.06999999999999318,-0.022345479478889,False
2013-02-28,0.054000000000002046,-0.018489004623658937,False
2013-03-01,0.045000000000001705,-0.01661951480123427,False
2013-03-04,0.060000000000002274,-0.029582801450774125,False
2013-03-05,0.060000000000002274,-0.03332440624733835,False
2013-03-06,0.04800000000000182,-0.030335088451370645,False
2013-03-07,0.04200000000000159,-0.031111868782193745,False
2013-03-08,0.03499999999999659,-0.03088322394265452,False
2013-03-11,0.007000000000005002,-0.01546984742069403,False
2013-03-12,0.01099999999999568,-0.04861069071975814,False
2013-03-13,0.01300000000000523,,False
2013-03-14,0.017000000000010118,-0.0008344461523363406,False
2013-03-15,-0.0049999999999954525,0.0002492902399522155,False
2013-03-18,-0.12000000000000455,0.006167829166340673,False
2013-03-19,0.2219999999999942,-0.011456347329644324,True
2013-03-20,0.16899999999999693,-0.008853079496735602,False
2013-03-21,0.16500000000000625,-0.00875221530231689,False
2013-03-22,0.1529999999999916,-0.008252088179498313,False
2013-03-25,0.1670000000000016,-0.009296732073992649,False
2013-03-26,0.1670000000000016,-0.009409911845852596,False
2013-03-27,0.18999999999999773,-0.010797728724620733,False
2013-03-28,0.17900000000000205,-0.010335690443421567,False
2013-03-29,0.19899999999999807,-0.011643723073840184,False
2013-04-01,0.16599999999999682,-0.01015124160457619,False
2013-04-02,0.16799999999999216,-0.01039404481575778,False
2013-04-03,0.14300000000000068,-0.008998719025148871,False
2013-04-04,0.117999999999995,-0.00753913761157918,False
2013-04-05,0.10699999999999932,-0.006952994870575087,False
2013-04-08,0.11700000000000443,-0.007928175795533008,False
2013-04-09,0.10500000000000398,-0.00726609708302015,False
2013-04-10,0.10200000000000387,-0.0071514434851562714,False
2013-04-11,0.07800000000000296,-0.005577814131638191,False
2013-04-12,0.09499999999999886,-0.006898073234361732,False
2013-04-15,0.09000000000000341,-0.006864621309038615,False
2013-04-16,0.07399999999999807,-0.005791276891861636,False
2013-04-17,0.10699999999999932,-0.008423750338632338,False
2013-04-18,0.12199999999999989,-0.009792290412989235,False
2013-04-19,0.132000000000005,-0.010769647565630881,False
2013-04-22,0.14799999999999613,-0.012788753094205572,False
2013-04-23,0.13800000000000523,-0.012110210852788185,False
2013-04-24,-0.02200000000000557,0.001973810023612479,False
2013-04-25,0.09600000000000364,-0.008812168034766147,False
2013-04-26,0.06900000000000261,-0.0064895794386625755,False
2013-04-29,0.05499999999999261,-0.005550351572953683,False
2013-04-30,0.06100000000000705,-0.0063294179920358705,False
2013-05-01,0.038000000000010914,-0.004050907672017248,False
2013-05-02,0.057999999999992724,-0.006275266320879043,False
2013-05-03,0.06999999999999318,-0.007771153963135687,False
2013-05-06,0.06300000000000239,-0.0075443259909989315,False
2013-05-07,0.08199999999999363,-0.010097636350140576,False
2013-05-08,0.05499999999999261,-0.006998955822032087,False
2013-05-09,0.08199999999999363,-0.010621950137520245,False
2013-05-10,0.08799999999999386,-0.011694360674907972,False
2013-05-13,0.08799999999999386,-0.012843119614545578,False
2013-05-14,0.117999999999995,-0.017741239876638525,False
2013-05-15,0.13100000000000023,-0.020338949886597048,False
2013-05-16,0.13400000000000034,-0.021636863446662602,False
2013-05-17,0.13500000000000512,-0.02245834438589332,False
2013-05-20,0.10599999999999454,-0.02006361862841287,False
2013-05-21,0.09099999999999397,-0.017983118662052613,False
2013-05-22,0.10699999999999932,-0.022019700739552835,False
2013-05-23,0.0030000000000001137,-0.0006533179003138561,False
2013-05-24,0.057999999999992724,-0.013302735575296086,False
2013-05-27,0.057999999999992724,-0.015796998495664103,False
2013-05-28,0.07200000000000273,-0.02081452264411047,False
2013-05-29,0.045000000000001705,-0.014016059801855689,False
2013-05-30,0.024999999999991473,-0.008450083389587172,False
2013-05-31,0.02599999999999625,-0.00948230037209649,False
2013-06-03,0.031999999999996476,-0.015694874441002742,False
2013-06-04,0.03300000000000125,-0.018183437598126337,False
2013-06-05,0.018000000000000682,-0.011361199687351284,False
2013-06-06,0.0,0.0,False
2013-06-07,-0.009000000000000341,0.008045554739162686,False
2013-06-10,0.0049999999999954525,-0.01117561328090495,False
2013-06-11,-0.0030000000000001137,0.013500184934040704,False
2013-06-12,-0.0010000000000047748,,False
2013-06-13,-0.009999999999990905,0.0005022857441668359,False
2013-06-14,-0.01999999999999602,0.0010170176306273531,False
2013-06-17,-0.054000000000002046,0.002838814939512177,False
2013-06-18,0.13700000000000045,-0.007285466292425427,True
2013-06-19,0.1670000000000016,-0.008893372901584274,False
2013-06-20,0.18099999999999739,-0.009695525426594171,False
2013-06-21,0.19899999999999807,-0.010734669012770953,False
2013-06-24,0.2079999999999984,-0.011629889490008118,False
2013-06-25,0.2189999999999941,-0.012376904496469382,False
2013-06-26,0.25099999999999056,-0.01429573214309067,False
2013-06-27,0.25,-0.014439314685597966,False
2013-06-28,0.2400000000000091,-0.0140088274803306,False
2013-07-01,0.19899999999999807,-0.012117514617424413,False
2013-07-02,0.21999999999999886,-0.013502052379219616,False
2013-07-03,0.21999999999999886,-0.013746304503754915,False
2013-07-04,0.21999999999999886,-0.013945526308157161,False
2013-07-05,0.23999999999999488,-0.015211365042893643,False
2013-07-08,0.22100000000000364,-0.014701352856161542,False
2013-07-09,0.20100000000000762,-0.013521049822484322,False
2013-07-10,0.19299999999999784,-0.013274623111505934,False
2013-07-11,0.16900000000001114,-0.011999268586368874,False
2013-07-12,0.17499999999999716,-0.01259131040896753,False
2013-07-15,0.1529999999999916,-0.011573210582073104,False
2013-07-16,0.1389999999999958,-0.010771055571937735,False
2013-07-17,0.132000000000005,-0.010385769469545817,False
2013-07-18,0.132000000000005,-0.010559942137303758,False
2013-07-19,0.1039999999999992,-0.008499026283843232,False
2013-07-22,0.09799999999999898,-0.008520385206210146,False
2013-07-23,0.09500000000001307,-0.008453193564116227,False
2013-07-24,0.10900000000000887,-0.009853625916386773,False
2013-07-25,0.08299999999999841,-0.007691928793990728,False
2013-07-26,0.10699999999999932,-0.01016287665486651,False
2013-07-29,0.10000000000000853,-0.010145731621216507,False
2013-07-30,0.09000000000000341,-0.009325717945435396,False
2013-07-31,0.0870000000000033,-0.009272512890413876,False
2013-08-01,0.09100000000000819,-0.00982835662124771,False
2013-08-02,0.06999999999999318,-0.007791724609040692,False
2013-08-05,0.06100000000000705,-0.007344229114880227,False
2013-08-06,0.05500000000000682,-0.006828955998052341,False
2013-08-07,0.03599999999998715,-0.004616511582558901,False
2013-08-08,0.04999999999999716,-0.0066245165917820275,False
2013-08-09,0.04399999999999693,-0.005995646996016173,False
2013-08-12,0.04099999999999682,-0.006130131655483258,False
2013-08-13,0.046999999999997044,-0.007230357808933494,False
2013-08-14,0.046999999999997044,-0.007493805761253125,False
2013-08-15,0.02599999999999625,-0.004328216551300144,False
2013-08-16,0.036000000000001364,-0.006216828206421642,False
2013-08-19,0.034000000000006025,-0.006639985446608417,False
2013-08-20,0.027999999999991587,-0.0057398059473807665,False
2013-08-21,0.010000000000005116,-0.002139905246169345,False
2013-08-22,0.043000000000006366,-0.009625173246987234,False
2013-08-23,0.0309999999999917,-0.007316767198119154,False
2013-08-26,0.034000000000006025,-0.009523765670855435,False
2013-08-27,0.034000000000006025,-0.010188834154353201,False
2013-08-28,0.034000000000006025,-0.010881097053074676,False
2013-08-29,0.05500000000000682,-0.01883139359817276,False
2013-08-30,0.05499999999999261,-0.02036615454537803,False
2013-09-02,0.05499999999999261,-0.027154872727170702,False
2013-09-03,0.03999999999999204,-0.022147789468570007,False
2013-09-04,0.036000000000001364,-0.02283489881567944,False
2013-09-05,0.0350000000000108,-0.025755632973669663,False
2013-09-06,0.021000000000000796,-0.01865712512322536,False
2013-09-09,0.0030000000000001137,-0.006693481343831248,False
2013-09-10,-0.001999999999995339,0.00892213300087142,False
2013-09-11,0.0040000000000048885,,False
2013-09-12,0.001999999999995339,-9.953382718450143e-05,False
2013-09-13,-0.0040000000000048885,0.0002014106470636789,False
2013-09-16,-0.22299999999999898,0.011674233870782622,False
2013-09-17,0.15200000000000102,-0.008028856416174986,True
2013-09-18,0.13000000000000966,-0.007028767434158228,False
2013-09-19,0.10800000000000409,-0.0059013389542266715,False
2013-09-20,0.11800000000000921,-0.006520799791916291,False
2013-09-23,0.12199999999999989,-0.006995952465228789,False
2013-09-24,0.12699999999999534,-0.007365161380528566,False
2013-09-25,0.10899999999999466,-0.006423036332412844,False
2013-09-26,0.1150000000000091,-0.00684916083706182,False
2013-09-27,0.0899999999999892,-0.0054493200791264585,False
2013-09-30,0.10199999999998965,-0.006437550058305603,False
2013-10-01,0.10899999999999466,-0.0069825808433150015,False
2013-10-02,0.08899999999999864,-0.005801690589598838,False
2013-10-03,0.09700000000000841,-0.006426319941249781,False
2013-10-04,0.09799999999999898,-0.006557334975875098,False
2013-10-07,0.08499999999999375,-0.00596440772133628,False
2013-10-08,0.07200000000000273,-0.005124357310437972,False
2013-10-09,0.0899999999999892,-0.00648011049919853,False
2013-10-10,0.09999999999999432,-0.00731161962590908,False
2013-10-11,0.09000000000000341,-0.006693737758712709,False
2013-10-14,0.04800000000000182,-0.0037612402475034907,False
2013-10-15,0.07900000000000773,-0.00627943040655535,False
2013-10-16,0.09300000000000352,-0.007524058367808266,False
2013-10-17,0.06900000000000261,-0.005744111629859106,False
2013-10-18,0.0730000000000075,-0.0061889438449455846,False
2013-10-21,0.056000000000011596,-0.00502544562106523,False
2013-10-22,0.060000000000002274,-0.005524025728339217,False
2013-10-23,0.06499999999999773,-0.006103488931782462,False
2013-10-24,0.060000000000002274,-0.005757461038551546,False
2013-10-25,0.0519999999999925,-0.00509590120932267,False
2013-10-28,0.060000000000002274,-0.00627603551720288,False
2013-10-29,0.06300000000000239,-0.006712281183136506,False
2013-10-30,0.060000000000002274,-0.00653116439030263,False
2013-10-31,0.06800000000001205,-0.0075422779320314945,False
2013-11-01,0.0940000000000083,-0.010614404157902185,False
2013-11-04,0.0870000000000033,-0.010642897361647764,False
2013-11-05,0.08100000000000307,-0.01016562070630214,False
2013-11-06,0.0759999999999934,-0.009838397057701311,False
2013-11-07,0.009000000000000341,-0.0011949643438645854,False
2013-11-08,0.08400000000000318,-0.011415716380883241,False
2013-11-11,0.10900000000000887,-0.016332101806241065,False
2013-11-12,0.060000000000002274,-0.009294200927892632,False
2013-11-13,0.05700000000000216,-0.00917520608381688,False
2013-11-14,0.06300000000000239,-0.010503251691619996,False
2013-11-15,0.04899999999999238,-0.008503110279419869,False
2013-11-18,0.000999999999990564,-0.00019634233065154235,False
2013-11-19,0.04000000000000625,-0.008219017681022334,False
2013-11-20,0.060000000000002274,-0.012847498433661637,False
2013-11-21,0.04400000000001114,-0.009899281285059892,False
2013-11-22,0.034000000000006025,-0.008089444090274674,False
2013-11-25,0.042999999999992156,-0.01211587391771329,False
2013-11-26,0.027000000000001023,-0.008147523500087116,False
2013-11-27,0.025000000000005684,-0.008071949599190838,False
2013-11-28,0.16500000000000625,-0.05737293407423784,False
2013-11-29,-0.023000000000010346,0.008673560054721204,False
2013-12-02,0.016999999999995907,-0.008517758943988023,False
2013-12-03,0.027000000000001023,-0.015280396437520737,False
2013-12-04,0.009000000000000341,-0.0058203814343123,False
2013-12-05,0.006000000000000227,-0.004548796749791426,False
2013-12-06,0.0,0.0,False
2013-12-09,0.006000000000000227,-0.013663588719740972,False
2013-12-10,-0.001999999999995339,0.009129108098623115,False
2013-12-11,-0.0040000000000048885,,False
2013-12-12,0.001999999999995339,-0.00010112596138904108,False
2013-12-13,0.006000000000000227,-0.00030674073264815054,False
2013-12-16,-0.028999999999996362,0.0015376525123220912,False
2013-12-17,0.1529999999999916,-0.008190590171291343,True
2013-12-18,0.14300000000000068,-0.007743109455924765,False
2013-12-19,0.15800000000000125,-0.008600525784874477,False
2013-12-20,0.17499999999999716,-0.00964660575398308,False
2013-12-23,0.1700000000000017,-0.009742895890131007,False
2013-12-24,0.13800000000000523,-0.008004675989404953,False
2013-12-25,0.11599999999999966,-0.0068159522258736185,False
2013-12-26,0.16900000000001114,-0.010063416572751897,False
2013-12-27,0.1460000000000008,-0.008822336454013474,False
2013-12-30,0.12199999999999989,-0.007719131102845931,False
2013-12-31,0.15399999999999636,-0.009872802265211585,False
2014-01-01,0.08099999999998886,-0.005267020948722204,False
2014-01-02,0.15800000000000125,-0.010345560002095387,False
2014-01-03,0.16400000000000148,-0.010873869651622096,False
2014-01-06,0.15399999999999636,-0.010701794801985128,False
2014-01-07,0.14700000000000557,-0.010352671956038919,False
2014-01-08,0.14000000000000057,-0.009993729961202463,False
2014-01-09,0.13000000000000966,-0.00943270574530373,False
2014-01-10,0.09600000000000364,-0.007113285156255027,False
2014-01-13,0.09799999999999898,-0.007650620113024625,False
2014-01-14,0.09399999999999409,-0.007453685479238269,False
2014-01-15,0.11700000000000443,-0.00939797502852108,False
2014-01-16,0.1110000000000042,-0.009091918930109374,False
2014-01-17,0.13700000000000045,-0.011381462089409327,False
2014-01-20,0.13700000000000045,-0.012050959859374582,False
2014-01-21,0.1280000000000001,-0.011503705709994348,False
2014-01-22,0.13800000000000523,-0.012643246831972304,False
2014-01-23,0.0870000000000033,-0.00821561626823999,False
2014-01-24,0.08299999999999841,-0.008003060156753629,False
2014-01-27,0.08799999999999386,-0.009055723713590397,False
2014-01-28,0.08899999999999864,-0.009366392455447863,False
2014-01-29,0.07600000000000762,-0.008196425838302535,False
2014-01-30,0.10800000000000409,-0.01184170328272367,False
2014-01-31,0.09199999999999875,-0.01031288773141025,False
2014-02-03,0.10099999999999909,-0.012283952057099524,False
2014-02-04,0.10300000000000864,-0.012857105726825116,False
2014-02-05,0.09300000000000352,-0.011954506315339515,False
2014-02-06,0.09599999999998943,-0.012722997398755638,False
2014-02-07,0.06699999999999307,-0.009176312019373058,False
2014-02-10,0.08500000000000796,-0.012810666402402708,False
2014-02-11,0.06599999999998829,-0.010293041920750725,False
2014-02-12,0.06199999999999761,-0.010009961304842083,False
2014-02-13,0.05500000000000682,-0.009250273937129697,False
2014-02-14,0.043000000000006366,-0.007528827325782755,False
2014-02-17,0.043000000000006366,-0.008510848281319636,False
2014-02-18,0.038000000000010914,-0.00787615303019172,False
2014-02-19,0.04200000000000159,-0.009103833586910776,False
2014-02-20,0.030000000000001137,-0.00681682354698965,False
2014-02-21,0.03300000000000125,-0.007897687410253852,False
2014-02-24,0.02599999999999625,-0.007393268931130128,False
2014-02-25,0.028000000000005798,-0.008499137196201264,False
2014-02-26,0.033999999999991815,-0.011016598578580939,False
2014-02-27,0.021000000000000796,-0.007342108741755372,False
2014-02-28,0.028999999999996362,-0.011064768355910972,False
2014-03-03,0.01300000000000523,-0.00658287204672786,False
2014-03-04,0.015000000000000568,-0.008535163313919732,False
2014-03-05,0.008000000000009777,-0.005206670958015989,False
2014-03-06,0.0020000000000095497,-0.0015272286031161439,False
2014-03-07,0.0030000000000001137,-0.0027470459847972746,False
2014-03-10,0.0010000000000047748,-0.002287856184744342,False
2014-03-11,-0.0010000000000047748,0.004577663510399985,False
2014-03-12,0.003999999999990678,,False
2014-03-13,0.006000000000000227,-0.00030559532481016567,False
2014-03-14,-0.007999999999995566,0.0004130137813644195,False
2014-03-17,-0.07399999999999807,0.003959977398366585,False
2014-03-18,0.12999999999999545,-0.007017943454159051,True
2014-03-19,0.13799999999999102,-0.007483095068733457,False
2014-03-20,0.16100000000000136,-0.008811270869697175,False
2014-03-21,0.1559999999999917,-0.008651652034019039,False
2014-03-24,0.14499999999999602,-0.008365947487615245,False
2014-03-25,0.14399999999999125,-0.008413821719185309,False
2014-03-26,0.13700000000000045,-0.0081005823250332,False
2014-03-27,0.14099999999999113,-0.008438058274330066,False
2014-03-28,0.15899999999999181,-0.009632165307773203,False
2014-03-31,0.15400000000001057,-0.00972779480704386,False
2014-04-01,0.15500000000000114,-0.009929481811804494,False
2014-04-02,0.15699999999999648,-0.010185672337914183,False
2014-04-03,0.16500000000000625,-0.010823736197377913,False
2014-04-04,0.14799999999999613,-0.009859772929538687,False
2014-04-07,0.12300000000000466,-0.008595511264916107,False
2014-04-08,0.08299999999999841,-0.005929221206237753,False
2014-04-09,0.06900000000000261,-0.005025101564515731,False
2014-04-10,0.06700000000000728,-0.004964575001523103,False
2014-04-11,0.07099999999999795,-0.005342304309115077,False
2014-04-14,0.07600000000000762,-0.005993056350717542,False
2014-04-15,0.08500000000000796,-0.006813266643476942,False
2014-04-16,0.0799999999999983,-0.006527403470432513,False
2014-04-17,0.07500000000000284,-0.006229143745883028,False
2014-04-18,0.056000000000011596,-0.00473722536724024,False
2014-04-21,0.08500000000000796,-0.007601316173102466,False
2014-04-22,0.09000000000000341,-0.008213013313332393,False
2014-04-23,0.0799999999999983,-0.007455036809244086,False
2014-04-24,0.07799999999998875,-0.0074254791742293085,False
2014-04-25,0.06900000000000261,-0.006713411308599659,False
2014-04-28,0.07899999999999352,-0.0082162045722381,False
2014-04-29,0.07299999999999329,-0.00775717833766028,False
2014-04-30,0.057999999999992724,-0.00633767061116979,False
2014-05-01,0.0519999999999925,-0.005817198372286984,False
2014-05-02,0.046999999999997044,-0.005390382464210412,False
2014-05-05,0.04399999999999693,-0.005457739897573541,False
2014-05-06,0.03300000000000125,-0.004228487896940905,False
2014-05-07,0.04099999999999682,-0.005395699665224631,False
2014-05-08,0.04099999999999682,-0.005543274210013541,False
2014-05-09,0.057999999999992724,-0.008022850533573505,False
2014-05-12,0.06400000000000716,-0.009737593530504017,False
2014-05-13,0.06999999999999318,-0.010983686967929574,False
2014-05-14,0.06200000000001182,-0.010085659021831159,False
2014-05-15,0.06099999999999284,-0.010299630665836492,False
2014-05-16,0.06399999999999295,-0.011215768140879568,False
2014-05-19,0.05500000000000682,-0.010903783816667874,False
2014-05-20,0.05200000000000671,-0.010771568960176094,False
2014-05-21,0.05500000000000682,-0.011927041558983149,False
2014-05-22,0.05100000000000193,-0.011590187410497915,False
2014-05-23,0.05700000000000216,-0.013610938471100576,False
2014-05-26,0.05700000000000216,-0.016162989434431937,False
2014-05-27,0.05299999999999727,-0.016039632692825073,False
2014-05-28,0.049000000000006594,-0.0158459439345097,False
2014-05-29,0.04600000000000648,-0.016035987851237193,False
2014-05-30,0.03499999999999659,-0.013240427507751227,False
2014-06-02,0.04599999999999227,-0.02312003414989766,False
2014-06-03,0.03900000000000148,-0.022078530393459327,False
2014-06-04,0.043000000000006366,-0.027781612979743627,False
2014-06-05,0.03200000000001069,-0.024211368564199306,False
2014-06-06,0.018000000000000682,-0.016337797008467922,False
2014-06-09,0.028999999999996362,-0.06559703527427847,False
2014-06-10,0.02600000000001046,-0.11738366771397245,False
2014-06-11,0.021000000000000796,,False
2014-06-12,0.014000000000010004,-0.0007045263404618234,False
2014-06-13,0.0800000000000125,-0.004067767898736618,False
2014-06-16,-0.0030000000000001137,0.0001582313235017071,False
2014-06-17,0.08699999999998909,-0.0046284285060467665,True
2014-06-18,0.08599999999999852,-0.0046323351455369996,False
2014-06-19,0.07900000000000773,-0.004321230391490259,False
2014-06-20,0.06900000000000261,-0.0038181293910005474,False
2014-06-23,0.06599999999998829,-0.003795672145942212,False
2014-06-24,0.0660000000000025,-0.00384170454947776,False
2014-06-25,0.04000000000000625,-0.0023623047356932567,False
2014-06-26,0.0589999999999975,-0.003529631200661228,False
2014-06-27,0.046999999999997044,-0.0028560963630761796,False
2014-06-30,0.036000000000001364,-0.0022866522158600557,False
2014-07-01,0.030000000000001137,-0.0019315592975475222,False
2014-07-02,0.028999999999996362,-0.0018905330463745294,False
2014-07-03,0.06900000000000261,-0.004546530312278295,False
2014-07-04,0.012000000000000455,-0.0008023288786373461,False
2014-07-07,0.04899999999999238,-0.0034279821863755135,False
2014-07-08,0.04200000000000159,-0.0029858920980791698,False
2014-07-09,0.049000000000006594,-0.003546749067850967,False
2014-07-10,0.043000000000006366,-0.003157604606341026,False
2014-07-11,0.04200000000000159,-0.003132426870705675,False
2014-07-14,0.04200000000000159,-0.0032944078876679076,False
2014-07-15,0.055999999999997385,-0.004457604992517383,False
2014-07-16,0.0660000000000025,-0.005335548172757678,False
2014-07-17,0.06499999999999773,-0.0053538989247067315,False
2014-07-18,0.07099999999999795,-0.005954555585425816,False
2014-07-21,0.06699999999999307,-0.005947260891779665,False
2014-07-22,0.08399999999998897,-0.007583008718233099,False
2014-07-23,0.09200000000001296,-0.008469457114862215,False
2014-07-24,0.09000000000000341,-0.008453039697636248,False
2014-07-25,0.09600000000000364,-0.009189915745992545,False
2014-07-28,0.0969999999999942,-0.009919122937169237,False
2014-07-29,0.10099999999999909,-0.01054326485144612,False
2014-07-30,0.08400000000000318,-0.008955297119584224,False
2014-07-31,0.06699999999999307,-0.0073165047242383695,False
2014-08-01,0.07499999999998863,-0.008409931553140277,False
2014-08-04,0.07699999999999818,-0.009331055765549741,False
2014-08-05,0.28300000000000125,-0.03515831879961731,False
2014-08-06,0.06300000000000239,-0.008060657366852231,False
2014-08-07,0.08100000000000307,-0.010655705208375032,False
2014-08-08,0.06499999999999773,-0.008826323985800192,False
2014-08-11,0.06900000000000261,-0.010296191819464423,False
2014-08-12,0.05500000000000682,-0.008488031136171057,False
2014-08-13,0.06099999999999284,-0.009738033131617353,False
2014-08-14,0.05900000000001171,-0.009768792393997952,False
2014-08-15,0.044999999999987494,-0.007754247250249712,False
2014-08-18,0.05500000000000682,-0.010692336085024439,False
2014-08-19,0.054000000000002046,-0.01093412122617529,False
2014-08-20,0.054000000000002046,-0.011407042155705689,False
2014-08-21,0.054000000000002046,-0.011987884390814,False
2014-08-22,0.04099999999999682,-0.009561304477552074,False
2014-08-25,0.04399999999999693,-0.0121529669584581,False
2014-08-26,0.028999999999996362,-0.008535016953114795,False
2014-08-27,0.021000000000000796,-0.006640468653349596,False
2014-08-28,0.03900000000000148,-0.013270153667168081,False
2014-08-29,0.03499999999999659,-0.012859926957626925,False
2014-09-01,0.03499999999999659,-0.0171465692768359,False
2014-09-02,0.018000000000000682,-0.009893386338995676,False
2014-09-03,0.023000000000010346,-0.014468749569132487,False
2014-09-04,0.014000000000010004,-0.010158964938655859,False
2014-09-05,0.018000000000000682,-0.01568824098284382,False
2014-09-08,0.009000000000000341,-0.019497631794495106,False
2014-09-09,0.006000000000000227,-0.025983579327038146,False
2014-09-10,0.010000000000005116,,False
2014-09-11,0.006000000000000227,-0.0002886379452141566,False
2014-09-12,0.0,0.0,False
2014-09-15,-0.013999999999995794,0.000705265337105578,False
2014-09-16,0.15699999999999648,-0.008003899640135106,True
2014-09-17,0.14100000000000534,-0.007251835468936802,False
2014-09-18,0.10700000000001353,-0.005573163196432053,False
2014-09-19,0.12999999999999545,-0.006818576993876694,False
2014-09-22,0.1110000000000042,-0.0060432473665300804,False
2014-09-23,0.12099999999999511,-0.00667875238818488,False
2014-09-24,0.117999999999995,-0.0065686178069476325,False
2014-09-25,0.10800000000000409,-0.006080492017002162,False
2014-09-26,0.12699999999999534,-0.007206345875064348,False
2014-09-29,0.125,-0.007392791958975636,False
2014-09-30,0.11099999999999,-0.006631652501735679,False
2014-10-01,0.1039999999999992,-0.006300080327683793,False
2014-10-02,0.08899999999999864,-0.005494189537277024,False
2014-10-03,0.12899999999999068,-0.007975150254980653,False
2014-10-06,0.11599999999999966,-0.007570366503005596,False
2014-10-07,0.10600000000000875,-0.007047625848120146,False
2014-10-08,0.10999999999999943,-0.007461936226557355,False
2014-10-09,0.13299999999999557,-0.009141134445948464,False
2014-10-10,0.11899999999999977,-0.008276658185164272,False
2014-10-13,0.1950000000000074,-0.014314686999589857,False
2014-10-14,0.11899999999999977,-0.00886675211900778,False
2014-10-15,0.09399999999999409,-0.007187604221308208,False
2014-10-16,0.08599999999999852,-0.006711201334970932,False
2014-10-17,0.10299999999999443,-0.008170158352641805,False
2014-10-20,0.08499999999999375,-0.007153664636201328,False
2014-10-21,0.10099999999999909,-0.008633085101400326,False
2014-10-22,0.11299999999999955,-0.009804257156073656,False
2014-10-23,0.10299999999999443,-0.009113038031631774,False
2014-10-24,0.08599999999999852,-0.0077824272346771126,False
2014-10-27,0.0660000000000025,-0.006398943443859009,False
2014-10-28,0.06499999999999773,-0.00645518685487221,False
2014-10-29,0.08400000000000318,-0.00848482030777846,False
2014-10-30,0.08499999999999375,-0.008775249525386343,False
2014-10-31,0.09900000000000375,-0.010381711409396366,False
2014-11-03,0.09799999999999898,-0.011060404278338654,False
2014-11-04,0.10800000000000409,-0.012572911404032995,False
2014-11-05,0.12299999999999045,-0.01464837536645296,False
2014-11-06,0.12199999999999989,-0.014860393064571445,False
2014-11-07,0.08400000000000318,-0.010590827224436817,False
2014-11-10,0.10099999999999909,-0.01397815214629935,False
2014-11-11,0.18799999999998818,-0.0269748503351791,False
2014-11-12,0.08400000000000318,-0.012456487611767587,False
2014-11-13,0.07799999999998875,-0.012016187032139351,False
2014-11-14,0.06799999999999784,-0.01089830676669773,False
2014-11-17,0.08400000000000318,-0.015146500150675151,False
2014-11-18,0.06999999999999318,-0.013250768855764998,False
2014-11-19,0.06399999999999295,-0.01268234260675206,False
2014-11-20,0.07600000000000762,-0.015821232618888965,False
2014-11-21,0.09499999999999886,-0.0206436287540295,False
2014-11-24,0.05500000000000682,-0.014224514205384616,False
2014-11-25,0.04200000000000159,-0.011618653509470438,False
2014-11-26,0.04200000000000159,-0.012493011899736922,False
2014-11-27,0.04200000000000159,-0.0134540128151013,False
2014-11-28,0.05700000000000216,-0.01960967278567706,False
2014-12-01,0.036000000000001364,-0.016594303380237495,False
2014-12-02,0.055999999999997385,-0.028803986336424704,False
2014-12-03,0.03699999999999193,-0.02167907267184266,False
2014-12-04,0.03100000000000591,-0.021252418249097797,False
2014-12-05,0.02599999999999625,-0.021239928379585115,False
2014-12-08,0.006000000000000227,-0.012296876930160943,False
2014-12-09,0.001999999999995339,-0.008230731069299358,False
2014-12-10,0.016000000000005343,,False
2014-12-11,0.019000000000005457,-0.0008688973586023959,False
2014-12-12,-0.018000000000000682,0.0008355902962148839,False
2014-12-15,0.10999999999999943,-0.005271090268897784,True
2014-12-16,0.17199999999999704,-0.008364816871401124,False
2014-12-17,0.19299999999999784,-0.009388430606776783,False
2014-12-18,0.24200000000000443,-0.011893747750482233,False
2014-12-19,0.242999999999995,-0.012039562576812284,False
2014-12-22,0.17900000000000205,-0.009194380331695801,False
2014-12-23,0.26200000000000045,-0.013573341463428507,False
2014-12-24,0.2560000000000002,-0.01345007917611357,False
2014-12-25,0.38800000000000523,-0.020653503570393403,False
2014-12-26,0.28000000000000114,-0.015088768316539387,False
2014-12-29,0.3059999999999974,-0.01714164161951895,False
2014-12-30,0.2879999999999967,-0.01639986464495257,False
2014-12-31,0.3780000000000001,-0.02174368704976448,False
2015-01-01,0.3710000000000093,-0.021650316412943696,False
2015-01-02,0.30299999999999727,-0.017797588816557946,False
2015-01-05,0.24399999999999977,-0.014954419748028256,False
2015-01-06,0.23900000000000432,-0.01485804001613317,False
2015-01-07,0.22499999999999432,-0.014151565201882382,False
2015-01-08,0.23400000000000887,-0.014876359529614289,False
2015-01-09,0.2120000000000033,-0.013766314586084778,False
2015-01-12,0.2009999999999934,-0.013721619729057178,False
2015-01-13,0.19199999999999307,-0.013291320016977816,False
2015-01-14,0.1839999999999975,-0.012987012987012813,False
2015-01-15,0.2560000000000002,-0.0183451655462713,False
2015-01-16,0.37000000000000455,-0.02692352164846546,False
2015-01-19,0.37000000000000455,-0.028507258216022253,False
2015-01-20,0.30299999999999727,-0.02369495120461901,False
2015-01-21,0.2360000000000042,-0.018874373885264126,False
2015-01-22,0.2849999999999966,-0.022966739789321698,False
2015-01-23,0.2909999999999968,-0.023775089865877477,False
2015-01-26,0.3129999999999882,-0.027298294409159173,False
2015-01-27,0.22799999999999443,-0.020534205169328967,False
2015-01-28,0.2600000000000051,-0.023853007162940382,False
2015-01-29,0.2289999999999992,-0.021457079039115038,False
2015-01-30,0.19400000000000261,-0.01863460283374412,False
2015-02-02,0.22999999999998977,-0.023950418212245004,False
2015-02-03,0.12400000000000944,-0.01341409054481582,False
2015-02-04,0.17900000000000205,-0.019823865403433408,False
2015-02-05,0.1629999999999967,-0.018668682426241145,False
2015-02-06,0.1530000000000058,-0.017841379925069754,False
2015-02-09,0.13299999999999557,-0.0171086112227127,False
2015-02-10,0.09499999999999886,-0.012605712578119823,False
2015-02-11,0.10500000000000398,-0.014394258071301418,False
2015-02-12,0.1039999999999992,-0.014925220555913239,False
2015-02-13,0.07800000000000296,-0.01161446345421612,False
2015-02-16,0.07800000000000296,-0.013129393469983439,False
2015-02-17,0.08599999999999852,-0.01515521664862563,False
2015-02-18,0.05900000000001171,-0.010879575951668245,False
2015-02-19,0.08800000000000807,-0.0169961478220394,False
2015-02-20,0.0870000000000033,-0.0177158765049157,False
2015-02-23,0.08799999999999386,-0.02120815153659909,False
2015-02-24,0.06800000000001205,-0.01749840490970865,False
2015-02-25,0.02200000000000557,-0.006086607190232651,False
2015-02-26,0.04399999999999693,-0.012958217414035928,False
2015-02-27,0.027999999999991587,-0.008934722324214085,False
2015-03-02,0.016999999999995907,-0.00722090139658227,False
2015-03-03,0.025000000000005684,-0.011955234361901091,False
2015-03-04,0.021000000000000796,-0.011407913654074986,False
2015-03-05,0.016000000000005343,-0.01009744728233768,False
2015-03-06,-0.01099999999999568,0.00822712183926565,False
2015-03-09,-0.007999999999995566,0.01496208239392489,False
2015-03-10,-0.0030000000000001137,0.011103787456269752,False
2015-03-11,-0.010000000000005116,,False
2015-03-12,-0.02400000000000091,0.0009791002337099215,False
2015-03-13,-0.016000000000005343,0.0006541258202056721,False
2015-03-16,-0.12199999999999989,0.005204868193989045,False
2015-03-17,0.3640000000000043,-0.01563856390288477,True
2015-03-18,0.23100000000000875,-0.010161367064516839,False
2015-03-19,0.32399999999999807,-0.014307712856567572,False
2015-03-20,0.26200000000000045,-0.011879470639956034,False
2015-03-23,0.26500000000000057,-0.012583681972986057,False
2015-03-24,0.2530000000000001,-0.012149398193976736,False
2015-03-25,0.21800000000000352,-0.010631774883758141,False
2015-03-26,0.2459999999999951,-0.012094831887359278,False
2015-03-27,0.2289999999999992,-0.011428083128247156,False
2015-03-30,0.3060000000000116,-0.01578382393341601,False
2015-03-31,0.30400000000000205,-0.015840270232497757,False
2015-04-01,0.28999999999999204,-0.015355601494214936,False
2015-04-02,0.23699999999999477,-0.012835641908960362,False
2015-04-03,0.2560000000000002,-0.014195283592719337,False
2015-04-06,0.1839999999999975,-0.01065614803096869,False
2015-04-07,0.2259999999999991,-0.01314459339561062,False
2015-04-08,0.1910000000000025,-0.011276633292102557,False
2015-04-09,0.23999999999999488,-0.014215033208978534,False
2015-04-10,0.2580000000000098,-0.01550032623602692,False
2015-04-13,0.2780000000000058,-0.017535509969336123,False
2015-04-14,0.20699999999999363,-0.013397274265104437,False
2015-04-15,0.20600000000000307,-0.013627795700873803,False
2015-04-16,0.19899999999999807,-0.01352916962358218,False
2015-04-17,0.1869999999999976,-0.012936447557303627,False
2015-04-20,0.2189999999999941,-0.015967328251593606,False
2015-04-21,0.2009999999999934,-0.014941194440201129,False
2015-04-22,0.20600000000000307,-0.015636041043412235,False
2015-04-23,0.17599999999998772,-0.01373297487361463,False
2015-04-24,0.1770000000000067,-0.01415642249750418,False
2015-04-27,0.17600000000000193,-0.015060707027986259,False
2015-04-28,0.10200000000000387,-0.009000706421277885,False
2015-04-29,0.11299999999999955,-0.010302173784895464,False
2015-04-30,0.11400000000000432,-0.010715185176220266,False
2015-05-01,0.14799999999999613,-0.01414951018911378,False
2015-05-04,0.15699999999999648,-0.01619439948747607,False
2015-05-05,0.12600000000000477,-0.013418835738745494,False
2015-05-06,0.08799999999999386,-0.009744776062800338,False
2015-05-07,0.11399999999999011,-0.012916479640013705,False
2015-05-08,0.10999999999999943,-0.012819972463401547,False
2015-05-11,0.08899999999999864,-0.011386260077111639,False
2015-05-12,0.07199999999998852,-0.009578746554674963,False
2015-05-13,0.02599999999999625,-0.0036193690017248758,False
2015-05-14,0.04800000000000182,-0.0069396170139448534,False
2015-05-15,0.045000000000001705,-0.006779682005052513,False
2015-05-18,0.04800000000000182,-0.00808048383280624,False
2015-05-19,0.09600000000000364,-0.016701732042063832,False
2015-05-20,0.06100000000000705,-0.01110092342332364,False
2015-05-21,0.07399999999999807,-0.014166727858258923,False
2015-05-22,0.09600000000000364,-0.019188539447673077,False
2015-05-25,0.09600000000000364,-0.02278639059411178,False
2015-05-26,0.10799999999998988,-0.026979580522957833,False
2015-05-27,0.10300000000000864,-0.027549471067744916,False
2015-05-28,0.09399999999999409,-0.027192025152027153,False
2015-05-29,0.07900000000000773,-0.024775912674683993,False
2015-06-01,0.08100000000000307,-0.03370164045428092,False
2015-06-02,0.043000000000006366,-0.020462201965000214,False
2015-06-03,0.04399999999999693,-0.024021670358663105,False
2015-06-04,0.031999999999996476,-0.020385438374189234,False
2015-06-05,0.05500000000000682,-0.041666234264904865,False
2015-06-08,0.0239999999999867,-0.045949036433993604,False
2015-06-09,0.006000000000000227,-0.02301096961291223,False
2015-06-10,0.0049999999999954525,,False
2015-06-11,0.0040000000000048885,-0.0001707961910111818,False
2015-06-12,0.015000000000000568,-0.0006476344545315317,False
2015-06-15,0.3190000000000026,-0.014232204152647672,True
2015-06-16,0.26300000000000523,-0.011855230219568065,False
2015-06-17,0.1939999999999884,-0.008921327023771193,False
2015-06-18,0.19899999999999807,-0.009285984676814785,False
2015-06-19,0.18700000000001182,-0.00882953632871415,False
2015-06-22,0.18600000000000705,-0.009092388389225282,False
2015-06-23,0.21299999999999386,-0.010421148719020761,False
2015-06-24,0.15400000000001057,-0.007650548114612025,False
2015-06-25,0.20000000000000284,-0.010069782211302246,False
2015-06-26,0.17900000000000205,-0.009107414803121173,False
2015-06-29,0.1599999999999966,-0.008542507752618155,False
2015-06-30,0.17600000000000193,-0.009458282188084758,False
2015-07-01,0.19899999999999807,-0.010751772965659647,False
2015-07-02,0.1770000000000067,-0.009723796321800005,False
2015-07-03,0.1770000000000067,-0.009866793326532357,False
2015-07-06,0.17900000000000205,-0.010418585218796787,False
2015-07-07,0.21099999999999852,-0.01239605438007326,False
2015-07-08,0.17799999999999727,-0.010689835820443501,False
2015-07-09,0.18200000000000216,-0.011070087334207118,False
2015-07-10,0.14699999999999136,-0.009146010938052392,False
2015-07-13,0.14000000000000057,-0.009083016997862061,False
2015-07-14,0.14100000000000534,-0.009328966945384974,False
2015-07-15,0.11299999999999955,-0.007571190669546915,False
2015-07-16,0.13799999999999102,-0.009363619632927655,False
2015-07-17,0.12700000000000955,-0.008760431537478599,False
2015-07-20,0.132000000000005,-0.009624045011287344,False
2015-07-21,0.09799999999999898,-0.0073430090530247835,False
2015-07-22,0.12399999999999523,-0.009452052448657615,False
2015-07-23,0.1110000000000042,-0.008681448378006213,False
2015-07-24,0.10200000000000387,-0.008137238916591313,False
2015-07-27,0.10300000000000864,-0.008844592083038038,False
2015-07-28,0.09099999999999397,-0.007974581217441802,False
2015-07-29,0.10099999999999909,-0.00904166893536149,False
2015-07-30,0.13400000000000034,-0.012210850505336004,False
2015-07-31,0.10299999999999443,-0.009645778384424607,False
2015-08-03,0.12199999999999989,-0.012329059923716525,False
2015-08-04,0.09300000000000352,-0.009619242906499454,False
2015-08-05,0.07699999999999818,-0.008190952210944877,False
2015-08-06,0.0730000000000075,-0.008004376346580553,False
2015-08-07,0.055999999999997385,-0.006345014181603074,False
2015-08-10,0.042999999999992156,-0.0053822623677143595,False
2015-08-11,0.044999999999987494,-0.005818865879125394,False
2015-08-12,0.03300000000000125,-0.004467299147708477,False
2015-08-13,0.016000000000005343,-0.002242318618886063,False
2015-08-14,0.01300000000000523,-0.0018905452021596076,False
2015-08-17,0.009000000000000341,-0.001475247502520551,False
2015-08-18,0.029999999999986926,-0.005127508733151909,False
2015-08-19,0.009000000000000341,-0.0016232418585897534,False
2015-08-20,0.02199999999999136,-0.004182204537403828,False
2015-08-21,-0.0030000000000001137,0.0006066162722737815,False
2015-08-24,0.02400000000000091,-0.005864647157119208,False
2015-08-25,0.013999999999995794,-0.003603260562981938,False
2015-08-26,0.03100000000000591,-0.008495803531072309,False
2015-08-27,0.04200000000000159,-0.012328344093493225,False
2015-08-28,0.029000000000010573,-0.009175465057821344,False
2015-08-31,0.030000000000001137,-0.012692914919217903,False
2015-09-01,-0.0040000000000048885,0.0019120759382291875,False
2015-09-02,0.015999999999991132,-0.008704621199921247,False
2015-09-03,0.018000000000000682,-0.011356211692231537,False
2015-09-04,0.01099999999999568,-0.008343724023271869,False
2015-09-07,0.01099999999999568,-0.020859310058179672,False
2015-09-08,0.001999999999995339,-0.007605196537013332,False
2015-09-09,-0.001999999999995339,,False
2015-09-10,-0.014000000000010004,0.0005948930007524816,False
2015-09-11,0.0,0.0,False
2015-09-14,0.11800000000000921,-0.00525160389128404,True
2015-09-15,0.17399999999999238,-0.007800558235508718,False
2015-09-16,0.12600000000000477,-0.0057302241852094345,False
2015-09-17,0.12700000000000955,-0.005898940354084481,False
2015-09-18,0.13299999999999557,-0.006231969715797839,False
2015-09-21,0.14000000000000057,-0.006735483714496711,False
2015-09-22,0.1629999999999967,-0.007908637063811822,False
2015-09-23,0.13800000000000523,-0.00679953271267768,False
2015-09-24,0.15500000000000114,-0.007742232313771828,False
2015-09-25,0.16499999999999204,-0.00832693863160256,False
2015-09-28,0.14799999999999613,-0.007800604871782227,False
2015-09-29,0.13799999999999102,-0.0073905036796252195,False
2015-09-30,0.13000000000000966,-0.007025882492300925,False
2015-10-01,0.14099999999999113,-0.0077431800886297,False
2015-10-02,0.13700000000000045,-0.007662713714702199,False
2015-10-05,0.13400000000000034,-0.007818594539292813,False
2015-10-06,0.10800000000000409,-0.006445355419984967,False
2015-10-07,0.08299999999999841,-0.005031104999717584,False
2015-10-08,0.08899999999999864,-0.005491752312757112,False
2015-10-09,0.06999999999999318,-0.004414409947159688,False
2015-10-12,-0.0759999999999934,0.005046967362094909,False
2015-10-13,0.03100000000000591,-0.002094195294122401,False
2015-10-14,0.02599999999999625,-0.0018036366179663172,False
2015-10-15,0.05900000000001171,-0.004146409557826245,False
2015-10-16,0.04799999999998761,-0.003430080395445096,False
2015-10-19,0.025000000000005684,-0.0018843171740491789,False
2015-10-20,0.02599999999999625,-0.00199917841982718,False
2015-10-21,0.03300000000000125,-0.002585689469964884,False
2015-10-22,0.0759999999999934,-0.005991629861556976,False
2015-10-23,0.11599999999999966,-0.009263916825167721,False
2015-10-26,0.09399999999999409,-0.008042625210382941,False
2015-10-27,0.08599999999999852,-0.00752639392939611,False
2015-10-28,0.07900000000000773,-0.007015538560281278,False
2015-10-29,0.08200000000000784,-0.007497637730578754,False
2015-10-30,0.0730000000000075,-0.006865923169689117,False
2015-11-02,0.07500000000000284,-0.007627236939732719,False
2015-11-03,0.08499999999999375,-0.008862391694574336,False
2015-11-04,0.07899999999999352,-0.008404218576717862,False
2015-11-05,0.11399999999999011,-0.012481627021026604,False
2015-11-06,0.09199999999999875,-0.010251619560505175,False
2015-11-09,0.0969999999999942,-0.011911731061675845,False
2015-11-10,0.0969999999999942,-0.012283550346769739,False
2015-11-11,0.14499999999999602,-0.019062290197750256,False
2015-11-12,0.06300000000000239,-0.008627792635816303,False
2015-11-13,0.09899999999998954,-0.014024720145993779,False
2015-11-16,0.09600000000000364,-0.015305493990934347,False
2015-11-17,0.06900000000000261,-0.011482173794110036,False
2015-11-18,0.09300000000000352,-0.01620561001983691,False
2015-11-19,0.07499999999998863,-0.013816825486552053,False
2015-11-20,0.0589999999999975,-0.01137698800119982,False
2015-11-23,0.05200000000000671,-0.011879725602124611,False
2015-11-24,0.06300000000000239,-0.015393111758209236,False
2015-11-25,0.03499999999999659,-0.009140538916156578,False
2015-11-26,0.03499999999999659,-0.009843657294322466,False
2015-11-27,0.05299999999999727,-0.016109073709524552,False
2015-11-30,0.03999999999999204,-0.016188226945633166,False
2015-12-01,0.045000000000001705,-0.020564152644231545,False
2015-12-02,0.027000000000001023,-0.014075756277316501,False
2015-12-03,0.01300000000000523,-0.008099978832513791,False
2015-12-04,-0.01099999999999568,0.008165299004501435,False
2015-12-07,0.013999999999995794,-0.025894657896596018,False
2015-12-08,-0.006000000000000227,0.022240727952228978,False
2015-12-09,-0.01099999999999568,,False
2015-12-10,0.021000000000000796,-0.0008694024772016118,False
2015-12-11,-0.013999999999995794,0.0005885714173823066,False
2015-12-14,-0.13500000000000512,0.005878434335830793,False
2015-12-15,0.07099999999999795,-0.003101928546121273,True
2015-12-16,0.01300000000000523,-0.0005770922238375829,False
2015-12-17,0.04999999999999716,-0.002213849356345919,False
2015-12-18,0.027999999999991587,-0.0012623608222485944,False
2015-12-21,0.006000000000000227,-0.00028181153602601245,False
2015-12-22,0.009000000000000341,-0.0004286814931739975,False
2015-12-23,0.02600000000001046,-0.0012529278441632135,False
2015-12-24,0.03200000000001069,-0.0015679502379852992,False
2015-12-25,0.16900000000001114,-0.008391147023615745,False
2015-12-28,0.03100000000000591,-0.0016044183540358116,False
2015-12-29,0.07200000000000273,-0.0037702916796923448,False
2015-12-30,0.08799999999999386,-0.0046653633086311775,False
2015-12-31,0.11400000000000432,-0.0061070786192809,False
2016-01-01,0.06199999999999761,-0.003370237659092065,False
2016-01-04,0.09900000000000375,-0.005617200276080127,False
2016-01-05,0.09199999999999875,-0.005273453204148839,False
2016-01-06,0.08500000000000796,-0.004961017039674849,False
2016-01-07,0.05300000000001148,-0.0031750257350244794,False
2016-01-08,0.0589999999999975,-0.003580490541336433,False
2016-01-11,0.05900000000001171,-0.0037586360488373574,False
2016-01-12,0.04999999999999716,-0.0032333115062658855,False
2016-01-13,0.044999999999987494,-0.002963320853406716,False
2016-01-14,0.0660000000000025,-0.004417326408149025,False
2016-01-15,0.06399999999999295,-0.004368739573748182,False
2016-01-18,0.06399999999999295,-0.0046257242545568985,False
2016-01-19,0.045000000000001705,-0.0033169756452200456,False
2016-01-20,0.08300000000001262,-0.0062341471164069516,False
2016-01-21,0.07200000000000273,-0.005523161972399532,False
2016-01-22,0.07699999999999818,-0.006000729780978025,False
2016-01-25,0.04600000000000648,-0.0038387110344542865,False
2016-01-26,0.04599999999999227,-0.0039388005636771225,False
2016-01-27,0.0519999999999925,-0.004566816519844541,False
2016-01-28,0.028999999999996362,-0.0026199853023400345,False
2016-01-29,0.04600000000000648,-0.004212158310922602,False
2016-02-01,0.019000000000005457,-0.0018927215780636412,False
2016-02-02,0.021000000000000796,-0.0021530003808831236,False
2016-02-03,0.01300000000000523,-0.0013933199923072026,False
2016-02-04,0.012999999999991019,-0.0014464002770250431,False
2016-02-05,0.022999999999996135,-0.0026211587301285533,False
2016-02-08,0.01100000000000989,-0.001385710785076295,False
2016-02-09,0.022999999999996135,-0.003012495666957781,False
2016-02-10,0.04800000000000182,-0.00652220527971053,False
2016-02-11,0.05700000000000216,-0.008058602950831788,False
2016-02-12,0.04200000000000159,-0.006142978731589329,False
2016-02-15,0.04200000000000159,-0.0069442368270140244,False
2016-02-16,0.007000000000005002,-0.0011988269794729973,False
2016-02-17,0.013999999999995794,-0.0025137741046824405,False
2016-02-18,0.009000000000000341,-0.0016939975247525396,False
2016-02-19,0.0040000000000048885,-0.0007954339909657137,False
2016-02-22,0.009000000000000341,-0.002108190947550086,False
2016-02-23,0.0040000000000048885,-0.0009984442050926018,False
2016-02-24,0.006000000000000227,-0.0016049882154290545,False
2016-02-25,-0.005000000000009663,0.0014430687628223793,False
2016-02-26,0.027000000000001023,-0.008365164247517506,False
2016-02-29,0.007999999999995566,-0.0033032757861947756,False
2016-03-01,0.012999999999991019,-0.006029837848824177,False
2016-03-02,0.01099999999999568,-0.005839362978581862,False
2016-03-03,0.009000000000000341,-0.00560957367240111,False
2016-03-04,0.0030000000000001137,-0.002249776563286608,False
2016-03-07,0.01300000000000523,-0.02443760042850474,False
2016-03-08,-0.0030000000000001137,0.01126473674464582,False
2016-03-09,-0.013999999999995794,,False
2016-03-10,-0.01099999999999568,0.00046443299267183994,False
2016-03-11,0.0,0.0,False
2016-03-14,-0.10299999999999443,0.004529078260592762,False
2016-03-15,0.0350000000000108,-0.0015547452895177845,True
2016-03-16,0.03499999999999659,-0.0015854400138995935,False
2016-03-17,0.04099999999999682,-0.0019018913810958016,False
2016-03-18,0.034000000000006025,-0.0015910582781188073,False
2016-03-21,0.016000000000005343,-0.0007756657709323436,False
2016-03-22,-0.003999999999990678,0.00019570436951513,False
2016-03-23,0.01799999999998647,-0.0008882065635889741,False
2016-03-24,0.03100000000000591,-0.0015480600474914665,False
2016-03-25,-0.09999999999999432,0.005060325316529992,False
2016-03-28,-0.0030000000000001137,0.0001585192133972682,False
2016-03-29,-0.013999999999995794,0.0007564356986725019,False
2016-03-30,-0.02199999999999136,0.0012098238297623964,False
2016-03-31,-0.007999999999995566,0.00044744909576948863,False
2016-04-01,-0.0010000000000047748,5.6729660940298455e-05,False
2016-04-04,0.013999999999995794,-0.0008316976071194722,False
2016-04-05,0.006000000000000227,-0.0003615789807369348,False
2016-04-06,0.01099999999999568,-0.0006748145268488655,False
2016-04-07,0.02200000000000557,-0.0013704830380967033,False
2016-04-08,0.016999999999995907,-0.0010792483074670602,False
2016-04-11,-0.008000000000009777,0.0005359139424992913,False
2016-04-12,-0.014000000000010004,0.0009542724233017363,False
2016-04-13,0.018000000000000682,-0.001238064082347703,False
2016-04-14,0.006000000000000227,-0.0004195450522419957,False
2016-04-15,-0.009999999999990905,0.0007138604713741325,False
2016-04-18,-0.030000000000001137,0.002272982027873696,False
2016-04-19,-0.028999999999996362,0.0022533981925976715,False
2016-04-20,-0.021000000000000796,0.0016558369386221947,False
2016-04-21,-0.025000000000005684,0.002010110248765093,False
2016-04-22,-0.036000000000001364,0.0029404130004745156,False
2016-04-25,-0.04099999999999682,0.003587658741612535,False
2016-04-26,-0.029999999999986926,0.002693495687576941,False
2016-04-27,-0.01999999999999602,0.0018418464485412188,False
2016-04-28,-0.033999999999991815,0.0032294101681393348,False
2016-04-29,-0.027999999999991587,0.0027457175403520885,False
2016-05-02,-0.008000000000009777,0.0008520905106892329,False
2016-05-03,-0.01300000000000523,0.0014183163374504586,False
2016-05-04,0.007999999999995566,-0.0008952812240819555,False
2016-05-05,0.0,0.0,False
2016-05-06,-0.005000000000009663,0.0005890633054241683,False
2016-05-09,-0.01300000000000523,0.0016805680993118026,False
2016-05-10,-0.023000000000010346,0.003070881205732864,False
2016-05-11,-0.03299999999998704,0.004586614473061121,False
2016-05-12,-0.02200000000000557,0.003159606147028331,False
2016-05-13,-0.015000000000000568,0.002226136427398762,False
2016-05-16,-0.02200000000000557,0.00369254822615227,False
2016-05-17,-0.016999999999995907,0.0029836292279293206,False
2016-05-18,-0.016999999999995907,0.0031082144522697505,False
2016-05-19,0.006999999999990791,-0.0013405880747983288,False
2016-05-20,0.009000000000000341,-0.0018133972797385418,False
2016-05-23,-0.015000000000000568,0.0035938025121829632,False
2016-05-24,0.0049999999999954525,-0.001272983454701557,False
2016-05-25,-0.013999999999995794,0.0038284036081381407,False
2016-05-26,-0.006000000000000227,0.0017702605920592762,False
2016-05-27,-0.021000000000000796,0.006688481675392924,False
2016-05-30,-0.021000000000000796,0.008917975567190565,False
2016-05-31,-0.01300000000000523,0.006186247105699312,False
2016-06-01,0.0010000000000047748,-0.0005462501795917084,False
2016-06-02,0.0020000000000095497,-0.001273116659347965,False
2016-06-03,-0.000999999999990564,0.0007763644871667073,False
2016-06-06,-0.012000000000000455,0.023325167749494974,False
2016-06-07,0.003999999999990678,-0.015559723761580244,False
2016-06-08,-0.010000000000005116,,False
2016-06-09,-0.0010000000000047748,4.005116014513913e-05,False
2016-06-10,-0.009999999999990905,0.00040207731869691264,False
2016-06-13,0.03700000000000614,-0.0015383113567248058,False
2016-06-14,0.11200000000000898,-0.004675376957986028,True
2016-06-15,0.07000000000000739,-0.0029654544863673468,False
2016-06-16,0.13700000000000045,-0.00586669388540444,False
2016-06-17,0.13400000000000034,-0.0058252126542055775,False
2016-06-20,0.07299999999999329,-0.00330713442418471,False
2016-06-21,0.04400000000001114,-0.002008708991724903,False
2016-06-22,0.04200000000000159,-0.0019465005652851692,False
2016-06-23,-0.001999999999995339,9.403894835578034e-05,False
2016-06-24,0.12600000000000477,-0.005868266040310196,False
2016-06-27,0.15900000000000603,-0.007596664562263681,False
2016-06-28,0.08599999999999852,-0.0041776364559268616,False
2016-06-29,0.0379999999999967,-0.0018801326638956915,False
2016-06-30,0.060000000000002274,-0.00299531090233,False
2016-07-01,0.06499999999999773,-0.0033049849900048294,False
2016-07-04,0.06499999999999773,-0.0034426926979216977,False
2016-07-05,0.09300000000000352,-0.004966793666559116,False
2016-07-06,0.07800000000000296,-0.00423083381754378,False
2016-07-07,0.05499999999999261,-0.0030186031663827456,False
2016-07-08,0.024999999999991473,-0.001393079577590317,False
2016-07-11,0.019000000000005457,-0.0011045895816579182,False
2016-07-12,0.04599999999999227,-0.002718954366909075,False
2016-07-13,-0.007999999999995566,0.0004817604185637438,False
2016-07-14,0.022999999999996135,-0.0014089825786308934,False
2016-07-15,-0.016999999999995907,0.0010534191302609213,False
2016-07-18,0.025000000000005684,-0.0016288691667298118,False
2016-07-19,0.045000000000001705,-0.002967396040870505,False
2016-07-20,0.06200000000001182,-0.004154787975460554,False
2016-07-21,0.04600000000000648,-0.0031456497668401607,False
2016-07-22,0.049000000000006594,-0.0033964037050714575,False
2016-07-25,0.03999999999999204,-0.002941398082771969,False
2016-07-26,0.012000000000000455,-0.0009015313683517548,False
2016-07-27,-0.01099999999999568,0.0008443640435087065,False
2016-07-28,-0.018000000000000682,0.001415152862356729,False
2016-07-29,-0.03900000000000148,0.003171737026793555,False
2016-08-01,-0.03599999999998715,0.0031212973194838576,False
2016-08-02,-0.0759999999999934,0.006791555555119715,False
2016-08-03,-0.0379999999999967,0.0034570855298410525,False
2016-08-04,-0.04099999999999682,0.0038133246967620347,False
2016-08-05,-0.058000000000006935,0.005505221769161015,False
2016-08-08,-0.06099999999999284,0.006246177670299835,False
2016-08-09,-0.05100000000000193,0.005378888750190914,False
2016-08-10,-0.04200000000000159,0.004581206593590668,False
2016-08-11,-0.019000000000005457,0.0021282851085723063,False
2016-08-12,-0.03999999999999204,0.004623902535734563,False
2016-08-15,-0.0350000000000108,0.004454603148037165,False
2016-08-16,-0.027000000000001023,0.003586040967106807,False
2016-08-17,-0.028000000000005798,0.0038546837047214663,False
2016-08-18,-0.01999999999999602,0.0028720946107302823,False
2016-08-19,-0.027999999999991587,0.004160292571963263,False
2016-08-22,-0.020000000000010232,0.003358673682769008,False
2016-08-23,-0.045000000000001705,0.007900934547071109,False
2016-08-24,-0.03900000000000148,0.007154391620390815,False
2016-08-25,-0.029000000000010573,0.005586164677075805,False
2016-08-26,-0.02400000000000091,0.004825653969761621,False
2016-08-29,-0.03699999999999193,0.008834373004823126,False
2016-08-30,-0.01300000000000523,0.003293732190767074,False
2016-08-31,-0.010000000000005116,0.0027154343802276706,False
2016-09-01,0.006999999999990791,-0.002054552179993759,False
2016-09-02,0.0,0.0,False
2016-09-05,0.0,0.0,False
2016-09-06,0.0,0.0,False
2016-09-07,-0.005000000000009663,0.0027457771452095254,False
2016-09-08,0.02400000000000091,-0.015360175063913638,False
2016-09-09,-0.007999999999995566,0.006126216851288985,False
2016-09-12,-0.007000000000005002,0.01343492343935,False
2016-09-13,0.012000000000000455,-0.04579434366668583,False
2016-09-14,-0.0049999999999954525,,False
2016-09-15,-0.0049999999999954525,0.00021281632376981554,False
2016-09-16,-0.0030000000000001137,0.00012802009038569606,False
2016-09-19,-0.07099999999999795,0.003146467675705513,False
2016-09-20,-0.043000000000006366,0.001923887834704059,False
2016-09-21,0.005000000000009663,-0.00022710699290474532,False
2016-09-22,-0.06699999999999307,0.003089069670236598,True
2016-09-23,-0.08500000000000796,0.003966303867584502,False
2016-09-26,-0.0870000000000033,0.004221846710602573,False
2016-09-27,-0.12300000000000466,0.006038871528002192,False
2016-09-28,-0.09499999999999886,0.004723553278139107,False
2016-09-29,-0.06300000000000239,0.0031691573390491,False
2016-09-30,-0.07799999999998875,0.003979661372332601,False
2016-10-03,-0.10799999999998988,0.005727766328056626,False
2016-10-04,-0.04399999999999693,0.002353156651220554,False
2016-10-05,-0.01099999999999568,0.0005967615837143426,False
2016-10-06,0.007000000000005002,-0.0003826415234496842,False
2016-10-07,0.02199999999999136,-0.0012217625270973915,False
2016-10-10,0.0040000000000048885,-0.00023172230779575488,False
2016-10-11,0.001999999999995339,-0.00011675725750290114,False
2016-10-12,-0.003999999999990678,0.0002365672727644307,False
2016-10-13,0.001999999999995339,-0.00012073866925449307,False
2016-10-14,-0.02200000000000557,0.0013432997363422188,False
2016-10-17,-0.010000000000005116,0.000642953824994287,False
2016-10-18,0.0020000000000095497,-0.00013082134839597536,False
2016-10-19,0.01999999999999602,-0.0013309898188392582,False
2016-10-20,-0.0010000000000047748,6.750171528363534e-05,False
2016-10-21,-0.00899999999998613,0.0006164332664535961,False
2016-10-24,-0.0040000000000048885,0.0002898923665386741,False
2016-10-25,-0.03699999999999193,0.0027370746438047573,False
2016-10-26,-0.018000000000000682,0.0013597025955833153,False
2016-10-27,-0.009000000000000341,0.0006921338201236115,False
2016-10-28,-0.006000000000000227,0.0004738132708390396,False
2016-10-31,-0.022999999999996135,0.0019385447821160156,False
2016-11-01,-0.001999999999995339,0.00017376934999034717,False
2016-11-02,0.016000000000005343,-0.001427388455947456,False
2016-11-03,0.03900000000000148,-0.003572113275764771,False
2016-11-04,0.022999999999996135,-0.00216169866512818,False
2016-11-07,0.012000000000000455,-0.0012104995079237047,False
2016-11-08,-0.0010000000000047748,0.00010360605854217557,False
2016-11-09,0.024999999999991473,-0.0026460664952876497,False
2016-11-10,-0.01099999999999568,0.001195539669286161,False
2016-11-11,-0.010000000000005116,0.0011166689611925007,False
2016-11-14,0.010000000000005116,-0.0012152084165674081,False
2016-11-15,0.01999999999999602,-0.002510963969386378,False
2016-11-16,0.028000000000005798,-0.0036340827176972418,False
2016-11-17,0.055999999999997385,-0.007499425802280444,False
2016-11-18,0.0730000000000075,-0.010118259651746075,False
2016-11-21,0.06300000000000239,-0.009887775149542493,False
2016-11-22,0.06599999999998829,-0.010830217791227087,False
2016-11-23,0.0589999999999975,-0.010077498702583034,False
2016-11-24,0.0589999999999975,-0.010581373637712187,False
2016-11-25,0.056000000000011596,-0.010594109799346435,False
2016-11-28,0.0379999999999967,-0.008551761897244938,False
2016-11-29,0.018999999999991246,-0.0045798703635808215,False
2016-11-30,0.03900000000000148,-0.010013745598102728,False
2016-12-01,0.0589999999999975,-0.01638531005784816,False
2016-12-02,0.09100000000000819,-0.027442883440248617,False
2016-12-05,0.02199999999999136,-0.008912240512844333,False
2016-12-06,0.04000000000000625,-0.0181537849398218,False
2016-12-07,0.0379999999999967,-0.019761325362312995,False
2016-12-08,0.025000000000005684,-0.015039142974869512,False
2016-12-09,0.030000000000001137,-0.021550875811848877,False
2016-12-12,0.019000000000005457,-0.03431503527992356,False
2016-12-13,0.03700000000000614,-0.1335713649895877,False
2016-12-14,0.009999999999990905,,False
2016-12-15,0.03300000000000125,-0.0014082121037496853,False
2016-12-16,0.003999999999990678,-0.00017294012907452836,False
2016-12-19,-0.23999999999999488,0.010776100675351284,True
2016-12-20,-0.0020000000000095497,9.061047129404237e-05,False
2016-12-21,0.009000000000000341,-0.00041408086715720124,False
2016-12-22,0.006000000000000227,-0.0002795044373563019,False
2016-12-23,-0.008000000000009777,0.00037798618797092205,False
2016-12-26,0.031999999999996476,-0.001574942449876744,False
2016-12-27,-0.012999999999991019,0.000648800430217818,False
2016-12-28,-0.055999999999997385,0.00282825152066935,False
2016-12-29,0.0309999999999917,-0.0015965720053970163,False
2016-12-30,0.07600000000000762,-0.003988240584934684,False
2017-01-02,-0.4939999999999998,0.02712003597755312,False
2017-01-03,-0.009000000000000341,0.0004973607329386532,False
2017-01-04,0.009000000000000341,-0.0005076756383847484,False
2017-01-05,0.008000000000009777,-0.0004638796607202539,False
2017-01-06,-0.01099999999999568,0.0006439713932346633,False
2017-01-09,-0.021000000000000796,0.0012967958905866813,False
2017-01-10,-0.014000000000010004,0.0008789474372238285,False
2017-01-11,-0.03300000000000125,0.0021139619420159207,False
2017-01-12,0.027000000000001023,-0.0017674799824597789,False
2017-01-13,0.007999999999995566,-0.0005343921618575731,False
2017-01-16,0.007999999999995566,-0.0005658269949080186,False
2017-01-17,-0.010000000000005116,0.0007276714513560342,False
2017-01-18,-0.012000000000000455,0.0008857463990769159,False
2017-01-19,-0.006000000000000227,0.000451089535711478,False
2017-01-20,-0.04999999999999716,0.00385636977197739,False
2017-01-23,-0.030000000000001137,0.0024854053366987496,False
2017-01-24,-0.01099999999999568,0.0009305663104398006,False
2017-01-25,-0.01099999999999568,0.0009557707845029498,False
2017-01-26,-0.0049999999999954525,0.0004434589800439426,False
2017-01-27,-0.0040000000000048885,0.00036309014583336263,False
2017-01-30,-0.016000000000005343,0.0015718708331297483,False
2017-01-31,-0.03100000000000591,0.003159453117234603,False
2017-02-01,-0.03300000000000125,0.003454972061911394,False
2017-02-02,-0.0020000000000095497,0.00021516202584876575,False
2017-02-03,-0.02599999999999625,0.0028803084631289044,False
2017-02-06,-0.04200000000000159,0.005116907825564706,False
2017-02-07,-0.015000000000000568,0.0018833169080580878,False
2017-02-08,-0.016000000000005343,0.002080222498319419,False
2017-02-09,-0.0030000000000001137,0.00040294847889710663,False
2017-02-10,-0.009000000000000341,0.0012535459896831922,False
2017-02-13,-0.009999999999990905,0.001572022309794638,False
2017-02-14,-0.016999999999995907,0.0027861019089169205,False
2017-02-15,-0.016000000000005343,0.0027489545499914093,False
2017-02-16,-0.009999999999990905,0.0018171860997693318,False
2017-02-17,0.000999999999990564,-0.00019029555245226101,False
2017-02-20,0.000999999999990564,-0.00022597596853705996,False
2017-02-21,-0.015000000000000568,0.0036012036900006294,False
2017-02-22,-0.02599999999999625,0.006698590260855832,False
2017-02-23,0.0030000000000001137,-0.0008335306149324851,False
2017-02-24,0.0,0.0,False
2017-02-27,-0.000999999999990564,0.00040102794999627087,False
2017-02-28,0.009000000000000341,-0.00406040799375071,False
2017-03-01,0.0,0.0,False
2017-03-02,0.003999999999990678,-0.0023808591966338524,False
2017-03-03,0.007999999999995566,-0.005750974908414507,False
2017-03-06,0.0049999999999954525,-0.0089773230360487,False
2017-03-07,-0.0049999999999954525,0.017926427975034034,False
2017-03-08,0.006000000000000227,,False
2017-03-09,0.0030000000000001137,-0.00011083286495061374,False
2017-03-10,-0.0030000000000001137,0.00011265765899236948,False
2017-03-13,0.0,0.0,False
2017-03-14,-0.12600000000000477,0.004921449429458769,True
2017-03-15,-0.16499999999999204,0.006580295170898881,False
2017-03-16,-0.17499999999999716,0.007084116606500082,False
2017-03-17,-0.18500000000000227,0.0075783635336218215,False
2017-03-20,-0.17600000000000193,0.007452328992019223,False
2017-03-21,-0.19899999999999807,0.00857840676777057,False
2017-03-22,-0.20900000000000318,0.009130119856685322,False
2017-03-23,-0.19700000000000273,0.00870127759513907,False
2017-03-24,-0.18500000000000227,0.008280963875989096,False
2017-03-27,-0.19299999999999784,0.00900961737806759,False
2017-03-28,-0.1629999999999967,0.007662120264958913,False
2017-03-29,-0.16200000000000614,0.0076918353892594556,False
2017-03-30,-0.125,0.005986228721827003,False
2017-03-31,-0.1319999999999908,0.006410026143007794,False
2017-04-03,-0.1280000000000001,0.00646226435972682,False
2017-04-04,-0.11400000000000432,0.0058357032842908324,False
2017-04-05,-0.11899999999999977,0.006177756095618311,False
2017-04-06,-0.10000000000000853,0.005259873791850671,False
2017-04-07,-0.06300000000000239,0.003344262237862032,False
2017-04-10,-0.06799999999999784,0.0037824525898064597,False
2017-04-11,-0.08799999999999386,0.004987726342151467,False
2017-04-12,-0.06900000000000261,0.003969396637526387,False
2017-04-13,-0.08799999999999386,0.005159902353827574,False
2017-04-14,-0.10800000000000409,0.006436420670870558,False
2017-04-17,-0.09600000000000364,0.006029681727793138,False
2017-04-18,-0.09499999999999886,0.006119807385349946,False
2017-04-19,-0.09999999999999432,0.0065415375086380415,False
2017-04-20,-0.09300000000000352,0.006191320842472203,False
2017-04-21,-0.09700000000000841,0.006564358711936374,False
2017-04-24,-0.11899999999999977,0.008605040431902288,False
2017-04-25,-0.13700000000000045,0.010138066661260273,False
2017-04-26,-0.125,0.009412883633032672,False
2017-04-27,-0.12099999999999511,0.009298207939635485,False
2017-04-28,-0.15200000000000102,0.011935787699598592,False
2017-05-01,-0.14699999999999136,0.012326208613987125,False
2017-05-02,-0.14700000000000557,0.012625754562673569,False
2017-05-03,-0.12700000000000955,0.011139162271558499,False
2017-05-04,-0.14999999999999147,0.013536811597498765,False
2017-05-05,-0.11999999999999034,0.011113592075348244,False
2017-05-08,-0.12399999999999523,0.012363985235335936,False
2017-05-09,-0.11400000000000432,0.01161128077366167,False
2017-05-10,-0.10999999999999943,0.011522241657136485,False
2017-05-11,-0.11800000000000921,0.012730663844856558,False
2017-05-12,-0.12099999999999511,0.013500654016738249,False
2017-05-15,-0.10999999999999943,0.013545746837919924,False
2017-05-16,-0.10699999999999932,0.013742363496510396,False
2017-05-17,-0.11299999999999955,0.015113949172864382,False
2017-05-18,-0.10699999999999932,0.01479443482266367,False
2017-05-19,-0.11199999999999477,0.016204345999254036,False
2017-05-22,-0.10299999999999443,0.01687188630785413,False
2017-05-23,-0.0870000000000033,0.014840116496433887,False
2017-05-24,-0.09099999999999397,0.016281168401150438,False
2017-05-25,-0.07200000000000273,0.013521857248703896,False
2017-05-26,-0.07799999999998875,0.015389887973289539,False
2017-05-29,-0.07799999999998875,0.018275491968281328,False
2017-05-30,-0.06799999999999784,0.017021218230944882,False
2017-05-31,-0.06799999999999784,0.01830442875727473,False
2017-06-01,-0.05699999999998795,0.016474862471914816,False
2017-06-02,-0.045000000000001705,0.01415899451743097,False
2017-06-05,-0.045000000000001705,0.01886226926018634,False
2017-06-06,-0.045000000000001705,0.02125586234742448,False
2017-06-07,-0.04000000000000625,0.02156713287126827,False
2017-06-08,-0.020000000000010232,0.012556158709852517,False
2017-06-09,-0.03499999999999659,0.026275465605361543,False
2017-06-12,-0.017000000000010118,0.031944687554718826,False
2017-06-13,-0.03300000000000125,0.12424955127808852,False
2017-06-14,-0.01799999999998647,,False
2017-06-15,0.003999999999990678,-0.00016648934411141983,False
2017-06-16,-0.018000000000000682,0.0007598894933306972,False
2017-06-19,-0.22299999999999898,0.009724669800894824,True
2017-06-20,-0.347999999999999,0.015340542655694022,False
2017-06-21,-0.3430000000000035,0.015330981182795855,False
2017-06-22,-0.29000000000000625,0.013106494196677436,False
2017-06-23,-0.32200000000000273,0.014785053773667156,False
2017-06-26,-0.3100000000000023,0.014748120608475109,False
2017-06-27,-0.30100000000000193,0.01465794221249883,False
2017-06-28,-0.26600000000000534,0.013169588599903036,False
2017-06-29,-0.26200000000000045,0.013194319502592252,False
2017-06-30,-0.20699999999999363,0.01055742446631212,False
2017-07-03,-0.24900000000000944,0.013153118889086213,False
2017-07-04,-0.24900000000000944,0.013338374084707144,False
2017-07-05,-0.23100000000000875,0.012539168635942968,False
2017-07-06,-0.22700000000000387,0.012563924681656248,False
2017-07-07,-0.21599999999999397,0.012103429980643999,False
2017-07-10,-0.24500000000000455,0.01436429655104311,False
2017-07-11,-0.2469999999999999,0.014762548206912446,False
2017-07-12,-0.24899999999999523,0.015104060721365062,False
2017-07-13,-0.21999999999999886,0.013560762347893097,False
2017-07-14,-0.22299999999999898,0.014056086192932433,False
2017-07-17,-0.22400000000000375,0.014853485336906946,False
2017-07-18,-0.20199999999999818,0.01370213313202912,False
2017-07-19,-0.1910000000000025,0.013161402231633302,False
2017-07-20,-0.18899999999999295,0.013326739348605253,False
2017-07-21,-0.17900000000000205,0.012915460320962234,False
2017-07-24,-0.17900000000000205,0.013657843785289277,False
2017-07-25,-0.16599999999999682,0.012906867757327632,False
2017-07-26,-0.1670000000000016,0.013303883127498493,False
2017-07-27,-0.1490000000000009,0.012090069181383346,False
2017-07-28,-0.14499999999999602,0.012093389069175453,False
2017-07-31,-0.14499999999999602,0.012973111036593498,False
2017-08-01,-0.14200000000001012,0.012974551804710266,False
2017-08-02,-0.13700000000000045,0.012843668627441959,False
2017-08-03,-0.132000000000005,0.012675655033811436,False
2017-08-04,-0.12600000000000477,0.012307848762525088,False
2017-08-07,-0.12300000000000466,0.013003872920923218,False
2017-08-08,-0.132000000000005,0.014311429538933692,False
2017-08-09,-0.117999999999995,0.013171052430390415,False
2017-08-10,-0.0969999999999942,0.01116054541511299,False
2017-08-11,-0.11299999999999955,0.013445592375408578,False
2017-08-14,-0.10599999999999454,0.01382205312326885,False
2017-08-15,-0.0969999999999942,0.01302169534712919,False
2017-08-16,-0.10299999999999443,0.014369727214072422,False
2017-08-17,-0.08799999999999386,0.01271868656990556,False
2017-08-18,-0.07500000000000284,0.011277805196977853,False
2017-08-21,-0.08299999999999841,0.014161333086520587,False
2017-08-22,-0.08400000000000318,0.014911421487427017,False
2017-08-23,-0.07700000000001239,0.014379857454964529,False
2017-08-24,-0.07500000000000284,0.014685843651424347,False
2017-08-25,-0.06299999999998818,0.013058937577764811,False
2017-08-28,-0.06699999999999307,0.016588208161491664,False
2017-08-29,-0.06499999999999773,0.017157713558389864,False
2017-08-30,-0.06100000000000705,0.017133222831166056,False
2017-08-31,-0.04000000000000625,0.012124594324363028,False
2017-09-01,-0.044999999999987494,0.014754389936289273,False
2017-09-04,0.13400000000000034,-0.058580392635950135,False
2017-09-05,-0.02599999999999625,0.012862424912712563,False
2017-09-06,-0.038000000000010914,0.021478434846172883,False
2017-09-07,-0.021000000000000796,0.013940114794527057,False
2017-09-08,-0.02600000000001046,0.020782690581003915,False
2017-09-11,-0.02200000000000557,0.04371114715905868,False
2017-09-12,-0.02600000000001046,0.10331388259889193,False
2017-09-13,-0.012000000000000455,,False
2017-09-14,-0.012000000000000455,0.000528342307915022,False
2017-09-15,-0.009000000000000341,0.00040179519893267105,False
2017-09-18,-0.19400000000000261,0.008964019607669503,True
2017-09-19,-0.23199999999999932,0.010880563712908815,False
2017-09-20,-0.21199999999998909,0.009980827730242142,False
2017-09-21,-0.20999999999999375,0.010032634530560754,False
2017-09-22,-0.20400000000000773,0.00987363707077364,False
2017-09-25,-0.20699999999999363,0.010345976407257188,False
2017-09-26,-0.18499999999998806,0.009330629419871226,False
2017-09-27,-0.18999999999999773,0.00966662749835614,False
2017-09-28,-0.1529999999999916,0.007906884943602924,False
2017-09-29,-0.19299999999999784,0.01011236358285861,False
2017-10-02,-0.15399999999999636,0.008358165456286345,False
2017-10-03,-0.15500000000000114,0.008530102403445938,False
2017-10-04,-0.17399999999999238,0.009726059284396836,False
2017-10-05,-0.15800000000000125,0.008910131887565238,False
2017-10-06,-0.15899999999999181,0.009114126102379268,False
2017-10-09,-0.1700000000000017,0.010209244260899355,False
2017-10-10,-0.18900000000000716,0.011577648199267902,False
2017-10-11,-0.18999999999999773,0.011858805825948154,False
2017-10-12,-0.15900000000000603,0.010076087613261961,False
2017-10-13,-0.1559999999999917,0.010044037477277345,False
2017-10-16,-0.15099999999999625,0.010200176261414451,False
2017-10-17,-0.1360000000000099,0.009329161146036631,False
2017-10-18,-0.13500000000000512,0.009438266553886684,False
2017-10-19,-0.1460000000000008,0.010404951577632047,False
2017-10-20,-0.12199999999999989,0.00881212269451083,False
2017-10-23,-0.1220000000000141,0.009307110398256782,False
2017-10-24,-0.1110000000000042,0.008651413074812682,False
2017-10-25,-0.13400000000000034,0.010666758555052258,False
2017-10-26,-0.10299999999999443,0.00828735005837142,False
2017-10-27,-0.09399999999999409,0.007698635337790324,False
2017-10-30,-0.10600000000000875,0.009309485906560382,False
2017-10-31,-0.12300000000000466,0.01105666445098328,False
2017-11-01,-0.10599999999999454,0.009726535769466773,False
2017-11-02,-0.09700000000000841,0.009129451784221346,False
2017-11-03,-0.08299999999999841,0.007984302852684913,False
2017-11-06,-0.10000000000000853,0.010421696086782496,False
2017-11-07,-0.11299999999999955,0.01208538443506793,False
2017-11-08,-0.09799999999999898,0.010784230964038381,False
2017-11-09,-0.09199999999999875,0.010467685463196498,False
2017-11-10,-0.11299999999999955,0.013257053446705271,False
2017-11-13,-0.10199999999998965,0.013147857778529835,False
2017-11-14,-0.1039999999999992,0.013966321151066113,False
2017-11-15,-0.0870000000000033,0.012100240518716108,False
2017-11-16,-0.07800000000000296,0.01123494410940913,False
2017-11-17,-0.0870000000000033,0.013052056145831686,False
2017-11-20,-0.08299999999999841,0.014012935657983266,False
2017-11-21,-0.07500000000000284,0.013254771475635448,False
2017-11-22,-0.08499999999999375,0.015862790061532652,False
2017-11-23,-0.08499999999999375,0.016655929564609286,False
2017-11-24,-0.07500000000000284,0.015541323456527178,False
2017-11-27,-0.07899999999999352,0.019414893617019684,False
2017-11-28,-0.05700000000000216,0.014879898726573039,False
2017-11-29,-0.05700000000000216,0.01596089905776671,False
2017-11-30,-0.045000000000001705,0.013585315783118496,False
2017-12-01,-0.04400000000001114,0.014415326561903388,False
2017-12-04,-0.04399999999999693,0.01915791080954565,False
2017-12-05,-0.045000000000001705,0.02199761073135275,False
2017-12-06,-0.028000000000005798,0.015601290846533548,False
2017-12-07,-0.02599999999999625,0.01686769259207668,False
2017-12-08,-0.027000000000001023,0.020996228987792943,False
2017-12-11,-0.022999999999996135,0.044728962202820605,False
2017-12-12,-0.021000000000000796,0.08147321428571737,False
2017-12-13,-0.010000000000005116,,False
2017-12-14,-0.010000000000005116,0.0004338466987834305,False
2017-12-15,-0.0030000000000001137,0.00013098585938865865,False
2017-12-18,-0.17499999999999716,0.007941964907394385,False
2017-12-19,-0.4140000000000015,0.019110201402628906,True
2017-12-20,-0.42199999999999704,0.019740238302854565,False
2017-12-21,-0.416000000000011,0.019700174348619395,False
2017-12-22,-0.4229999999999876,0.020262427937437922,False
2017-12-25,-0.3429999999999893,0.01705422533944932,False
2017-12-26,-0.45600000000000307,0.022993784052393492,False
2017-12-27,-0.4130000000000109,0.021139023806065357,False
2017-12-28,-0.3020000000000067,0.01571391914238502,False
2017-12-29,-0.2980000000000018,0.01579363869347108,False
2018-01-01,-0.4140000000000015,0.022855727136105324,False
2018-01-02,-0.2990000000000066,0.01678565380686853,False
2018-01-03,-0.26600000000000534,0.015093148776878514,False
2018-01-04,-0.27199999999999136,0.015711125448620338,False
2018-01-05,-0.27599999999999625,0.016160380790802897,False
2018-01-08,-0.2580000000000098,0.015730393385117107,False
2018-01-09,-0.2680000000000007,0.016566632343377453,False
2018-01-10,-0.26200000000000045,0.01648676559070827,False
2018-01-11,-0.24399999999999977,0.015680416698358485,False
2018-01-12,-0.23900000000000432,0.015761084115425587,False
2018-01-15,-0.23900000000000432,0.016576312604154497,False
2018-01-16,-0.2469999999999999,0.017545611193693186,False
2018-01-17,-0.22799999999999443,0.01645467904478195,False
2018-01-18,-0.20100000000000762,0.01477246299333468,False
2018-01-19,-0.20199999999999818,0.015108668478149366,False
2018-01-22,-0.20999999999999375,0.01666398173288403,False
2018-01-23,-0.20899999999998897,0.01696824778957815,False
2018-01-24,-0.1950000000000074,0.016318781054119363,False
2018-01-25,-0.16400000000000148,0.013976524295710318,False
2018-01-26,-0.17599999999998772,0.015376230559203995,False
2018-01-29,-0.1770000000000067,0.01647345429250777,False
2018-01-30,-0.16100000000000136,0.015355542275494736,False
2018-01-31,-0.17900000000000205,0.017487636734663487,False
2018-02-01,-0.16600000000001103,0.016697416847058118,False
2018-02-02,-0.15899999999999181,0.01629537490453216,False
2018-02-05,-0.1490000000000009,0.016440521949162505,False
2018-02-06,-0.13400000000000034,0.015188327811998914,False
2018-02-07,-0.13700000000000045,0.015853817058903777,False
2018-02-08,-0.11299999999999955,0.013461407910849491,False
2018-02-09,-0.10799999999998988,0.01322365282778735,False
2018-02-12,-0.11199999999999477,0.015124607825725925,False
2018-02-13,-0.1110000000000042,0.01559367985442109,False
2018-02-14,-0.11599999999999966,0.01698941471987925,False
2018-02-15,-0.08800000000000807,0.013441383307493799,False
2018-02-16,-0.08699999999998909,0.013720986303641047,False
2018-02-19,-0.08699999999998909,0.015510680169333357,False
2018-02-20,-0.0799999999999983,0.014807362301672306,False
2018-02-21,-0.0870000000000033,0.01681784455132088,False
2018-02-22,-0.0799999999999983,0.01628446506647596,False
2018-02-23,-0.07499999999998863,0.016042996990067608,False
2018-02-26,-0.06299999999998818,0.016006097560972606,False
2018-02-27,-0.07500000000000284,0.02021488701816647,False
2018-02-28,-0.06199999999999761,0.017851029490878172,False
2018-03-01,-0.042999999999992156,0.013372777132591265,False
2018-03-02,-0.028999999999996362,0.009811173151215966,False
2018-03-05,-0.03900000000000148,0.017566071752498604,False
2018-03-06,-0.027999999999991587,0.01425940395132957,False
2018-03-07,-0.030000000000001137,0.017457182076018322,False
2018-03-08,-0.022999999999996135,0.015519396009876564,False
2018-03-09,-0.028000000000005798,0.022694720479658283,False
2018-03-12,-0.027999999999991587,0.056861806892390586,False
2018-03-13,-0.021000000000000796,0.08550583983133418,False
2018-03-14,-0.016999999999995907,,False
2018-03-15,-0.012999999999991019,0.000584983492246253,False
2018-03-16,-0.021000000000000796,0.0009546800370862106,False
2018-03-19,0.21800000000000352,-0.010282303970078236,False
2018-03-20,-0.4170000000000016,0.01990625273832777,True
2018-03-21,-0.4140000000000015,0.02012922346035625,False
2018-03-22,-0.38400000000000034,0.018873567431461805,False
2018-03-23,-0.4030000000000058,0.02014805143502589,False
2018-03-26,-0.4230000000000018,0.022057323468552246,False
2018-03-27,-0.3889999999999958,0.02045694697661905,False
2018-03-28,-0.33900000000001285,0.01791090016549575,False
2018-03-29,-0.33899999999999864,0.01812777919724704,False
2018-03-30,-0.16200000000000614,0.008778336970561058,False
2018-04-02,-0.34600000000000364,0.019553070895790652,False
2018-04-03,-0.3410000000000082,0.019508654325266547,False
2018-04-04,-0.35899999999999466,0.02084947675426911,False
2018-04-05,-0.3059999999999974,0.017954784614924457,False
2018-04-06,-0.3260000000000076,0.01949001961614256,False
2018-04-09,-0.30399999999998784,0.019066242132339165,False
2018-04-10,-0.30700000000000216,0.019610880096326302,False
2018-04-11,-0.3149999999999977,0.020447491961054384,False
2018-04-12,-0.2950000000000017,0.01941394147275875,False
2018-04-13,-0.29699999999999704,0.019855548389897164,False
2018-04-16,-0.28999999999999204,0.020474561059067142,False
2018-04-17,-0.2880000000000109,0.02066851802478885,False
2018-04-18,-0.27600000000001046,0.02013417989891815,False
2018-04-19,-0.24500000000000455,0.018127087250227117,False
2018-04-20,-0.24099999999999966,0.01808472363565339,False
2018-04-23,-0.24099999999999966,0.019015533008859768,False
2018-04-24,-0.2289999999999992,0.018464274274605896,False
2018-04-25,-0.2189999999999941,0.017935928783131955,False
2018-04-26,-0.19600000000001216,0.016312774767873465,False
2018-04-27,-0.19899999999999807,0.016918926813383386,False
2018-04-30,-0.21099999999999852,0.01910226900677613,False
2018-05-01,-0.19400000000000261,0.017849918010368372,False
2018-05-02,-0.17300000000000182,0.016281878523185182,False
2018-05-03,-0.1629999999999967,0.01572988434787244,False
2018-05-04,-0.15800000000000125,0.015602004155484496,False
2018-05-07,-0.15699999999999648,0.016726971917484762,False
2018-05-08,-0.16200000000000614,0.01766926999290069,False
2018-05-09,-0.1560000000000059,0.01751493414212571,False
2018-05-10,-0.13400000000000034,0.015548979763118913,False
2018-05-11,-0.12600000000000477,0.015080849288898685,False
2018-05-14,-0.125,0.016448198539219715,False
2018-05-15,-0.12599999999999056,0.017035245066389506,False
2018-05-16,-0.11099999999999,0.015511886511874393,False
2018-05-17,-0.09399999999999409,0.01360900391690132,False
2018-05-18,-0.09300000000000352,0.013956821635561582,False
2018-05-21,-0.09600000000000364,0.016279781802605475,False
2018-05-22,-0.08299999999999841,0.014723664591080857,False
2018-05-23,-0.08499999999999375,0.015730541029204664,False
2018-05-24,-0.07400000000001228,0.014412866458204545,False
2018-05-25,-0.12300000000000466,0.02510246188082646,False
2018-05-28,-0.2880000000000109,0.06979708913205407,False
2018-05-29,-0.0309999999999917,0.007958026071940112,False
2018-05-30,0.04599999999999227,-0.012742769104664643,False
2018-05-31,-0.01999999999999602,0.005976420157072232,False
2018-06-01,0.012999999999991019,-0.0041990109979546724,False
2018-06-04,-0.0519999999999925,0.022438330058610696,False
2018-06-05,-0.005000000000009663,0.002430196759387254,False
2018-06-06,0.01999999999999602,-0.011137590435706425,False
2018-06-07,-0.0589999999999975,0.038437785583731524,False
2018-06-08,0.0020000000000095497,-0.0015608796519099087,False
2018-06-11,-0.04800000000000182,0.09362975630611728,False
2018-06-12,-0.016999999999995907,0.06615068069635191,False
2018-06-13,0.15500000000000114,,False
2018-06-14,-0.10300000000000864,0.004407468369864283,False
2018-06-15,-0.006000000000000227,0.0002596140783380245,False
2018-06-18,0.10200000000000387,-0.00456373713070276,False
2018-06-19,-0.284000000000006,0.012873876128373906,True
2018-06-20,-0.40800000000000125,0.01871760993767841,False
2018-06-21,-0.4579999999999984,0.021334862776388304,False
2018-06-22,-0.3399999999999892,0.016069384520559497,False
2018-06-25,-0.3500000000000085,0.017214241237345256,False
2018-06-26,-0.3299999999999983,0.016367739694642714,False
2018-06-27,-0.32100000000001216,0.016022316509844627,False
2018-06-28,-0.21599999999999397,0.010908644118076499,False
2018-06-29,-0.12099999999999511,0.006241366274858692,False
2018-07-02,-0.09199999999999875,0.004920804069349567,False
2018-07-03,-0.17899999999998784,0.009746761721026682,False
2018-07-04,-0.11899999999999977,0.006572257763843566,False
2018-07-05,-0.17199999999999704,0.009656401011045632,False
2018-07-06,-0.1939999999999884,0.011105200326458663,False
2018-07-09,-0.269999999999996,0.016162480903917868,False
2018-07-10,-0.26900000000000546,0.01633993998231988,False
2018-07-11,-0.23299999999998988,0.014286991034868407,False
2018-07-12,-0.26300000000000523,0.016373106590382533,False
2018-07-13,-0.1770000000000067,0.011207390059849501,False
2018-07-16,-0.2389999999999901,0.015954384378583975,False
2018-07-17,-0.2810000000000059,0.019000105221662428,False
2018-07-18,-0.2739999999999867,0.01883634659631024,False
2018-07-19,-0.2220000000000084,0.015517607879260846,False
2018-07-20,-0.25,0.017933636308607125,False
2018-07-23,-0.19200000000000728,0.014550165682537862,False
2018-07-24,-0.22499999999999432,0.01740157647158493,False
2018-07-25,-0.1039999999999992,0.008230129689585723,False
2018-07-26,-0.24099999999999966,0.01938361151068988,False
2018-07-27,-0.20900000000000318,0.017182776904329913,False
2018-07-30,-0.23699999999999477,0.02089046686649471,False
2018-07-31,-0.27899999999999636,0.02512071932064129,False
2018-08-01,-0.2330000000000041,0.0214436496842143,False
2018-08-02,-0.18300000000000693,0.01715125587147164,False
2018-08-03,-0.20000000000000284,0.019218415981297858,False
2018-08-06,-0.17100000000000648,0.017721872649542017,False
2018-08-07,-0.14000000000000057,0.014934289127837575,False
2018-08-08,-0.20199999999999818,0.022200141517245336,False
2018-08-09,-0.1490000000000009,0.016774776608771656,False
2018-08-10,-0.1389999999999958,0.01597855123182976,False
2018-08-13,-0.14000000000000057,0.0176967858342598,False
2018-08-14,-0.12599999999999056,0.016415941917762005,False
2018-08-15,-0.11899999999999977,0.016062312973068094,False
2018-08-16,-0.10899999999999466,0.01526392763858505,False
2018-08-17,-0.12000000000000455,0.01755155066748053,False
2018-08-20,-0.1110000000000042,0.018389603598852704,False
2018-08-21,-0.10599999999999454,0.01848277838818994,False
2018-08-22,-0.09499999999999886,0.01737162656037765,False
2018-08-23,-0.08299999999999841,0.01584748333908719,False
2018-08-24,-0.08299999999999841,0.016772810496307664,False
2018-08-27,-0.09499999999999886,0.02288863482742569,False
2018-08-28,-0.08499999999999375,0.02185590250259609,False
2018-08-29,-0.07799999999998875,0.02151426576427853,False
2018-08-30,-0.04399999999999693,0.013048137553042695,False
2018-08-31,-0.05700000000000216,0.018234069181663027,False
2018-09-03,-0.05700000000000216,0.02431209224221737,False
2018-09-04,-0.0589999999999975,0.028222635772697482,False
2018-09-05,-0.060000000000002274,0.03288940150300185,False
2018-09-06,-0.03300000000000125,0.021134248536658067,False
2018-09-07,-0.036000000000001364,0.02756768664310021,False
2018-09-10,-0.04000000000000625,0.07675323309852951,False
2018-09-11,-0.02400000000000091,0.0919926489892395,False
2018-09-12,-0.03100000000000591,,False
2018-09-13,-0.0010000000000047748,4.290821286726113e-05,False
2018-09-14,-0.0020000000000095497,8.640766069054939e-05,False
2018-09-17,-0.009999999999990905,0.0004491867627487425,False
2018-09-18,-0.4129999999999967,0.018821257051962602,True
2018-09-19,-0.41800000000000637,0.01929801128156431,False
2018-09-20,-0.4210000000000065,0.019802821043402072,False
2018-09-21,-0.42199999999999704,0.02002616936551236,False
2018-09-24,-0.4099999999999966,0.020200520367564256,False
2018-09-25,-0.42199999999999704,0.021072697866243835,False
2018-09-26,-0.4200000000000017,0.021231154926355127,False
2018-09-27,-0.37000000000000455,0.018799179935366127,False
2018-09-28,-0.39500000000001023,0.020291262477526027,False
2018-10-01,-0.3689999999999998,0.01970551675462713,False
2018-10-02,-0.36700000000000443,0.01983067207110672,False
2018-10-03,-0.35599999999999454,0.019456697841704777,False
2018-10-04,-0.33899999999999864,0.0187949196072319,False
2018-10-05,-0.3189999999999884,0.01796631248900523,False
2018-10-08,-0.32499999999998863,0.019122762898695838,False
2018-10-09,-0.32200000000000273,0.01926044354246655,False
2018-10-10,-0.33099999999998886,0.020148758762078528,False
2018-10-11,-0.31099999999999284,0.01933232421149823,False
2018-10-12,-0.3100000000000023,0.01954376239621223,False
2018-10-15,-0.3049999999999926,0.020256628234418508,False
2018-10-16,-0.29999999999999716,0.020275389787424845,False
2018-10-17,-0.2780000000000058,0.019013864924544568,False
2018-10-18,-0.26200000000000045,0.018180297295293458,False
2018-10-19,-0.269999999999996,0.019121360393113934,False
2018-10-22,-0.26400000000001,0.019732966033127804,False
2018-10-23,-0.24800000000000466,0.01891488094616232,False
2018-10-24,-0.25199999999999534,0.019516571262219774,False
2018-10-25,-0.22400000000000375,0.017659357558792825,False
2018-10-26,-0.23099999999999454,0.018661952503045143,False
2018-10-29,-0.2289999999999992,0.01971623342925879,False
2018-10-30,-0.21999999999999886,0.0192935485785363,False
2018-10-31,-0.2259999999999991,0.02026860010781737,False
2018-11-01,-0.19599999999999795,0.018160490094612562,False
2018-11-02,-0.19899999999999807,0.018848022170785447,False
2018-11-05,-0.19599999999999795,0.020123367437668405,False
2018-11-06,-0.19999999999998863,0.02109697324903672,False
2018-11-07,-0.18999999999999773,0.02068145930285415,False
2018-11-08,-0.1740000000000066,0.01934687909342992,False
2018-11-09,-0.17100000000000648,0.019552211594307152,False
2018-11-12,-0.1599999999999966,0.01999000499750082,False
2018-11-13,-0.15899999999999181,0.02060041687136232,False
2018-11-14,-0.14399999999999125,0.019420259439294252,False
2018-11-15,-0.1360000000000099,0.018994725940621054,False
2018-11-16,-0.132000000000005,0.019236159188201273,False
2018-11-19,-0.12699999999999534,0.020979688782801632,False
2018-11-20,-0.12000000000000455,0.020585105783005566,False
2018-11-21,-0.12700000000000955,0.022854283298453366,False
2018-11-22,-0.12700000000000955,0.023996997463376038,False
2018-11-23,-0.09099999999999397,0.018054819465393505,False
2018-11-26,-0.09499999999999886,0.022346977180626466,False
2018-11-27,-0.08899999999999864,0.022262198464911936,False
2018-11-28,-0.10500000000000398,0.028314767120738344,False
2018-11-29,-0.07900000000000773,0.02293795099305205,False
2018-11-30,-0.07600000000000762,0.02378355762240111,False
2018-12-03,-0.07100000000001216,0.02969448426244406,False
2018-12-04,-0.06300000000000239,0.02966270046025994,False
2018-12-05,-0.05999999999998806,0.032249988955476816,False
2018-12-06,-0.04600000000000648,0.028919157262346822,False
2018-12-07,-0.0379999999999967,0.028753265060737998,False
2018-12-10,-0.03599999999998715,0.06760441641025339,False
2018-12-11,-0.030000000000001137,0.11247149694940749,False
2018-12-12,-0.02599999999999625,,False
2018-12-13,-0.007999999999995566,0.00033428581895427855,False
2018-12-14,-0.012999999999991019,0.0005472093476499661,False
2018-12-17,0.07500000000000284,-0.003275677422056951,False
2018-12-18,-0.534000000000006,0.02374504321766012,True
2018-12-19,-0.5510000000000019,0.024814748460638022,False
2018-12-20,-0.5480000000000018,0.02517423865611208,False
2018-12-21,-0.5010000000000048,0.023120221612252113,False
2018-12-24,-0.5459999999999923,0.02627577393156817,False
2018-12-25,-0.5739999999999981,0.02797739374238995,False
2018-12-26,-0.4819999999999993,0.02366006539231621,False
2018-12-27,-0.47999999999998977,0.024012907760280495,False
2018-12-28,-0.4369999999999976,0.022161551954705587,False
2018-12-31,-0.4380000000000024,0.023193363625285204,False
2019-01-01,-0.3499999999999943,0.018794545094770545,False
2019-01-02,-0.3960000000000008,0.021414570619635843,False
2019-01-03,-0.4270000000000067,0.02355877381612116,False
2019-01-04,-0.42900000000000205,0.02404930118261415,False
2019-01-07,-0.4380000000000024,0.025827891602663872,False
2019-01-08,-0.4240000000000066,0.025326249751254595,False
2019-01-09,-0.42899999999998784,0.026220869189536023,False
2019-01-10,-0.41899999999999693,0.02593243848178173,False
2019-01-11,-0.40399999999999636,0.02537502413432186,False
2019-01-14,-0.4030000000000058,0.02663796453680096,False
2019-01-15,-0.3640000000000043,0.02436244779704713,False
2019-01-16,-0.3819999999999908,0.02602319709618162,False
2019-01-17,-0.35200000000000387,0.024406297995047965,False
2019-01-18,-0.3430000000000035,0.02415203114733314,False
2019-01-21,-0.3430000000000035,0.025572738861882147,False
2019-01-22,-0.3439999999999941,0.026169509894850475,False
2019-01-23,-0.3509999999999991,0.027300169535299325,False
2019-01-24,-0.30400000000000205,0.024005593805276202,False
2019-01-25,-0.3289999999999935,0.026763735400408,False
2019-01-28,-0.3219999999999885,0.027992290866409583,False
2019-01-29,-0.3049999999999926,0.027104919472884445,False
2019-01-30,-0.3089999999999975,0.02825769636073619,False
2019-01-31,-0.2740000000000009,0.0255946056060914,False
2019-02-01,-0.27899999999999636,0.026714323189926198,False
2019-02-04,-0.2820000000000107,0.029108422014146672,False
2019-02-05,-0.25,0.026453784007245296,False
2019-02-06,-0.23799999999999955,0.025813295615275764,False
2019-02-07,-0.21800000000000352,0.02430489586190631,False
2019-02-08,-0.22100000000000364,0.02535257570728904,False
2019-02-11,-0.20000000000000284,0.025122947575635914,False
2019-02-12,-0.20600000000000307,0.026867129733683864,False
2019-02-13,-0.1910000000000025,0.02568467916164416,False
2019-02-14,-0.1729999999999876,0.024158914350534952,False
2019-02-15,-0.16400000000000148,0.023798921772872784,False
2019-02-18,-0.16400000000000148,0.0269031289606388,False
2019-02-19,-0.17099999999999227,0.029445510119931975,False
2019-02-20,-0.1599999999999966,0.028879809551501875,False
2019-02-21,-0.14200000000001012,0.0268652229352206,False
2019-02-22,-0.14000000000000057,0.027908658401844377,False
2019-02-25,-0.1419999999999959,0.033648502664352785,False
2019-02-26,-0.13800000000000523,0.0350284253898725,False
2019-02-27,-0.11599999999999966,0.03149051119646083,False
2019-02-28,-0.11399999999999011,0.03332641869546924,False
2019-03-01,-0.07699999999999818,0.024282875410402055,False
2019-03-04,-0.07200000000000273,0.03022461442914927,False
2019-03-05,-0.07099999999999795,0.033466346402189234,False
2019-03-06,-0.07399999999999807,0.03986168688283275,False
2019-03-07,-0.03900000000000148,0.0243014299176475,False
2019-03-08,-0.03699999999999193,0.027768353740651293,False
2019-03-11,-0.04099999999999682,0.07700104966348426,False
2019-03-12,-0.036000000000001364,0.135605114603871,False
2019-03-13,-0.0379999999999967,,False
2019-03-14,-0.015999999999991132,0.0006705545049432454,False
2019-03-15,-0.0049999999999954525,0.00021229545478320154,False
2019-03-18,-0.007999999999995566,0.0003517912923460795,False
2019-03-19,-0.5519999999999925,0.024734719883716522,True
2019-03-20,-0.5600000000000023,0.02555995560270736,False
2019-03-21,-0.5080000000000098,0.02327373398079428,False
2019-03-22,-0.5,0.02314702661540245,False
2019-03-25,-0.49800000000000466,0.023950598284021615,False
2019-03-26,-0.5110000000000099,0.024850277461345757,False
2019-03-27,-0.49099999999999966,0.02417319290495239,False
2019-03-28,-0.4380000000000024,0.02173900036768797,False
2019-03-29,-0.43900000000000716,0.022060681157175913,False
2019-04-01,-0.4329999999999927,0.0226765714980982,False
2019-04-02,-0.4380000000000024,0.02323174211327634,False
2019-04-03,-0.42899999999998784,0.023141757582385094,False
2019-04-04,-0.3830000000000098,0.02090290939131984,False
2019-04-05,-0.3930000000000007,0.02174682268528124,False
2019-04-08,-0.3999999999999915,0.023240081181104995,False
2019-04-09,-0.394999999999996,0.023317576414693744,False
2019-04-10,-0.387999999999991,0.0232806863018751,False
2019-04-11,-0.3680000000000092,0.022378617823789936,False
2019-04-12,-0.3739999999999952,0.02316682387274051,False
2019-04-15,-0.3859999999999957,0.025157814439645963,False
2019-04-16,-0.39100000000000534,0.025905019345948306,False
2019-04-17,-0.3509999999999991,0.023668686059538282,False
2019-04-18,-0.3230000000000075,0.022064059603560483,False
2019-04-19,-0.22700000000000387,0.015793474610162304,False
2019-04-22,-0.33200000000000784,0.024507023169229078,False
2019-04-23,-0.3160000000000025,0.023703247020139935,False
2019-04-24,-0.31799999999999784,0.024206995147964493,False
2019-04-25,-0.284000000000006,0.02205479358789795,False
2019-04-26,-0.28000000000000114,0.022250660879462904,False
2019-04-29,-0.27599999999999625,0.023463025123184055,False
2019-04-30,-0.2780000000000058,0.02427719305213439,False
2019-05-01,-0.27600000000001046,0.024623461950226046,False
2019-05-02,-0.2459999999999951,0.022441743692742364,False
2019-05-03,-0.2599999999999909,0.024393378572896536,False
2019-05-06,-0.2469999999999999,0.025050598569124692,False
2019-05-07,-0.2289999999999992,0.02383808412361059,False
2019-05-08,-0.23499999999999943,0.025164437977104773,False
2019-05-09,-0.20900000000000318,0.0230916437218339,False
2019-05-10,-0.2049999999999983,0.023345423345423152,False
2019-05-13,-0.19899999999999807,0.024929640307523093,False
2019-05-14,-0.20399999999999352,0.026382382266049508,False
2019-05-15,-0.19299999999999784,0.02583688852635998,False
2019-05-16,-0.1770000000000067,0.024496588564240345,False
2019-05-17,-0.17100000000000648,0.02453975428398976,False
2019-05-20,-0.16900000000001114,0.027432966344864237,False
2019-05-21,-0.16599999999999682,0.028132823701590013,False
2019-05-22,-0.1599999999999966,0.02841156486909943,False
2019-05-23,-0.13299999999999557,0.024838062687391086,False
2019-05-24,-0.13599999999999568,0.02680254397393524,False
2019-05-27,-0.13599999999999568,0.0318280209690481,False
2019-05-28,-0.10999999999999943,0.027357031404372897,False
2019-05-29,-0.10900000000000887,0.028987460746528748,False
2019-05-30,-0.08899999999999864,0.025484647627773915,False
2019-05-31,-0.08400000000000318,0.026160588126882406,False
2019-06-03,-0.08199999999999363,0.03426288435560784,False
2019-06-04,-0.0730000000000075,0.03433669419272717,False
2019-06-05,-0.0689999999999884,0.03699557992058219,False
2019-06-06,-0.046999999999997044,0.029476856672541286,False
2019-06-07,-0.054000000000002046,0.04085397450513162,False
2019-06-10,-0.04999999999999716,0.09435327935808215,False
2019-06-11,-0.04100000000001103,0.15484505147709685,False
2019-06-12,-0.030000000000001137,,False
2019-06-13,-0.014000000000010004,0.0005853439497089491,False
2019-06-14,-0.0020000000000095497,8.406525767193194e-05,False
2019-06-17,-0.16200000000000614,0.007059408389820011,False
2019-06-18,-0.49099999999999966,0.02170197281304623,True
2019-06-19,-0.5350000000000108,0.02406972708115827,False
2019-06-20,-0.49099999999999966,0.022459556756640225,False
2019-06-21,-0.5019999999999953,0.02334474388434704,False
2019-06-24,-0.4930000000000092,0.02385439703966639,False
2019-06-25,-0.49200000000000443,0.024070630774378064,False
2019-06-26,-0.4860000000000042,0.024065751230217428,False
2019-06-27,-0.4519999999999982,0.022673324911576965,False
2019-06-28,-0.46399999999999864,0.02360434567488268,False
2019-07-01,-0.43499999999998806,0.022873469627662072,False
2019-07-02,-0.4519999999999982,0.02413592425609174,False
2019-07-03,-0.4369999999999976,0.023654305022711743,False
2019-07-04,-0.4369999999999976,0.023997121037533653,False
2019-07-05,-0.3960000000000008,0.02193815910098175,False
2019-07-08,-0.4000000000000057,0.023160045431760683,False
2019-07-09,-0.39400000000000546,0.02314260518049365,False
2019-07-10,-0.40099999999999625,0.02402463179274631,False
2019-07-11,-0.38400000000000034,0.023386145710904815,False
2019-07-12,-0.3859999999999957,0.023953290997547446,False
2019-07-15,-0.38800000000000523,0.0252910470550631,False
2019-07-16,-0.3539999999999992,0.023359632580694272,False
2019-07-17,-0.37000000000000455,0.024899663849928994,False
2019-07-18,-0.34499999999999886,0.023738405318307575,False
2019-07-19,-0.3340000000000032,0.023318142398469424,False
2019-07-22,-0.3170000000000073,0.023403398908563345,False
2019-07-23,-0.28699999999999193,0.021506292471616548,False
2019-07-24,-0.277000000000001,0.021173165732245446,False
2019-07-25,-0.26599999999999113,0.020734668006122538,False
2019-07-26,-0.25900000000000034,0.020576597464204018,False
2019-07-29,-0.24799999999999045,0.02103636884200425,False
2019-07-30,-0.24099999999999966,0.020915229420795652,False
2019-07-31,-0.2580000000000098,0.022818934408831263,False
2019-08-01,-0.22499999999999432,0.020409284118109654,False
2019-08-02,-0.2219999999999942,0.02070218288844323,False
2019-08-05,-0.21399999999999864,0.021694835790285152,False
2019-08-06,-0.21299999999999386,0.022168444248265407,False
2019-08-07,-0.19899999999999807,0.021318873227034713,False
2019-08-08,-0.1839999999999975,0.020273150210881538,False
2019-08-09,-0.16899999999999693,0.019206781860652167,False
2019-08-12,-0.18200000000000216,0.02278167589182246,False
2019-08-13,-0.18099999999999739,0.023333812500904723,False
2019-08-14,-0.16100000000000136,0.021453907959029482,False
2019-08-15,-0.13900000000001,0.019173247018766486,False
2019-08-16,-0.1349999999999909,0.019337315780425683,False
2019-08-19,-0.12599999999999056,0.020357817751714545,False
2019-08-20,-0.12699999999999534,0.02148665097483635,False
2019-08-21,-0.11599999999999966,0.020535862823928438,False
2019-08-22,-0.10600000000000875,0.019726913036386035,False
2019-08-23,-0.10999999999999943,0.02166674761341978,False
2019-08-26,-0.09199999999999875,0.021418220412494988,False
2019-08-27,-0.09199999999999875,0.022865236057346628,False
2019-08-28,-0.0899999999999892,0.02391386640265277,False
2019-08-29,-0.05200000000000671,0.014829109745570954,False
2019-08-30,-0.055999999999997385,0.017229752511968986,False
2019-09-02,-0.055999999999997385,0.02297300334929198,False
2019-09-03,-0.05100000000000193,0.02351590213140192,False
2019-09-04,-0.057999999999992724,0.030736797478330115,False
2019-09-05,-0.031999999999996476,0.019786817371739263,False
2019-09-06,-0.03200000000001069,0.023749008763554832,False
2019-09-09,-0.03300000000000125,0.06129895773960007,False
2019-09-10,-0.018999999999991246,0.07054431525727368,False
2019-09-11,-0.016999999999995907,,False
2019-09-12,-0.000999999999990564,4.1253565890032214e-05,False
2019-09-13,-0.0020000000000095497,8.347918366546639e-05,False
2019-09-16,0.016999999999995907,-0.0007315558902803523,False
2019-09-17,-0.44199999999999307,0.019403183430621557,True
2019-09-18,-0.4270000000000067,0.0189069707406882,False
2019-09-19,-0.42500000000001137,0.019101003644613607,False
2019-09-20,-0.37700000000000955,0.01709983855157744,False
2019-09-23,-0.3780000000000001,0.01778087879580265,False
2019-09-24,-0.4099999999999966,0.01959204043409609,False
2019-09-25,-0.3780000000000001,0.018161730625874804,False
2019-09-26,-0.36700000000000443,0.01784605669491931,False
2019-09-27,-0.347999999999999,0.01714846953757045,False
2019-09-30,-0.35599999999999454,0.01822565134892795,False
2019-10-01,-0.3509999999999991,0.018267781160779383,False
2019-10-02,-0.3300000000000125,0.017435725214708337,False
2019-10-03,-0.32399999999999807,0.017393069245770762,False
2019-10-04,-0.3200000000000074,0.017440165896592166,False
2019-10-07,-0.3019999999999925,0.017187920274120624,False
2019-10-08,-0.31099999999999284,0.017948147932646163,False
2019-10-09,-0.30299999999999727,0.017765280478431157,False
2019-10-10,-0.2949999999999875,0.017648248566012468,False
2019-10-11,-0.2960000000000065,0.018072012050238714,False
2019-10-14,-0.2839999999999918,0.018205575830806696,False
2019-10-15,-0.2849999999999966,0.01862187892207359,False
2019-10-16,-0.27899999999999636,0.01860853783507587,False
2019-10-17,-0.27200000000000557,0.018545136991739316,False
2019-10-18,-0.2740000000000009,0.019091590766091904,False
2019-10-21,-0.2780000000000058,0.02050085361295514,False
2019-10-22,-0.269999999999996,0.02026610183433383,False
2019-10-23,-0.25499999999999545,0.019534840963412042,False
2019-10-24,-0.2259999999999991,0.017643259244049688,False
2019-10-25,-0.23199999999999932,0.018460251925322687,False
2019-10-28,-0.23999999999999488,0.020414555298275794,False
2019-10-29,-0.22100000000000364,0.019246429455090037,False
2019-10-30,-0.20700000000000784,0.018462100097790816,False
2019-10-31,-0.1980000000000075,0.0181431842932801,False
2019-11-01,-0.1980000000000075,0.018618419018765972,False
2019-11-04,-0.1389999999999958,0.014083111314177174,False
2019-11-05,-0.17799999999999727,0.018452249089741777,False
2019-11-06,-0.1880000000000024,0.020054124509752604,False
2019-11-07,-0.15399999999999636,0.016871641654855215,False
2019-11-08,-0.15200000000000102,0.017120112027495978,False
2019-11-11,-0.1670000000000016,0.020726014029289655,False
2019-11-12,-0.15800000000000125,0.020260829636531346,False
2019-11-13,-0.14300000000000068,0.018976963685810363,False
2019-11-14,-0.14399999999999125,0.019860095151619055,False
2019-11-15,-0.1280000000000001,0.018360117674521347,False
2019-11-18,-0.13100000000000023,0.02128659823554739,False
2019-11-19,-0.11399999999999011,0.019350572285849195,False
2019-11-20,-0.12000000000000455,0.02132326952904865,False
2019-11-21,-0.09399999999999409,0.017523161625756054,False
2019-11-22,-0.09399999999999409,0.018393390173607572,False
2019-11-25,-0.08499999999999375,0.019738415887944148,False
2019-11-26,-0.08199999999999363,0.020325286068383196,False
2019-11-27,-0.08200000000000784,0.02175094765238226,False
2019-11-28,-0.08200000000000784,0.023424097471796277,False
2019-11-29,-0.07099999999999795,0.021991235752156484,False
2019-12-02,-0.06499999999999773,0.026956582007659387,False
2019-12-03,-0.055999999999997385,0.026156570878675286,False
2019-12-04,-0.04599999999999227,0.024575023345536212,False
2019-12-05,-0.03900000000000148,0.02436557085785388,False
2019-12-06,-0.03900000000000148,0.029151862053430826,False
2019-12-09,-0.0350000000000108,0.06543966232624011,False
2019-12-10,-0.027999999999991587,0.10494429326895238,False
2019-12-11,-0.02200000000000557,,False
2019-12-12,-0.01300000000000523,0.000541384849895706,False
2019-12-13,-0.000999999999990564,4.220522167587983e-05,False
2019-12-16,-0.054000000000002046,0.0023635955913127067,False
2019-12-17,-0.4449999999999932,0.01974521170258581,True
2019-12-18,-0.4370000000000118,0.019583439534864834,False
2019-12-19,-0.4240000000000066,0.01923137861124275,False
2019-12-20,-0.4159999999999968,0.019035994377461157,False
2019-12-23,-0.4230000000000018,0.02009941984478432,False
2019-12-24,-0.4029999999999916,0.019391403001853904,False
2019-12-25,-0.3810000000000002,0.018570903754603678,False
2019-12-26,-0.41900000000001114,0.020720822031395778,False
2019-12-27,-0.37299999999999045,0.018802090885863938,False
2019-12-30,-0.3329999999999984,0.01751039862250658,False
2019-12-31,-0.33099999999998886,0.0177145028868996,False
2020-01-01,-0.38699999999998624,0.021007397316501482,False
2020-01-02,-0.32099999999999795,0.017591748026530525,False
2020-01-03,-0.31699999999999307,0.017628745222770397,False
2020-01-06,-0.32100000000001216,0.018708235200192318,False
2020-01-07,-0.30299999999999727,0.017869815257181697,False
2020-01-08,-0.3030000000000115,0.018098439012704207,False
2020-01-09,-0.2879999999999967,0.0174500717458237,False
2020-01-10,-0.2779999999999916,0.017135114268431256,False
2020-01-13,-0.2849999999999966,0.01847861614216566,False
2020-01-14,-0.2780000000000058,0.01833455660078407,False
2020-01-15,-0.26900000000000546,0.01808275135549306,False
2020-01-16,-0.25799999999999557,0.017640083845189558,False
2020-01-17,-0.2469999999999999,0.017148255806212435,False
2020-01-20,-0.2469999999999999,0.018156976735989636,False
2020-01-21,-0.23700000000000898,0.01778218595185793,False
2020-01-22,-0.23199999999999932,0.017762097387390076,False
2020-01-23,-0.20900000000000318,0.016302889021104567,False
2020-01-24,-0.20299999999998875,0.016144284298023965,False
2020-01-27,-0.18900000000000716,0.016036504230373935,False
2020-01-28,-0.18300000000000693,0.015877468114921193,False
2020-01-29,-0.17199999999999704,0.015280895375764207,False
2020-01-30,-0.16100000000000136,0.014669443871684864,False
2020-01-31,-0.1770000000000067,0.01661429026982051,False
2020-02-03,-0.17499999999999716,0.017683496556735706,False
2020-02-04,-0.15200000000000102,0.015756332352964673,False
2020-02-05,-0.14300000000000068,0.01519270680215287,False
2020-02-06,-0.11499999999999488,0.012548752538898332,False
2020-02-07,-0.11299999999999955,0.012679677439089385,False
2020-02-10,-0.117999999999995,0.01454369863106151,False
2020-02-11,-0.12700000000000955,0.01621242951763991,False
2020-02-12,-0.12700000000000955,0.01673576872976526,False
2020-02-13,-0.10899999999999466,0.014890342554603433,False
2020-02-14,-0.12099999999999511,0.017157599730854393,False
2020-02-17,0.0,0.0,False
2020-02-18,-0.10699999999999932,0.0178714754686485,False
2020-02-19,-0.10800000000000409,0.01884738352704327,False
2020-02-20,-0.08899999999999864,0.01627896488133394,False
2020-02-21,-0.07399999999999807,0.01433216666702004,False
2020-02-24,-0.07499999999998863,0.017232761572859075,False
2020-02-25,-0.06700000000000728,0.016484497965981237,False
2020-02-26,-0.057999999999992724,0.015283741910516358,False
2020-02-27,-0.046999999999997044,0.013402417044467369,False
2020-02-28,-0.05100000000000193,0.01581600921687237,False
2020-03-02,-0.04099999999999682,0.017085849400195734,False
2020-03-03,-0.03100000000000591,0.014562869380781593,False
2020-03-04,-0.028999999999996362,0.01553991857875248,False
2020-03-05,-0.029999999999986926,0.018855253641896937,False
2020-03-06,-0.016999999999995907,0.012935976817392178,False
2020-03-09,-0.024999999999991473,0.048092126067233516,False
2020-03-10,-0.025000000000005684,0.09466847876834572,False
2020-03-11,-0.015000000000000568,,False
2020-03-12,-0.0040000000000048885,0.0001664432223409879,False
2020-03-13,0.015000000000000568,-0.000622867177641515,False
2020-03-16,0.17099999999999227,-0.007387579539428498,False
2020-03-17,0.2289999999999992,-0.00985284098008564,False
2020-03-18,0.3830000000000098,-0.016389373866009797,False
2020-03-19,0.8500000000000085,-0.036078874641464725,True
2020-03-20,0.6850000000000023,-0.029459192729161456,False
2020-03-23,0.7530000000000001,-0.033698669439281216,False
2020-03-24,0.2079999999999984,-0.009519431702967577,False
2020-03-25,-0.05299999999999727,0.002487536919252585,False
2020-03-26,0.10099999999999909,-0.004877336927731489,False
2020-03-27,0.17200000000001125,-0.008494947752283115,False
2020-03-30,0.10000000000000853,-0.005106157718440463,False
2020-03-31,0.04399999999999693,-0.002282698735504135,False
2020-04-01,0.0799999999999983,-0.004181757512484318,False
2020-04-02,0.09099999999999397,-0.004800758061594789,False
2020-04-03,0.1010000000000133,-0.005384867973233686,False
2020-04-06,0.06999999999999318,-0.0039013143077453703,False
2020-04-07,0.013999999999995794,-0.0007991247472824229,False
2020-04-08,0.05100000000000193,-0.0029497473342937172,False
2020-04-09,-0.012999999999991019,0.0007691375026578151,False
2020-04-10,0.02200000000000557,-0.0013229553009158266,False
2020-04-13,-0.012000000000000455,0.0007602202764286181,False
2020-04-14,-0.001999999999995339,0.00012951425943095313,False
2020-04-15,0.025000000000005684,-0.0016378830043570513,False
2020-04-16,0.07499999999998863,-0.0049723004268451285,False
2020-04-17,0.054000000000002046,-0.003655995833166532,False
2020-04-20,0.10300000000000864,-0.007367295596005915,False
2020-04-21,0.11599999999999966,-0.008436447685655624,False
2020-04-22,0.14000000000000057,-0.010373797776312539,False
2020-04-23,0.10199999999998965,-0.007714974884367846,False
2020-04-24,0.054000000000002046,-0.00417549537136503,False
2020-04-27,0.055999999999997385,-0.004640952821217748,False
2020-04-28,0.06900000000000261,-0.005860844901821471,False
2020-04-29,0.07900000000000773,-0.006890004606877344,False
2020-04-30,0.012000000000000455,-0.0010787784090629617,False
2020-05-01,0.021000000000000796,-0.0019336528758830199,False
2020-05-04,0.08299999999999841,-0.008223445356230158,False
2020-05-05,0.05299999999999727,-0.005386430816453996,False
2020-05-06,0.045000000000001705,-0.004686483525262963,False
2020-05-07,0.017000000000010118,-0.001826717114088329,False
2020-05-08,0.0350000000000108,-0.003880175326216877,False
2020-05-11,0.033999999999991815,-0.004125527741762911,False
2020-05-12,0.022999999999996135,-0.002896101871029663,False
2020-05-13,0.04899999999999238,-0.006368966308042604,False
2020-05-14,0.04100000000001103,-0.005514633401249747,False
2020-05-15,0.031999999999996476,-0.004472895326589798,False
2020-05-18,0.015999999999991132,-0.0025472561820017873,False
2020-05-19,-0.0049999999999954525,0.0008348383295540728,False
2020-05-20,0.01100000000000989,-0.0019285870398007574,False
2020-05-21,0.03300000000000125,-0.006058670261461151,False
2020-05-22,0.025000000000005684,-0.004808016557492851,False
2020-05-25,0.025000000000005684,-0.005709519662022762,False
2020-05-26,-0.001999999999995339,0.0004920496902771646,False
2020-05-27,-0.003999999999990678,0.0010527742765397165,False
2020-05-28,-0.01099999999999568,0.003139573799923073,False
2020-05-29,-0.0030000000000001137,0.0009278937574358962,False
2020-06-01,-0.010000000000005116,0.004145936981759999,False
2020-06-02,-0.013999999999995794,0.006540615816256648,False
2020-06-03,-0.016999999999995907,0.009114103285334602,False
2020-06-04,-0.020000000000010232,0.012587465643122476,False
2020-06-05,-0.015000000000000568,0.011297744578114789,False
2020-06-08,-0.009999999999990905,0.018890775091072582,False
2020-06-09,-0.0030000000000001137,0.011368237456006909,False
2020-06-10,-0.009000000000000341,,False
2020-06-11,0.006000000000000227,-0.0002515359196739087,False
2020-06-12,-0.013999999999995794,0.0005900594043169559,False
2020-06-15,0.27199999999999136,-0.01190392258709322,False
2020-06-16,-0.024999999999991473,0.0011074963240220973,True
2020-06-17,-0.013999999999995794,0.0006262181229238558,False
2020-06-18,-0.021000000000000796,0.000948145765814835,False
2020-06-19,-0.04600000000000648,0.0020984053369237058,False
2020-06-22,-0.054000000000002046,0.002572497508749656,False
2020-06-23,-0.0379999999999967,0.0018406396242598687,False
2020-06-24,-0.018999999999991246,0.0009272713099578248,False
2020-06-25,-0.04099999999999682,0.0020218907333226558,False
2020-06-26,-0.029000000000010573,0.001448948024037871,False
2020-06-29,-0.03499999999999659,0.0018197819053705937,False
2020-06-30,-0.04200000000000159,0.0022179528598933185,False
2020-07-01,-0.04099999999999682,0.0022004602365879025,False
2020-07-02,-0.015999999999991132,0.0008698541757985364,False
2020-07-03,0.1290000000000049,-0.00711633457609132,False
2020-07-06,-0.042999999999992156,0.002497481831793864,False
2020-07-07,-0.04200000000000159,0.0024734998296141956,False
2020-07-08,-0.060000000000002274,0.003607204130199452,False
2020-07-09,-0.027000000000001023,0.0016442193053203256,False
2020-07-10,-0.0379999999999967,0.0023534585999990493,False
2020-07-13,-0.05700000000000216,0.0037207557184824524,False
2020-07-14,-0.05200000000000671,0.0034611042454332206,False
2020-07-15,-0.04200000000000159,0.0028504045231625736,False
2020-07-16,-0.027000000000001023,0.0018602956652563354,False
2020-07-17,-0.05299999999999727,0.0037359941259239573,False
2020-07-20,-0.05999999999998806,0.004483687974625119,False
2020-07-21,-0.05700000000000216,0.004377235430254742,False
2020-07-22,-0.057999999999992724,0.004551151546681517,False
2020-07-23,-0.042999999999992156,0.003454649987497037,False
2020-07-24,-0.05500000000000682,0.004525616227744449,False
2020-07-27,-0.05300000000001148,0.0046964598719135405,False
2020-07-28,-0.04899999999999238,0.0044414688410528355,False
2020-07-29,-0.021000000000000796,0.001953292233924211,False
2020-07-30,-0.012000000000000455,0.0011485906556643656,False
2020-07-31,-0.028000000000005798,0.0027378617888798116,False
2020-08-03,-0.03499999999999659,0.003692453722932364,False
2020-08-04,-0.0040000000000048885,0.00043431595831571807,False
2020-08-05,-0.018000000000000682,0.0020216939764598047,False
2020-08-06,-0.01999999999999602,0.0023144390560634965,False
2020-08-07,-0.022999999999996135,0.002723353952317653,False
2020-08-10,-0.012999999999991019,0.0016903746611223523,False
2020-08-11,-0.028000000000005798,0.003765104627174373,False
2020-08-12,-0.03499999999999659,0.004884485268927239,False
2020-08-13,-0.018000000000000682,0.0026075991870006814,False
2020-08-14,-0.01100000000000989,0.0016589469508859192,False
2020-08-17,-0.0040000000000048885,0.0006836867197609272,False
2020-08-18,-0.012000000000000455,0.002157956503874057,False
2020-08-19,-0.007000000000005002,0.0013099339649736608,False
2020-08-20,-0.015000000000000568,0.002950591735109728,False
2020-08-21,-0.007000000000005002,0.0014422317053906307,False
2020-08-24,-0.009000000000000341,0.002200822176248087,False
2020-08-25,0.0,0.0,False
2020-08-26,-0.010000000000005116,0.0028034999969291058,False
2020-08-27,-0.010000000000005116,0.0030193161786557236,False
2020-08-28,0.008000000000009777,-0.0026340762871824843,False
2020-08-31,-0.01300000000000523,0.005722527946320287,False
2020-09-01,-0.000999999999990564,0.000494113952148862,False
2020-09-02,-0.012999999999991019,0.007301819838170008,False
2020-09-03,-0.006000000000000227,0.003936031401982184,False
2020-09-04,0.0,0.0,False
2020-09-07,0.0,0.0,False
2020-09-08,-0.003999999999990678,0.015624832782146995,False
2020-09-09,0.0030000000000001137,,False
2020-09-10,-0.0049999999999954525,0.00021726733644511826,False
2020-09-11,-0.01300000000000523,0.0005713095450235156,False
2020-09-14,-0.14000000000000057,0.006395148597722903,False
2020-09-15,0.03499999999999659,-0.0016145900805397669,True
2020-09-16,0.016999999999995907,-0.0007923228069958471,False
2020-09-17,-0.0010000000000047748,4.7301685093598734e-05,False
2020-09-18,0.02599999999999625,-0.0012450695769543041,False
2020-09-21,0.027999999999991587,-0.001380887756794715,False
2020-09-22,0.030000000000001137,-0.0014931674294775545,False
2020-09-23,0.054000000000002046,-0.00271035466867884,False
2020-09-24,0.04000000000000625,-0.0020351427332025844,False
2020-09-25,0.04000000000000625,-0.002056005013272819,False
2020-09-28,0.02400000000000091,-0.0012901811909256568,False
2020-09-29,0.036000000000001364,-0.001970364458943842,False
2020-09-30,0.04100000000001103,-0.002276083706343988,False
2020-10-01,0.05100000000000193,-0.002877312863373887,False
2020-10-02,0.06500000000001194,-0.0037152675337144836,False
2020-10-05,0.031999999999996476,-0.0019209183568580672,False
2020-10-06,0.057999999999992724,-0.0035285591611192023,False
2020-10-07,0.04800000000000182,-0.002968629113508493,False
2020-10-08,0.042999999999992156,-0.002703156087586242,False
2020-10-09,0.007999999999995566,-0.0005143593451779925,False
2020-10-12,0.03900000000000148,-0.0026360954898046046,False
2020-10-13,0.0049999999999954525,-0.0003423018288105115,False
2020-10-14,-0.016000000000005343,0.0011169560041744224,False
2020-10-15,0.008000000000009777,-0.0005656152421692446,False
2020-10-16,-0.0030000000000001137,0.0002164602288429482,False
2020-10-19,0.001999999999995339,-0.00015320431011958514,False
2020-10-20,-0.015999999999991132,0.001255225628955468,False
2020-10-21,-0.012000000000000455,0.0009653209548919989,False
2020-10-22,0.01300000000000523,-0.0010633596517652688,False
2020-10-23,-0.0030000000000001137,0.0002511493811289432,False
2020-10-26,-0.0010000000000047748,8.915625451930435e-05,False
2020-10-27,-0.012999999999991019,0.001187478743629151,False
2020-10-28,0.0040000000000048885,-0.0003721472744804809,False
2020-10-29,0.02200000000000557,-0.0020840594883496486,False
2020-10-30,0.0040000000000048885,-0.00038812445503120526,False
2020-11-02,0.015999999999991132,-0.0016765397826517645,False
2020-11-03,0.007000000000005002,-0.0007585744145176672,False
2020-11-04,0.0040000000000048885,-0.00044656716783180453,False
2020-11-05,-0.009000000000000341,0.0010443344617020534,False
2020-11-06,-0.0040000000000048885,0.0004797226808617871,False
2020-11-09,-0.009999999999990905,0.0013122651854236746,False
2020-11-10,-0.012999999999991019,0.0017643707907938596,False
2020-11-11,-0.019000000000005457,0.002662523342671166,False
2020-11-12,-0.006999999999990791,0.001018004535796561,False
2020-11-13,-0.0049999999999954525,0.0007567903794312006,False
2020-11-16,-0.012000000000000455,0.002055865082680588,False
2020-11-17,-0.018000000000000682,0.0032320652355719275,False
2020-11-18,-0.0049999999999954525,0.0009414345192304584,False
2020-11-19,-0.009999999999990905,0.0019775909149997183,False
2020-11-20,0.0030000000000001137,-0.0006237521396977175,False
2020-11-23,-0.01099999999999568,0.0027130138171113957,False
2020-11-24,-0.006000000000000227,0.0015831706788115977,False
2020-11-25,-0.028000000000005798,0.007937716112477995,False
2020-11-26,-0.028000000000005798,0.008548309659591687,False
2020-11-27,0.01099999999999568,-0.0036446589180205223,False
2020-11-30,-0.01099999999999568,0.004856529764538047,False
2020-12-01,-0.016000000000005343,0.007995881573329287,False
2020-12-02,-0.0030000000000001137,0.0017168256755592094,False
2020-12-03,0.0040000000000048885,-0.0026823048715098516,False
2020-12-04,-0.006999999999990791,0.0056343308267286455,False
2020-12-07,-0.0030000000000001137,0.006030466245911077,False
2020-12-08,0.0030000000000001137,-0.012037199894468841,False
2020-12-09,-0.0040000000000048885,,False
2020-12-10,-0.0040000000000048885,0.000178619491546378,False
2020-12-11,-0.006000000000000227,0.0002704929270422627,False
2020-12-14,0.01999999999999602,-0.0009355536798912796,False
2020-12-15,-0.06399999999999295,0.003039780656922811,True
2020-12-16,-0.09100000000000819,0.004376062889880391,False
2020-12-17,-0.08100000000000307,0.003969253956130664,False
2020-12-18,-0.06300000000000239,0.0031174816767456704,False
2020-12-21,-0.0940000000000083,0.004828333805471909,False
2020-12-22,-0.10799999999998988,0.005581523373584344,False
2020-12-23,-0.07299999999999329,0.0038304069187395312,False
2020-12-24,-0.07299999999999329,0.0038846770666274314,False
2020-12-25,0.027000000000001023,-0.001455955678670415,False
2020-12-28,-0.06199999999999761,0.003481645589094915,False
2020-12-29,-0.0759999999999934,0.00434511694379411,False
2020-12-30,-0.03100000000000591,0.0018030636944404062,False
2020-12-31,-0.042999999999992156,0.00253035539764501,False
2021-01-01,-0.042999999999992156,0.002567566506433907,False
2021-01-04,-0.02400000000000091,0.0015000192639460833,False
2021-01-05,-0.027000000000001023,0.0017222469214509257,False
2021-01-06,-0.028000000000005798,0.0018124982930242434,False
2021-01-07,-0.03499999999999659,0.0022947554554103877,False
2021-01-08,-0.030000000000001137,0.0019930296744828163,False
2021-01-11,-0.023000000000010346,0.0016003779141373472,False
2021-01-12,-0.029000000000010573,0.0020618865960431764,False
2021-01-13,-0.021000000000000796,0.0015152102198508334,False
2021-01-14,-0.02400000000000091,0.0017654794354900328,False
2021-01-15,-0.018000000000000682,0.0013406204317900179,False
2021-01-18,-0.01099999999999568,0.0008674602793931674,False
2021-01-19,-0.02200000000000557,0.0017750563685401727,False
2021-01-20,-0.006000000000000227,0.0004940242243312306,False
2021-01-21,-0.0040000000000048885,0.0003374867316864407,False
2021-01-22,-0.02599999999999625,0.0022382265509798267,False
2021-01-25,-0.018000000000000682,0.0016522432786140492,False
2021-01-26,-0.02200000000000557,0.0020715288863486594,False
2021-01-27,-0.007000000000005002,0.0006711532803770609,False
2021-01-28,-0.027999999999991587,0.0027565693065439737,False
2021-01-29,-0.015000000000000568,0.0015112786935927876,False
2021-02-01,-0.005000000000009663,0.0005421744910625958,False
2021-02-02,-0.008000000000009777,0.0008894835025190566,False
2021-02-03,-0.023000000000010346,0.0026315129553830118,False
2021-02-04,-0.009000000000000341,0.0010556998148910314,False
2021-02-05,-0.010000000000005116,0.001215023954281101,False
2021-02-08,-0.015000000000000568,0.002007281206348584,False
2021-02-09,-0.009999999999990905,0.0013918330288447598,False
2021-02-10,-0.007999999999995566,0.001154075387997925,False
2021-02-11,-0.0040000000000048885,0.0005980785293502059,False
2021-02-12,-0.010000000000005116,0.0015517256038983887,False
2021-02-15,-0.010000000000005116,0.0017541245957112218,False
2021-02-16,-0.006000000000000227,0.001099913312768177,False
2021-02-17,-0.001999999999995339,0.00038221316080246895,False
2021-02-18,0.007999999999995566,-0.0016114790286966786,False
2021-02-19,-0.0010000000000047748,0.0002125928346323296,False
2021-02-22,-0.01100000000000989,0.0027882254247294487,False
2021-02-23,-0.001999999999995339,0.0005397392246226806,False
2021-02-24,-0.006000000000000227,0.0017348183589727998,False
2021-02-25,0.0010000000000047748,-0.00031149856412111983,False
2021-02-26,0.0030000000000001137,-0.0010040492066636238,False
2021-03-01,-0.0030000000000001137,0.0013364676245295407,False
2021-03-02,0.005000000000009663,-0.002512666593241997,False
2021-03-03,-0.005000000000009663,0.002866819354256445,False
2021-03-04,0.01300000000000523,-0.008629406544167119,False
2021-03-05,0.012999999999991019,-0.010316338732463796,False
2021-03-08,0.021000000000000796,-0.04150692052765119,False
2021-03-09,0.006000000000000227,-0.023813666217216332,False
2021-03-10,0.005000000000009663,,False
2021-03-11,-0.001999999999995339,8.872553666774822e-05,False
2021-03-12,-0.0010000000000047748,4.473399938398744e-05,False
2021-03-15,0.019000000000005457,-0.0008779290040907557,False
2021-03-16,0.015000000000000568,-0.0007010422802120679,False
2021-03-17,-0.006999999999990791,0.00033265890158721114,True
2021-03-18,0.008000000000009777,-0.00038294027312081477,False
2021-03-19,0.006000000000000227,-0.000290533772892812,False
2021-03-22,-0.0010000000000047748,5.0361922854329286e-05,False
2021-03-23,0.01099999999999568,-0.0005574015287376826,False
2021-03-24,0.001999999999995339,-0.00010245887258724075,False
2021-03-25,-0.02200000000000557,0.0011382359978547912,False
2021-03-26,0.009000000000000341,-0.0004721099434114972,False
2021-03-29,0.012000000000000455,-0.000654431487298675,False
2021-03-30,0.02400000000000091,-0.0013221062964407317,False
2021-03-31,0.0040000000000048885,-0.00022370267769068115,False
2021-04-01,0.018000000000000682,-0.0010244267303339692,False
2021-04-02,0.028999999999996362,-0.0016728650385902657,False
2021-04-05,0.0,0.0,False
2021-04-06,0.01300000000000523,-0.0008028395309051612,False
2021-04-07,0.016999999999995907,-0.0010651014738736026,False
2021-04-08,0.010000000000005116,-0.0006394222565897923,False
2021-04-09,-0.0030000000000001137,0.00019477885928962486,False
2021-04-12,0.006000000000000227,-0.0004097783978300986,False
2021-04-13,-0.008000000000009777,0.0005577726381200863,False
2021-04-14,-0.015999999999991132,0.0011375713319551508,False
2021-04-15,-0.05300000000001148,0.0038390629868295416,False
2021-04-16,-0.012000000000000455,0.0008860341596512518,False
2021-04-19,-0.019000000000005457,0.001493469436099965,False
2021-04-20,-0.013999999999995794,0.0011202823725428796,False
2021-04-21,-0.02599999999999625,0.0021252671420483836,False
2021-04-22,-0.012000000000000455,0.0009992225227494604,False
2021-04-23,-0.01999999999999602,0.0017098289163920706,False
2021-04-26,-0.027000000000001023,0.0024672534999700506,False
2021-04-27,-0.017000000000010118,0.001587624054718581,False
2021-04-28,-0.015999999999991132,0.001534860519549435,False
2021-04-29,-0.021000000000000796,0.0020636386863466514,False
2021-04-30,-0.010000000000005116,0.0009997808699468247,False
2021-05-03,-0.01799999999998647,0.001952858530111343,False
2021-05-04,-0.012999999999991019,0.0014440488146312187,False
2021-05-05,-0.015000000000000568,0.0017134782669928402,False
2021-05-06,-0.014999999999986358,0.001770799372795806,False
2021-05-07,-0.017000000000010118,0.0020842234529397773,False
2021-05-10,-0.027000000000001023,0.003642512612962382,False
2021-05-11,-0.017000000000010118,0.0023741236212496855,False
2021-05-12,-0.026999999999986812,0.003881131439407558,False
2021-05-13,-0.016999999999995907,0.002532813300432683,False
2021-05-14,-0.0030000000000001137,0.000466301120655752,False
2021-05-17,-0.02200000000000557,0.0038731161365700463,False
2021-05-18,-0.016000000000005343,0.002958238186803599,False
2021-05-19,0.0,0.0,False
2021-05-20,-0.01300000000000523,0.002642129294505211,False
2021-05-21,-0.012000000000000455,0.0025612612164822223,False
2021-05-24,-0.006000000000000227,0.001523575769718885,False
2021-05-25,-0.01099999999999568,0.0029864179348703702,False
2021-05-26,-0.012000000000000455,0.0034750321321465596,False
2021-05-27,-0.012000000000000455,0.0037452959339598006,False
2021-05-28,-0.038000000000010914,0.012843591538604841,False
2021-05-31,0.16400000000000148,-0.07390698288879326,True
2021-06-01,-0.012000000000000455,0.006095592246629563,False
2021-06-02,-0.008000000000009777,0.00464002466205456,False
2021-06-03,-0.01099999999999568,0.007394025112058473,False
2021-06-04,-0.0030000000000001137,0.0024297427135456305,False
2021-06-07,-0.0040000000000048885,0.008115980699540748,False
2021-06-08,0.0,0.0,False
2021-06-09,0.000999999999990564,,False
2021-06-10,0.0030000000000001137,-0.00013506812614253342,False
2021-06-11,-0.005000000000009663,0.00022645630013879315,False
2021-06-14,-0.047000000000011255,0.002204771972214361,False
2021-06-15,-0.034000000000006025,0.001613224017149078,False
2021-06-16,0.07899999999999352,-0.0037636370660882965,False
2021-06-17,-0.015999999999991132,0.0007658555373514909,False
2021-06-18,-0.015999999999991132,0.0007723705082484625,False
2021-06-21,-0.018000000000000682,0.0009051333459804363,False
2021-06-22,-0.0049999999999954525,0.00025501014591028566,False
2021-06-23,-0.017000000000010118,0.0008779693368683724,False
2021-06-24,-0.018999999999991246,0.0009940628574536517,False
2021-06-25,-0.007000000000005002,0.00037091880434966915,False
2021-06-28,-0.01099999999999568,0.000606947286438972,False
2021-06-29,-0.008000000000009777,0.0004468308749734417,False
2021-06-30,-0.005000000000009663,0.0002820636861169841,False
2021-07-01,-0.0030000000000001137,0.00017138869923960417,False
2021-07-02,0.1869999999999976,-0.010861567095538366,False
2021-07-05,0.2009999999999934,-0.012213566356381359,False
2021-07-06,-0.0030000000000001137,0.0001848802718736225,False
2021-07-07,0.000999999999990564,-6.253603317606049e-05,False
2021-07-08,-0.01099999999999568,0.0007007993476192411,False
2021-07-09,-0.013999999999995794,0.0009094021864090227,False
2021-07-12,-0.0049999999999954525,0.00034106743454464416,False
2021-07-13,0.007000000000005002,-0.00048323678999925406,False
2021-07-14,-0.0049999999999954525,0.0003526788129890815,False
2021-07-15,0.007000000000005002,-0.0005015010682663326,False
2021-07-16,0.0,0.0,False
2021-07-19,0.009000000000000341,-0.000693345152915875,False
2021-07-20,0.006000000000000227,-0.00047107411350952,False
2021-07-21,0.0049999999999954525,-0.00040152328031942776,False
2021-07-22,0.007999999999995566,-0.0006553197601346507,False
2021-07-23,0.015999999999991132,-0.0013371138854690438,False
2021-07-26,0.001999999999995339,-0.0001790688615435389,False
2021-07-27,0.0040000000000048885,-0.0003673188841158696,False
2021-07-28,-0.005000000000009663,0.0004706866660795404,False
2021-07-29,0.006999999999990791,-0.0006783106004141648,False
2021-07-30,0.013999999999995794,-0.0013857551959036059,False
2021-08-02,0.016999999999995907,-0.0018215684864243992,False
2021-08-03,0.006999999999990791,-0.0007707000067558083,False
2021-08-04,0.0040000000000048885,-0.0004520697673704044,False
2021-08-05,0.007999999999995566,-0.0009309538323410752,False
2021-08-06,0.0,0.0,False
2021-08-09,-0.006999999999990791,0.000916381530338017,False
2021-08-10,0.0,0.0,False
2021-08-11,-0.003999999999990678,0.0005611706789075919,False
2021-08-12,0.0030000000000001137,-0.00043590313157588405,False
2021-08-13,-0.006000000000000227,0.000910484793656741,False
2021-08-16,-0.009000000000000341,0.0015420819373619576,False
2021-08-17,0.015000000000000568,-0.0026717873891636246,False
2021-08-18,0.008000000000009777,-0.0014928242189275634,False
2021-08-19,0.01999999999999602,-0.0039000726588871155,False
2021-08-20,0.012000000000000455,-0.0024653111582910807,False
2021-08-23,0.01300000000000523,-0.0031898387669286044,False
2021-08-24,0.007999999999995566,-0.002095420573153774,False
2021-08-25,0.006999999999990791,-0.0019659169251956213,False
2021-08-26,0.016000000000005343,-0.0048263904384593485,False
2021-08-27,0.007999999999995566,-0.0026251249631389136,False
2021-08-30,-0.0010000000000047748,0.0004377191593894271,False
2021-08-31,0.009000000000000341,-0.004432719814325207,False
2021-09-01,0.0,0.0,False
2021-09-02,0.0030000000000001137,-0.001978791690159246,False
2021-09-03,-0.001999999999995339,0.0015863874914395896,False
2021-09-06,-0.001999999999995339,0.003965968728598974,False
2021-09-07,0.001999999999995339,-0.007890697624124985,False
2021-09-08,-0.0030000000000001137,,False
2021-09-09,0.0010000000000047748,-4.3853325644192474e-05,False
2021-09-10,0.008000000000009777,-0.0003543470003681287,False
2021-09-13,-0.022999999999996135,0.0010535798371298088,True
2021-09-14,-0.009000000000000341,0.00041729175743981337,False
2021-09-15,-0.013999999999995794,0.0006574160128527358,False
2021-09-16,-0.01300000000000523,0.0006152527975851889,False
2021-09-17,-0.018999999999991246,0.0009076711892726491,False
2021-09-20,-0.01999999999999602,0.0009908752604778335,False
2021-09-21,-0.003999999999990678,0.00020083635963417482,False
2021-09-22,-0.0020000000000095497,0.00010143932677685373,False
2021-09-23,-0.05499999999999261,0.0028393500681723077,False
2021-09-24,0.007999999999995566,-0.00041713540829604927,False
2021-09-27,-0.001999999999995339,0.00010857550132109593,False
2021-09-28,0.013999999999995794,-0.0007674539452537201,False
2021-09-29,0.015000000000000568,-0.0008289538829108633,False
2021-09-30,0.009999999999990905,-0.000561317388843268,False
2021-10-01,0.012000000000000455,-0.0006848890948768678,False
2021-10-04,0.0040000000000048885,-0.00023951309939822897,False
2021-10-05,-0.007999999999995566,0.000485542796939082,False
2021-10-06,0.006000000000000227,-0.0003687405036692345,False
2021-10-07,0.0040000000000048885,-0.0002499271616391566,False
2021-10-08,0.012000000000000455,-0.0007632232346063129,False
2021-10-11,0.009999999999990905,-0.0006671653041865592,False
2021-10-12,0.0030000000000001137,-0.0002032451286597425,False
2021-10-13,0.0,0.0,False
2021-10-14,0.0049999999999954525,-0.0003531445831971563,False
2021-10-15,0.0010000000000047748,-7.195447272979554e-05,False
2021-10-18,-0.008000000000009777,0.0006094512955543594,False
2021-10-19,-0.006000000000000227,0.0004673096620007005,False
2021-10-20,-0.023000000000010346,0.00183168365437881,False
2021-10-21,-0.012000000000000455,0.0009732502826425848,False
2021-10-22,-0.016999999999995907,0.001410107093145131,False
2021-10-25,-0.0040000000000048885,0.0003537167881744687,False
2021-10-26,-0.007999999999995566,0.0007228683614624969,False
2021-10-27,-0.0040000000000048885,0.00037060390159648654,False
2021-10-28,-0.019000000000005457,0.0018124246347584084,False
2021-10-29,-0.0020000000000095497,0.00019389934233685513,False
2021-11-01,0.0,0.0,False
2021-11-02,-0.01100000000000989,0.0011854694222714747,False
2021-11-03,-0.01100000000000989,0.0012222761735308288,False
2021-11-04,-0.006000000000000227,0.0006827547376632089,False
2021-11-05,-0.0030000000000001137,0.00035181163715787653,False
2021-11-08,-0.007000000000005002,0.0009056237284056861,False
2021-11-09,0.0010000000000047748,-0.00013395852203810103,False
2021-11-10,-0.012000000000000455,0.0016494292522889282,False
2021-11-11,-0.0030000000000001137,0.00042611563494149827,False
2021-11-12,0.0,0.0,False
2021-11-15,-0.001999999999995339,0.00033267785162946007,False
2021-11-16,-0.0040000000000048885,0.0006919293549615525,False
2021-11-17,0.000999999999990564,-0.0001813746609146331,False
2021-11-18,-0.001999999999995339,0.0003820309392718902,False
2021-11-19,-0.0030000000000001137,0.0006001539024802203,False
2021-11-22,-0.0040000000000048885,0.0009451648989073534,False
2021-11-23,0.0030000000000001137,-0.0007565237216822058,False
2021-11-24,-0.0030000000000001137,0.0008073982751908568,False
2021-11-25,0.09799999999999898,-0.028403857270815437,False
2021-11-26,0.015000000000000568,-0.004747461083826035,False
2021-11-29,-0.0030000000000001137,0.0012629145992928159,False
2021-11-30,0.01300000000000523,-0.00617793494224628,False
2021-12-01,-0.0040000000000048885,0.0021720760286145493,False
2021-12-02,0.001999999999995339,-0.0012652786732916983,False
2021-12-03,-0.0030000000000001137,0.0022785442287284715,False
2021-12-06,0.001999999999995339,-0.0037890584449200592,False
2021-12-07,0.0010000000000047748,-0.0037874857320923812,False
2021-12-08,-0.01300000000000523,,False
2021-12-09,-0.019000000000005457,0.0008005605655526918,False
2021-12-10,0.0030000000000001137,-0.00012802675116042997,False
2021-12-13,0.028000000000005798,-0.0012334548684659317,False
2021-12-14,-0.03300000000000125,0.0014678767154172093,True
2021-12-15,-0.028999999999996362,0.0013060664658888594,False
2021-12-16,-0.027000000000001023,0.0012366290658651319,False
2021-12-17,-0.016999999999995907,0.0007837628092482378,False
2021-12-20,-0.006000000000000227,0.0002871357293214855,False
2021-12-21,-0.001999999999995339,9.699524670120478e-05,False
2021-12-22,-0.016999999999995907,0.0008389054183824128,False
2021-12-23,-0.034000000000006025,0.0017011978297050525,False
2021-12-24,-0.034000000000006025,0.001723880467434453,False
2021-12-27,-0.007000000000005002,0.0003693161450277509,False
2021-12-28,0.0010000000000047748,-5.343747149722027e-05,False
2021-12-29,-0.0030000000000001137,0.00016307213000498022,False
2021-12-30,-0.0040000000000048885,0.00022049331301197256,False
2021-12-31,-0.07699999999999818,0.0043236306374881215,False
2022-01-03,-0.001999999999995339,0.00011673061532198041,False
2022-01-04,0.012000000000000455,-0.0007108617072106966,False
2022-01-05,0.01099999999999568,-0.0006625996416183246,False
2022-01-06,0.006000000000000227,-0.0003666983020696659,False
2022-01-07,0.0030000000000001137,-0.0001875307627518421,False
2022-01-10,-0.0010000000000047748,6.555999008548715e-05,False
2022-01-11,0.0010000000000047748,-6.696479761527216e-05,False
2022-01-12,-0.014000000000010004,0.0009615283295230315,False
2022-01-13,-0.015000000000000568,0.0010503345243519737,False
2022-01-14,-0.0040000000000048885,0.00028411888312512563,False
2022-01-17,-0.0969999999999942,0.007295170146115198,False
2022-01-18,-0.009000000000000341,0.00068635542137211,False
2022-01-19,-0.010000000000005116,0.0007799978630199524,False
2022-01-20,-0.010000000000005116,0.0007943762514150491,False
2022-01-21,-0.006000000000000227,0.0004872197151789371,False
2022-01-24,-0.017000000000010118,0.0014705031988489297,False
2022-01-25,-0.01999999999999602,0.0017697381563300742,False
2022-01-26,-0.07799999999998875,0.007031713100176815,False
2022-01-27,-0.012999999999991019,0.0011901411665431933,False
2022-01-28,-0.003999999999990678,0.0003752595973918423,False
2022-01-31,-0.0030000000000001137,0.000306562194750155,False
2022-02-01,-0.010000000000005116,0.001052024787433886,False
2022-02-02,-0.0010000000000047748,0.00010870455442352867,False
2022-02-03,0.0,0.0,False
2022-02-04,-0.0049999999999954525,0.0005792106231983662,False
2022-02-07,-0.007000000000005002,0.0008928072235274187,False
2022-02-08,-0.001999999999995339,0.0002631968903822083,False
2022-02-09,0.0,0.0,False
2022-02-10,-0.0049999999999954525,0.0007074202766413857,False
2022-02-11,-0.009000000000000341,0.0013151057409070044,False
2022-02-14,-0.018000000000000682,0.0029645499389042125,False
2022-02-15,0.003999999999990678,-0.0006913382888698312,False
2022-02-16,-0.003999999999990678,0.0007264993628185574,False
2022-02-17,0.0030000000000001137,-0.0005714852353266816,False
2022-02-18,-0.021000000000000796,0.004201339824535983,False
2022-02-21,-0.058000000000006935,0.013779681316394067,False
2022-02-22,-0.014000000000010004,0.0035482045460094166,False
2022-02-23,-0.001999999999995339,0.0005420931627930263,False
2022-02-24,-0.019000000000005457,0.005492921378752566,False
2022-02-25,0.0040000000000048885,-0.0012592416260447257,False
2022-02-28,-0.012999999999991019,0.005452481252423708,False
2022-03-01,-0.0030000000000001137,0.0014052009116482063,False
2022-03-02,0.028999999999996362,-0.015522849458421454,False
2022-03-03,0.006000000000000227,-0.0037324498164454183,False
2022-03-04,0.023000000000010346,-0.017016144561226246,False
2022-03-07,0.001999999999995339,-0.0036759152021667687,False
2022-03-08,0.018000000000000682,-0.06631005248284466,False
2022-03-09,-0.015000000000000568,,False
2022-03-10,-0.0030000000000001137,0.00012351444272991073,False
2022-03-11,0.006000000000000227,-0.000248226990548115,False
2022-03-14,-0.11999999999999034,0.005150763312547198,True
2022-03-15,-0.03300000000000125,0.0014304478150786012,False
2022-03-16,0.0030000000000001137,-0.00013217990372957868,False
2022-03-17,0.000999999999990564,-4.488482124423871e-05,False
2022-03-18,-0.006000000000000227,0.00027189384866861194,False
2022-03-21,0.000999999999990564,-4.69065997067317e-05,False
2022-03-22,0.030000000000001137,-0.0014248918058181411,False
2022-03-23,-0.007000000000005002,0.00033647840776597775,False
2022-03-24,0.01099999999999568,-0.0005347059450242946,False
2022-03-25,0.03300000000000125,-0.0016251441986602788,False
2022-03-28,-0.03599999999998715,0.0018424107818881923,False
2022-03-29,0.03700000000000614,-0.0019322362390230224,False
2022-03-30,0.08299999999999841,-0.004421820835613854,False
2022-03-31,0.04800000000000182,-0.0025814664851389847,False
2022-04-01,-0.005000000000009663,0.0002721185405027986,False
2022-04-04,-0.02599999999999625,0.0014751348839086925,False
2022-04-05,-0.04399999999999693,0.002523811200064192,False
2022-04-06,0.015999999999991132,-0.0009305668091990295,False
2022-04-07,0.009000000000000341,-0.0005311133817937443,False
2022-04-08,-0.043000000000006366,0.0025793217443811334,False
2022-04-11,-0.007999999999995566,0.0005038311875643388,False
2022-04-12,0.0,0.0,False
2022-04-13,0.0379999999999967,-0.0024789423941684262,False
2022-04-14,0.0049999999999954525,-0.0003307399695172538,False
2022-04-15,-0.1740000000000066,0.011722894475122658,False
2022-04-18,-0.015000000000000568,0.0010653686876175958,False
2022-04-19,0.0030000000000001137,-0.00021690899726636056,False
2022-04-20,0.027000000000001023,-0.002002872511423359,False
2022-04-21,0.036000000000001364,-0.002720794322857757,False
2022-04-22,-0.007000000000005002,0.000537101974328381,False
2022-04-25,0.017000000000010118,-0.0013857139922059882,False
2022-04-26,0.015000000000000568,-0.0012444103813146628,False
2022-04-27,0.009000000000000341,-0.0007596348757737116,False
2022-04-28,0.036000000000001364,-0.003091750883937342,False
2022-04-29,0.003999999999990678,-0.0003544962753602259,False
2022-05-02,0.02200000000000557,-0.002091504221296783,False
2022-05-03,0.0309999999999917,-0.0030368860202855323,False
2022-05-04,0.006999999999990791,-0.0007115425853354384,False
2022-05-05,0.05000000000001137,-0.005171043967192105,False
2022-05-06,0.034000000000006025,-0.0036266380510026875,False
2022-05-09,0.0379999999999967,-0.0044588464864478705,False
2022-05-10,0.022999999999996135,-0.0027850144658191603,False
2022-05-11,0.027999999999991587,-0.003513872576389572,False
2022-05-12,0.04600000000000648,-0.005928213884590975,False
2022-05-13,0.057999999999992724,-0.00778267048900954,False
2022-05-16,0.01300000000000523,-0.0019798881749152585,False
2022-05-17,0.046999999999997044,-0.007540811814216428,False
2022-05-18,0.0519999999999925,-0.008702023105749872,False
2022-05-19,0.027000000000001023,-0.004795573765705625,False
2022-05-20,0.022999999999996135,-0.0042825361796505245,False
2022-05-23,0.021000000000000796,-0.004692228958735499,False
2022-05-24,0.01300000000000523,-0.0031052648800771626,False
2022-05-25,0.021000000000000796,-0.005363598068125247,False
2022-05-26,0.029000000000010573,-0.007993783200446367,False
2022-05-27,0.029999999999986926,-0.008972644496446365,False
2022-05-30,-0.36299999999999955,0.14532023756642465,True
2022-05-31,0.014000000000010004,-0.006276654285325712,False
2022-06-01,0.0309999999999917,-0.01576557433924196,False
2022-06-02,0.007999999999995566,-0.004779113310809932,False
2022-06-03,0.01999999999999602,-0.014291307752542184,False
2022-06-06,0.010000000000005116,-0.017814089236394756,False
2022-06-07,0.007000000000005002,-0.02496946005376815,False
2022-06-08,0.0040000000000048885,,False
2022-06-09,-0.0049999999999954525,0.00018227860440692137,False
2022-06-10,0.0030000000000001137,-0.00010951647127728426,False
2022-06-13,-0.13100000000000023,0.004899042230328046,False
2022-06-14,-0.17600000000000193,0.006628513504254951,False
2022-06-15,-0.22299999999999898,0.008523853332544387,False
2022-06-16,-0.21399999999999864,0.008392129813172722,False
2022-06-17,-0.2120000000000033,0.00832093831107117,False
2022-06-20,-0.2120000000000033,0.00861120360099226,False
2022-06-21,-0.22400000000000375,0.009230142239698232,False
2022-06-22,-0.21600000000000819,0.009026374323880941,False
2022-06-23,-0.23900000000000432,0.010087378074953558,False
2022-06-24,-0.2259999999999991,0.009676657237527232,False
2022-06-27,-0.2609999999999957,0.011631070004719874,False
2022-06-28,-0.24500000000000455,0.010996195691335978,False
2022-06-29,-0.2569999999999908,0.011619059344835998,False
2022-06-30,-0.22100000000000364,0.010160261706878788,False
2022-07-01,-0.2289999999999992,0.01062317500563977,False
2022-07-04,-0.2289999999999992,0.01106580729754143,False
2022-07-05,-0.2150000000000034,0.010395802202227829,False
2022-07-06,-0.1980000000000075,0.00965807191368043,False
2022-07-07,-0.17099999999999227,0.008457121115485966,False
2022-07-08,-0.18600000000000705,0.009346311614207077,False
2022-07-11,-0.19200000000000728,0.009998737316991598,False
2022-07-12,-0.1599999999999966,0.008455964118911525,False
2022-07-13,-0.2009999999999934,0.01080704377968532,False
2022-07-14,-0.13700000000000045,0.0074398540506103745,False
2022-07-15,-0.15200000000000102,0.008428317750009894,False
2022-07-18,-0.13500000000000512,0.00792279252750859,False
2022-07-19,-0.132000000000005,0.007933018844624766,False
2022-07-20,-0.12299999999999045,0.007495782526636619,False
2022-07-21,-0.10599999999999454,0.006586406365440519,False
2022-07-22,-0.10900000000000887,0.00691007643202858,False
2022-07-25,-0.1280000000000001,0.00861340257978045,False
2022-07-26,-0.14499999999999602,0.009888457083068373,False
2022-07-27,-0.12099999999999511,0.008476611059918636,False
2022-07-28,-0.11499999999999488,0.008231476774978612,False
2022-07-29,-0.12400000000000944,0.009103685262711205,False
2022-08-01,-0.11400000000000432,0.00897776465958318,False
2022-08-02,-0.13700000000000045,0.010960067261782684,False
2022-08-03,-0.1290000000000049,0.01053866370147185,False
2022-08-04,-0.12699999999999534,0.010709980070264285,False
2022-08-05,-0.13100000000000023,0.011225232416189333,False
2022-08-08,-0.11200000000000898,0.010391588507330995,False
2022-08-09,-0.12199999999999989,0.011641610929153742,False
2022-08-10,-0.11599999999999966,0.011512317146119928,False
2022-08-11,-0.09600000000000364,0.0098156869468175,False
2022-08-12,-0.12099999999999511,0.012684421697784847,False
2022-08-15,-0.11299999999999955,0.012917359590853661,False
2022-08-16,-0.11199999999999477,0.013250133214401315,False
2022-08-17,-0.08799999999999386,0.010772710564231704,False
2022-08-18,-0.0689999999999884,0.008683868898921202,False
2022-08-19,-0.07099999999999795,0.00922062174351737,False
2022-08-22,-0.06500000000001194,0.009465152082754098,False
2022-08-23,-0.06999999999999318,0.010698487723745998,False
2022-08-24,-0.06100000000000705,0.009761343588773456,False
2022-08-25,-0.03699999999999193,0.00622734776313348,False
2022-08-26,-0.0519999999999925,0.00918563846236732,False
2022-08-29,-0.044999999999987494,0.009436184391945168,False
2022-08-30,-0.02400000000000091,0.005370164323350303,False
2022-08-31,-0.03499999999999659,0.008397368057791479,False
2022-09-01,-0.01300000000000523,0.0033279235580530903,False
2022-09-02,-0.02400000000000091,0.006666057894256485,False
2022-09-05,-0.02400000000000091,0.00888807719234198,False
2022-09-06,-0.010000000000005116,0.004140049363001646,False
2022-09-07,-0.008000000000009777,0.0037980083868396006,False
2022-09-08,0.006000000000000227,-0.003326861903329723,False
2022-09-09,-0.006000000000000227,0.00401845922364851,False
2022-09-12,-0.013999999999995794,0.023588389526932606,False
2022-09-13,-0.006000000000000227,0.019943720460072336,False
2022-09-14,-0.027000000000001023,,False
2022-09-15,-0.028000000000005798,0.0010350425714429645,False
2022-09-16,-0.027999999999991587,0.001046433810910939,False
2022-09-19,0.24500000000000455,-0.009454506932001313,False
2022-09-20,-0.27300000000001035,0.010662841476843274,True
2022-09-21,-0.29599999999999227,0.011655977345716587,False
2022-09-22,-0.24799999999999045,0.009815961564632663,False
2022-09-23,-0.22999999999998977,0.009063052068880088,False
2022-09-26,-0.08299999999999841,0.0033632784832329458,False
2022-09-27,-0.0589999999999975,0.0024208417896983865,False
2022-09-28,-0.09600000000000364,0.004044734019491523,False
2022-09-29,-0.05200000000000671,0.002225778881885308,False
2022-09-30,-0.03300000000000125,0.0014328539309803904,False
2022-10-03,-0.08899999999999864,0.004040808873285347,False
2022-10-04,-0.08400000000000318,0.003926414434452399,False
2022-10-05,-0.19700000000000273,0.009253265763881958,False
2022-10-06,-0.07499999999998863,0.0035365352186581076,False
2022-10-07,-0.11199999999999477,0.005335112400168678,False
2022-10-10,-0.0730000000000075,0.0036253599678354224,False
2022-10-11,-0.09300000000000352,0.0046884115780356775,False
2022-10-12,-0.09599999999998943,0.004912301951798337,False
2022-10-13,-0.10999999999999943,0.005768938426245062,False
2022-10-14,-0.10900000000000887,0.005761498160404864,False
2022-10-17,-0.13100000000000023,0.007366734743933761,False
2022-10-18,-0.13599999999999568,0.007776105800153834,False
2022-10-19,-0.10499999999998977,0.006062908069702366,False
2022-10-20,-0.06300000000000239,0.003705888325364082,False
2022-10-21,-0.031999999999996476,0.0019315618529761787,False
2022-10-24,-0.0799999999999983,0.005116201731834177,False
2022-10-25,-0.12000000000000455,0.007903997112695418,False
2022-10-26,-0.14799999999999613,0.010063248316706295,False
2022-10-27,-0.13400000000000034,0.009225266252010682,False
2022-10-28,-0.1460000000000008,0.010251069446811645,False
2022-10-31,-0.10699999999999932,0.007966376201432692,False
2022-11-01,-0.12199999999999989,0.009299485406198299,False
2022-11-02,-0.11899999999999977,0.009297885985890571,False
2022-11-03,-0.12600000000000477,0.009943861184649598,False
2022-11-04,-0.10299999999999443,0.008484617328975656,False
2022-11-07,-0.12700000000000955,0.011390159717781423,False
2022-11-08,-0.09399999999999409,0.008700366576796988,False
2022-11-09,-0.08900000000001285,0.008402524507903235,False
2022-11-10,-0.11400000000000432,0.011322054633199598,False
2022-11-11,-0.1280000000000001,0.013335571151780048,False
2022-11-14,-0.12899999999999068,0.01473280078099226,False
2022-11-15,-0.10899999999999466,0.012906501262750558,False
2022-11-16,-0.1290000000000049,0.015841502212461438,False
2022-11-17,-0.10200000000000387,0.012936138630375087,False
2022-11-18,-0.10400000000001342,0.013667084792093576,False
2022-11-21,-0.10299999999999443,0.015172513435109494,False
2022-11-22,-0.10699999999999932,0.01657309688397761,False
2022-11-23,-0.10899999999999466,0.01787843205454261,False
2022-11-24,-0.10899999999999466,0.01877235365726974,False
2022-11-25,-0.04200000000000159,0.007617682763514718,False
2022-11-28,-0.04899999999999238,0.010482899129715527,False
2022-11-29,-0.054000000000002046,0.012307058294620577,False
2022-11-30,-0.05299999999999727,0.013048393384946157,False
2022-12-01,-0.03900000000000148,0.010459551624335331,False
2022-12-02,-0.045000000000001705,0.01309808612440241,False
2022-12-05,-0.04999999999999716,0.01926831096625455,False
2022-12-06,-0.036000000000001364,0.01556252487161568,False
2022-12-07,-0.04399999999999693,0.02183869283320852,False
2022-12-08,-0.018000000000000682,0.010452861888579572,False
2022-12-09,-0.01099999999999568,0.007662286853879183,False
2022-12-12,-0.027000000000001023,0.046882135789315216,False
2022-12-13,-0.03700000000000614,0.12992697920978075,False
2022-12-14,-0.0309999999999917,,False
2022-12-15,-0.02600000000001046,0.0010938023705433393,False
2022-12-16,-0.03999999999999204,0.0017011951012102832,False
2022-12-19,-0.12600000000000477,0.0055657717743123405,False
2022-12-20,-0.35900000000000887,0.016214658392717983,True
2022-12-21,-0.31500000000001194,0.014378670719249231,False
2022-12-22,-0.3060000000000116,0.014113584979476509,False
2022-12-23,-0.30399999999998784,0.014224273307053238,False
2022-12-26,-0.30399999999998784,0.014816951361513793,False
2022-12-27,-0.28600000000000136,0.014151884055141848,False
2022-12-28,-0.2809999999999917,0.014063986923981517,False
2022-12-29,-0.25,0.012766819532716217,False
2022-12-30,-0.2530000000000001,0.01315026489926651,False
2023-01-02,-0.2530000000000001,0.01375720020230958,False
2023-01-03,-0.20600000000000307,0.01126278616074869,False
2023-01-04,-0.22700000000000387,0.012643204066090045,False
2023-01-05,-0.21399999999999864,0.012018150777248554,False
2023-01-06,-0.2330000000000041,0.013451366457643103,False
2023-01-09,-0.2580000000000098,0.01580273779873309,False
2023-01-10,-0.2560000000000002,0.015918607939542015,False
2023-01-11,-0.2600000000000051,0.016464352335058396,False
2023-01-12,-0.25099999999999056,0.0163314600983108,False
2023-01-13,-0.25799999999999557,0.017106006011897074,False
2023-01-16,-0.25799999999999557,0.018112241659655724,False
2023-01-17,-0.24899999999999523,0.01779598789908034,False
2023-01-18,-0.2560000000000002,0.01867588681980869,False
2023-01-19,-0.22700000000000387,0.01695108398555806,False
2023-01-20,-0.23099999999999454,0.01762545239497277,False
2023-01-23,-0.2220000000000084,0.01806969375849699,False
2023-01-24,-0.2430000000000092,0.020286937974966605,False
2023-01-25,-0.22500000000000853,0.019280558717137502,False
2023-01-26,-0.2009999999999934,0.017605523956614456,False
2023-01-27,-0.20600000000000307,0.01847946834970191,False
2023-01-30,-0.18999999999999773,0.018360248460359913,False
2023-01-31,-0.18199999999998795,0.018106046978145076,False
2023-02-01,-0.18899999999999295,0.01950944292671266,False
2023-02-02,-0.17499999999999716,0.01849546119210637,False
2023-02-03,-0.1600000000000108,0.017222490094857566,False
2023-02-06,-0.12299999999999045,0.01445921660321826,False
2023-02-07,-0.1290000000000049,0.015717832771740343,False
2023-02-08,-0.13700000000000045,0.017293098392041045,False
2023-02-09,-0.1150000000000091,0.015077974411089098,False
2023-02-10,-0.09499999999999886,0.01288118844983658,False
2023-02-13,-0.0969999999999942,0.014909226581501477,False
2023-02-14,-0.10999999999999943,0.017697312917583762,False
2023-02-15,-0.08400000000000318,0.01406022785273409,False
2023-02-16,-0.06499999999999773,0.011429218332995717,False
2023-02-17,-0.08199999999999363,0.015178870282276108,False
2023-02-20,-0.08199999999999363,0.01802490846020288,False
2023-02-21,-0.06400000000000716,0.01495825008964872,False
2023-02-22,-0.06199999999999761,0.01546481225594854,False
2023-02-23,-0.0589999999999975,0.01584612882788616,False
2023-02-24,-0.055999999999997385,0.01619784831713473,False
2023-02-27,-0.049000000000006594,0.018993942328934945,False
2023-02-28,-0.04399999999999693,0.019150965895538847,False
2023-03-01,-0.05100000000000193,0.025464280242510105,False
2023-03-02,-0.031999999999996476,0.018540565423748295,False
2023-03-03,-0.03300000000000125,0.023055279075109975,False
2023-03-06,-0.024999999999991473,0.04373352504192134,False
2023-03-07,-0.022999999999996135,0.07950412910067609,False
2023-03-08,-0.02400000000000091,,False
2023-03-09,-0.003999999999990678,0.00014293287490354208,False
2023-03-10,-0.0239999999999867,0.0008727714438743345,False
2023-03-13,0.117999999999995,-0.004465383120436907,False
2023-03-14,-0.3819999999999908,0.01468336461038447,True
2023-03-15,-0.37000000000000455,0.014232094960162955,False
2023-03-16,-0.3260000000000076,0.012701371009406506,False
2023-03-17,-0.347999999999999,0.013807962570007262,False
2023-03-20,-0.347999999999999,0.01434891380010339,False
2023-03-21,-0.35899999999999466,0.014981857928745197,False
2023-03-22,-0.37400000000000944,0.015936914521820583,False
2023-03-23,-0.32500000000000284,0.01398355168892436,False
2023-03-24,-0.35200000000000387,0.015246869217748435,False
2023-03-27,-0.33899999999999864,0.015277959214818898,False
2023-03-28,-0.3240000000000123,0.014848822264645602,False
2023-03-29,-0.34199999999999875,0.015847512475012468,False
2023-03-30,-0.3230000000000075,0.015235069386472691,False
2023-03-31,-0.3199999999999932,0.015240182934387293,False
2023-04-03,-0.3059999999999974,0.015240158369929232,False
2023-04-04,-0.3190000000000026,0.016194116320862692,False
2023-04-05,-0.30700000000000216,0.015764298727517116,False
2023-04-06,-0.30299999999999727,0.015788434548769267,False
2023-04-07,-0.36199999999999477,0.019100444660317403,False
2023-04-10,-0.32900000000000773,0.018068260212438084,False
2023-04-11,-0.3199999999999932,0.017912527972988507,False
2023-04-12,-0.3289999999999935,0.018840488985095268,False
2023-04-13,-0.31099999999999284,0.01818159976935602,False
2023-04-14,-0.30700000000000216,0.018143782044691265,False
2023-04-17,-0.30699999999998795,0.018978965368193382,False
2023-04-18,-0.29700000000001125,0.018746964999440403,False
2023-04-19,-0.29999999999999716,0.019232768844249168,False
2023-04-20,-0.2740000000000009,0.017903271137621274,False
2023-04-21,-0.269999999999996,0.01797108870332414,False
2023-04-24,-0.2750000000000057,0.01947243333928944,False
2023-04-25,-0.2710000000000008,0.019472989999212594,False
2023-04-26,-0.26200000000000045,0.019283954874376046,False
2023-04-27,-0.2510000000000048,0.018850450690686308,False
2023-04-28,-0.2560000000000002,0.019605781943167165,False
2023-05-01,-0.23099999999999454,0.018801510989010544,False
2023-05-02,-0.2330000000000041,0.019442523447278974,False
2023-05-03,-0.22800000000000864,0.01959579262650098,False
2023-05-04,-0.2150000000000034,0.018916275204023687,False
2023-05-05,-0.2150000000000034,0.019424697274230747,False
2023-05-08,-0.2219999999999942,0.021649943156541375,False
2023-05-09,-0.20600000000000307,0.020597945848688272,False
2023-05-10,-0.2079999999999984,0.02141961367390653,False
2023-05-11,-0.18500000000000227,0.01949514995891679,False
2023-05-12,-0.17199999999999704,0.01855860697523349,False
2023-05-15,-0.1629999999999967,0.019391290460312564,False
2023-05-16,-0.1599999999999966,0.019665180104763806,False
2023-05-17,-0.1560000000000059,0.019796073326825786,False
2023-05-18,-0.1290000000000049,0.016856496920293413,False
2023-05-19,-0.11899999999999977,0.016206762998058965,False
2023-05-22,-0.11899999999999977,0.018320688606501438,False
2023-05-23,-0.10299999999999443,0.016529125466591323,False
2023-05-24,-0.08799999999999386,0.014735438776131779,False
2023-05-25,-0.07600000000000762,0.013314134869211798,False
2023-05-26,-0.07000000000000739,0.012913275352475658,False
2023-05-29,-0.07000000000000739,0.015334514481064845,False
2023-05-30,-0.0870000000000033,0.02034051384538596,False
2023-05-31,-0.08099999999998886,0.02025790890964002,False
2023-06-01,-0.058000000000006935,0.015733623876463577,False
2023-06-02,-0.06300000000000239,0.018433988764045645,False
2023-06-05,-0.06599999999998829,0.025753027504100523,False
2023-06-06,-0.05100000000000193,0.022357889578569944,False
2023-06-07,-0.04399999999999693,0.022048779148388393,False
2023-06-08,-0.027000000000001023,0.015897828022765712,False
2023-06-09,-0.02400000000000091,0.016922140766712702,False
2023-06-12,-0.022999999999996135,0.04050428925706878,False
2023-06-13,-0.01999999999999602,0.07065564567644116,False
2023-06-14,-0.031999999999996476,,False
2023-06-15,-0.006999999999990791,0.0002780280574377281,False
2023-06-16,0.015000000000000568,-0.0006015847555456453,False
2023-06-19,-0.26400000000001,0.010957236756822081,True
2023-06-20,-0.41500000000000625,0.01744978040175705,False
2023-06-21,-0.394999999999996,0.01688076879124897,False
2023-06-22,-0.3919999999999959,0.016901537557961536,False
2023-06-23,-0.3610000000000042,0.01567055688305726,False
2023-06-26,-0.3579999999999899,0.016163255935577086,False
2023-06-27,-0.3650000000000091,0.016724400212606492,False
2023-06-28,-0.3569999999999993,0.016502249944150293,False
2023-06-29,-0.3340000000000032,0.015572372508624926,False
2023-06-30,-0.32500000000000284,0.015417807974369854,False
2023-07-03,-0.3340000000000032,0.01649418867695814,False
2023-07-04,-0.3850000000000051,0.01928054778296708,False
2023-07-05,-0.33800000000000807,0.01710514457639262,False
2023-07-06,-0.2989999999999924,0.015375841296690156,False
2023-07-07,-0.32200000000000273,0.016953235438363815,False
2023-07-10,-0.3299999999999983,0.018231409486992714,False
2023-07-11,-0.3289999999999935,0.018503674694042217,False
2023-07-12,-0.32800000000000296,0.01896656912476398,False
2023-07-13,-0.31399999999999295,0.018586594947481626,False
2023-07-14,-0.3089999999999975,0.018562666796139684,False
2023-07-17,-0.3130000000000024,0.019790627649331954,False
2023-07-18,-0.3160000000000025,0.02031125492526816,False
2023-07-19,-0.29300000000000637,0.019099613382177708,False
2023-07-20,-0.28300000000000125,0.01866945245972462,False
2023-07-21,-0.27299999999999613,0.01830669038847747,False
2023-07-24,-0.26300000000000523,0.0186208848368254,False
2023-07-25,-0.2530000000000001,0.01826877423439108,False
2023-07-26,-0.2510000000000048,0.01857877774902675,False
2023-07-27,-0.2289999999999992,0.01714876473909498,False
2023-07-28,-0.22299999999999898,0.017079147828265466,False
2023-07-31,-0.2289999999999992,0.01869264844536914,False
2023-08-01,-0.21800000000000352,0.018126709274419353,False
2023-08-02,-0.20100000000000762,0.01706028688907774,False
2023-08-03,-0.19200000000000728,0.016700227578729767,False
2023-08-04,-0.18099999999999739,0.016218478730507642,False
2023-08-07,-0.18599999999999284,0.01801341892250021,False
2023-08-08,-0.1880000000000024,0.018625279569192254,False
2023-08-09,-0.17799999999999727,0.01814338214760425,False
2023-08-10,-0.15699999999999648,0.016464692493387032,False
2023-08-11,-0.1530000000000058,0.016479591068885583,False
2023-08-14,-0.1319999999999908,0.01558345785868043,False
2023-08-15,-0.11400000000000432,0.013917528359347698,False
2023-08-16,-0.11199999999999477,0.014130992363456206,False
2023-08-17,-0.10200000000000387,0.01332646070251224,False
2023-08-18,-0.09900000000000375,0.013457218446761543,False
2023-08-21,-0.09399999999999409,0.014453996186604352,False
2023-08-22,-0.09000000000000341,0.014430641985656883,False
2023-08-23,-0.08599999999999852,0.01446548445087125,False
2023-08-24,-0.06300000000000239,0.01106390554181664,False
2023-08-25,-0.06399999999999295,0.011820384800076826,False
2023-08-28,-0.0660000000000025,0.01447827717516787,False
2023-08-29,-0.060000000000002274,0.01411023378531236,False
2023-08-30,-0.06399999999999295,0.01618510886841245,False
2023-08-31,-0.031999999999996476,0.008673497045589115,False
2023-09-01,-0.045000000000001705,0.013136931212869173,False
2023-09-04,-0.045000000000001705,0.017515908283825564,False
2023-09-05,-0.04399999999999693,0.019162299666865782,False
2023-09-06,-0.04000000000000625,0.019897866703376347,False
2023-09-07,-0.0309999999999917,0.017955529319160876,False
2023-09-08,-0.02400000000000091,0.016675232710868088,False
2023-09-11,-0.030000000000001137,0.05237279866844151,False
2023-09-12,-0.021000000000000796,0.07321616200210422,False
2023-09-13,-0.017000000000010118,,False
2023-09-14,-0.010000000000005116,0.00038479582101215714,False
2023-09-15,0.0030000000000001137,-0.0001168133946025855,False
2023-09-18,0.09000000000000341,-0.0036277850566620545,False
2023-09-19,-0.30100000000000193,0.012329531171443016,True
2023-09-20,-0.5400000000000063,0.0223921495918292,False
2023-09-21,-0.3190000000000026,0.013354702080092306,False
2023-09-22,-0.3229999999999933,0.013658976842475721,False
2023-09-25,-0.30800000000000693,0.013464263172330175,False
2023-09-26,-0.3009999999999877,0.013296758623860885,False
2023-09-27,-0.29999999999999716,0.013369666266268438,False
2023-09-28,-0.2909999999999968,0.013192921841859183,False
2023-09-29,-0.35900000000000887,0.016511206665722027,False
2023-10-02,-0.2980000000000018,0.014170820070581897,False
2023-10-03,-0.2810000000000059,0.013536272498699976,False
2023-10-04,-0.26900000000000546,0.013166646551608803,False
2023-10-05,-0.2669999999999959,0.013316280623653464,False
2023-10-06,-0.2599999999999909,0.013192810210372729,False
2023-10-09,-0.27199999999999136,0.014435026749435944,False
2023-10-10,-0.2680000000000007,0.014479736066769649,False
2023-10-11,-0.25099999999999056,0.013774937237316775,False
2023-10-12,-0.23199999999999932,0.012840509289656559,False
2023-10-13,-0.21399999999999864,0.01203085295374298,False
2023-10-16,-0.20899999999998897,0.012404121514698925,False
2023-10-17,-0.20399999999999352,0.01231838814734778,False
2023-10-18,-0.21099999999999852,0.012931040272513001,False
2023-10-19,-0.20699999999999363,0.012954069674737665,False
2023-10-20,-0.17499999999999716,0.01116041788098984,False
2023-10-23,-0.20199999999999818,0.013724782828999096,False
2023-10-24,-0.18999999999999773,0.013075037707390493,False
2023-10-25,-0.17600000000000193,0.012327181511991121,False
2023-10-26,-0.18000000000000682,0.012861532389919866,False
2023-10-27,-0.17900000000000205,0.013067365886244965,False
2023-10-30,-0.18600000000000705,0.014565243882555211,False
2023-10-31,-0.16899999999999693,0.01347057002010352,False
2023-11-01,-0.16899999999999693,0.013762736974094076,False
2023-11-02,-0.14699999999999136,0.012348514645491842,False
2023-11-03,-0.16200000000000614,0.014097502360312954,False
2023-11-06,-0.16899999999999693,0.015870781963731432,False
2023-11-07,-0.16899999999999693,0.016261017739100065,False
2023-11-08,-0.14500000000001023,0.014340175794163607,False
2023-11-09,-0.12999999999999545,0.013193309087673176,False
2023-11-10,-0.1360000000000099,0.014227878214637347,False
2023-11-13,-0.1280000000000001,0.014761033651491754,False
2023-11-14,-0.1460000000000008,0.017684912536177176,False
2023-11-15,-0.1290000000000049,0.01612820354728055,False
2023-11-16,-0.11599999999999966,0.01504464179432755,False
2023-11-17,-0.12199999999999989,0.016500720725394345,False
2023-11-20,-0.12100000000000932,0.018585686685680922,False
2023-11-21,-0.11599999999999966,0.018603809167275165,False
2023-11-22,-0.09499999999999886,0.01590359235435065,False
2023-11-23,-0.09499999999999886,0.016698771972068184,False
2023-11-24,-0.09900000000000375,0.018410149706334988,False
2023-11-27,-0.09399999999999409,0.020797972940205276,False
2023-11-28,-0.0969999999999942,0.022994216537259905,False
2023-11-29,-0.08899999999999864,0.022598826822793128,False
2023-11-30,-0.06900000000000261,0.018730978964185383,False
2023-12-01,-0.06799999999999784,0.02004198966408205,False
2023-12-04,-0.06499999999999773,0.025433549558704242,False
2023-12-05,-0.05499999999999261,0.02412976585412436,False
2023-12-06,-0.045000000000001705,0.022538407917054026,False
2023-12-07,-0.03699999999999193,0.02174634152624867,False
2023-12-08,-0.027000000000001023,0.018955021493898758,False
2023-12-11,-0.03100000000000591,0.05436558271833756,False
2023-12-12,-0.02599999999999625,0.09139148104275495,False
2023-12-13,-0.021000000000000796,,False
2023-12-14,-0.016000000000005343,0.0006365400126438156,False
2023-12-15,-0.001999999999995339,7.998446767359791e-05,False
2023-12-18,-0.025000000000005684,0.0010348038851019626,False
2023-12-19,-0.3709999999999951,0.01565010066268618,True
2023-12-20,-0.367999999999995,0.015670792033002715,False
2023-12-21,-0.3650000000000091,0.01581742330286122,False
2023-12-22,-0.35999999999999943,0.01581281478211768,False
2023-12-25,-0.35999999999999943,0.016413301419413287,False
2023-12-26,-0.36199999999999477,0.016754770918799795,False
2023-12-27,-0.33200000000000784,0.015635406777338916,False
2023-12-28,-0.3160000000000025,0.015039009631537863,False
2023-12-29,-0.30400000000000205,0.014643980111321269,False
2024-01-01,-0.30400000000000205,0.01525414594929299,False
2024-01-02,-0.3089999999999975,0.015590396862927543,False
2024-01-03,-0.2990000000000066,0.015255848413048223,False
2024-01-04,-0.28699999999999193,0.014864526418926508,False
2024-01-05,-0.28300000000000125,0.014873778433618907,False
2024-01-08,-0.2810000000000059,0.01548076168396427,False
2024-01-09,-0.28599999999998715,0.015946714539907772,False
2024-01-10,-0.2819999999999965,0.01600518734139404,False
2024-01-11,-0.2669999999999959,0.015406716446224938,False
2024-01-12,-0.2530000000000001,0.014819751730442131,False
2024-01-15,-0.2530000000000001,0.015586290613051208,False
2024-01-16,-0.24500000000000455,0.015215102501385254,False
2024-01-17,-0.24399999999999977,0.015409541527209091,False
2024-01-18,-0.22400000000000375,0.014388894364115298,False
2024-01-19,-0.2189999999999941,0.014362007759634204,False
2024-01-22,-0.21300000000000807,0.014783178152271573,False
2024-01-23,-0.2150000000000034,0.015178623237461799,False
2024-01-24,-0.19700000000000273,0.014241684989099826,False
2024-01-25,-0.20399999999999352,0.015006771790654452,False
2024-01-26,-0.19900000000001228,0.014970121587025487,False
2024-01-29,-0.18799999999998818,0.01507958204373731,False
2024-01-30,-0.18200000000000216,0.014967627970064923,False
2024-01-31,-0.18500000000000227,0.01559563188349984,False
2024-02-01,-0.17600000000000193,0.015230862317177659,False
2024-02-02,-0.14099999999999113,0.012397500505872162,False
2024-02-05,-0.13299999999999557,0.012577066757033553,False
2024-02-06,-0.14499999999999602,0.01412671415698244,False
2024-02-07,-0.14000000000000057,0.014049674259264663,False
2024-02-08,-0.1280000000000001,0.013207970693684214,False
2024-02-09,-0.11800000000000921,0.012550378536551663,False
2024-02-12,-0.12300000000000466,0.014382923102060192,False
2024-02-13,-0.10999999999999943,0.01320441353000174,False
2024-02-14,-0.1110000000000042,0.01383172375744982,False
2024-02-15,-0.09600000000000364,0.012454681168693157,False
2024-02-16,-0.09300000000000352,0.012531693796212134,False
2024-02-19,-0.10899999999999466,0.016603469012838757,False
2024-02-20,-0.10099999999999909,0.01611573427245959,False
2024-02-21,-0.09399999999999409,0.015723011045975642,False
2024-02-22,-0.08199999999999363,0.014406738868831613,False
2024-02-23,-0.07700000000001239,0.014242487664198842,False
2024-02-26,-0.0759999999999934,0.016710682306675113,False
2024-02-27,-0.06999999999999318,0.016416246622781325,False
2024-02-28,-0.07099999999999795,0.017815208544150134,False
2024-02-29,-0.058000000000006935,0.015643542992773474,False
2024-03-01,-0.06199999999999761,0.018168126218299413,False
2024-03-04,-0.053999999999987836,0.021102738538028357,False
2024-03-05,-0.045000000000001705,0.019788584426475166,False
2024-03-06,-0.04800000000000182,0.024224089418968437,False
2024-03-07,-0.05099999999998772,0.03018818355193295,False
2024-03-08,-0.02400000000000091,0.01706138984107263,False
2024-03-11,-0.016999999999995907,0.03016470267957116,False
2024-03-12,-0.022999999999996135,0.08155711426738094,False
2024-03-13,-0.022999999999996135,,False
2024-03-14,-0.018000000000000682,0.000706392367091819,False
2024-03-15,-0.018000000000000682,0.000713832021961281,False
2024-03-18,-0.117999999999995,0.0048406061558302245,False
2024-03-19,-0.3340000000000032,0.013859488366488159,True
2024-03-20,-0.3429999999999893,0.014463605250728994,False
2024-03-21,-0.3410000000000082,0.014465478683975921,False
2024-03-22,-0.2530000000000001,0.010810049594299763,False
2024-03-25,-0.29000000000000625,0.012891579441968441,False
2024-03-26,-0.30700000000000216,0.013814681694594478,False
2024-03-27,-0.284000000000006,0.012936594463347507,False
2024-03-28,-0.277000000000001,0.012758623822693474,False
2024-03-29,-0.2179999999999893,0.010174964115252675,False
2024-04-01,-0.25500000000000966,0.012339241851527074,False
2024-04-02,-0.2540000000000049,0.012488042002709865,False
2024-04-03,-0.25199999999999534,0.012634979855187897,False
2024-04-04,-0.22999999999998977,0.011710991969146631,False
2024-04-05,-0.22700000000000387,0.011707929032611985,False
2024-04-08,-0.23799999999999955,0.01286271234876649,False
2024-04-09,-0.2259999999999991,0.012402631300398327,False
2024-04-10,-0.21399999999999864,0.011804526947675083,False
2024-04-11,-0.21800000000000352,0.012215288745661829,False
2024-04-12,-0.20600000000000307,0.011646977764945297,False
2024-04-15,-0.20999999999999375,0.012467704335344927,False
2024-04-16,-0.19200000000000728,0.01159170022354757,False
2024-04-17,-0.1869999999999976,0.01152414134974349,False
2024-04-18,-0.16899999999999693,0.010582414509496275,False
2024-04-19,-0.1700000000000017,0.010841957975487674,False
2024-04-22,-0.16400000000000148,0.01108197756834467,False
2024-04-23,-0.1700000000000017,0.01176247571205168,False
2024-04-24,-0.15699999999999648,0.011064236479832934,False
2024-04-25,-0.14700000000000557,0.010600302510171003,False
2024-04-26,-0.13400000000000034,0.009835528882389541,False
2024-04-29,-0.13100000000000023,0.010305596554268904,False
2024-04-30,-0.12100000000000932,0.009680424347369399,False
2024-05-01,-0.12699999999999534,0.01044884383109058,False
2024-05-02,-0.12100000000000932,0.010241639144605361,False
2024-05-03,-0.11199999999999477,0.009740940544043465,False
2024-05-06,-0.132000000000005,0.012411118693108127,False
2024-05-07,-0.11200000000000898,0.010784003376596836,False
2024-05-08,-0.12000000000000455,0.011870208216461014,False
2024-05-09,-0.12300000000000466,0.012563186714783816,False
2024-05-10,-0.12600000000000477,0.013250642867947863,False
2024-05-13,-0.1150000000000091,0.013312338055686112,False
2024-05-14,-0.12100000000000932,0.014519038958956603,False
2024-05-15,-0.13299999999999557,0.016636759682185757,False
2024-05-16,-0.11700000000000443,0.015158049419394573,False
2024-05-17,-0.11499999999999488,0.015474197996003115,False
2024-05-20,-0.10500000000000398,0.0159516020278207,False
2024-05-21,-0.10500000000000398,0.016661362853834506,False
2024-05-22,-0.09700000000000841,0.016081807594266542,False
2024-05-23,-0.07200000000000273,0.012509996572604152,False
2024-05-24,-0.08599999999999852,0.015788769502072537,False
2024-05-27,0.043000000000006366,-0.00937458189185712,False
2024-05-28,-0.07500000000000284,0.01745759955614717,False
2024-05-29,-0.08799999999999386,0.02184326707814188,False
2024-05-30,-0.057999999999992724,0.015559838124761931,False
2024-05-31,-0.04400000000001114,0.012791471927262297,False
2024-06-03,-0.06199999999999761,0.024159231004096424,False
2024-06-04,-0.0589999999999975,0.025870726855098808,False
2024-06-05,-0.046999999999997044,0.023514591931704087,False
2024-06-06,-0.045000000000001705,0.026307696743132165,False
2024-06-07,-0.030000000000001137,0.02088598540842194,False
2024-06-10,-0.038000000000010914,0.0659772433214285,False
2024-06-11,-0.03100000000000591,0.10755805663553987,False
2024-06-12,-0.030000000000001137,,False
2024-06-13,-0.009000000000000341,0.0003470010552634963,False
2024-06-14,-0.0049999999999954525,0.00019428317757837354,False
2024-06-17,0.24399999999999977,-0.009809986314925887,False
2024-06-18,-0.37999999999999545,0.015558990673579593,True
2024-06-19,-0.3780000000000001,0.015661352454327017,False
2024-06-20,-0.36099999999999,0.01508671843235941,False
2024-06-21,-0.35300000000000864,0.014901705071032847,False
2024-06-24,-0.35200000000000387,0.015471020195052069,False
2024-06-25,-0.347999999999999,0.015470995719715499,False
2024-06-26,-0.33800000000000807,0.015156060618346014,False
2024-06-27,-0.33500000000000796,0.015239806186807045,False
2024-06-28,-0.32099999999999795,0.014801269600644179,False
2024-07-01,-0.31399999999999295,0.0150757721647127,False
2024-07-02,-0.3149999999999977,0.01536298535375342,False
2024-07-03,-0.3260000000000076,0.0161772523278851,False
2024-07-04,-0.05299999999999727,0.0026681606711322675,False
2024-07-05,-0.3269999999999982,0.016788657728844972,False
2024-07-08,-0.33199999999999363,0.017811630033130053,False
2024-07-09,-0.32200000000000273,0.017521790052191316,False
2024-07-10,-0.3190000000000026,0.01764720949473993,False
2024-07-11,-0.3089999999999975,0.017469465415926012,False
2024-07-12,-0.3100000000000023,0.017873043107126396,False
2024-07-15,-0.30699999999998795,0.01859785871104343,False
2024-07-16,-0.31099999999999284,0.01915650620023403,False
2024-07-17,-0.3050000000000068,0.01921779558376568,False
2024-07-18,-0.2879999999999967,0.01839796628264625,False
2024-07-19,-0.284000000000006,0.018438120770225053,False
2024-07-22,-0.2769999999999868,0.019055249386199742,False
2024-07-23,-0.2750000000000057,0.01927045836333133,False
2024-07-24,-0.26900000000000546,0.019244496938246695,False
2024-07-25,-0.2469999999999999,0.018041160781752275,False
2024-07-26,-0.257000000000005,0.019179994655241988,False
2024-07-29,-0.25,0.019880971263336048,False
2024-07-30,-0.23499999999999943,0.019121803716105987,False
2024-07-31,-0.23700000000000898,0.019831144697550863,False
2024-08-01,-0.21600000000000819,0.018453306744094483,False
2024-08-02,-0.21999999999999886,0.0194925622402609,False
2024-08-05,-0.20599999999998886,0.019829261069270535,False
2024-08-06,-0.21099999999999852,0.020818871090869235,False
2024-08-07,-0.19899999999999807,0.020148796231826777,False
2024-08-08,-0.1869999999999976,0.01948612917629219,False
2024-08-09,-0.17800000000001148,0.019122428574919685,False
2024-08-12,-0.17799999999999727,0.02103385424254459,False
2024-08-13,-0.17900000000000205,0.02200557759799555,False
2024-08-14,-0.18299999999999272,0.02329966024598935,False
2024-08-15,-0.16899999999999693,0.022222294273107037,False
2024-08-16,-0.1559999999999917,0.021406159891306394,False
2024-08-19,-0.15500000000000114,0.024179282703361515,False
2024-08-20,-0.1419999999999959,0.02325698270376828,False
2024-08-21,-0.1290000000000049,0.02221923354615937,False
2024-08-22,-0.10899999999999466,0.01961804357044845,False
2024-08-23,-0.11200000000000898,0.021386189167331905,False
2024-08-26,-0.10999999999999943,0.024909173027863402,False
2024-08-27,-0.09700000000000841,0.023496424601399012,False
2024-08-28,-0.1039999999999992,0.02684848570579811,False
2024-08-29,-0.0730000000000075,0.020239117059500298,False
2024-08-30,-0.07399999999999807,0.022148639429005693,False
2024-09-02,-0.029000000000010573,0.011573162944890381,False
2024-09-03,-0.0589999999999975,0.026451614488138337,False
2024-09-04,-0.05700000000000216,0.02933971882945844,False
2024-09-05,-0.03300000000000125,0.019861685497754876,False
2024-09-06,-0.034000000000006025,0.02453951336227361,False
2024-09-09,-0.034000000000006025,0.06112216552730649,False
2024-09-10,-0.031999999999996476,0.1149628929703214,False
2024-09-11,-0.02599999999999625,,False
2024-09-12,-0.015000000000000568,0.0006002243029998287,False
2024-09-13,0.006000000000000227,-0.00024334198549282672,False
2024-09-16,-0.05200000000000671,0.0021913959192008136,False
2024-09-17,-0.3270000000000124,0.013962596782128219,True
2024-09-18,-0.31400000000000716,0.013605679602568687,False
2024-09-19,-0.29300000000000637,0.01284371144529702,False
2024-09-20,-0.29999999999999716,0.013297410490211643,False
2024-09-23,-0.2909999999999968,0.013370064348508962,False
2024-09-24,-0.30699999999998795,0.01434321992135013,False
2024-09-25,-0.2880000000000109,0.013567288173744406,False
2024-09-26,-0.3160000000000025,0.01513907366824991,False
2024-09-27,-0.27200000000000557,0.013222920350151938,False
2024-09-30,-0.25799999999999557,0.013011377390462134,False
2024-10-01,-0.26300000000000523,0.013395708489177297,False
2024-10-02,-0.25200000000000955,0.012955385753019964,False
2024-10-03,-0.23900000000000432,0.012425310686180477,False
2024-10-04,-0.24499999999999034,0.012858210994003545,False
2024-10-07,-0.2360000000000042,0.012954230840664242,False
2024-10-08,-0.24600000000000932,0.01371385736488718,False
2024-10-09,-0.2330000000000041,0.013144949948105153,False
2024-10-10,-0.2150000000000034,0.01231574252431702,False
2024-10-11,-0.21299999999999386,0.012412791537747252,False
2024-10-14,-0.21600000000000819,0.013186689672567836,False
2024-10-15,-0.20599999999998886,0.012800182494953884,False
2024-10-16,-0.18999999999999773,0.011976720088422073,False
2024-10-17,-0.17300000000000182,0.011076398999449323,False
2024-10-18,-0.18599999999999284,0.012169767994639025,False
2024-10-21,-0.17799999999999727,0.012268828790448518,False
2024-10-22,-0.16599999999999682,0.01166212743843148,False
2024-10-23,-0.15399999999999636,0.011000919254896381,False
2024-10-24,-0.13900000000001,0.010171183004712736,False
2024-10-25,-0.125,0.009322251381429952,False
2024-10-28,-0.13299999999999557,0.010589975855421879,False
2024-10-29,-0.125,0.010183667606874941,False
2024-10-30,-0.132000000000005,0.011044875480376852,False
2024-10-31,-0.09799999999999898,0.008398689081328431,False
2024-11-01,-0.07899999999999352,0.006917987006131694,False
2024-11-04,-0.09499999999999886,0.009029407092804228,False
2024-11-05,-0.09900000000000375,0.009714587123998666,False
2024-11-06,-0.10299999999999443,0.010231393600445768,False
2024-11-07,-0.13799999999999102,0.014194410158428645,False
2024-11-08,-0.10699999999999932,0.01128310466664926,False
2024-11-11,-0.08600000000001273,0.009921895496112049,False
2024-11-12,-0.07399999999999807,0.008790743844689034,False
2024-11-13,-0.10199999999998965,0.0124991103238677,False
2024-11-14,-0.07500000000000284,0.009511331252827701,False
2024-11-15,-0.07200000000000273,0.009480553681651448,False
2024-11-18,-0.07400000000001228,0.011057785012261198,False
2024-11-19,-0.06300000000000239,0.009847350015802383,False
2024-11-20,-0.06400000000000716,0.010433527354065776,False
2024-11-21,-0.04199999999998738,0.007168240905262972,False
2024-11-22,-0.046999999999997044,0.008398473930460792,False
2024-11-25,-0.046999999999997044,0.010042029596327925,False
2024-11-26,-0.045000000000001705,0.01023670630468964,False
2024-11-27,-0.036000000000001364,0.008850439693077325,False
2024-11-28,0.0,0.0,False
2024-11-29,0.09100000000000819,-0.02615486134734584,False
2024-12-02,-0.022999999999996135,0.00876481378816253,False
2024-12-03,-0.024999999999991473,0.010726208388185169,False
2024-12-04,-0.0309999999999917,0.01520772011880834,False
2024-12-05,-0.01300000000000523,0.0074817961356434814,False
2024-12-06,-0.016000000000005343,0.011014815303806998,False
2024-12-09,-0.01999999999999602,0.03439340400470458,False
2024-12-10,-0.016999999999995907,0.058327536613322795,False
2024-12-11,-0.015000000000000568,,False
2024-12-12,0.0030000000000001137,-0.00011375075184572712,False
2024-12-13,-0.010000000000005116,0.00038330765522115613,False
2024-12-16,0.17199999999999704,-0.0068205176118844016,False
2024-12-17,-0.29300000000000637,0.011795809892730024,True
2024-12-18,-0.2780000000000058,0.011211019967481977,False
2024-12-19,-0.2560000000000002,0.010409267813171474,False
2024-12-20,-0.269999999999996,0.011195324387221966,False
2024-12-23,-0.23000000000000398,0.009857042936433807,False
2024-12-24,-0.23400000000000887,0.010136730140803733,False
2024-12-25,-0.23400000000000887,0.010268375986788198,False
2024-12-26,-0.2360000000000042,0.010505047154417795,False
2024-12-27,-0.20600000000000307,0.009300628370689366,False
2024-12-30,-0.19699999999998852,0.009252782333072345,False
2024-12-31,-0.1909999999999883,0.009066829877840769,False
2025-01-01,-0.1909999999999883,0.00919635601895278,False
2025-01-02,-0.18500000000000227,0.008961012264610144,False
2025-01-03,-0.15399999999999636,0.007597728331943638,False
2025-01-06,-0.1560000000000059,0.008103532807282385,False
2025-01-07,-0.16400000000000148,0.008630095591356258,False
2025-01-08,-0.16400000000000148,0.008722974589709883,False
2025-01-09,-0.17499999999999716,0.009451414035116639,False
2025-01-10,-0.16300000000001091,0.008908161415076898,False
2025-01-13,-0.14400000000000546,0.008252348527954673,False
2025-01-14,-0.1629999999999967,0.009566235265553481,False
2025-01-15,-0.1740000000000066,0.010412677135197638,False
2025-01-16,-0.14000000000000057,0.008538104423857605,False
2025-01-17,-0.14399999999999125,0.008913064048911424,False
2025-01-20,-0.14399999999999125,0.009437361934141507,False
2025-01-21,-0.2009999999999934,0.013603619473210444,False
2025-01-22,-0.2049999999999983,0.014144243496105276,False
2025-01-23,-0.1839999999999975,0.012971701757476129,False
2025-01-24,-0.1979999999999933,0.014337820639358786,False
2025-01-27,-0.18099999999999739,0.014011546031422649,False
2025-01-28,-0.18299999999999272,0.01442541620333009,False
2025-01-29,-0.1910000000000025,0.015396497067786306,False
2025-01-30,-0.16599999999999682,0.013730290325730988,False
2025-01-31,-0.1530000000000058,0.012901161555024191,False
2025-02-03,-0.11299999999999955,0.010238431714041766,False
2025-02-04,-0.13700000000000045,0.012882481268168967,False
2025-02-05,-0.13700000000000045,0.013297539935167725,False
2025-02-06,-0.1419999999999959,0.014174377385755423,False
2025-02-07,-0.11200000000000898,0.011477910076977042,False
2025-02-10,-0.12600000000000477,0.014169123695618553,False
2025-02-11,-0.12999999999999545,0.015173526624981842,False
2025-02-12,-0.1150000000000091,0.013903407833739199,False
2025-02-13,-0.09700000000000841,0.012230416134685217,False
2025-02-14,-0.1349999999999909,0.017782709900935303,False
2025-02-17,0.0,0.0,False
2025-02-18,-0.09900000000000375,0.015356925809920641,False
2025-02-19,-0.10999999999999943,0.017857754424075094,False
2025-02-20,-0.10299999999999443,0.017688601567718697,False
2025-02-21,-0.09299999999998931,0.016772396918561156,False
2025-02-24,-0.0870000000000033,0.018633988677013914,False
2025-02-25,-0.0800000000000125,0.01832536305556888,False
2025-02-26,-0.0870000000000033,0.021332038161878435,False
2025-02-27,-0.06799999999999784,0.01781397672268706,False
2025-02-28,-0.055999999999997385,0.015836416940936553,False
2025-03-03,-0.07800000000000296,0.029655601283723042,False
2025-03-04,-0.055999999999997385,0.0241751587233991,False
2025-03-05,-0.02400000000000091,0.012003880706639863,False
2025-03-06,-0.033999999999991815,0.01988246754078551,False
2025-03-07,-0.02599999999999625,0.018283050129076852,False
2025-03-10,0.05299999999999727,-0.09304685771453929,False
2025-03-11,-0.1460000000000008,0.5160109612386615,False
2025-03-12,-0.024999999999991473,,False
2025-03-13,0.001999999999995339,-7.811914775201971e-05,False
2025-03-14,-0.01300000000000523,0.0005140987102029264,False
2025-03-17,0.09999999999999432,-0.004101851789418563,False
2025-03-18,-0.35200000000000387,0.014690446407541136,True
2025-03-19,-0.33499999999999375,0.014119821538850694,False
2025-03-20,-0.3539999999999992,0.015041469684645965,False
2025-03-21,-0.3439999999999941,0.014759595853206891,False
2025-03-24,-0.3259999999999934,0.014491634579409819,False
2025-03-25,-0.35299999999999443,0.01590911167530842,False
2025-03-26,-0.3400000000000034,0.01546621927210579,False
2025-03-27,-0.3429999999999893,0.01584066689340426,False
2025-03-28,-0.33499999999999375,0.015720268571997632,False
2025-03-31,-0.3269999999999982,0.015957455342388304,False
2025-04-01,-0.31100000000000705,0.015380646441057102,False
2025-04-02,-0.3160000000000025,0.01592132925292343,False
2025-04-03,-0.277000000000001,0.014394516971093563,False
2025-04-04,-0.25499999999999545,0.013318834656702236,False
2025-04-07,-0.284000000000006,0.0154874065840157,False
2025-04-08,-0.2540000000000049,0.014104962463851647,False
2025-04-09,-0.277000000000001,0.015638222131893198,False
2025-04-10,-0.257000000000005,0.015038106261482668,False
2025-04-11,-0.21000000000000796,0.012579159262495775,False
2025-04-14,-0.242999999999995,0.015385013007746742,False
2025-04-15,-0.2530000000000001,0.016207035866611774,False
2025-04-16,-0.23699999999999477,0.01558084930713322,False
2025-04-17,-0.2469999999999999,0.01653584539521046,False
2025-04-18,-0.10099999999999909,0.006886836195111209,False
2025-04-21,-0.23400000000000887,0.01708116643907842,False
2025-04-22,-0.22800000000000864,0.016864930590739315,False
2025-04-23,-0.2079999999999984,0.015550481302963076,False
2025-04-24,-0.20899999999998897,0.016026045027965164,False
2025-04-25,-0.21699999999999875,0.016978789428712567,False
2025-04-28,-0.22100000000000364,0.018557688148938493,False
2025-04-29,-0.2189999999999941,0.018773894527985245,False
2025-04-30,-0.1980000000000075,0.017333678711739204,False
2025-05-01,-0.19400000000000261,0.01726141054562267,False
2025-05-02,-0.18999999999999773,0.017365284455127996,False
2025-05-05,-0.1910000000000025,0.018909967775885328,False
2025-05-06,-0.1910000000000025,0.019551604569323686,False
2025-05-07,-0.17900000000000205,0.018773211502130106,False
2025-05-08,-0.15000000000000568,0.01602442151106697,False
2025-05-09,-0.17099999999999227,0.01888191474686078,False
2025-05-12,-0.18899999999999295,0.0226330967824478,False
2025-05-13,-0.1770000000000067,0.02209508083916589,False
2025-05-14,-0.16599999999999682,0.021452009669867357,False
2025-05-15,-0.15000000000000568,0.020131022622857913,False
2025-05-16,-0.1460000000000008,0.020304077275131217,False
2025-05-19,-0.13800000000000523,0.021837109125718762,False
2025-05-20,-0.14099999999999113,0.023398563487782534,False
2025-05-21,-0.12399999999999523,0.02167484381996291,False
2025-05-22,-0.11099999999999,0.020288135083974975,False
2025-05-23,-0.10199999999998965,0.01979066441985989,False
2025-05-26,-0.06900000000000261,0.015921332119557575,False
2025-05-27,-0.09600000000000364,0.02349509680663906,False
2025-05-28,-0.09000000000000341,0.023514842625932363,False
2025-05-29,-0.06900000000000261,0.01952753976259982,False
2025-05-30,-0.06999999999999318,0.0214506157292181,False
2025-06-02,-0.07099999999999795,0.029192927910420857,False
2025-06-03,-0.06799999999999784,0.0312881332002128,False
2025-06-04,-0.05700000000000216,0.030103746147502986,False
2025-06-05,-0.03700000000000614,0.02280387150808181,False
2025-06-06,-0.04800000000000182,0.035343245042465686,False
2025-06-09,-0.03299999999998704,0.06089114917191712,False
2025-06-10,-0.028000000000005798,0.1031593822549926,False
2025-06-11,-0.027000000000001023,,False
2025-06-12,-0.020000000000010232,0.0008285013545433919,False
2025-06-13,-0.007999999999995566,0.0003341854298813025,False
2025-06-16,-0.2960000000000065,0.012858273830294871,True
2025-06-17,-0.4259999999999877,0.018591521003790943,False
2025-06-18,-0.4369999999999976,0.019284123244292937,False
2025-06-19,-0.4369999999999976,0.019516462078561527,False
2025-06-20,-0.42499999999999716,0.019248369922090662,False
2025-06-23,-0.4059999999999917,0.019139095855627876,False
2025-06-24,-0.40800000000000125,0.01959190117219882,False
2025-06-25,-0.4060000000000059,0.019784991257034146,False
2025-06-26,-0.3850000000000051,0.019108877016749976,False
2025-06-27,-0.36999999999999034,0.018557643090008548,False
2025-06-30,-0.382000000000005,0.0200691011552942,False
2025-07-01,-0.35200000000000387,0.01875851290896112,False
2025-07-02,-0.3469999999999942,0.018763620309835347,False
2025-07-03,-0.3580000000000041,0.019559274916259226,False
2025-07-04,-0.3580000000000041,0.019846911312086563,False
2025-07-07,-0.33899999999999864,0.019596415361334316,False
2025-07-08,-0.3440000000000083,0.02018971514428073,False
2025-07-09,-0.35600000000000875,0.021219762369363196,False
2025-07-10,-0.3299999999999983,0.019962001762025654,False
2025-07-11,-0.32399999999999807,0.019878072415283173,False
2025-07-14,-0.31799999999999784,0.02046998247344814,False
2025-07-15,-0.3059999999999974,0.019931580553458547,False
2025-07-16,-0.31699999999999307,0.02106714977604557,False
2025-07-17,-0.2879999999999967,0.019414427475699426,False
2025-07-18,-0.284000000000006,0.019548561372224185,False
2025-07-21,-0.28300000000000125,0.020758349460518133,False
2025-07-22,-0.2749999999999915,0.02067094329519999,False
2025-07-23,-0.2710000000000008,0.020823303068687384,False
2025-07-24,-0.2530000000000001,0.019808226253723773,False
2025-07-25,-0.2459999999999951,0.01961442655381324,False
2025-07-28,-0.23900000000000432,0.020149536423229558,False
2025-07-29,-0.2389999999999901,0.02056545997579728,False
2025-07-30,-0.2289999999999992,0.019983923921224275,False
2025-07-31,-0.22500000000000853,0.020082098798791703,False
2025-08-01,-0.21099999999999852,0.019461993328616055,False
2025-08-04,-0.1980000000000075,0.01981258234681717,False
2025-08-05,-0.2009999999999934,0.02067250957757174,False
2025-08-06,-0.19400000000000261,0.020647896646794693,False
2025-08-07,-0.17100000000000648,0.01868832314405844,False
2025-08-08,-0.17100000000000648,0.019297856690341786,False
2025-08-11,-0.15899999999999181,0.019667347830948246,False
2025-08-12,-0.1699999999999875,0.0218494916868038,False
2025-08-13,-0.17799999999999727,0.023759058209509402,False
2025-08-14,-0.15100000000001046,0.020807684742530176,False
2025-08-15,-0.14000000000000057,0.020114055749392328,False
2025-08-18,-0.15000000000000568,0.024285937976155015,False
2025-08-19,-0.1460000000000008,0.02468709146314924,False
2025-08-20,-0.13800000000000523,0.024455255185272425,False
2025-08-21,-0.10800000000000409,0.02000791789749444,False
2025-08-22,-0.11699999999999022,0.023029248034787043,False
2025-08-25,-0.11200000000000898,0.025987103073701712,False
2025-08-26,-0.10299999999999443,0.02554303146423022,False
2025-08-27,-0.10500000000000398,0.02789752056009156,False
2025-08-28,-0.07500000000000284,0.021545041138240097,False
2025-08-29,-0.08100000000000307,0.025220083938991642,False
2025-09-01,-0.08100000000000307,0.03362677858532219,False
2025-09-02,-0.05000000000001137,0.023195928701439994,False
2025-09-03,-0.0589999999999975,0.031365563567880686,False
2025-09-04,-0.042999999999992156,0.0266096327039882,False
2025-09-05,-0.04000000000000625,0.029878847413233225,False
2025-09-08,-0.04199999999998738,0.07868640413909679,False
2025-09-09,-0.036000000000001364,0.13442180211147087,False
2025-09-10,-0.03300000000000125,,False
2025-09-11,-0.0030000000000001137,0.00012475049900200071,False
2025-09-12,-0.013999999999995794,0.0005886619334098323,False
2025-09-15,0.14599999999998658,-0.006358787894986464,False
2025-09-16,-0.3849999999999909,0.01717682750932599,True
2025-09-17,-0.35300000000000864,0.0158917224162773,False
2025-09-18,-0.37699999999999534,0.017096777039166757,False
2025-09-19,-0.37400000000000944,0.01711479487571726,False
2025-09-22,-0.36599999999999966,0.017437614418436158,False
2025-09-23,-0.3709999999999951,0.01791759718028878,False
2025-09-24,-0.355000000000004,0.017256221495439067,False
2025-09-25,-0.33799999999999386,0.01652791807447112,False
2025-09-26,-0.32800000000000296,0.016317740704394432,False
2025-09-29,-0.32200000000000273,0.01672775363903022,False
2025-09-30,-0.3240000000000123,0.01709201345103657,False
2025-10-01,-0.32500000000000284,0.01740219197936838,False
2025-10-02,-0.3059999999999974,0.01659519840243899,False
2025-10-03,-0.3079999999999927,0.016971054705308297,False
2025-10-06,-0.30100000000000193,0.017281286300886236,False
2025-10-07,-0.29399999999999693,0.017059936001790548,False
2025-10-08,-0.2750000000000057,0.016152209734935127,False
2025-10-09,-0.2530000000000001,0.01500161639594066,False
2025-10-10,-0.2459999999999951,0.014908714632689756,False
2025-10-13,-0.23900000000000432,0.015187839282419048,False
2025-10-14,-0.23699999999999477,0.015359088947954002,False
2025-10-15,-0.25200000000000955,0.016668188875697047,False
2025-10-16,-0.24399999999999977,0.01650769407569145,False
2025-10-17,-0.24100000000001387,0.016589757632817087,False
2025-10-20,-0.23099999999999454,0.016808858666235656,False
2025-10-21,-0.22299999999999898,0.016491576420054426,False
2025-10-22,-0.22400000000000375,0.01691011146485317,False
2025-10-23,-0.20700000000000784,0.015943263883965803,False
2025-10-24,-0.2049999999999983,0.016122224235629753,False
2025-10-27,-0.21999999999999886,0.018516076012296608,False
2025-10-28,-0.21399999999999864,0.018450546229235934,False
2025-10-29,-0.1979999999999933,0.017377090805217297,False
2025-10-30,-0.17799999999999727,0.015950337664990127,False
2025-10-31,-0.1740000000000066,0.01593646492020536,False
2025-11-03,-0.16600000000001103,0.016423797402064816,False
2025-11-04,-0.15400000000001057,0.015602966812121477,False
2025-11-05,-0.14499999999999602,0.015112512189236508,False
2025-11-06,-0.14800000000001035,0.01595444624603982,False
2025-11-07,-0.1319999999999908,0.014677644740677164,False
2025-11-10,-0.12699999999999534,0.015535246291715528,False
2025-11-11,-0.12699999999999534,0.016094569614785233,False
2025-11-12,-0.12100000000000932,0.015872576615327455,False
2025-11-13,-0.10600000000000875,0.014467066763887749,False
2025-11-14,-0.10000000000000853,0.014151817597418055,False
2025-11-17,-0.09999999999999432,0.01595123554337247,False
2025-11-18,-0.10099999999999909,0.016849659807356566,False
2025-11-19,-0.07699999999999818,0.013363154969329329,False
2025-11-20,-0.06799999999999784,0.01239884104306085,False
2025-11-21,-0.06700000000000728,0.012856524758603122,False
2025-11-24,-0.06999999999999318,0.015957260772242427,False
2025-11-25,-0.07500000000000284,0.018325317053088885,False
2025-11-26,-0.07299999999999329,0.01912355344259672,False
2025-11-27,-0.013999999999995794,0.00394964855084107,False
2025-11-28,-0.05100000000000193,0.015604880894898386,False
2025-12-01,-0.05200000000000671,0.0212242999223965,False
2025-12-02,-0.06099999999999284,0.02802857114082816,False
2025-12-03,-0.057999999999992724,0.030611418623075176,False
2025-12-04,-0.036000000000001364,0.022131719098967013,False
2025-12-05,-0.02400000000000091,0.01770269177916161,False
2025-12-08,-0.02599999999999625,0.04789977892409036,False
2025-12-09,-0.02200000000000557,0.08094921268576014,False
2025-12-10,-0.018000000000000682,,False
2025-12-11,-0.0020000000000095497,8.247692905667697e-05,False
2025-12-12,-0.0049999999999954525,0.000208403134108883,False
2025-12-15,-0.14099999999999113,0.006095980691855818,False
2025-12-16,-0.35200000000000387,0.015456259195499953,True
2025-12-17,-0.36599999999999966,0.016227802931135498,False
2025-12-18,-0.33900000000001285,0.015198425215420612,False
2025-12-19,-0.3470000000000084,0.01572052651072492,False
2025-12-22,-0.33200000000000784,0.015659636672651935,False
2025-12-23,-0.3289999999999935,0.015771990227236656,False
2025-12-24,-0.2950000000000017,0.014315748440092051,False
2025-12-25,-0.2950000000000017,0.014504113551145892,False
2025-12-26,-0.3240000000000123,0.016139532027268314,False
2025-12-29,-0.3050000000000068,0.015820617152576332,False
2025-12-30,-0.28300000000000125,0.014852321524471275,False
2025-12-31,-0.2750000000000057,0.014624910210701003,False
2026-01-01,-0.2750000000000057,0.014836865431145945,False
2026-01-02,-0.26600000000000534,0.014545876216376529,False
2026-01-05,-0.2879999999999967,0.016505386389650656,False
2026-01-06,-0.26300000000000523,0.015255976840221222,False
2026-01-07,-0.26200000000000045,0.015422735851095392,False
2026-01-08,-0.2459999999999951,0.014674791326722439,False
2026-01-09,-0.242999999999995,0.014703371356482892,False
2026-01-12,-0.23599999999999,0.015058629710147835,False
2026-01-13,-0.22499999999999432,0.014566818729177063,False
2026-01-14,-0.14800000000001035,0.009753029180370697,False
2026-01-15,-0.19899999999999807,0.01332334258425325,False
2026-01-16,-0.19200000000000728,0.013082305397907553,False
2026-01-19,-0.19200000000000728,0.013851852774255055,False
2026-01-20,-0.2020000000000124,0.014979835227908557,False
2026-01-21,-0.1979999999999933,0.014964012450753563,False
2026-01-22,-0.18299999999999272,0.014174161709582227,False
2026-01-23,-0.1950000000000074,0.015547222928501057,False
2026-01-26,-0.18300000000000693,0.015673293430709594,False
2026-01-27,-0.16599999999999682,0.014670016631183783,False
2026-01-28,-0.17199999999999704,0.01552612236701372,False
2026-01-29,-0.1460000000000008,0.013519832089216251,False
2026-01-30,-0.132000000000005,0.012435602267213637,False
2026-02-02,-0.14000000000000057,0.014166096511314636,False
2026-02-03,-0.13599999999999568,0.014171374280725225,False
2026-02-04,-0.12699999999999534,0.013585415497425585,False
2026-02-05,-0.12300000000000466,0.013515124476419262,False
2026-02-06,-0.12699999999999534,0.014406261867956004,False
2026-02-09,-0.1280000000000001,0.016106790225605395,False
2026-02-10,-0.12400000000000944,0.016143673702327725,False
2026-02-11,-0.11299999999999955,0.015229740328219398,False
2026-02-12,-0.08799999999999386,0.012284866627730585,False
2026-02-13,-0.09600000000000364,0.013919709020877706,False
2026-02-16,-0.09600000000000364,0.01573532324099219,False
2026-02-17,-0.09499999999999886,0.016238783882509215,False
2026-02-18,-0.08200000000000784,0.01459970800584128,False
2026-02-19,-0.06999999999999318,0.013055030402124322,False
2026-02-20,-0.06700000000000728,0.01317014666228074,False
2026-02-23,-0.06499999999999773,0.015186371503773497,False
2026-02-24,-0.0730000000000075,0.0181684906753965,False
2026-02-25,-0.07500000000000284,0.02002926650814051,False
2026-02-26,-0.05100000000000193,0.014650328186240343,False
2026-02-27,-0.043000000000006366,0.013405592852630148,False
2026-03-02,-0.04399999999999693,0.01814621601680263,False
2026-03-03,-0.04600000000000648,0.02119821020948524,False
2026-03-04,-0.03900000000000148,0.02059729999565994,False
2026-03-05,-0.007999999999995566,0.004900529324294847,False
2026-03-06,-0.007000000000005002,0.005162711282194862,False
2026-03-09,-0.003999999999990678,0.007361022879655329,False
2026-03-10,-0.016999999999995907,0.06279792326608412,False
2026-03-11,-0.006000000000000227,,False
2026-03-12,0.015000000000000568,-0.000609833523801909,False
2026-03-13,0.0,0.0,False
2026-03-16,0.12299999999999045,-0.005228976648679219,False
2026-03-17,-0.24500000000000455,0.01059155163122351,True
2026-03-18,-0.21299999999999386,0.009267126393376464,False
2026-03-19,-0.17399999999999238,0.007724572703784981,False
2026-03-20,-0.1880000000000024,0.008413811402615084,False
2026-03-23,-0.22500000000000853,0.010529824887570077,False
2026-03-24,-0.19199999999999307,0.00905323893574803,False
2026-03-25,-0.20000000000000284,0.009537841910401128,False
2026-03-26,-0.19200000000000728,0.009248056957896354,False
2026-03-27,-0.16899999999999693,0.008226147373193693,False
2026-03-30,-0.1560000000000059,0.007880515114977763,False
2026-03-31,-0.20199999999999818,0.010409594164189124,False
2026-04-01,-0.19299999999999784,0.010118413228268532,False
2026-04-02,-0.17300000000000182,0.009164738145673642,False
2026-04-03,-0.17300000000000182,0.00929951370663943,False
2026-04-06,-0.1769999999999925,0.009958749919071728,False
2026-04-07,-0.17600000000000193,0.01006952107702505,False
2026-04-08,-0.2079999999999984,0.01218174743572763,False
2026-04-09,-0.23000000000000398,0.013734110885236074,False
2026-04-10,-0.21100000000001273,0.01282561772881311,False
2026-04-13,-0.20300000000000296,0.013014068437191394,False
2026-04-14,-0.21599999999999397,0.014127118261396447,False
2026-04-15,-0.20400000000000773,0.013588444238105974,False
2026-04-16,-0.18999999999999773,0.012863137882265502,False
2026-04-17,-0.20000000000000284,0.013808779054238812,False
2026-04-20,-0.18999999999999773,0.013888730341738703,False
2026-04-21,-0.17300000000000182,0.012857739180012555,False
2026-04-22,-0.17799999999999727,0.01347313709046578,False
2026-04-23,-0.16799999999999216,0.012956126650574435,False
2026-04-24,-0.16899999999999693,0.013342755566168662,False
2026-04-27,-0.17799999999999727,0.015018520607527477,False
2026-04-28,-0.16400000000000148,0.014136368488320268,False
2026-04-29,-0.13400000000000034,0.011783458058261531,False
2026-04-30,-0.13700000000000045,0.012455541277397314,False
2026-05-01,-0.15100000000001046,0.01405923167185445,False
2026-05-04,-0.11199999999999477,0.011244070595599655,False
2026-05-05,-0.13400000000000034,0.013819663422959155,False
2026-05-06,-0.14799999999999613,0.01576938514869508,False
2026-05-07,-0.12299999999999045,0.013481593323434671,False
2026-05-08,-0.11599999999999966,0.013121065849528544,False
2026-05-11,-0.13100000000000023,0.016292866099662004,False
2026-05-12,-0.117999999999995,0.015127036196710537,False
2026-05-13,-0.10099999999999909,0.013377027146674365,False
2026-05-14,-0.09100000000000819,0.012460347471692893,False
2026-05-15,-0.07600000000000762,0.010754405662075476,False
2026-05-18,-0.08799999999999386,0.014091334838104408,False
2026-05-19,-0.06099999999999284,0.01019528795907295,False
2026-05-20,-0.07800000000000296,0.013692147430811168,False
2026-05-21,-0.03900000000000148,0.007173597532706031,False
2026-05-22,-0.05299999999999727,0.010265137163881893,False
2026-05-25,-0.05299999999999727,0.012189850382109749,False
2026-05-26,-0.06799999999999784,0.01669677063467184,False
2026-05-27,-0.05700000000000216,0.014988264415894108,False
2026-05-28,-0.05100000000000193,0.014468399972952451,False
2026-05-29,-0.0899999999999892,0.027692914660296924,False
2026-06-01,-0.053999999999987836,0.022088414172889818,False
2026-06-02,-0.03499999999999659,0.016100127036617243,False
2026-06-03,-0.02400000000000091,0.012576539585233094,False
2026-06-04,-0.0309999999999917,0.018975602557131356,False
2026-06-05,-0.018000000000000682,0.013133302015972353,False
2026-06-08,-0.021000000000000796,0.03831580420699177,False
2026-06-09,-0.020000000000010232,0.0730811200432854,False
2026-06-10,-0.01300000000000523,,False
2026-06-11,-0.009000000000000341,0.0003655519834950914,False
2026-06-12,-0.001999999999995339,8.223216392793742e-05,False
2026-06-15,-0.15699999999999648,0.006698606764604928,True
2026-06-16,-0.2610000000000099,0.01128904104475665,False
2026-06-17,-0.22299999999999898,0.00970288281535348,False
2026-06-18,-0.23100000000000875,0.010096040206464195,False
2026-06-19,-0.23100000000000875,0.010219162648006442,False
2026-06-22,-0.2259999999999991,0.010359517582295268,False
2026-06-23,-0.23499999999999943,0.010869298006182327,False
2026-06-24,-0.2179999999999893,0.010191995575313122,False
2026-06-25,-0.23799999999999955,0.01129550775043206,False
2026-06-26,-0.23000000000000398,0.011068590320422367,False
2026-06-29,-0.22800000000000864,0.01145784800631836,False
2026-06-30,-0.23000000000000398,0.011711861150759268,False
