owner,workstream,variant,basis,window_set,window,start,end,n_obs,cum_return,max_drawdown,worst_obs,hit_rate,sharpe,ann_return,ann_vol,share_pnl,note
Arjun,Duration hedge (own port),(no per-window table),missing,,,,,,,,,,,,,,"his own book is not ported to the base; only our re-price exists (P4-C components). A re-price is our reading of his signal, not his specification of it, and this table deliberately does not substitute one for the other"
Arjun,P4-C components,Duration hedge (long TLT),daily_net,ERAS,GFC 2008-09,2008-09-01,2009-06-30,217.0,-0.0675301535180465,-0.1781896476585691,-0.0402511930187669,0.5023041474654378,-0.5002426110910042,-0.0710787398386109,0.1420885351681491,-0.0546903968970997,source: cesare/outputs/p4_component_by_episode.csv
Arjun,P4-C components,Duration hedge (long TLT),daily_net,ERAS,calm 2017-19,2017-01-01,2019-12-31,782.0,0.1075720515650184,-0.1644166647013182,-0.036816854307167,0.5294117647058824,0.3749082219259959,0.0380901229134775,0.1015985264814924,0.1056162513305081,source: cesare/outputs/p4_component_by_episode.csv
Arjun,P4-C components,Duration hedge (long TLT),daily_net,ERAS,covid 2020,2020-01-01,2020-12-31,262.0,-0.130310098122497,-0.2459515448443774,-0.033184017820261,0.4618320610687023,-1.1040603047672324,-0.1275832167990234,0.1155581957327246,-0.1185240439928519,source: cesare/outputs/p4_component_by_episode.csv
Arjun,P4-C components,Duration hedge (long TLT),daily_net,ERAS,euro crisis 2011-12,2011-07-01,2012-12-31,392.0,0.0138417767719907,-0.1458500340156463,-0.0416374467591028,0.4948979591836734,0.1351704483411937,0.0149472781852077,0.1105809618051881,0.0207758980764166,source: cesare/outputs/p4_component_by_episode.csv
Arjun,P4-C components,Duration hedge (long TLT),daily_net,ERAS,pre-crisis 2007-08,2007-05-01,2008-08-31,349.0,0.2391575666316192,-0.0841491173492076,-0.0268770482285155,0.5501432664756447,1.438267029443672,0.1611410531241289,0.1120383418553779,0.1994083070009014,source: cesare/outputs/p4_component_by_episode.csv
Arjun,P4-C components,Duration hedge (long TLT),daily_net,ERAS,recent 2024-26,2024-01-01,2026-06-30,652.0,0.6987443121666488,-0.110451799531656,-0.0392992141809823,0.588957055214724,1.9868461711356196,0.2105032008783364,0.1059484140928833,0.4866513376992792,source: cesare/outputs/p4_component_by_episode.csv
Arjun,P4-C components,Duration hedge (long TLT),daily_net,ERAS,recovery 2009-11,2009-07-01,2011-06-30,522.0,0.0880325998819335,-0.0972465224625571,-0.028724860894929,0.5153256704980843,0.4738889076229549,0.0452945654180837,0.0955805563065044,0.0838355507762126,source: cesare/outputs/p4_component_by_episode.csv
Arjun,P4-C components,Duration hedge (long TLT),daily_net,ERAS,taper + EM 2013-16,2013-01-01,2016-12-31,1044.0,0.1420010497397941,-0.2412221315590496,-0.0421161980853926,0.5268199233716475,0.3445723309283935,0.0382202405862496,0.1109208057514991,0.1414834159803339,source: cesare/outputs/p4_component_by_episode.csv
Arjun,P4-C components,Duration hedge (long TLT),daily_net,ERAS,tightening 2021-23,2021-01-01,2023-12-31,781.0,0.1407305152870399,-0.181129145502795,-0.0383421975458564,0.5518565941101152,0.4321483815007403,0.048909822814465,0.113178308442609,0.1354436800262993,source: cesare/outputs/p4_component_by_episode.csv
Arjun,P4-C components,Duration hedge (long TLT),daily_net,STRESS,china_em_2015,2015-06-01,2016-02-29,196.0,-0.0333898748270318,-0.0850594057264602,-0.0291751405947169,0.5153061224489796,-0.3398475243325971,-0.0375579433744551,0.1105141002519073,-0.026101742198112,source: cesare/outputs/p4_component_by_episode.csv
Arjun,P4-C components,Duration hedge (long TLT),daily_net,STRESS,covid_2020,2020-02-01,2020-04-30,64.0,-0.1696579539115337,-0.2127832390364341,-0.033184017820261,0.40625,,,,-0.1631097528341349,source: cesare/outputs/p4_component_by_episode.csv
Arjun,P4-C components,Duration hedge (long TLT),daily_net,STRESS,euro_2011,2011-07-01,2012-12-31,392.0,0.0138417767719907,-0.1458500340156463,-0.0416374467591028,0.4948979591836734,0.1351704483411937,0.0149472781852077,0.1105809618051881,0.0207758980764166,source: cesare/outputs/p4_component_by_episode.csv
Arjun,P4-C components,Duration hedge (long TLT),daily_net,STRESS,gfc_2008,2008-09-01,2009-06-30,217.0,-0.0675301535180465,-0.1781896476585691,-0.0402511930187669,0.5023041474654378,-0.5002426110910042,-0.0710787398386109,0.1420885351681491,-0.0546903968970997,source: cesare/outputs/p4_component_by_episode.csv
Arjun,P4-C components,Duration hedge (long TLT),daily_net,STRESS,oil_2026,2026-02-01,2026-05-31,85.0,0.1006148379817646,-0.0197843747518704,-0.0178721767154942,0.611764705882353,,,,0.0869063631209605,source: cesare/outputs/p4_component_by_episode.csv
Arjun,P4-C components,Duration hedge (long TLT),daily_net,STRESS,rates_2022,2022-01-01,2022-10-31,216.0,0.1468204481001294,-0.0723414540584588,-0.0201729725148018,0.5231481481481481,1.6111586907190758,0.1650921138552396,0.1024679411197896,0.1264421003006465,source: cesare/outputs/p4_component_by_episode.csv
Arjun,P4-C components,Duration hedge (long TLT),daily_net,STRESS,semis_2026,2026-04-01,2026-06-30,65.0,0.1184887773084282,-0.0197843747518704,-0.0178721767154942,0.6307692307692307,,,,0.1009875495475825,source: cesare/outputs/p4_component_by_episode.csv
Arjun,P4-C components,Duration hedge (long TLT),daily_net,STRESS,taper_2013,2013-05-01,2013-09-30,109.0,-0.1564616714379265,-0.2092227134317608,-0.0409062005481435,0.4587155963302752,,,,-0.1473156440702272,source: cesare/outputs/p4_component_by_episode.csv
Cesare,P4-B tail forecast (null),VIX percentile gate (incumbent),daily_net,ERAS,GFC 2008-09,2008-09-01,2009-06-30,217.0,-0.0936109140286977,-0.1781896476585691,-0.0402511930187669,0.5161290322580645,-0.8118881610482898,-0.1056307648840768,0.1301050685942865,-0.093345225460397,source: cesare/outputs/p4_tail_overlay_by_episode.csv
Cesare,P4-B tail forecast (null),VIX percentile gate (incumbent),daily_net,ERAS,calm 2017-19,2017-01-01,2019-12-31,782.0,0.039957046159134,-0.153074300371046,-0.0363732860181878,0.5230179028132992,0.1784429732575724,0.0173710651052637,0.0973479918438121,0.055319105831833,source: cesare/outputs/p4_tail_overlay_by_episode.csv
Cesare,P4-B tail forecast (null),VIX percentile gate (incumbent),daily_net,ERAS,covid 2020,2020-01-01,2020-12-31,262.0,-0.1034740221940587,-0.1915106084388109,-0.0381055203606018,0.4923664122137404,-1.1484209073393652,-0.1011487333517963,0.0880763600744046,-0.1079204358295764,source: cesare/outputs/p4_tail_overlay_by_episode.csv
Cesare,P4-B tail forecast (null),VIX percentile gate (incumbent),daily_net,ERAS,euro crisis 2011-12,2011-07-01,2012-12-31,392.0,-0.0342467334962902,-0.175372303494941,-0.0490595446782844,0.5153061224489796,-0.1352305302242478,-0.0156724883588636,0.1158946011146636,-0.0250187710893568,source: cesare/outputs/p4_tail_overlay_by_episode.csv
Cesare,P4-B tail forecast (null),VIX percentile gate (incumbent),daily_net,ERAS,pre-crisis 2007-08,2007-05-01,2008-08-31,349.0,0.2391575666316192,-0.0841491173492076,-0.0268770482285155,0.5501432664756447,1.438267029443672,0.1611410531241289,0.1120383418553779,0.2290200869187299,source: cesare/outputs/p4_tail_overlay_by_episode.csv
Cesare,P4-B tail forecast (null),VIX percentile gate (incumbent),daily_net,ERAS,recent 2024-26,2024-01-01,2026-06-30,652.0,0.6596942693523411,-0.1107326824417597,-0.0417769719687692,0.593558282208589,1.924086323904004,0.2013711012502695,0.1046580388564293,0.534671076804139,source: cesare/outputs/p4_tail_overlay_by_episode.csv
Cesare,P4-B tail forecast (null),VIX percentile gate (incumbent),daily_net,ERAS,recovery 2009-11,2009-07-01,2011-06-30,522.0,0.0636320508769976,-0.0925280821694796,-0.0295753008816775,0.5076628352490421,0.3452154865520408,0.034883561540273,0.1010486577200943,0.0741537763350717,source: cesare/outputs/p4_tail_overlay_by_episode.csv
Cesare,P4-B tail forecast (null),VIX percentile gate (incumbent),daily_net,ERAS,taper + EM 2013-16,2013-01-01,2016-12-31,1044.0,0.1087039134667369,-0.2297165080349731,-0.0458918102706338,0.5258620689655172,0.2838355678647208,0.0308194446284679,0.1085820387498329,0.1310289490430658,source: cesare/outputs/p4_tail_overlay_by_episode.csv
Cesare,P4-B tail forecast (null),VIX percentile gate (incumbent),daily_net,ERAS,tightening 2021-23,2021-01-01,2023-12-31,781.0,0.1981272619192975,-0.1817288196868841,-0.0352670909604092,0.5685019206145967,0.6233749742792233,0.063541129205263,0.1019308310840236,0.202091437446491,source: cesare/outputs/p4_tail_overlay_by_episode.csv
Cesare,P4-B tail forecast (null),VIX percentile gate (incumbent),daily_net,STRESS,china_em_2015,2015-06-01,2016-02-29,196.0,-0.0536749244329155,-0.0943614750042013,-0.0256766514711972,0.5204081632653061,-0.7042640686255429,-0.066475372518898,0.0943898396643077,-0.0530589683669932,source: cesare/outputs/p4_tail_overlay_by_episode.csv
Cesare,P4-B tail forecast (null),VIX percentile gate (incumbent),daily_net,STRESS,covid_2020,2020-02-01,2020-04-30,64.0,-0.133427678046877,-0.1760715156768528,-0.0381055203606018,0.4375,,,,-0.144425447024123,source: cesare/outputs/p4_tail_overlay_by_episode.csv
Cesare,P4-B tail forecast (null),VIX percentile gate (incumbent),daily_net,STRESS,euro_2011,2011-07-01,2012-12-31,392.0,-0.0342467334962902,-0.175372303494941,-0.0490595446782844,0.5153061224489796,-0.1352305302242478,-0.0156724883588636,0.1158946011146636,-0.0250187710893568,source: cesare/outputs/p4_tail_overlay_by_episode.csv
Cesare,P4-B tail forecast (null),VIX percentile gate (incumbent),daily_net,STRESS,gfc_2008,2008-09-01,2009-06-30,217.0,-0.0936109140286977,-0.1781896476585691,-0.0402511930187669,0.5161290322580645,-0.8118881610482898,-0.1056307648840768,0.1301050685942865,-0.093345225460397,source: cesare/outputs/p4_tail_overlay_by_episode.csv
Cesare,P4-B tail forecast (null),VIX percentile gate (incumbent),daily_net,STRESS,oil_2026,2026-02-01,2026-05-31,85.0,0.0875468496341302,-0.0161468545264291,-0.0132925861879848,0.6352941176470588,,,,0.0872507561603502,source: cesare/outputs/p4_tail_overlay_by_episode.csv
Cesare,P4-B tail forecast (null),VIX percentile gate (incumbent),daily_net,STRESS,rates_2022,2022-01-01,2022-10-31,216.0,0.1847574414838895,-0.0586481216030669,-0.0150948329772956,0.6064814814814815,2.4039292888370354,0.2013570155078116,0.0837616216262432,0.177117905264887,source: cesare/outputs/p4_tail_overlay_by_episode.csv
Cesare,P4-B tail forecast (null),VIX percentile gate (incumbent),daily_net,STRESS,semis_2026,2026-04-01,2026-06-30,65.0,0.0921789970274535,-0.0089135866635419,-0.0088509943068855,0.6461538461538462,,,,0.0909865809048035,source: cesare/outputs/p4_tail_overlay_by_episode.csv
Cesare,P4-B tail forecast (null),VIX percentile gate (incumbent),daily_net,STRESS,taper_2013,2013-05-01,2013-09-30,109.0,-0.1285559057814608,-0.1905674581609462,-0.0403177730931683,0.4862385321100917,,,,-0.1355691913527683,source: cesare/outputs/p4_tail_overlay_by_episode.csv
Cesare,P4-B tail forecast (null),baseline,daily_net,ERAS,GFC 2008-09,2008-09-01,2009-06-30,217.0,-0.0591311403556239,-0.1781896476585691,-0.0402511930187669,0.5161290322580645,-0.4301207436021675,-0.0607782268406118,0.1413050352596515,-0.0505767912858717,source: cesare/outputs/p4_tail_overlay_by_episode.csv
Cesare,P4-B tail forecast (null),baseline,daily_net,ERAS,calm 2017-19,2017-01-01,2019-12-31,782.0,0.059190074061187,-0.1620708607600838,-0.0363732860181878,0.5230179028132992,0.2304649291305438,0.0239238189499788,0.103806765915466,0.0717432049492368,source: cesare/outputs/p4_tail_overlay_by_episode.csv
Cesare,P4-B tail forecast (null),baseline,daily_net,ERAS,covid 2020,2020-01-01,2020-12-31,262.0,-0.1630717778480565,-0.2688794368677005,-0.0381055203606018,0.4923664122137404,-1.2557181146223484,-0.1627720238647802,0.1296246521965108,-0.1635402165070729,source: cesare/outputs/p4_tail_overlay_by_episode.csv
Cesare,P4-B tail forecast (null),baseline,daily_net,ERAS,euro crisis 2011-12,2011-07-01,2012-12-31,392.0,-0.0509508740301408,-0.1896354671913932,-0.0490595446782844,0.5153061224489796,-0.2239847256138321,-0.0265682134044402,0.1186161839010663,-0.0399385167303258,source: cesare/outputs/p4_tail_overlay_by_episode.csv
Cesare,P4-B tail forecast (null),baseline,daily_net,ERAS,pre-crisis 2007-08,2007-05-01,2008-08-31,349.0,0.2391575666316192,-0.0841491173492076,-0.0268770482285155,0.5501432664756447,1.438267029443672,0.1611410531241289,0.1120383418553779,0.2156627497187367,source: cesare/outputs/p4_tail_overlay_by_episode.csv
Cesare,P4-B tail forecast (null),baseline,daily_net,ERAS,recent 2024-26,2024-01-01,2026-06-30,652.0,0.7092875638921083,-0.1107326824417597,-0.0417769719687692,0.593558282208589,1.9928702450344835,0.2129945560071985,0.106878285998752,0.5325490480142958,source: cesare/outputs/p4_tail_overlay_by_episode.csv
Cesare,P4-B tail forecast (null),baseline,daily_net,ERAS,recovery 2009-11,2009-07-01,2011-06-30,522.0,0.0636320508769976,-0.0925280821694796,-0.0295753008816775,0.5076628352490421,0.3452154865520408,0.034883561540273,0.1010486577200943,0.0698288413108704,source: cesare/outputs/p4_tail_overlay_by_episode.csv
Cesare,P4-B tail forecast (null),baseline,daily_net,ERAS,taper + EM 2013-16,2013-01-01,2016-12-31,1044.0,0.1170833055617144,-0.2297165080349731,-0.0458918102706338,0.5268199233716475,0.2931403616242702,0.0331291409282507,0.1130146007348987,0.132633792107122,source: cesare/outputs/p4_tail_overlay_by_episode.csv
Cesare,P4-B tail forecast (null),baseline,daily_net,ERAS,tightening 2021-23,2021-01-01,2023-12-31,781.0,0.247232857081886,-0.1817288196868836,-0.0352670909604092,0.5710627400768246,0.7043870358517035,0.0773419379246184,0.1098003426924248,0.2316378884230088,source: cesare/outputs/p4_tail_overlay_by_episode.csv
Cesare,P4-B tail forecast (null),baseline,daily_net,STRESS,china_em_2015,2015-06-01,2016-02-29,196.0,-0.0518847845100851,-0.0986856115787623,-0.0291017757743077,0.5255102040816326,-0.552481598730055,-0.062171790056444,0.1125318747255172,-0.0467296961132625,source: cesare/outputs/p4_tail_overlay_by_episode.csv
Cesare,P4-B tail forecast (null),baseline,daily_net,STRESS,covid_2020,2020-02-01,2020-04-30,64.0,-0.1961865010455717,-0.2403792299900937,-0.0381055203606018,0.4375,,,,-0.2061994556891173,source: cesare/outputs/p4_tail_overlay_by_episode.csv
Cesare,P4-B tail forecast (null),baseline,daily_net,STRESS,euro_2011,2011-07-01,2012-12-31,392.0,-0.0509508740301408,-0.1896354671913932,-0.0490595446782844,0.5153061224489796,-0.2239847256138321,-0.0265682134044402,0.1186161839010663,-0.0399385167303258,source: cesare/outputs/p4_tail_overlay_by_episode.csv
Cesare,P4-B tail forecast (null),baseline,daily_net,STRESS,gfc_2008,2008-09-01,2009-06-30,217.0,-0.0591311403556239,-0.1781896476585691,-0.0402511930187669,0.5161290322580645,-0.4301207436021675,-0.0607782268406118,0.1413050352596515,-0.0505767912858717,source: cesare/outputs/p4_tail_overlay_by_episode.csv
Cesare,P4-B tail forecast (null),baseline,daily_net,STRESS,oil_2026,2026-02-01,2026-05-31,85.0,0.1007486528886911,-0.0178260554233389,-0.017701988613771,0.6352941176470588,,,,0.0941941740965334,source: cesare/outputs/p4_tail_overlay_by_episode.csv
Cesare,P4-B tail forecast (null),baseline,daily_net,STRESS,rates_2022,2022-01-01,2022-10-31,216.0,0.2554309382923316,-0.0655638908629178,-0.0218801823967604,0.6157407407407407,2.7506140838037716,0.2703339559115026,0.0982813101638972,0.2239225671577645,source: cesare/outputs/p4_tail_overlay_by_episode.csv
Cesare,P4-B tail forecast (null),baseline,daily_net,STRESS,semis_2026,2026-04-01,2026-06-30,65.0,0.1168042666554125,-0.0178260554233387,-0.017701988613771,0.6461538461538462,,,,0.1077326762656418,source: cesare/outputs/p4_tail_overlay_by_episode.csv
Cesare,P4-B tail forecast (null),baseline,daily_net,STRESS,taper_2013,2013-05-01,2013-09-30,109.0,-0.1285559057814608,-0.1905674581609462,-0.0403177730931683,0.4862385321100917,,,,-0.1276622718017687,source: cesare/outputs/p4_tail_overlay_by_episode.csv
Cesare,P4-B tail forecast (null),tail forecast (binary p80 gate),daily_net,ERAS,GFC 2008-09,2008-09-01,2009-06-30,217.0,-0.0591311403556239,-0.1781896476585691,-0.0402511930187669,0.5161290322580645,-0.4301207436021675,-0.0607782268406118,0.1413050352596515,-0.0586535567971464,source: cesare/outputs/p4_tail_overlay_by_episode.csv
Cesare,P4-B tail forecast (null),tail forecast (binary p80 gate),daily_net,ERAS,calm 2017-19,2017-01-01,2019-12-31,782.0,0.059190074061187,-0.1620708607600838,-0.0363732860181878,0.5230179028132992,0.2304649291305438,0.0239238189499788,0.103806765915466,0.0832001010604809,source: cesare/outputs/p4_tail_overlay_by_episode.csv
Cesare,P4-B tail forecast (null),tail forecast (binary p80 gate),daily_net,ERAS,covid 2020,2020-01-01,2020-12-31,262.0,-0.1617583584544407,-0.2677320649649821,-0.0381055203606018,0.4885496183206106,-1.2550201623452142,-0.161396328673619,0.128600586282234,-0.1880535500749039,source: cesare/outputs/p4_tail_overlay_by_episode.csv
Cesare,P4-B tail forecast (null),tail forecast (binary p80 gate),daily_net,ERAS,euro crisis 2011-12,2011-07-01,2012-12-31,392.0,-0.0509508740301408,-0.1896354671913932,-0.0490595446782844,0.5153061224489796,-0.2239847256138321,-0.0265682134044402,0.1186161839010663,-0.0463164230050775,source: cesare/outputs/p4_tail_overlay_by_episode.csv
Cesare,P4-B tail forecast (null),tail forecast (binary p80 gate),daily_net,ERAS,pre-crisis 2007-08,2007-05-01,2008-08-31,349.0,0.2391575666316192,-0.0841491173492076,-0.0268770482285155,0.5501432664756447,1.438267029443672,0.1611410531241289,0.1120383418553779,0.2501026067106441,source: cesare/outputs/p4_tail_overlay_by_episode.csv
Cesare,P4-B tail forecast (null),tail forecast (binary p80 gate),daily_net,ERAS,recent 2024-26,2024-01-01,2026-06-30,652.0,0.49122097798117,-0.0771442499967941,-0.0417769719687692,0.5920245398773006,2.059949965369906,0.1574147519787883,0.0764167842059801,0.4564357141981079,source: cesare/outputs/p4_tail_overlay_by_episode.csv
Cesare,P4-B tail forecast (null),tail forecast (binary p80 gate),daily_net,ERAS,recovery 2009-11,2009-07-01,2011-06-30,522.0,0.0636320508769976,-0.0925280821694796,-0.0295753008816775,0.5076628352490421,0.3452154865520408,0.034883561540273,0.1010486577200943,0.0809800267232487,source: cesare/outputs/p4_tail_overlay_by_episode.csv
Cesare,P4-B tail forecast (null),tail forecast (binary p80 gate),daily_net,ERAS,taper + EM 2013-16,2013-01-01,2016-12-31,1044.0,0.1170833055617144,-0.2297165080349731,-0.0458918102706338,0.5268199233716475,0.2931403616242702,0.0331291409282507,0.1130146007348987,0.1538144959533867,source: cesare/outputs/p4_tail_overlay_by_episode.csv
Cesare,P4-B tail forecast (null),tail forecast (binary p80 gate),daily_net,ERAS,tightening 2021-23,2021-01-01,2023-12-31,781.0,0.2495751244675532,-0.1762945995582467,-0.0352670909604092,0.5710627400768246,0.745054580170305,0.0773021252437952,0.103753640741495,0.2684905852312595,source: cesare/outputs/p4_tail_overlay_by_episode.csv
Cesare,P4-B tail forecast (null),tail forecast (binary p80 gate),daily_net,STRESS,china_em_2015,2015-06-01,2016-02-29,196.0,-0.0518847845100851,-0.0986856115787623,-0.0291017757743077,0.5255102040816326,-0.552481598730055,-0.062171790056444,0.1125318747255172,-0.0541921070002374,source: cesare/outputs/p4_tail_overlay_by_episode.csv
Cesare,P4-B tail forecast (null),tail forecast (binary p80 gate),daily_net,STRESS,covid_2020,2020-02-01,2020-04-30,64.0,-0.1961865010455717,-0.2403792299900937,-0.0381055203606018,0.4375,,,,-0.2391280897485641,source: cesare/outputs/p4_tail_overlay_by_episode.csv
Cesare,P4-B tail forecast (null),tail forecast (binary p80 gate),daily_net,STRESS,euro_2011,2011-07-01,2012-12-31,392.0,-0.0509508740301408,-0.1896354671913932,-0.0490595446782844,0.5153061224489796,-0.2239847256138321,-0.0265682134044402,0.1186161839010663,-0.0463164230050775,source: cesare/outputs/p4_tail_overlay_by_episode.csv
Cesare,P4-B tail forecast (null),tail forecast (binary p80 gate),daily_net,STRESS,gfc_2008,2008-09-01,2009-06-30,217.0,-0.0591311403556239,-0.1781896476585691,-0.0402511930187669,0.5161290322580645,-0.4301207436021675,-0.0607782268406118,0.1413050352596515,-0.0586535567971464,source: cesare/outputs/p4_tail_overlay_by_episode.csv
Cesare,P4-B tail forecast (null),tail forecast (binary p80 gate),daily_net,STRESS,oil_2026,2026-02-01,2026-05-31,85.0,0.0787941981526267,-0.016146854526429,-0.0132925861879848,0.6352941176470588,,,,0.0861370555829155,source: cesare/outputs/p4_tail_overlay_by_episode.csv
Cesare,P4-B tail forecast (null),tail forecast (binary p80 gate),daily_net,STRESS,rates_2022,2022-01-01,2022-10-31,216.0,0.2429053598651833,-0.065563890862918,-0.0218801823967604,0.6157407407407407,2.679958005782614,0.2584447458976807,0.0964361177824532,0.2482607438536491,source: cesare/outputs/p4_tail_overlay_by_episode.csv
Cesare,P4-B tail forecast (null),tail forecast (binary p80 gate),daily_net,STRESS,semis_2026,2026-04-01,2026-06-30,65.0,0.0550405230934796,-0.0089135866635419,-0.0088509943068855,0.6461538461538462,,,,0.0603326803770411,source: cesare/outputs/p4_tail_overlay_by_episode.csv
Cesare,P4-B tail forecast (null),tail forecast (binary p80 gate),daily_net,STRESS,taper_2013,2013-05-01,2013-09-30,109.0,-0.1285559057814608,-0.1905674581609462,-0.0403177730931683,0.4862385321100917,,,,-0.1480490580680524,source: cesare/outputs/p4_tail_overlay_by_episode.csv
Cesare,P4-B tail forecast (null),tail forecast (continuous 1-p),daily_net,ERAS,GFC 2008-09,2008-09-01,2009-06-30,217.0,-0.0591311403556239,-0.1781896476585691,-0.0402511930187669,0.5161290322580645,-0.4301207436021675,-0.0607782268406118,0.1413050352596515,-0.0931712024323951,source: cesare/outputs/p4_tail_overlay_by_episode.csv
Cesare,P4-B tail forecast (null),tail forecast (continuous 1-p),daily_net,ERAS,calm 2017-19,2017-01-01,2019-12-31,782.0,0.0332948616972441,-0.1545062145648029,-0.035861543994449,0.5230179028132992,0.1570322030633966,0.0153115007521167,0.0975054826552694,0.0845859933514474,source: cesare/outputs/p4_tail_overlay_by_episode.csv
Cesare,P4-B tail forecast (null),tail forecast (continuous 1-p),daily_net,ERAS,covid 2020,2020-01-01,2020-12-31,262.0,-0.1788597376133042,-0.2515006811833069,-0.0369054616636409,0.4847328244274809,-1.632160838041787,-0.1831577644452183,0.1122179629459588,-0.3390006775217599,source: cesare/outputs/p4_tail_overlay_by_episode.csv
Cesare,P4-B tail forecast (null),tail forecast (continuous 1-p),daily_net,ERAS,euro crisis 2011-12,2011-07-01,2012-12-31,392.0,-0.0509508740301408,-0.1896354671913932,-0.0490595446782844,0.5153061224489796,-0.2239847256138321,-0.0265682134044402,0.1186161839010663,-0.0735736596277562,source: cesare/outputs/p4_tail_overlay_by_episode.csv
Cesare,P4-B tail forecast (null),tail forecast (continuous 1-p),daily_net,ERAS,pre-crisis 2007-08,2007-05-01,2008-08-31,349.0,0.2391575666316192,-0.0841491173492076,-0.0268770482285155,0.5501432664756447,1.438267029443672,0.1611410531241289,0.1120383418553779,0.3972881078516421,source: cesare/outputs/p4_tail_overlay_by_episode.csv
Cesare,P4-B tail forecast (null),tail forecast (continuous 1-p),daily_net,ERAS,recent 2024-26,2024-01-01,2026-06-30,652.0,0.238180925515633,-0.0517379595827063,-0.0177168217188191,0.5904907975460123,1.8124596411963212,0.0836512634524057,0.0461534489105596,0.385295592815063,source: cesare/outputs/p4_tail_overlay_by_episode.csv
Cesare,P4-B tail forecast (null),tail forecast (continuous 1-p),daily_net,ERAS,recovery 2009-11,2009-07-01,2011-06-30,522.0,0.0636320508769976,-0.0925280821694796,-0.0295753008816775,0.5076628352490421,0.3452154865520408,0.034883561540273,0.1010486577200943,0.1286368103627034,source: cesare/outputs/p4_tail_overlay_by_episode.csv
Cesare,P4-B tail forecast (null),tail forecast (continuous 1-p),daily_net,ERAS,taper + EM 2013-16,2013-01-01,2016-12-31,1044.0,0.0335260932858791,-0.215846205762527,-0.0403177730931683,0.524904214559387,0.1356769900860386,0.0116697745568548,0.0860114493213223,0.086067047650083,source: cesare/outputs/p4_tail_overlay_by_episode.csv
Cesare,P4-B tail forecast (null),tail forecast (continuous 1-p),daily_net,ERAS,tightening 2021-23,2021-01-01,2023-12-31,781.0,0.253998894713753,-0.1330030673081984,-0.0351237542524683,0.5710627400768246,0.8842765435430928,0.0768262688267788,0.0868803649579504,0.4238719875509724,source: cesare/outputs/p4_tail_overlay_by_episode.csv
Cesare,P4-B tail forecast (null),tail forecast (continuous 1-p),daily_net,STRESS,china_em_2015,2015-06-01,2016-02-29,196.0,-0.0320031927343912,-0.0754655348866961,-0.0228377133699554,0.5255102040816326,-0.4306404861716179,-0.0379475685823064,0.0881189061429391,-0.0525428912376349,source: cesare/outputs/p4_tail_overlay_by_episode.csv
Cesare,P4-B tail forecast (null),tail forecast (continuous 1-p),daily_net,STRESS,covid_2020,2020-02-01,2020-04-30,64.0,-0.1896269885045584,-0.232930812143022,-0.0369054616636409,0.4375,,,,-0.3660096275024286,source: cesare/outputs/p4_tail_overlay_by_episode.csv
Cesare,P4-B tail forecast (null),tail forecast (continuous 1-p),daily_net,STRESS,euro_2011,2011-07-01,2012-12-31,392.0,-0.0509508740301408,-0.1896354671913932,-0.0490595446782844,0.5153061224489796,-0.2239847256138321,-0.0265682134044402,0.1186161839010663,-0.0735736596277562,source: cesare/outputs/p4_tail_overlay_by_episode.csv
Cesare,P4-B tail forecast (null),tail forecast (continuous 1-p),daily_net,STRESS,gfc_2008,2008-09-01,2009-06-30,217.0,-0.0591311403556239,-0.1781896476585691,-0.0402511930187669,0.5161290322580645,-0.4301207436021675,-0.0607782268406118,0.1413050352596515,-0.0931712024323951,source: cesare/outputs/p4_tail_overlay_by_episode.csv
Cesare,P4-B tail forecast (null),tail forecast (continuous 1-p),daily_net,STRESS,oil_2026,2026-02-01,2026-05-31,85.0,0.0369517291648795,-0.0087052218595163,-0.0071528888875615,0.6235294117647059,,,,0.0650885168361601,source: cesare/outputs/p4_tail_overlay_by_episode.csv
Cesare,P4-B tail forecast (null),tail forecast (continuous 1-p),daily_net,STRESS,rates_2022,2022-01-01,2022-10-31,216.0,0.2215689725705123,-0.0614198454451598,-0.0200447270061918,0.6157407407407407,2.6515591864485906,0.2375918497410286,0.0896045809406393,0.3625427549808936,source: cesare/outputs/p4_tail_overlay_by_episode.csv
Cesare,P4-B tail forecast (null),tail forecast (continuous 1-p),daily_net,STRESS,semis_2026,2026-04-01,2026-06-30,65.0,0.0166590524949816,-0.0052705075219083,-0.0045781431255109,0.6307692307692307,,,,0.0294807609530442,source: cesare/outputs/p4_tail_overlay_by_episode.csv
Cesare,P4-B tail forecast (null),tail forecast (continuous 1-p),daily_net,STRESS,taper_2013,2013-05-01,2013-09-30,109.0,-0.1259896021182214,-0.1856939797777309,-0.0403177730931683,0.4862385321100917,,,,-0.23034718088974,source: cesare/outputs/p4_tail_overlay_by_episode.csv
Cesare,P4-C combined ladder,add0 baseline,daily_net,ERAS,GFC 2008-09,2008-09-01,2009-06-30,217.0,-0.0591311403556239,-0.1781896476585691,-0.0402511930187669,0.5161290322580645,-0.4301207436021675,-0.0607782268406118,0.1413050352596515,-0.0505767912858717,source: cesare/outputs/p4_combined_by_episode.csv
Cesare,P4-C combined ladder,add0 baseline,daily_net,ERAS,calm 2017-19,2017-01-01,2019-12-31,782.0,0.059190074061187,-0.1620708607600838,-0.0363732860181878,0.5230179028132992,0.2304649291305438,0.0239238189499788,0.103806765915466,0.0717432049492368,source: cesare/outputs/p4_combined_by_episode.csv
Cesare,P4-C combined ladder,add0 baseline,daily_net,ERAS,covid 2020,2020-01-01,2020-12-31,262.0,-0.1630717778480565,-0.2688794368677005,-0.0381055203606018,0.4923664122137404,-1.2557181146223484,-0.1627720238647802,0.1296246521965108,-0.1635402165070729,source: cesare/outputs/p4_combined_by_episode.csv
Cesare,P4-C combined ladder,add0 baseline,daily_net,ERAS,euro crisis 2011-12,2011-07-01,2012-12-31,392.0,-0.0509508740301408,-0.1896354671913932,-0.0490595446782844,0.5153061224489796,-0.2239847256138321,-0.0265682134044402,0.1186161839010663,-0.0399385167303258,source: cesare/outputs/p4_combined_by_episode.csv
Cesare,P4-C combined ladder,add0 baseline,daily_net,ERAS,pre-crisis 2007-08,2007-05-01,2008-08-31,349.0,0.2391575666316192,-0.0841491173492076,-0.0268770482285155,0.5501432664756447,1.438267029443672,0.1611410531241289,0.1120383418553779,0.2156627497187367,source: cesare/outputs/p4_combined_by_episode.csv
Cesare,P4-C combined ladder,add0 baseline,daily_net,ERAS,recent 2024-26,2024-01-01,2026-06-30,652.0,0.7092875638921083,-0.1107326824417597,-0.0417769719687692,0.593558282208589,1.9928702450344835,0.2129945560071985,0.106878285998752,0.5325490480142958,source: cesare/outputs/p4_combined_by_episode.csv
Cesare,P4-C combined ladder,add0 baseline,daily_net,ERAS,recovery 2009-11,2009-07-01,2011-06-30,522.0,0.0636320508769976,-0.0925280821694796,-0.0295753008816775,0.5076628352490421,0.3452154865520408,0.034883561540273,0.1010486577200943,0.0698288413108704,source: cesare/outputs/p4_combined_by_episode.csv
Cesare,P4-C combined ladder,add0 baseline,daily_net,ERAS,taper + EM 2013-16,2013-01-01,2016-12-31,1044.0,0.1170833055617144,-0.2297165080349731,-0.0458918102706338,0.5268199233716475,0.2931403616242702,0.0331291409282507,0.1130146007348987,0.132633792107122,source: cesare/outputs/p4_combined_by_episode.csv
Cesare,P4-C combined ladder,add0 baseline,daily_net,ERAS,tightening 2021-23,2021-01-01,2023-12-31,781.0,0.247232857081886,-0.1817288196868836,-0.0352670909604092,0.5710627400768246,0.7043870358517035,0.0773419379246184,0.1098003426924248,0.2316378884230088,source: cesare/outputs/p4_combined_by_episode.csv
Cesare,P4-C combined ladder,add0 baseline,daily_net,STRESS,china_em_2015,2015-06-01,2016-02-29,196.0,-0.0518847845100851,-0.0986856115787623,-0.0291017757743077,0.5255102040816326,-0.552481598730055,-0.062171790056444,0.1125318747255172,-0.0467296961132625,source: cesare/outputs/p4_combined_by_episode.csv
Cesare,P4-C combined ladder,add0 baseline,daily_net,STRESS,covid_2020,2020-02-01,2020-04-30,64.0,-0.1961865010455717,-0.2403792299900937,-0.0381055203606018,0.4375,,,,-0.2061994556891173,source: cesare/outputs/p4_combined_by_episode.csv
Cesare,P4-C combined ladder,add0 baseline,daily_net,STRESS,euro_2011,2011-07-01,2012-12-31,392.0,-0.0509508740301408,-0.1896354671913932,-0.0490595446782844,0.5153061224489796,-0.2239847256138321,-0.0265682134044402,0.1186161839010663,-0.0399385167303258,source: cesare/outputs/p4_combined_by_episode.csv
Cesare,P4-C combined ladder,add0 baseline,daily_net,STRESS,gfc_2008,2008-09-01,2009-06-30,217.0,-0.0591311403556239,-0.1781896476585691,-0.0402511930187669,0.5161290322580645,-0.4301207436021675,-0.0607782268406118,0.1413050352596515,-0.0505767912858717,source: cesare/outputs/p4_combined_by_episode.csv
Cesare,P4-C combined ladder,add0 baseline,daily_net,STRESS,oil_2026,2026-02-01,2026-05-31,85.0,0.1007486528886911,-0.0178260554233389,-0.017701988613771,0.6352941176470588,,,,0.0941941740965334,source: cesare/outputs/p4_combined_by_episode.csv
Cesare,P4-C combined ladder,add0 baseline,daily_net,STRESS,rates_2022,2022-01-01,2022-10-31,216.0,0.2554309382923316,-0.0655638908629178,-0.0218801823967604,0.6157407407407407,2.7506140838037716,0.2703339559115026,0.0982813101638972,0.2239225671577645,source: cesare/outputs/p4_combined_by_episode.csv
Cesare,P4-C combined ladder,add0 baseline,daily_net,STRESS,semis_2026,2026-04-01,2026-06-30,65.0,0.1168042666554125,-0.0178260554233387,-0.017701988613771,0.6461538461538462,,,,0.1077326762656418,source: cesare/outputs/p4_combined_by_episode.csv
Cesare,P4-C combined ladder,add0 baseline,daily_net,STRESS,taper_2013,2013-05-01,2013-09-30,109.0,-0.1285559057814608,-0.1905674581609462,-0.0403177730931683,0.4862385321100917,,,,-0.1276622718017687,source: cesare/outputs/p4_combined_by_episode.csv
Cesare,P4-C combined ladder,add1 +duration,daily_net,ERAS,GFC 2008-09,2008-09-01,2009-06-30,217.0,-0.0675301535180465,-0.1781896476585691,-0.0402511930187669,0.5023041474654378,-0.5002426110910042,-0.0710787398386109,0.1420885351681491,-0.0546903968970997,source: cesare/outputs/p4_combined_by_episode.csv
Cesare,P4-C combined ladder,add1 +duration,daily_net,ERAS,calm 2017-19,2017-01-01,2019-12-31,782.0,0.1075720515650184,-0.1644166647013182,-0.036816854307167,0.5294117647058824,0.3749082219259959,0.0380901229134775,0.1015985264814924,0.1056162513305081,source: cesare/outputs/p4_combined_by_episode.csv
Cesare,P4-C combined ladder,add1 +duration,daily_net,ERAS,covid 2020,2020-01-01,2020-12-31,262.0,-0.130310098122497,-0.2459515448443774,-0.033184017820261,0.4618320610687023,-1.1040603047672324,-0.1275832167990234,0.1155581957327246,-0.1185240439928519,source: cesare/outputs/p4_combined_by_episode.csv
Cesare,P4-C combined ladder,add1 +duration,daily_net,ERAS,euro crisis 2011-12,2011-07-01,2012-12-31,392.0,0.0138417767719907,-0.1458500340156463,-0.0416374467591028,0.4948979591836734,0.1351704483411937,0.0149472781852077,0.1105809618051881,0.0207758980764166,source: cesare/outputs/p4_combined_by_episode.csv
Cesare,P4-C combined ladder,add1 +duration,daily_net,ERAS,pre-crisis 2007-08,2007-05-01,2008-08-31,349.0,0.2391575666316192,-0.0841491173492076,-0.0268770482285155,0.5501432664756447,1.438267029443672,0.1611410531241289,0.1120383418553779,0.1994083070009014,source: cesare/outputs/p4_combined_by_episode.csv
Cesare,P4-C combined ladder,add1 +duration,daily_net,ERAS,recent 2024-26,2024-01-01,2026-06-30,652.0,0.6987443121666488,-0.110451799531656,-0.0392992141809823,0.588957055214724,1.9868461711356196,0.2105032008783364,0.1059484140928833,0.4866513376992792,source: cesare/outputs/p4_combined_by_episode.csv
Cesare,P4-C combined ladder,add1 +duration,daily_net,ERAS,recovery 2009-11,2009-07-01,2011-06-30,522.0,0.0880325998819335,-0.0972465224625571,-0.028724860894929,0.5153256704980843,0.4738889076229549,0.0452945654180837,0.0955805563065044,0.0838355507762126,source: cesare/outputs/p4_combined_by_episode.csv
Cesare,P4-C combined ladder,add1 +duration,daily_net,ERAS,taper + EM 2013-16,2013-01-01,2016-12-31,1044.0,0.1420010497397941,-0.2412221315590496,-0.0421161980853926,0.5268199233716475,0.3445723309283935,0.0382202405862496,0.1109208057514991,0.1414834159803339,source: cesare/outputs/p4_combined_by_episode.csv
Cesare,P4-C combined ladder,add1 +duration,daily_net,ERAS,tightening 2021-23,2021-01-01,2023-12-31,781.0,0.1407305152870399,-0.181129145502795,-0.0383421975458564,0.5518565941101152,0.4321483815007403,0.048909822814465,0.113178308442609,0.1354436800262993,source: cesare/outputs/p4_combined_by_episode.csv
Cesare,P4-C combined ladder,add1 +duration,daily_net,STRESS,china_em_2015,2015-06-01,2016-02-29,196.0,-0.0333898748270318,-0.0850594057264602,-0.0291751405947169,0.5153061224489796,-0.3398475243325971,-0.0375579433744551,0.1105141002519073,-0.026101742198112,source: cesare/outputs/p4_combined_by_episode.csv
Cesare,P4-C combined ladder,add1 +duration,daily_net,STRESS,covid_2020,2020-02-01,2020-04-30,64.0,-0.1696579539115337,-0.2127832390364341,-0.033184017820261,0.40625,,,,-0.1631097528341349,source: cesare/outputs/p4_combined_by_episode.csv
Cesare,P4-C combined ladder,add1 +duration,daily_net,STRESS,euro_2011,2011-07-01,2012-12-31,392.0,0.0138417767719907,-0.1458500340156463,-0.0416374467591028,0.4948979591836734,0.1351704483411937,0.0149472781852077,0.1105809618051881,0.0207758980764166,source: cesare/outputs/p4_combined_by_episode.csv
Cesare,P4-C combined ladder,add1 +duration,daily_net,STRESS,gfc_2008,2008-09-01,2009-06-30,217.0,-0.0675301535180465,-0.1781896476585691,-0.0402511930187669,0.5023041474654378,-0.5002426110910042,-0.0710787398386109,0.1420885351681491,-0.0546903968970997,source: cesare/outputs/p4_combined_by_episode.csv
Cesare,P4-C combined ladder,add1 +duration,daily_net,STRESS,oil_2026,2026-02-01,2026-05-31,85.0,0.1006148379817646,-0.0197843747518704,-0.0178721767154942,0.611764705882353,,,,0.0869063631209605,source: cesare/outputs/p4_combined_by_episode.csv
Cesare,P4-C combined ladder,add1 +duration,daily_net,STRESS,rates_2022,2022-01-01,2022-10-31,216.0,0.1468204481001294,-0.0723414540584588,-0.0201729725148018,0.5231481481481481,1.6111586907190758,0.1650921138552396,0.1024679411197896,0.1264421003006465,source: cesare/outputs/p4_combined_by_episode.csv
Cesare,P4-C combined ladder,add1 +duration,daily_net,STRESS,semis_2026,2026-04-01,2026-06-30,65.0,0.1184887773084282,-0.0197843747518704,-0.0178721767154942,0.6307692307692307,,,,0.1009875495475825,source: cesare/outputs/p4_combined_by_episode.csv
Cesare,P4-C combined ladder,add1 +duration,daily_net,STRESS,taper_2013,2013-05-01,2013-09-30,109.0,-0.1564616714379265,-0.2092227134317608,-0.0409062005481435,0.4587155963302752,,,,-0.1473156440702272,source: cesare/outputs/p4_combined_by_episode.csv
Cesare,P4-C combined ladder,add2 +vix_gate,daily_net,ERAS,GFC 2008-09,2008-09-01,2009-06-30,217.0,-0.1017443183110337,-0.1781896476585691,-0.0402511930187669,0.4976958525345622,-0.8825573938231157,-0.1159312778820759,0.1313583441637464,-0.0942861267730964,source: cesare/outputs/p4_combined_by_episode.csv
Cesare,P4-C combined ladder,add2 +vix_gate,daily_net,ERAS,calm 2017-19,2017-01-01,2019-12-31,782.0,0.08732610041118,-0.1554531809360341,-0.036816854307167,0.5242966751918159,0.3305379652652706,0.0315373690687624,0.095412244228745,0.0924314257812326,source: cesare/outputs/p4_combined_by_episode.csv
Cesare,P4-C combined ladder,add2 +vix_gate,daily_net,ERAS,covid 2020,2020-01-01,2020-12-31,262.0,-0.069503970402738,-0.1674872832221471,-0.033184017820261,0.4961832061068702,-0.8103502911689554,-0.0659599262860396,0.0813968070411752,-0.0647692534966803,source: cesare/outputs/p4_combined_by_episode.csv
Cesare,P4-C combined ladder,add2 +vix_gate,daily_net,ERAS,euro crisis 2011-12,2011-07-01,2012-12-31,392.0,0.0314943141225201,-0.1458500340156463,-0.0416374467591028,0.4923469387755102,0.237661068211398,0.0258430032307842,0.10873890042351,0.0379678921764523,source: cesare/outputs/p4_combined_by_episode.csv
Cesare,P4-C combined ladder,add2 +vix_gate,daily_net,ERAS,pre-crisis 2007-08,2007-05-01,2008-08-31,349.0,0.2391575666316192,-0.0841491173492076,-0.0268770482285155,0.5501432664756447,1.438267029443672,0.1611410531241289,0.1120383418553779,0.2107749831306755,source: cesare/outputs/p4_combined_by_episode.csv
Cesare,P4-C combined ladder,add2 +vix_gate,daily_net,ERAS,recent 2024-26,2024-01-01,2026-06-30,652.0,0.649400557452525,-0.110451799531656,-0.0392992141809823,0.588957055214724,1.915358165963727,0.1988797461214074,0.1038342330199843,0.4859880508791687,source: cesare/outputs/p4_combined_by_episode.csv
Cesare,P4-C combined ladder,add2 +vix_gate,daily_net,ERAS,recovery 2009-11,2009-07-01,2011-06-30,522.0,0.0880325998819335,-0.0972465224625571,-0.028724860894929,0.5153256704980843,0.4738889076229549,0.0452945654180837,0.0955805563065044,0.0886143464450918,source: cesare/outputs/p4_combined_by_episode.csv
Cesare,P4-C combined ladder,add2 +vix_gate,daily_net,ERAS,taper + EM 2013-16,2013-01-01,2016-12-31,1044.0,0.1332246318177012,-0.2412221315590496,-0.0421161980853926,0.5306513409961686,0.3361594019287982,0.0359105442864668,0.1068259405520749,0.1405108706998349,source: cesare/outputs/p4_combined_by_episode.csv
Cesare,P4-C combined ladder,add2 +vix_gate,daily_net,ERAS,tightening 2021-23,2021-01-01,2023-12-31,781.0,0.095573501164913,-0.1811291455027944,-0.0383421975458564,0.5544174135723432,0.3305214688288273,0.0351090140951097,0.1062230971546731,0.1027678111573205,source: cesare/outputs/p4_combined_by_episode.csv
Cesare,P4-C combined ladder,add2 +vix_gate,daily_net,STRESS,china_em_2015,2015-06-01,2016-02-29,196.0,-0.0353154280252895,-0.0833741561393466,-0.025933475553489,0.5459183673469388,-0.4479553773229921,-0.0418615258369091,0.0934502139187971,-0.0307509519138288,source: cesare/outputs/p4_combined_by_episode.csv
Cesare,P4-C combined ladder,add2 +vix_gate,daily_net,STRESS,covid_2020,2020-02-01,2020-04-30,64.0,-0.1057487466685701,-0.1500570698703491,-0.033184017820261,0.484375,,,,-0.1038008294566964,source: cesare/outputs/p4_combined_by_episode.csv
Cesare,P4-C combined ladder,add2 +vix_gate,daily_net,STRESS,euro_2011,2011-07-01,2012-12-31,392.0,0.0314943141225201,-0.1458500340156463,-0.0416374467591028,0.4923469387755102,0.237661068211398,0.0258430032307842,0.10873890042351,0.0379678921764523,source: cesare/outputs/p4_combined_by_episode.csv
Cesare,P4-C combined ladder,add2 +vix_gate,daily_net,STRESS,gfc_2008,2008-09-01,2009-06-30,217.0,-0.1017443183110337,-0.1781896476585691,-0.0402511930187669,0.4976958525345622,-0.8825573938231157,-0.1159312778820759,0.1313583441637464,-0.0942861267730964,source: cesare/outputs/p4_combined_by_episode.csv
Cesare,P4-C combined ladder,add2 +vix_gate,daily_net,STRESS,oil_2026,2026-02-01,2026-05-31,85.0,0.0874063283449528,-0.0127016329999964,-0.011333000714707,0.611764705882353,,,,0.0801006792604399,source: cesare/outputs/p4_combined_by_episode.csv
Cesare,P4-C combined ladder,add2 +vix_gate,daily_net,STRESS,rates_2022,2022-01-01,2022-10-31,216.0,0.0821962964636882,-0.0739419588156969,-0.0161555215817645,0.5324074074074074,1.0787042795729251,0.0961151734515486,0.0891024308252508,0.0778095930288467,source: cesare/outputs/p4_combined_by_episode.csv
Cesare,P4-C combined ladder,add2 +vix_gate,daily_net,STRESS,semis_2026,2026-04-01,2026-06-30,65.0,0.0938192827869259,-0.0110618778799242,-0.0090211824086087,0.6307692307692307,,,,0.0851910620129833,source: cesare/outputs/p4_combined_by_episode.csv
Cesare,P4-C combined ladder,add2 +vix_gate,daily_net,STRESS,taper_2013,2013-05-01,2013-09-30,109.0,-0.1564616714379265,-0.2092227134317608,-0.0409062005481435,0.4587155963302752,,,,-0.1557129332312438,source: cesare/outputs/p4_combined_by_episode.csv
Cesare,P4-C combined ladder,add3 +regime_gate,daily_net,ERAS,GFC 2008-09,2008-09-01,2009-06-30,217.0,-0.1017443183110337,-0.1781896476585691,-0.0402511930187669,0.4976958525345622,-0.8825573938231157,-0.1159312778820759,0.1313583441637464,-0.3932366912869591,source: cesare/outputs/p4_combined_by_episode.csv
Cesare,P4-C combined ladder,add3 +regime_gate,daily_net,ERAS,calm 2017-19,2017-01-01,2019-12-31,782.0,0.0916930589512083,-0.0644915381460875,-0.0248320737002636,0.530690537084399,0.4837456205085603,0.0302228847929722,0.062476813249904,0.3694335601263431,source: cesare/outputs/p4_combined_by_episode.csv
Cesare,P4-C combined ladder,add3 +regime_gate,daily_net,ERAS,covid 2020,2020-01-01,2020-12-31,262.0,-0.1777915984284246,-0.2253175091007997,-0.033184017820261,0.4580152671755725,-2.1665890275308386,-0.1845670953352478,0.0851878658065532,-0.7558737182936939,source: cesare/outputs/p4_combined_by_episode.csv
Cesare,P4-C combined ladder,add3 +regime_gate,daily_net,ERAS,euro crisis 2011-12,2011-07-01,2012-12-31,392.0,-0.0027865082162291,-0.1458500340156463,-0.0416374467591028,0.5178571428571429,0.0282975137040841,0.0026735459254599,0.0944798880006944,0.0163820177487744,source: cesare/outputs/p4_combined_by_episode.csv
Cesare,P4-C combined ladder,add3 +regime_gate,daily_net,ERAS,pre-crisis 2007-08,2007-05-01,2008-08-31,349.0,0.2391575666316192,-0.0841491173492076,-0.0268770482285155,0.5501432664756447,1.438267029443672,0.1611410531241289,0.1120383418553779,0.8790737281194764,source: cesare/outputs/p4_combined_by_episode.csv
Cesare,P4-C combined ladder,add3 +regime_gate,daily_net,ERAS,recent 2024-26,2024-01-01,2026-06-30,652.0,0.0246586383526878,-0.1623765818661797,-0.0392992141809823,0.50920245398773,0.1647434810272127,0.0121271044098346,0.0736120442169814,0.1235942848294267,source: cesare/outputs/p4_combined_by_episode.csv
Cesare,P4-C combined ladder,add3 +regime_gate,daily_net,ERAS,recovery 2009-11,2009-07-01,2011-06-30,522.0,0.0880325998819335,-0.0972465224625571,-0.028724860894929,0.5153256704980843,0.4738889076229549,0.0452945654180837,0.0955805563065044,0.3695815449125786,source: cesare/outputs/p4_combined_by_episode.csv
Cesare,P4-C combined ladder,add3 +regime_gate,daily_net,ERAS,taper + EM 2013-16,2013-01-01,2016-12-31,1044.0,0.148756151082152,-0.1238316991547363,-0.0421161980853926,0.5239463601532567,0.4650921917508167,0.0365732577486527,0.0786365765698506,0.5968398626399662,source: cesare/outputs/p4_combined_by_episode.csv
Cesare,P4-C combined ladder,add3 +regime_gate,daily_net,ERAS,tightening 2021-23,2021-01-01,2023-12-31,781.0,-0.0587219650177535,-0.1557004778617657,-0.0334992838479506,0.4878361075544174,-0.2309069552314889,-0.0168573475521362,0.0730049362750308,-0.2057945887959127,source: cesare/outputs/p4_combined_by_episode.csv
Cesare,P4-C combined ladder,add3 +regime_gate,daily_net,STRESS,china_em_2015,2015-06-01,2016-02-29,196.0,-0.015663003144394,-0.049281573438112,-0.014624252707563,0.5153061224489796,-0.3370833688788914,-0.0187558625244201,0.0556416134880828,-0.0574628005905229,source: cesare/outputs/p4_combined_by_episode.csv
Cesare,P4-C combined ladder,add3 +regime_gate,daily_net,STRESS,covid_2020,2020-02-01,2020-04-30,64.0,-0.1724493334712794,-0.212705965070192,-0.033184017820261,0.4375,,,,-0.7327175271965495,source: cesare/outputs/p4_combined_by_episode.csv
Cesare,P4-C combined ladder,add3 +regime_gate,daily_net,STRESS,euro_2011,2011-07-01,2012-12-31,392.0,-0.0027865082162291,-0.1458500340156463,-0.0416374467591028,0.5178571428571429,0.0282975137040841,0.0026735459254599,0.0944798880006944,0.0163820177487744,source: cesare/outputs/p4_combined_by_episode.csv
Cesare,P4-C combined ladder,add3 +regime_gate,daily_net,STRESS,gfc_2008,2008-09-01,2009-06-30,217.0,-0.1017443183110337,-0.1781896476585691,-0.0402511930187669,0.4976958525345622,-0.8825573938231157,-0.1159312778820759,0.1313583441637464,-0.3932366912869591,source: cesare/outputs/p4_combined_by_episode.csv
Cesare,P4-C combined ladder,add3 +regime_gate,daily_net,STRESS,oil_2026,2026-02-01,2026-05-31,85.0,0.0063793220628336,-0.0195374259412334,-0.0070112929221959,0.4941176470588235,,,,0.0261650884458906,source: cesare/outputs/p4_combined_by_episode.csv
Cesare,P4-C combined ladder,add3 +regime_gate,daily_net,STRESS,rates_2022,2022-01-01,2022-10-31,216.0,-0.0413775937604241,-0.089989213256972,-0.0161555215817645,0.4814814814814814,-0.6383963931522058,-0.0466484378145786,0.0730712740782305,-0.1575014411686676,source: cesare/outputs/p4_combined_by_episode.csv
Cesare,P4-C combined ladder,add3 +regime_gate,daily_net,STRESS,semis_2026,2026-04-01,2026-06-30,65.0,-0.0014977825797634,-0.0160386388051391,-0.0067754515899672,0.5230769230769231,,,,-0.0056052444008868,source: cesare/outputs/p4_combined_by_episode.csv
Cesare,P4-C combined ladder,add3 +regime_gate,daily_net,STRESS,taper_2013,2013-05-01,2013-09-30,109.0,-0.0880133185573608,-0.1161453120691373,-0.0289258336006414,0.4220183486238532,,,,-0.3563481837418017,source: cesare/outputs/p4_combined_by_episode.csv
Cesare,P4-C combined ladder,add4 +skew_excl,daily_net,ERAS,GFC 2008-09,2008-09-01,2009-06-30,217.0,-0.0220100992241247,-0.0533859118601373,-0.0153689025752355,0.4930875576036866,-0.4170960321443288,-0.0241708432534922,0.0579503073410401,-0.0776645534661681,source: cesare/outputs/p4_combined_by_episode.csv
Cesare,P4-C combined ladder,add4 +skew_excl,daily_net,ERAS,calm 2017-19,2017-01-01,2019-12-31,782.0,0.1526034912235492,-0.0573615777710247,-0.016221237945753,0.5473145780051151,0.9248930682129124,0.0470639413960112,0.0508858191433402,0.5449621772769768,source: cesare/outputs/p4_combined_by_episode.csv
Cesare,P4-C combined ladder,add4 +skew_excl,daily_net,ERAS,covid 2020,2020-01-01,2020-12-31,262.0,-0.0684464673859355,-0.1257368473320333,-0.0252640582348371,0.4694656488549618,-0.944780028501966,-0.0657627625632328,0.0696064275062055,-0.2551247862391304,source: cesare/outputs/p4_combined_by_episode.csv
Cesare,P4-C combined ladder,add4 +skew_excl,daily_net,ERAS,euro crisis 2011-12,2011-07-01,2012-12-31,392.0,0.0094291576641321,-0.082441251824422,-0.0188696692964624,0.4974489795918367,0.1137029902868534,0.0095560359112341,0.084043839894851,0.0554670608896291,source: cesare/outputs/p4_combined_by_episode.csv
Cesare,P4-C combined ladder,add4 +skew_excl,daily_net,ERAS,pre-crisis 2007-08,2007-05-01,2008-08-31,349.0,0.0776411746805147,-0.0665153961942192,-0.0193236009010384,0.5300859598853869,0.8632645107871968,0.0561039284055087,0.0649904261144112,0.2899279016838295,source: cesare/outputs/p4_combined_by_episode.csv
Cesare,P4-C combined ladder,add4 +skew_excl,daily_net,ERAS,recent 2024-26,2024-01-01,2026-06-30,652.0,-0.0795050546632482,-0.1441343697006258,-0.0350437976363334,0.4800613496932515,-0.4901350203384308,-0.0301239905616273,0.0614605961859798,-0.2908247827537483,source: cesare/outputs/p4_combined_by_episode.csv
Cesare,P4-C combined ladder,add4 +skew_excl,daily_net,ERAS,recovery 2009-11,2009-07-01,2011-06-30,522.0,-0.0401366527562052,-0.1364939799095056,-0.0271502225706725,0.5038314176245211,-0.1720241645165959,-0.0156470227688953,0.0909582837554534,-0.1209409933291885,source: cesare/outputs/p4_combined_by_episode.csv
Cesare,P4-C combined ladder,add4 +skew_excl,daily_net,ERAS,taper + EM 2013-16,2013-01-01,2016-12-31,1044.0,0.3312744165079744,-0.0954864513333831,-0.0395329598790524,0.5268199233716475,1.005535970127463,0.0716136650621402,0.0712193966100113,1.1070512156186385,source: cesare/outputs/p4_combined_by_episode.csv
Cesare,P4-C combined ladder,add4 +skew_excl,daily_net,ERAS,tightening 2021-23,2021-01-01,2023-12-31,781.0,-0.0700848332228984,-0.1498544913396957,-0.019841345029418,0.4635083226632522,-0.388615242980303,-0.0218648335105551,0.0562634479874568,-0.2528532396808383,source: cesare/outputs/p4_combined_by_episode.csv
Cesare,P4-C combined ladder,add4 +skew_excl,daily_net,STRESS,china_em_2015,2015-06-01,2016-02-29,196.0,0.0103838559638467,-0.0327068901975511,-0.0181466091061739,0.5153061224489796,0.2730936758422535,0.0147318873879502,0.0539444472396343,0.0427548882380177,source: cesare/outputs/p4_combined_by_episode.csv
Cesare,P4-C combined ladder,add4 +skew_excl,daily_net,STRESS,covid_2020,2020-02-01,2020-04-30,64.0,-0.052569293231708,-0.1036759852606794,-0.0252640582348371,0.5,,,,-0.1942480521842594,source: cesare/outputs/p4_combined_by_episode.csv
Cesare,P4-C combined ladder,add4 +skew_excl,daily_net,STRESS,euro_2011,2011-07-01,2012-12-31,392.0,0.0094291576641321,-0.082441251824422,-0.0188696692964624,0.4974489795918367,0.1137029902868534,0.0095560359112341,0.084043839894851,0.0554670608896291,source: cesare/outputs/p4_combined_by_episode.csv
Cesare,P4-C combined ladder,add4 +skew_excl,daily_net,STRESS,gfc_2008,2008-09-01,2009-06-30,217.0,-0.0220100992241247,-0.0533859118601373,-0.0153689025752355,0.4930875576036866,-0.4170960321443288,-0.0241708432534922,0.0579503073410401,-0.0776645534661681,source: cesare/outputs/p4_combined_by_episode.csv
Cesare,P4-C combined ladder,add4 +skew_excl,daily_net,STRESS,oil_2026,2026-02-01,2026-05-31,85.0,-0.0158702706967838,-0.0279332055750822,-0.0101469482953296,0.4235294117647059,,,,-0.0585421349807571,source: cesare/outputs/p4_combined_by_episode.csv
Cesare,P4-C combined ladder,add4 +skew_excl,daily_net,STRESS,rates_2022,2022-01-01,2022-10-31,216.0,-0.0495974078391237,-0.0681432843203749,-0.0116127182053447,0.4768518518518518,-0.921645379929378,-0.0574152050507691,0.0622964171481753,-0.1836335309834031,source: cesare/outputs/p4_combined_by_episode.csv
Cesare,P4-C combined ladder,add4 +skew_excl,daily_net,STRESS,semis_2026,2026-04-01,2026-06-30,65.0,-0.0123688948743461,-0.0219936090820933,-0.0080070074522115,0.4769230769230769,,,,-0.0461010216556802,source: cesare/outputs/p4_combined_by_episode.csv
Cesare,P4-C combined ladder,add4 +skew_excl,daily_net,STRESS,taper_2013,2013-05-01,2013-09-30,109.0,-0.0698074123444747,-0.0860748838522011,-0.0215488829123552,0.4220183486238532,,,,-0.2654704854135503,source: cesare/outputs/p4_combined_by_episode.csv
Cesare,P4-C combined ladder,final0 baseline,daily_net,ERAS,GFC 2008-09,2008-09-01,2009-06-30,217.0,-0.0591311403556239,-0.1781896476585691,-0.0402511930187669,0.5161290322580645,-0.4301207436021675,-0.0607782268406118,0.1413050352596515,-0.0505767912858717,source: cesare/outputs/p4_combined_by_episode.csv
Cesare,P4-C combined ladder,final0 baseline,daily_net,ERAS,calm 2017-19,2017-01-01,2019-12-31,782.0,0.059190074061187,-0.1620708607600838,-0.0363732860181878,0.5230179028132992,0.2304649291305438,0.0239238189499788,0.103806765915466,0.0717432049492368,source: cesare/outputs/p4_combined_by_episode.csv
Cesare,P4-C combined ladder,final0 baseline,daily_net,ERAS,covid 2020,2020-01-01,2020-12-31,262.0,-0.1630717778480565,-0.2688794368677005,-0.0381055203606018,0.4923664122137404,-1.2557181146223484,-0.1627720238647802,0.1296246521965108,-0.1635402165070729,source: cesare/outputs/p4_combined_by_episode.csv
Cesare,P4-C combined ladder,final0 baseline,daily_net,ERAS,euro crisis 2011-12,2011-07-01,2012-12-31,392.0,-0.0509508740301408,-0.1896354671913932,-0.0490595446782844,0.5153061224489796,-0.2239847256138321,-0.0265682134044402,0.1186161839010663,-0.0399385167303258,source: cesare/outputs/p4_combined_by_episode.csv
Cesare,P4-C combined ladder,final0 baseline,daily_net,ERAS,pre-crisis 2007-08,2007-05-01,2008-08-31,349.0,0.2391575666316192,-0.0841491173492076,-0.0268770482285155,0.5501432664756447,1.438267029443672,0.1611410531241289,0.1120383418553779,0.2156627497187367,source: cesare/outputs/p4_combined_by_episode.csv
Cesare,P4-C combined ladder,final0 baseline,daily_net,ERAS,recent 2024-26,2024-01-01,2026-06-30,652.0,0.7092875638921083,-0.1107326824417597,-0.0417769719687692,0.593558282208589,1.9928702450344835,0.2129945560071985,0.106878285998752,0.5325490480142958,source: cesare/outputs/p4_combined_by_episode.csv
Cesare,P4-C combined ladder,final0 baseline,daily_net,ERAS,recovery 2009-11,2009-07-01,2011-06-30,522.0,0.0636320508769976,-0.0925280821694796,-0.0295753008816775,0.5076628352490421,0.3452154865520408,0.034883561540273,0.1010486577200943,0.0698288413108704,source: cesare/outputs/p4_combined_by_episode.csv
Cesare,P4-C combined ladder,final0 baseline,daily_net,ERAS,taper + EM 2013-16,2013-01-01,2016-12-31,1044.0,0.1170833055617144,-0.2297165080349731,-0.0458918102706338,0.5268199233716475,0.2931403616242702,0.0331291409282507,0.1130146007348987,0.132633792107122,source: cesare/outputs/p4_combined_by_episode.csv
Cesare,P4-C combined ladder,final0 baseline,daily_net,ERAS,tightening 2021-23,2021-01-01,2023-12-31,781.0,0.247232857081886,-0.1817288196868836,-0.0352670909604092,0.5710627400768246,0.7043870358517035,0.0773419379246184,0.1098003426924248,0.2316378884230088,source: cesare/outputs/p4_combined_by_episode.csv
Cesare,P4-C combined ladder,final0 baseline,daily_net,STRESS,china_em_2015,2015-06-01,2016-02-29,196.0,-0.0518847845100851,-0.0986856115787623,-0.0291017757743077,0.5255102040816326,-0.552481598730055,-0.062171790056444,0.1125318747255172,-0.0467296961132625,source: cesare/outputs/p4_combined_by_episode.csv
Cesare,P4-C combined ladder,final0 baseline,daily_net,STRESS,covid_2020,2020-02-01,2020-04-30,64.0,-0.1961865010455717,-0.2403792299900937,-0.0381055203606018,0.4375,,,,-0.2061994556891173,source: cesare/outputs/p4_combined_by_episode.csv
Cesare,P4-C combined ladder,final0 baseline,daily_net,STRESS,euro_2011,2011-07-01,2012-12-31,392.0,-0.0509508740301408,-0.1896354671913932,-0.0490595446782844,0.5153061224489796,-0.2239847256138321,-0.0265682134044402,0.1186161839010663,-0.0399385167303258,source: cesare/outputs/p4_combined_by_episode.csv
Cesare,P4-C combined ladder,final0 baseline,daily_net,STRESS,gfc_2008,2008-09-01,2009-06-30,217.0,-0.0591311403556239,-0.1781896476585691,-0.0402511930187669,0.5161290322580645,-0.4301207436021675,-0.0607782268406118,0.1413050352596515,-0.0505767912858717,source: cesare/outputs/p4_combined_by_episode.csv
Cesare,P4-C combined ladder,final0 baseline,daily_net,STRESS,oil_2026,2026-02-01,2026-05-31,85.0,0.1007486528886911,-0.0178260554233389,-0.017701988613771,0.6352941176470588,,,,0.0941941740965334,source: cesare/outputs/p4_combined_by_episode.csv
Cesare,P4-C combined ladder,final0 baseline,daily_net,STRESS,rates_2022,2022-01-01,2022-10-31,216.0,0.2554309382923316,-0.0655638908629178,-0.0218801823967604,0.6157407407407407,2.7506140838037716,0.2703339559115026,0.0982813101638972,0.2239225671577645,source: cesare/outputs/p4_combined_by_episode.csv
Cesare,P4-C combined ladder,final0 baseline,daily_net,STRESS,semis_2026,2026-04-01,2026-06-30,65.0,0.1168042666554125,-0.0178260554233387,-0.017701988613771,0.6461538461538462,,,,0.1077326762656418,source: cesare/outputs/p4_combined_by_episode.csv
Cesare,P4-C combined ladder,final0 baseline,daily_net,STRESS,taper_2013,2013-05-01,2013-09-30,109.0,-0.1285559057814608,-0.1905674581609462,-0.0403177730931683,0.4862385321100917,,,,-0.1276622718017687,source: cesare/outputs/p4_combined_by_episode.csv
Cesare,P4-C combined ladder,final1 +duration,daily_net,ERAS,GFC 2008-09,2008-09-01,2009-06-30,217.0,-0.0675301535180465,-0.1781896476585691,-0.0402511930187669,0.5023041474654378,-0.5002426110910042,-0.0710787398386109,0.1420885351681491,-0.0546903968970997,source: cesare/outputs/p4_combined_by_episode.csv
Cesare,P4-C combined ladder,final1 +duration,daily_net,ERAS,calm 2017-19,2017-01-01,2019-12-31,782.0,0.1075720515650184,-0.1644166647013182,-0.036816854307167,0.5294117647058824,0.3749082219259959,0.0380901229134775,0.1015985264814924,0.1056162513305081,source: cesare/outputs/p4_combined_by_episode.csv
Cesare,P4-C combined ladder,final1 +duration,daily_net,ERAS,covid 2020,2020-01-01,2020-12-31,262.0,-0.130310098122497,-0.2459515448443774,-0.033184017820261,0.4618320610687023,-1.1040603047672324,-0.1275832167990234,0.1155581957327246,-0.1185240439928519,source: cesare/outputs/p4_combined_by_episode.csv
Cesare,P4-C combined ladder,final1 +duration,daily_net,ERAS,euro crisis 2011-12,2011-07-01,2012-12-31,392.0,0.0138417767719907,-0.1458500340156463,-0.0416374467591028,0.4948979591836734,0.1351704483411937,0.0149472781852077,0.1105809618051881,0.0207758980764166,source: cesare/outputs/p4_combined_by_episode.csv
Cesare,P4-C combined ladder,final1 +duration,daily_net,ERAS,pre-crisis 2007-08,2007-05-01,2008-08-31,349.0,0.2391575666316192,-0.0841491173492076,-0.0268770482285155,0.5501432664756447,1.438267029443672,0.1611410531241289,0.1120383418553779,0.1994083070009014,source: cesare/outputs/p4_combined_by_episode.csv
Cesare,P4-C combined ladder,final1 +duration,daily_net,ERAS,recent 2024-26,2024-01-01,2026-06-30,652.0,0.6987443121666488,-0.110451799531656,-0.0392992141809823,0.588957055214724,1.9868461711356196,0.2105032008783364,0.1059484140928833,0.4866513376992792,source: cesare/outputs/p4_combined_by_episode.csv
Cesare,P4-C combined ladder,final1 +duration,daily_net,ERAS,recovery 2009-11,2009-07-01,2011-06-30,522.0,0.0880325998819335,-0.0972465224625571,-0.028724860894929,0.5153256704980843,0.4738889076229549,0.0452945654180837,0.0955805563065044,0.0838355507762126,source: cesare/outputs/p4_combined_by_episode.csv
Cesare,P4-C combined ladder,final1 +duration,daily_net,ERAS,taper + EM 2013-16,2013-01-01,2016-12-31,1044.0,0.1420010497397941,-0.2412221315590496,-0.0421161980853926,0.5268199233716475,0.3445723309283935,0.0382202405862496,0.1109208057514991,0.1414834159803339,source: cesare/outputs/p4_combined_by_episode.csv
Cesare,P4-C combined ladder,final1 +duration,daily_net,ERAS,tightening 2021-23,2021-01-01,2023-12-31,781.0,0.1407305152870399,-0.181129145502795,-0.0383421975458564,0.5518565941101152,0.4321483815007403,0.048909822814465,0.113178308442609,0.1354436800262993,source: cesare/outputs/p4_combined_by_episode.csv
Cesare,P4-C combined ladder,final1 +duration,daily_net,STRESS,china_em_2015,2015-06-01,2016-02-29,196.0,-0.0333898748270318,-0.0850594057264602,-0.0291751405947169,0.5153061224489796,-0.3398475243325971,-0.0375579433744551,0.1105141002519073,-0.026101742198112,source: cesare/outputs/p4_combined_by_episode.csv
Cesare,P4-C combined ladder,final1 +duration,daily_net,STRESS,covid_2020,2020-02-01,2020-04-30,64.0,-0.1696579539115337,-0.2127832390364341,-0.033184017820261,0.40625,,,,-0.1631097528341349,source: cesare/outputs/p4_combined_by_episode.csv
Cesare,P4-C combined ladder,final1 +duration,daily_net,STRESS,euro_2011,2011-07-01,2012-12-31,392.0,0.0138417767719907,-0.1458500340156463,-0.0416374467591028,0.4948979591836734,0.1351704483411937,0.0149472781852077,0.1105809618051881,0.0207758980764166,source: cesare/outputs/p4_combined_by_episode.csv
Cesare,P4-C combined ladder,final1 +duration,daily_net,STRESS,gfc_2008,2008-09-01,2009-06-30,217.0,-0.0675301535180465,-0.1781896476585691,-0.0402511930187669,0.5023041474654378,-0.5002426110910042,-0.0710787398386109,0.1420885351681491,-0.0546903968970997,source: cesare/outputs/p4_combined_by_episode.csv
Cesare,P4-C combined ladder,final1 +duration,daily_net,STRESS,oil_2026,2026-02-01,2026-05-31,85.0,0.1006148379817646,-0.0197843747518704,-0.0178721767154942,0.611764705882353,,,,0.0869063631209605,source: cesare/outputs/p4_combined_by_episode.csv
Cesare,P4-C combined ladder,final1 +duration,daily_net,STRESS,rates_2022,2022-01-01,2022-10-31,216.0,0.1468204481001294,-0.0723414540584588,-0.0201729725148018,0.5231481481481481,1.6111586907190758,0.1650921138552396,0.1024679411197896,0.1264421003006465,source: cesare/outputs/p4_combined_by_episode.csv
Cesare,P4-C combined ladder,final1 +duration,daily_net,STRESS,semis_2026,2026-04-01,2026-06-30,65.0,0.1184887773084282,-0.0197843747518704,-0.0178721767154942,0.6307692307692307,,,,0.1009875495475825,source: cesare/outputs/p4_combined_by_episode.csv
Cesare,P4-C combined ladder,final1 +duration,daily_net,STRESS,taper_2013,2013-05-01,2013-09-30,109.0,-0.1564616714379265,-0.2092227134317608,-0.0409062005481435,0.4587155963302752,,,,-0.1473156440702272,source: cesare/outputs/p4_combined_by_episode.csv
Cesare,P4-C combined ladder,final2 +vix_gate,daily_net,ERAS,GFC 2008-09,2008-09-01,2009-06-30,217.0,-0.1017443183110337,-0.1781896476585691,-0.0402511930187669,0.4976958525345622,-0.8825573938231157,-0.1159312778820759,0.1313583441637464,-0.0942861267730964,source: cesare/outputs/p4_combined_by_episode.csv
Cesare,P4-C combined ladder,final2 +vix_gate,daily_net,ERAS,calm 2017-19,2017-01-01,2019-12-31,782.0,0.08732610041118,-0.1554531809360341,-0.036816854307167,0.5242966751918159,0.3305379652652706,0.0315373690687624,0.095412244228745,0.0924314257812326,source: cesare/outputs/p4_combined_by_episode.csv
Cesare,P4-C combined ladder,final2 +vix_gate,daily_net,ERAS,covid 2020,2020-01-01,2020-12-31,262.0,-0.069503970402738,-0.1674872832221471,-0.033184017820261,0.4961832061068702,-0.8103502911689554,-0.0659599262860396,0.0813968070411752,-0.0647692534966803,source: cesare/outputs/p4_combined_by_episode.csv
Cesare,P4-C combined ladder,final2 +vix_gate,daily_net,ERAS,euro crisis 2011-12,2011-07-01,2012-12-31,392.0,0.0314943141225201,-0.1458500340156463,-0.0416374467591028,0.4923469387755102,0.237661068211398,0.0258430032307842,0.10873890042351,0.0379678921764523,source: cesare/outputs/p4_combined_by_episode.csv
Cesare,P4-C combined ladder,final2 +vix_gate,daily_net,ERAS,pre-crisis 2007-08,2007-05-01,2008-08-31,349.0,0.2391575666316192,-0.0841491173492076,-0.0268770482285155,0.5501432664756447,1.438267029443672,0.1611410531241289,0.1120383418553779,0.2107749831306755,source: cesare/outputs/p4_combined_by_episode.csv
Cesare,P4-C combined ladder,final2 +vix_gate,daily_net,ERAS,recent 2024-26,2024-01-01,2026-06-30,652.0,0.649400557452525,-0.110451799531656,-0.0392992141809823,0.588957055214724,1.915358165963727,0.1988797461214074,0.1038342330199843,0.4859880508791687,source: cesare/outputs/p4_combined_by_episode.csv
Cesare,P4-C combined ladder,final2 +vix_gate,daily_net,ERAS,recovery 2009-11,2009-07-01,2011-06-30,522.0,0.0880325998819335,-0.0972465224625571,-0.028724860894929,0.5153256704980843,0.4738889076229549,0.0452945654180837,0.0955805563065044,0.0886143464450918,source: cesare/outputs/p4_combined_by_episode.csv
Cesare,P4-C combined ladder,final2 +vix_gate,daily_net,ERAS,taper + EM 2013-16,2013-01-01,2016-12-31,1044.0,0.1332246318177012,-0.2412221315590496,-0.0421161980853926,0.5306513409961686,0.3361594019287982,0.0359105442864668,0.1068259405520749,0.1405108706998349,source: cesare/outputs/p4_combined_by_episode.csv
Cesare,P4-C combined ladder,final2 +vix_gate,daily_net,ERAS,tightening 2021-23,2021-01-01,2023-12-31,781.0,0.095573501164913,-0.1811291455027944,-0.0383421975458564,0.5544174135723432,0.3305214688288273,0.0351090140951097,0.1062230971546731,0.1027678111573205,source: cesare/outputs/p4_combined_by_episode.csv
Cesare,P4-C combined ladder,final2 +vix_gate,daily_net,STRESS,china_em_2015,2015-06-01,2016-02-29,196.0,-0.0353154280252895,-0.0833741561393466,-0.025933475553489,0.5459183673469388,-0.4479553773229921,-0.0418615258369091,0.0934502139187971,-0.0307509519138288,source: cesare/outputs/p4_combined_by_episode.csv
Cesare,P4-C combined ladder,final2 +vix_gate,daily_net,STRESS,covid_2020,2020-02-01,2020-04-30,64.0,-0.1057487466685701,-0.1500570698703491,-0.033184017820261,0.484375,,,,-0.1038008294566964,source: cesare/outputs/p4_combined_by_episode.csv
Cesare,P4-C combined ladder,final2 +vix_gate,daily_net,STRESS,euro_2011,2011-07-01,2012-12-31,392.0,0.0314943141225201,-0.1458500340156463,-0.0416374467591028,0.4923469387755102,0.237661068211398,0.0258430032307842,0.10873890042351,0.0379678921764523,source: cesare/outputs/p4_combined_by_episode.csv
Cesare,P4-C combined ladder,final2 +vix_gate,daily_net,STRESS,gfc_2008,2008-09-01,2009-06-30,217.0,-0.1017443183110337,-0.1781896476585691,-0.0402511930187669,0.4976958525345622,-0.8825573938231157,-0.1159312778820759,0.1313583441637464,-0.0942861267730964,source: cesare/outputs/p4_combined_by_episode.csv
Cesare,P4-C combined ladder,final2 +vix_gate,daily_net,STRESS,oil_2026,2026-02-01,2026-05-31,85.0,0.0874063283449528,-0.0127016329999964,-0.011333000714707,0.611764705882353,,,,0.0801006792604399,source: cesare/outputs/p4_combined_by_episode.csv
Cesare,P4-C combined ladder,final2 +vix_gate,daily_net,STRESS,rates_2022,2022-01-01,2022-10-31,216.0,0.0821962964636882,-0.0739419588156969,-0.0161555215817645,0.5324074074074074,1.0787042795729251,0.0961151734515486,0.0891024308252508,0.0778095930288467,source: cesare/outputs/p4_combined_by_episode.csv
Cesare,P4-C combined ladder,final2 +vix_gate,daily_net,STRESS,semis_2026,2026-04-01,2026-06-30,65.0,0.0938192827869259,-0.0110618778799242,-0.0090211824086087,0.6307692307692307,,,,0.0851910620129833,source: cesare/outputs/p4_combined_by_episode.csv
Cesare,P4-C combined ladder,final2 +vix_gate,daily_net,STRESS,taper_2013,2013-05-01,2013-09-30,109.0,-0.1564616714379265,-0.2092227134317608,-0.0409062005481435,0.4587155963302752,,,,-0.1557129332312438,source: cesare/outputs/p4_combined_by_episode.csv
Cesare,P4-C combined ladder,final3 +skew_excl,daily_net,ERAS,GFC 2008-09,2008-09-01,2009-06-30,217.0,-0.0220100992241247,-0.0533859118601373,-0.0153689025752355,0.4930875576036866,-0.4170960321443288,-0.0241708432534922,0.0579503073410401,-0.0236733730569926,source: cesare/outputs/p4_combined_by_episode.csv
Cesare,P4-C combined ladder,final3 +skew_excl,daily_net,ERAS,calm 2017-19,2017-01-01,2019-12-31,782.0,0.1452223132470866,-0.0955079779415829,-0.016221237945753,0.5332480818414322,0.644618036412521,0.0462741969690992,0.071785451779519,0.1633255953912094,source: cesare/outputs/p4_combined_by_episode.csv
Cesare,P4-C combined ladder,final3 +skew_excl,daily_net,ERAS,covid 2020,2020-01-01,2020-12-31,262.0,-0.029591389976901,-0.1166360459500391,-0.0252640582348371,0.4847328244274809,-0.3914515660298717,-0.0265863653583789,0.067917381524411,-0.0314390103100193,source: cesare/outputs/p4_combined_by_episode.csv
Cesare,P4-C combined ladder,final3 +skew_excl,daily_net,ERAS,euro crisis 2011-12,2011-07-01,2012-12-31,392.0,0.0491822792676672,-0.082441251824422,-0.0188696692964624,0.4897959183673469,0.3782429830391428,0.0351776133890732,0.0930026860152826,0.0622387762298864,source: cesare/outputs/p4_combined_by_episode.csv
Cesare,P4-C combined ladder,final3 +skew_excl,daily_net,ERAS,pre-crisis 2007-08,2007-05-01,2008-08-31,349.0,0.0776411746805147,-0.0665153961942192,-0.0193236009010384,0.5300859598853869,0.8632645107871968,0.0561039284055087,0.0649904261144112,0.0883745681893639,source: cesare/outputs/p4_combined_by_episode.csv
Cesare,P4-C combined ladder,final3 +skew_excl,daily_net,ERAS,recent 2024-26,2024-01-01,2026-06-30,652.0,0.1830784234199411,-0.1430848879481878,-0.0350437976363334,0.5322085889570553,0.7698178638412884,0.0690042010831384,0.0896370483516928,0.2030634375941668,source: cesare/outputs/p4_combined_by_episode.csv
Cesare,P4-C combined ladder,final3 +skew_excl,daily_net,ERAS,recovery 2009-11,2009-07-01,2011-06-30,522.0,-0.0401366527562052,-0.1364939799095056,-0.0271502225706725,0.5038314176245211,-0.1720241645165959,-0.0156470227688953,0.0909582837554534,-0.0368647101565109,source: cesare/outputs/p4_combined_by_episode.csv
Cesare,P4-C combined ladder,final3 +skew_excl,daily_net,ERAS,taper + EM 2013-16,2013-01-01,2016-12-31,1044.0,0.3874135308023261,-0.1906649354055879,-0.0395329598790524,0.5239463601532567,0.8889679386507993,0.0834636558485659,0.0938882632541732,0.3932842083641175,source: cesare/outputs/p4_combined_by_episode.csv
Cesare,P4-C combined ladder,final3 +skew_excl,daily_net,ERAS,tightening 2021-23,2021-01-01,2023-12-31,781.0,0.1614463101127854,-0.0741016492674285,-0.019841345029418,0.5096030729833547,0.6390429848325484,0.0515433448954739,0.0806570858593809,0.1816905077547786,source: cesare/outputs/p4_combined_by_episode.csv
Cesare,P4-C combined ladder,final3 +skew_excl,daily_net,STRESS,china_em_2015,2015-06-01,2016-02-29,196.0,-0.0012087151267963,-0.0507288626546295,-0.0284836687127352,0.5255102040816326,0.0224743550274655,0.0018572348867638,0.0826379615563654,0.0016429771008788,source: cesare/outputs/p4_combined_by_episode.csv
Cesare,P4-C combined ladder,final3 +skew_excl,daily_net,STRESS,covid_2020,2020-02-01,2020-04-30,64.0,-0.0282625390023179,-0.0813528491775602,-0.0252640582348371,0.515625,,,,-0.031105639763796,source: cesare/outputs/p4_combined_by_episode.csv
Cesare,P4-C combined ladder,final3 +skew_excl,daily_net,STRESS,euro_2011,2011-07-01,2012-12-31,392.0,0.0491822792676672,-0.082441251824422,-0.0188696692964624,0.4897959183673469,0.3782429830391428,0.0351776133890732,0.0930026860152826,0.0622387762298864,source: cesare/outputs/p4_combined_by_episode.csv
Cesare,P4-C combined ladder,final3 +skew_excl,daily_net,STRESS,gfc_2008,2008-09-01,2009-06-30,217.0,-0.0220100992241247,-0.0533859118601373,-0.0153689025752355,0.4930875576036866,-0.4170960321443288,-0.0241708432534922,0.0579503073410401,-0.0236733730569926,source: cesare/outputs/p4_combined_by_episode.csv
Cesare,P4-C combined ladder,final3 +skew_excl,daily_net,STRESS,oil_2026,2026-02-01,2026-05-31,85.0,0.0274202468670718,-0.0331924355822769,-0.015015244633478,0.5411764705882353,,,,0.0324344076606619,source: cesare/outputs/p4_combined_by_episode.csv
Cesare,P4-C combined ladder,final3 +skew_excl,daily_net,STRESS,rates_2022,2022-01-01,2022-10-31,216.0,0.0497442260496094,-0.0452115385541663,-0.0130952129925611,0.5,0.749142827826152,0.0598099970361298,0.0798379091603738,0.0583090731527739,source: cesare/outputs/p4_combined_by_episode.csv
Cesare,P4-C combined ladder,final3 +skew_excl,daily_net,STRESS,semis_2026,2026-04-01,2026-06-30,65.0,0.0578237649589095,-0.0246684213660175,-0.0106714563068016,0.5384615384615384,,,,0.0647524307079111,source: cesare/outputs/p4_combined_by_episode.csv
Cesare,P4-C combined ladder,final3 +skew_excl,daily_net,STRESS,taper_2013,2013-05-01,2013-09-30,109.0,-0.1235193912941047,-0.1715368376450677,-0.0391769295290501,0.4311926605504587,,,,-0.1449614911444798,source: cesare/outputs/p4_combined_by_episode.csv
Cesare,P4-C combined ladder,final_loo -duration,daily_net,ERAS,GFC 2008-09,2008-09-01,2009-06-30,217.0,-0.0131265236378496,-0.0394233022118309,-0.0153689025752355,0.5069124423963134,-0.2550590853835676,-0.0138703302554931,0.0543808515373384,-0.0150264805550036,source: cesare/outputs/p4_combined_by_episode.csv
Cesare,P4-C combined ladder,final_loo -duration,daily_net,ERAS,calm 2017-19,2017-01-01,2019-12-31,782.0,0.0954141242304424,-0.0833242788592847,-0.0199530327420243,0.5319693094629157,0.4336660622335951,0.0321078930056005,0.0740382884476341,0.1253514315698079,source: cesare/outputs/p4_combined_by_episode.csv
Cesare,P4-C combined ladder,final_loo -duration,daily_net,ERAS,covid 2020,2020-01-01,2020-12-31,262.0,-0.0643410208704614,-0.1326728928702528,-0.0301855607751779,0.4541984732824427,-0.935442975543466,-0.0617751724241356,0.0660384160651225,-0.0808027228368192,source: cesare/outputs/p4_combined_by_episode.csv
Cesare,P4-C combined ladder,final_loo -duration,daily_net,ERAS,euro crisis 2011-12,2011-07-01,2012-12-31,392.0,-0.0152311325693654,-0.106699635165676,-0.0195924728789337,0.4923469387755102,-0.0753744541357272,-0.0063378782005746,0.0840852285200229,-0.0124033984075333,source: cesare/outputs/p4_combined_by_episode.csv
Cesare,P4-C combined ladder,final_loo -duration,daily_net,ERAS,pre-crisis 2007-08,2007-05-01,2008-08-31,349.0,0.0776411746805147,-0.0665153961942192,-0.0193236009010384,0.5300859598853869,0.8632645107871968,0.0561039284055087,0.0649904261144112,0.0977528519082923,source: cesare/outputs/p4_combined_by_episode.csv
Cesare,P4-C combined ladder,final_loo -duration,daily_net,ERAS,recent 2024-26,2024-01-01,2026-06-30,652.0,0.1896184409076746,-0.1362950316621324,-0.0298479740512586,0.5260736196319018,0.7638470533780609,0.0714955562120005,0.0935993087828464,0.2327219691142288,source: cesare/outputs/p4_combined_by_episode.csv
Cesare,P4-C combined ladder,final_loo -duration,daily_net,ERAS,recovery 2009-11,2009-07-01,2011-06-30,522.0,-0.0603038299086798,-0.1400916276720941,-0.0311902945750191,0.475095785440613,-0.292313381842679,-0.026058026646706,0.0891441455141122,-0.0679082853463363,source: cesare/outputs/p4_combined_by_episode.csv
Cesare,P4-C combined ladder,final_loo -duration,daily_net,ERAS,taper + EM 2013-16,2013-01-01,2016-12-31,1044.0,0.356928414425405,-0.1691628427498925,-0.0433085720642936,0.514367816091954,0.810001210614355,0.0783725561905669,0.096756097600304,0.4084841865631881,source: cesare/outputs/p4_combined_by_episode.csv
Cesare,P4-C combined ladder,final_loo -duration,daily_net,ERAS,tightening 2021-23,2021-01-01,2023-12-31,781.0,0.2689540574514628,-0.0869860490275191,-0.0203038360924395,0.5556978233034571,1.0137819096088572,0.0799754600056272,0.0788882295566743,0.3118304479901754,source: cesare/outputs/p4_combined_by_episode.csv
Cesare,P4-C combined ladder,final_loo -duration,daily_net,STRESS,china_em_2015,2015-06-01,2016-02-29,196.0,-0.0199436736457957,-0.0498172103400379,-0.0221164508691547,0.4795918367346938,-0.2866710968884564,-0.0227566117952251,0.079382302723318,-0.0222676512208896,source: cesare/outputs/p4_combined_by_episode.csv
Cesare,P4-C combined ladder,final_loo -duration,daily_net,STRESS,covid_2020,2020-02-01,2020-04-30,64.0,-0.0578668095780481,-0.1043448434431303,-0.0301855607751779,0.484375,,,,-0.0731945417509803,source: cesare/outputs/p4_combined_by_episode.csv
Cesare,P4-C combined ladder,final_loo -duration,daily_net,STRESS,euro_2011,2011-07-01,2012-12-31,392.0,-0.0152311325693654,-0.106699635165676,-0.0195924728789337,0.4923469387755102,-0.0753744541357272,-0.0063378782005746,0.0840852285200229,-0.0124033984075333,source: cesare/outputs/p4_combined_by_episode.csv
Cesare,P4-C combined ladder,final_loo -duration,daily_net,STRESS,gfc_2008,2008-09-01,2009-06-30,217.0,-0.0131265236378496,-0.0394233022118309,-0.0153689025752355,0.5069124423963134,-0.2550590853835676,-0.0138703302554931,0.0543808515373384,-0.0150264805550036,source: cesare/outputs/p4_combined_by_episode.csv
Cesare,P4-C combined ladder,final_loo -duration,daily_net,STRESS,oil_2026,2026-02-01,2026-05-31,85.0,0.0274277907161388,-0.0320534334226895,-0.0152860840977657,0.4941176470588235,,,,0.0361416332850528,source: cesare/outputs/p4_combined_by_episode.csv
Cesare,P4-C combined ladder,final_loo -duration,daily_net,STRESS,rates_2022,2022-01-01,2022-10-31,216.0,0.149135679540153,-0.0447942328426028,-0.0151824210821683,0.6111111111111112,2.191115357041102,0.1650518390923929,0.0753277724798935,0.1779855959161657,source: cesare/outputs/p4_combined_by_episode.csv
Cesare,P4-C combined ladder,final_loo -duration,daily_net,STRESS,semis_2026,2026-04-01,2026-06-30,65.0,0.0561855395637789,-0.0227961292084563,-0.0105012682050784,0.4769230769230769,,,,0.0696884404693168,source: cesare/outputs/p4_combined_by_episode.csv
Cesare,P4-C combined ladder,final_loo -duration,daily_net,STRESS,taper_2013,2013-05-01,2013-09-30,109.0,-0.0948972331028156,-0.152675369719286,-0.0385885020740749,0.5045871559633027,,,,-0.1191255566271022,source: cesare/outputs/p4_combined_by_episode.csv
Cesare,P4-C combined ladder,final_loo -skew_excl,daily_net,ERAS,GFC 2008-09,2008-09-01,2009-06-30,217.0,-0.1017443183110337,-0.1781896476585691,-0.0402511930187669,0.4976958525345622,-0.8825573938231157,-0.1159312778820759,0.1313583441637464,-0.0942861267730964,source: cesare/outputs/p4_combined_by_episode.csv
Cesare,P4-C combined ladder,final_loo -skew_excl,daily_net,ERAS,calm 2017-19,2017-01-01,2019-12-31,782.0,0.08732610041118,-0.1554531809360341,-0.036816854307167,0.5242966751918159,0.3305379652652706,0.0315373690687624,0.095412244228745,0.0924314257812326,source: cesare/outputs/p4_combined_by_episode.csv
Cesare,P4-C combined ladder,final_loo -skew_excl,daily_net,ERAS,covid 2020,2020-01-01,2020-12-31,262.0,-0.069503970402738,-0.1674872832221471,-0.033184017820261,0.4961832061068702,-0.8103502911689554,-0.0659599262860396,0.0813968070411752,-0.0647692534966803,source: cesare/outputs/p4_combined_by_episode.csv
Cesare,P4-C combined ladder,final_loo -skew_excl,daily_net,ERAS,euro crisis 2011-12,2011-07-01,2012-12-31,392.0,0.0314943141225201,-0.1458500340156463,-0.0416374467591028,0.4923469387755102,0.237661068211398,0.0258430032307842,0.10873890042351,0.0379678921764523,source: cesare/outputs/p4_combined_by_episode.csv
Cesare,P4-C combined ladder,final_loo -skew_excl,daily_net,ERAS,pre-crisis 2007-08,2007-05-01,2008-08-31,349.0,0.2391575666316192,-0.0841491173492076,-0.0268770482285155,0.5501432664756447,1.438267029443672,0.1611410531241289,0.1120383418553779,0.2107749831306755,source: cesare/outputs/p4_combined_by_episode.csv
Cesare,P4-C combined ladder,final_loo -skew_excl,daily_net,ERAS,recent 2024-26,2024-01-01,2026-06-30,652.0,0.649400557452525,-0.110451799531656,-0.0392992141809823,0.588957055214724,1.915358165963727,0.1988797461214074,0.1038342330199843,0.4859880508791687,source: cesare/outputs/p4_combined_by_episode.csv
Cesare,P4-C combined ladder,final_loo -skew_excl,daily_net,ERAS,recovery 2009-11,2009-07-01,2011-06-30,522.0,0.0880325998819335,-0.0972465224625571,-0.028724860894929,0.5153256704980843,0.4738889076229549,0.0452945654180837,0.0955805563065044,0.0886143464450918,source: cesare/outputs/p4_combined_by_episode.csv
Cesare,P4-C combined ladder,final_loo -skew_excl,daily_net,ERAS,taper + EM 2013-16,2013-01-01,2016-12-31,1044.0,0.1332246318177012,-0.2412221315590496,-0.0421161980853926,0.5306513409961686,0.3361594019287982,0.0359105442864668,0.1068259405520749,0.1405108706998349,source: cesare/outputs/p4_combined_by_episode.csv
Cesare,P4-C combined ladder,final_loo -skew_excl,daily_net,ERAS,tightening 2021-23,2021-01-01,2023-12-31,781.0,0.095573501164913,-0.1811291455027944,-0.0383421975458564,0.5544174135723432,0.3305214688288273,0.0351090140951097,0.1062230971546731,0.1027678111573205,source: cesare/outputs/p4_combined_by_episode.csv
Cesare,P4-C combined ladder,final_loo -skew_excl,daily_net,STRESS,china_em_2015,2015-06-01,2016-02-29,196.0,-0.0353154280252895,-0.0833741561393466,-0.025933475553489,0.5459183673469388,-0.4479553773229921,-0.0418615258369091,0.0934502139187971,-0.0307509519138288,source: cesare/outputs/p4_combined_by_episode.csv
Cesare,P4-C combined ladder,final_loo -skew_excl,daily_net,STRESS,covid_2020,2020-02-01,2020-04-30,64.0,-0.1057487466685701,-0.1500570698703491,-0.033184017820261,0.484375,,,,-0.1038008294566964,source: cesare/outputs/p4_combined_by_episode.csv
Cesare,P4-C combined ladder,final_loo -skew_excl,daily_net,STRESS,euro_2011,2011-07-01,2012-12-31,392.0,0.0314943141225201,-0.1458500340156463,-0.0416374467591028,0.4923469387755102,0.237661068211398,0.0258430032307842,0.10873890042351,0.0379678921764523,source: cesare/outputs/p4_combined_by_episode.csv
Cesare,P4-C combined ladder,final_loo -skew_excl,daily_net,STRESS,gfc_2008,2008-09-01,2009-06-30,217.0,-0.1017443183110337,-0.1781896476585691,-0.0402511930187669,0.4976958525345622,-0.8825573938231157,-0.1159312778820759,0.1313583441637464,-0.0942861267730964,source: cesare/outputs/p4_combined_by_episode.csv
Cesare,P4-C combined ladder,final_loo -skew_excl,daily_net,STRESS,oil_2026,2026-02-01,2026-05-31,85.0,0.0874063283449528,-0.0127016329999964,-0.011333000714707,0.611764705882353,,,,0.0801006792604399,source: cesare/outputs/p4_combined_by_episode.csv
Cesare,P4-C combined ladder,final_loo -skew_excl,daily_net,STRESS,rates_2022,2022-01-01,2022-10-31,216.0,0.0821962964636882,-0.0739419588156969,-0.0161555215817645,0.5324074074074074,1.0787042795729251,0.0961151734515486,0.0891024308252508,0.0778095930288467,source: cesare/outputs/p4_combined_by_episode.csv
Cesare,P4-C combined ladder,final_loo -skew_excl,daily_net,STRESS,semis_2026,2026-04-01,2026-06-30,65.0,0.0938192827869259,-0.0110618778799242,-0.0090211824086087,0.6307692307692307,,,,0.0851910620129833,source: cesare/outputs/p4_combined_by_episode.csv
Cesare,P4-C combined ladder,final_loo -skew_excl,daily_net,STRESS,taper_2013,2013-05-01,2013-09-30,109.0,-0.1564616714379265,-0.2092227134317608,-0.0409062005481435,0.4587155963302752,,,,-0.1557129332312438,source: cesare/outputs/p4_combined_by_episode.csv
Cesare,P4-C combined ladder,final_loo -vix_gate,daily_net,ERAS,GFC 2008-09,2008-09-01,2009-06-30,217.0,-0.0249157737446403,-0.0561983667070503,-0.0153689025752355,0.4976958525345622,-0.3873136934826707,-0.0268965230948706,0.069443770120857,-0.0269629147800749,source: cesare/outputs/p4_combined_by_episode.csv
Cesare,P4-C combined ladder,final_loo -vix_gate,daily_net,ERAS,calm 2017-19,2017-01-01,2019-12-31,782.0,0.180386767707241,-0.0955079779415829,-0.016221237945753,0.5358056265984654,0.7223545186943208,0.0565037620530399,0.0782216496065842,0.2041244746997698,source: cesare/outputs/p4_combined_by_episode.csv
Cesare,P4-C combined ladder,final_loo -vix_gate,daily_net,ERAS,covid 2020,2020-01-01,2020-12-31,262.0,-0.0789817405453247,-0.1651571069740517,-0.0252640582348371,0.4923664122137404,-0.8137525066652315,-0.0748937490217444,0.0920350455553864,-0.0906479161907117,source: cesare/outputs/p4_combined_by_episode.csv
Cesare,P4-C combined ladder,final_loo -vix_gate,daily_net,ERAS,euro crisis 2011-12,2011-07-01,2012-12-31,392.0,0.039850308158204,-0.082441251824422,-0.0188696692964624,0.4897959183673469,0.3153881047525477,0.0294759643133181,0.0934593406319012,0.0533783385406649,source: cesare/outputs/p4_combined_by_episode.csv
Cesare,P4-C combined ladder,final_loo -vix_gate,daily_net,ERAS,pre-crisis 2007-08,2007-05-01,2008-08-31,349.0,0.0776411746805147,-0.0665153961942192,-0.0193236009010384,0.5300859598853869,0.8632645107871968,0.0561039284055087,0.0649904261144112,0.0904543925272732,source: cesare/outputs/p4_combined_by_episode.csv
Cesare,P4-C combined ladder,final_loo -vix_gate,daily_net,ERAS,recent 2024-26,2024-01-01,2026-06-30,652.0,0.1721113425494731,-0.1430848879481878,-0.0350437976363334,0.5306748466257669,0.7070407684773148,0.0657041368788684,0.092928356904184,0.1979024966017643,source: cesare/outputs/p4_combined_by_episode.csv
Cesare,P4-C combined ladder,final_loo -vix_gate,daily_net,ERAS,recovery 2009-11,2009-07-01,2011-06-30,522.0,-0.0401366527562052,-0.1364939799095056,-0.0271502225706725,0.5038314176245211,-0.1720241645165959,-0.0156470227688953,0.0909582837554534,-0.0377322914410859,source: cesare/outputs/p4_combined_by_episode.csv
Cesare,P4-C combined ladder,final_loo -vix_gate,daily_net,ERAS,taper + EM 2013-16,2013-01-01,2016-12-31,1044.0,0.3853565121467868,-0.1906649354055879,-0.0395329598790524,0.5229885057471264,0.8503196404263297,0.0835230872978036,0.0982255181779961,0.4028264697415633,source: cesare/outputs/p4_combined_by_episode.csv
Cesare,P4-C combined ladder,final_loo -vix_gate,daily_net,ERAS,tightening 2021-23,2021-01-01,2023-12-31,781.0,0.1795864996823322,-0.1035177313183238,-0.0217844322178185,0.5134443021766966,0.6416068386505055,0.0572780229993323,0.0892727750842018,0.206656950300837,source: cesare/outputs/p4_combined_by_episode.csv
Cesare,P4-C combined ladder,final_loo -vix_gate,daily_net,STRESS,china_em_2015,2015-06-01,2016-02-29,196.0,0.0031673607723219,-0.062305764557617,-0.0284836687127352,0.5204081632653061,0.0905633859408513,0.0089956138480717,0.0993294779630583,0.0081451265895737,source: cesare/outputs/p4_combined_by_episode.csv
Cesare,P4-C combined ladder,final_loo -vix_gate,daily_net,STRESS,covid_2020,2020-02-01,2020-04-30,64.0,-0.0453235269924194,-0.1026736717359051,-0.0252640582348371,0.5,,,,-0.0516873173121656,source: cesare/outputs/p4_combined_by_episode.csv
Cesare,P4-C combined ladder,final_loo -vix_gate,daily_net,STRESS,euro_2011,2011-07-01,2012-12-31,392.0,0.039850308158204,-0.082441251824422,-0.0188696692964624,0.4897959183673469,0.3153881047525477,0.0294759643133181,0.0934593406319012,0.0533783385406649,source: cesare/outputs/p4_combined_by_episode.csv
Cesare,P4-C combined ladder,final_loo -vix_gate,daily_net,STRESS,gfc_2008,2008-09-01,2009-06-30,217.0,-0.0249157737446403,-0.0561983667070503,-0.0153689025752355,0.4976958525345622,-0.3873136934826707,-0.0268965230948706,0.069443770120857,-0.0269629147800749,source: cesare/outputs/p4_combined_by_episode.csv
Cesare,P4-C combined ladder,final_loo -vix_gate,daily_net,STRESS,oil_2026,2026-02-01,2026-05-31,85.0,0.0142819049905564,-0.0525274438196099,-0.02117272451188,0.5294117647058824,,,,0.0188729970363272,source: cesare/outputs/p4_combined_by_episode.csv
Cesare,P4-C combined ladder,final_loo -vix_gate,daily_net,STRESS,rates_2022,2022-01-01,2022-10-31,216.0,0.0924297122005641,-0.0514733727840376,-0.0182474079501405,0.5185185185185185,1.157072696992708,0.1074465573626891,0.0928606799226603,0.1072154120254091,source: cesare/outputs/p4_combined_by_episode.csv
Cesare,P4-C combined ladder,final_loo -vix_gate,daily_net,STRESS,semis_2026,2026-04-01,2026-06-30,65.0,0.0542541473816344,-0.047127288196236,-0.02117272451188,0.5230769230769231,,,,0.0631486206900774,source: cesare/outputs/p4_combined_by_episode.csv
Cesare,P4-C combined ladder,final_loo -vix_gate,daily_net,STRESS,taper_2013,2013-05-01,2013-09-30,109.0,-0.1235193912941047,-0.1715368376450677,-0.0391769295290501,0.4311926605504587,,,,-0.1483730431726141,source: cesare/outputs/p4_combined_by_episode.csv
Cesare,P4-C combined ladder,loo -duration,daily_net,ERAS,GFC 2008-09,2008-09-01,2009-06-30,217.0,-0.0131265236378496,-0.0394233022118309,-0.0153689025752355,0.5069124423963134,-0.2550590853835676,-0.0138703302554931,0.0543808515373384,-0.0650376177502681,source: cesare/outputs/p4_combined_by_episode.csv
Cesare,P4-C combined ladder,loo -duration,daily_net,ERAS,calm 2017-19,2017-01-01,2019-12-31,782.0,0.1030536319860708,-0.0609750963471381,-0.0199530327420243,0.2864450127877238,0.6476226073079558,0.0328976374325125,0.0507975432934032,0.5558908844086085,source: cesare/outputs/p4_combined_by_episode.csv
Cesare,P4-C combined ladder,loo -duration,daily_net,ERAS,covid 2020,2020-01-01,2020-12-31,262.0,-0.1023344860590892,-0.1452695667454701,-0.0301855607751779,0.2633587786259542,-1.3337521574127664,-0.1009515696289895,0.0756899016567043,-0.5715213473487564,source: cesare/outputs/p4_combined_by_episode.csv
Cesare,P4-C combined ladder,loo -duration,daily_net,ERAS,euro crisis 2011-12,2011-07-01,2012-12-31,392.0,-0.0523814487408155,-0.106699635165676,-0.0195924728789337,0.3852040816326531,-0.4408542616404564,-0.0319594556784138,0.0724943784358348,-0.2707095210479434,source: cesare/outputs/p4_combined_by_episode.csv
Cesare,P4-C combined ladder,loo -duration,daily_net,ERAS,pre-crisis 2007-08,2007-05-01,2008-08-31,349.0,0.0776411746805147,-0.0665153961942192,-0.0193236009010384,0.5300859598853869,0.8632645107871968,0.0561039284055087,0.0649904261144112,0.423093923632907,source: cesare/outputs/p4_combined_by_episode.csv
Cesare,P4-C combined ladder,loo -duration,daily_net,ERAS,recent 2024-26,2024-01-01,2026-06-30,652.0,-0.0734066340633337,-0.1380014064637639,-0.0298479740512586,0.2607361963190184,-0.4568558341881028,-0.0276326354327652,0.0604843658872658,-0.3893032169802391,source: cesare/outputs/p4_combined_by_episode.csv
Cesare,P4-C combined ladder,loo -duration,daily_net,ERAS,recovery 2009-11,2009-07-01,2011-06-30,522.0,-0.0603038299086798,-0.1400916276720941,-0.0311902945750191,0.475095785440613,-0.292313381842679,-0.026058026646706,0.0891441455141122,-0.2939206614792094,source: cesare/outputs/p4_combined_by_episode.csv
Cesare,P4-C combined ladder,loo -duration,daily_net,ERAS,taper + EM 2013-16,2013-01-01,2016-12-31,1044.0,0.3038429408531846,-0.0798503334137326,-0.0433085720642936,0.3017241379310345,0.946322553533977,0.0665225654041413,0.0702958681009106,1.5006782126651008,source: cesare/outputs/p4_combined_by_episode.csv
Cesare,P4-C combined ladder,loo -duration,daily_net,ERAS,tightening 2021-23,2021-01-01,2023-12-31,781.0,0.0170056114908518,-0.0611040301473216,-0.0203038360924395,0.2010243277848911,0.1382601092564309,0.0065672815995981,0.0474994677417605,0.1108293438998005,source: cesare/outputs/p4_combined_by_episode.csv
Cesare,P4-C combined ladder,loo -duration,daily_net,STRESS,china_em_2015,2015-06-01,2016-02-29,196.0,-0.0085557580724088,-0.0405314710572877,-0.0162443628705575,0.1989795918367347,-0.2042782868683523,-0.0098819592940386,0.0483749861305968,-0.041852096832039,source: cesare/outputs/p4_combined_by_episode.csv
Cesare,P4-C combined ladder,loo -duration,daily_net,STRESS,covid_2020,2020-02-01,2020-04-30,64.0,-0.0820713783334052,-0.1267166686586676,-0.0301855607751779,0.484375,,,,-0.4513497630324844,source: cesare/outputs/p4_combined_by_episode.csv
Cesare,P4-C combined ladder,loo -duration,daily_net,STRESS,euro_2011,2011-07-01,2012-12-31,392.0,-0.0523814487408155,-0.106699635165676,-0.0195924728789337,0.3852040816326531,-0.4408542616404564,-0.0319594556784138,0.0724943784358348,-0.2707095210479434,source: cesare/outputs/p4_combined_by_episode.csv
Cesare,P4-C combined ladder,loo -duration,daily_net,STRESS,gfc_2008,2008-09-01,2009-06-30,217.0,-0.0131265236378496,-0.0394233022118309,-0.0153689025752355,0.5069124423963134,-0.2550590853835676,-0.0138703302554931,0.0543808515373384,-0.0650376177502681,source: cesare/outputs/p4_combined_by_episode.csv
Cesare,P4-C combined ladder,loo -duration,daily_net,STRESS,oil_2026,2026-02-01,2026-05-31,85.0,-0.0156574270454338,-0.0169609443224323,-0.0101054713875701,0.2117647058823529,,,,-0.0842827164079768,source: cesare/outputs/p4_combined_by_episode.csv
Cesare,P4-C combined ladder,loo -duration,daily_net,STRESS,rates_2022,2022-01-01,2022-10-31,216.0,0.0407742253773926,-0.0403916184365172,-0.0151824210821683,0.2314814814814814,0.9734730273698056,0.0478266370054939,0.049129904641236,0.2232244104293969,source: cesare/outputs/p4_combined_by_episode.csv
Cesare,P4-C combined ladder,loo -duration,daily_net,STRESS,semis_2026,2026-04-01,2026-06-30,65.0,-0.0138614225664227,-0.014706211490432,-0.0078368193504883,0.1384615384615384,,,,-0.0756527903278227,source: cesare/outputs/p4_combined_by_episode.csv
Cesare,P4-C combined ladder,loo -duration,daily_net,STRESS,taper_2013,2013-05-01,2013-09-30,109.0,-0.0388398548794314,-0.0740131287737109,-0.0213972956513635,0.2201834862385321,,,,-0.2089980548984827,source: cesare/outputs/p4_combined_by_episode.csv
Cesare,P4-C combined ladder,loo -regime_gate,daily_net,ERAS,GFC 2008-09,2008-09-01,2009-06-30,217.0,-0.0220100992241247,-0.0533859118601373,-0.0153689025752355,0.4930875576036866,-0.4170960321443288,-0.0241708432534922,0.0579503073410401,-0.0236733730569926,source: cesare/outputs/p4_combined_by_episode.csv
Cesare,P4-C combined ladder,loo -regime_gate,daily_net,ERAS,calm 2017-19,2017-01-01,2019-12-31,782.0,0.1452223132470866,-0.0955079779415829,-0.016221237945753,0.5332480818414322,0.644618036412521,0.0462741969690992,0.071785451779519,0.1633255953912094,source: cesare/outputs/p4_combined_by_episode.csv
Cesare,P4-C combined ladder,loo -regime_gate,daily_net,ERAS,covid 2020,2020-01-01,2020-12-31,262.0,-0.029591389976901,-0.1166360459500391,-0.0252640582348371,0.4847328244274809,-0.3914515660298717,-0.0265863653583789,0.067917381524411,-0.0314390103100193,source: cesare/outputs/p4_combined_by_episode.csv
Cesare,P4-C combined ladder,loo -regime_gate,daily_net,ERAS,euro crisis 2011-12,2011-07-01,2012-12-31,392.0,0.0491822792676672,-0.082441251824422,-0.0188696692964624,0.4897959183673469,0.3782429830391428,0.0351776133890732,0.0930026860152826,0.0622387762298864,source: cesare/outputs/p4_combined_by_episode.csv
Cesare,P4-C combined ladder,loo -regime_gate,daily_net,ERAS,pre-crisis 2007-08,2007-05-01,2008-08-31,349.0,0.0776411746805147,-0.0665153961942192,-0.0193236009010384,0.5300859598853869,0.8632645107871968,0.0561039284055087,0.0649904261144112,0.0883745681893639,source: cesare/outputs/p4_combined_by_episode.csv
Cesare,P4-C combined ladder,loo -regime_gate,daily_net,ERAS,recent 2024-26,2024-01-01,2026-06-30,652.0,0.1830784234199411,-0.1430848879481878,-0.0350437976363334,0.5322085889570553,0.7698178638412884,0.0690042010831384,0.0896370483516928,0.2030634375941668,source: cesare/outputs/p4_combined_by_episode.csv
Cesare,P4-C combined ladder,loo -regime_gate,daily_net,ERAS,recovery 2009-11,2009-07-01,2011-06-30,522.0,-0.0401366527562052,-0.1364939799095056,-0.0271502225706725,0.5038314176245211,-0.1720241645165959,-0.0156470227688953,0.0909582837554534,-0.0368647101565109,source: cesare/outputs/p4_combined_by_episode.csv
Cesare,P4-C combined ladder,loo -regime_gate,daily_net,ERAS,taper + EM 2013-16,2013-01-01,2016-12-31,1044.0,0.3874135308023261,-0.1906649354055879,-0.0395329598790524,0.5239463601532567,0.8889679386507993,0.0834636558485659,0.0938882632541732,0.3932842083641175,source: cesare/outputs/p4_combined_by_episode.csv
Cesare,P4-C combined ladder,loo -regime_gate,daily_net,ERAS,tightening 2021-23,2021-01-01,2023-12-31,781.0,0.1614463101127854,-0.0741016492674285,-0.019841345029418,0.5096030729833547,0.6390429848325484,0.0515433448954739,0.0806570858593809,0.1816905077547786,source: cesare/outputs/p4_combined_by_episode.csv
Cesare,P4-C combined ladder,loo -regime_gate,daily_net,STRESS,china_em_2015,2015-06-01,2016-02-29,196.0,-0.0012087151267963,-0.0507288626546295,-0.0284836687127352,0.5255102040816326,0.0224743550274655,0.0018572348867638,0.0826379615563654,0.0016429771008788,source: cesare/outputs/p4_combined_by_episode.csv
Cesare,P4-C combined ladder,loo -regime_gate,daily_net,STRESS,covid_2020,2020-02-01,2020-04-30,64.0,-0.0282625390023179,-0.0813528491775602,-0.0252640582348371,0.515625,,,,-0.031105639763796,source: cesare/outputs/p4_combined_by_episode.csv
Cesare,P4-C combined ladder,loo -regime_gate,daily_net,STRESS,euro_2011,2011-07-01,2012-12-31,392.0,0.0491822792676672,-0.082441251824422,-0.0188696692964624,0.4897959183673469,0.3782429830391428,0.0351776133890732,0.0930026860152826,0.0622387762298864,source: cesare/outputs/p4_combined_by_episode.csv
Cesare,P4-C combined ladder,loo -regime_gate,daily_net,STRESS,gfc_2008,2008-09-01,2009-06-30,217.0,-0.0220100992241247,-0.0533859118601373,-0.0153689025752355,0.4930875576036866,-0.4170960321443288,-0.0241708432534922,0.0579503073410401,-0.0236733730569926,source: cesare/outputs/p4_combined_by_episode.csv
Cesare,P4-C combined ladder,loo -regime_gate,daily_net,STRESS,oil_2026,2026-02-01,2026-05-31,85.0,0.0274202468670718,-0.0331924355822769,-0.015015244633478,0.5411764705882353,,,,0.0324344076606619,source: cesare/outputs/p4_combined_by_episode.csv
Cesare,P4-C combined ladder,loo -regime_gate,daily_net,STRESS,rates_2022,2022-01-01,2022-10-31,216.0,0.0497442260496094,-0.0452115385541663,-0.0130952129925611,0.5,0.749142827826152,0.0598099970361298,0.0798379091603738,0.0583090731527739,source: cesare/outputs/p4_combined_by_episode.csv
Cesare,P4-C combined ladder,loo -regime_gate,daily_net,STRESS,semis_2026,2026-04-01,2026-06-30,65.0,0.0578237649589095,-0.0246684213660175,-0.0106714563068016,0.5384615384615384,,,,0.0647524307079111,source: cesare/outputs/p4_combined_by_episode.csv
Cesare,P4-C combined ladder,loo -regime_gate,daily_net,STRESS,taper_2013,2013-05-01,2013-09-30,109.0,-0.1235193912941047,-0.1715368376450677,-0.0391769295290501,0.4311926605504587,,,,-0.1449614911444798,source: cesare/outputs/p4_combined_by_episode.csv
Cesare,P4-C combined ladder,loo -skew_excl,daily_net,ERAS,GFC 2008-09,2008-09-01,2009-06-30,217.0,-0.1017443183110337,-0.1781896476585691,-0.0402511930187669,0.4976958525345622,-0.8825573938231157,-0.1159312778820759,0.1313583441637464,-0.3932366912869591,source: cesare/outputs/p4_combined_by_episode.csv
Cesare,P4-C combined ladder,loo -skew_excl,daily_net,ERAS,calm 2017-19,2017-01-01,2019-12-31,782.0,0.0916930589512083,-0.0644915381460875,-0.0248320737002636,0.530690537084399,0.4837456205085603,0.0302228847929722,0.062476813249904,0.3694335601263431,source: cesare/outputs/p4_combined_by_episode.csv
Cesare,P4-C combined ladder,loo -skew_excl,daily_net,ERAS,covid 2020,2020-01-01,2020-12-31,262.0,-0.1777915984284246,-0.2253175091007997,-0.033184017820261,0.4580152671755725,-2.1665890275308386,-0.1845670953352478,0.0851878658065532,-0.7558737182936939,source: cesare/outputs/p4_combined_by_episode.csv
Cesare,P4-C combined ladder,loo -skew_excl,daily_net,ERAS,euro crisis 2011-12,2011-07-01,2012-12-31,392.0,-0.0027865082162291,-0.1458500340156463,-0.0416374467591028,0.5178571428571429,0.0282975137040841,0.0026735459254599,0.0944798880006944,0.0163820177487744,source: cesare/outputs/p4_combined_by_episode.csv
Cesare,P4-C combined ladder,loo -skew_excl,daily_net,ERAS,pre-crisis 2007-08,2007-05-01,2008-08-31,349.0,0.2391575666316192,-0.0841491173492076,-0.0268770482285155,0.5501432664756447,1.438267029443672,0.1611410531241289,0.1120383418553779,0.8790737281194764,source: cesare/outputs/p4_combined_by_episode.csv
Cesare,P4-C combined ladder,loo -skew_excl,daily_net,ERAS,recent 2024-26,2024-01-01,2026-06-30,652.0,0.0246586383526878,-0.1623765818661797,-0.0392992141809823,0.50920245398773,0.1647434810272127,0.0121271044098346,0.0736120442169814,0.1235942848294267,source: cesare/outputs/p4_combined_by_episode.csv
Cesare,P4-C combined ladder,loo -skew_excl,daily_net,ERAS,recovery 2009-11,2009-07-01,2011-06-30,522.0,0.0880325998819335,-0.0972465224625571,-0.028724860894929,0.5153256704980843,0.4738889076229549,0.0452945654180837,0.0955805563065044,0.3695815449125786,source: cesare/outputs/p4_combined_by_episode.csv
Cesare,P4-C combined ladder,loo -skew_excl,daily_net,ERAS,taper + EM 2013-16,2013-01-01,2016-12-31,1044.0,0.148756151082152,-0.1238316991547363,-0.0421161980853926,0.5239463601532567,0.4650921917508167,0.0365732577486527,0.0786365765698506,0.5968398626399662,source: cesare/outputs/p4_combined_by_episode.csv
Cesare,P4-C combined ladder,loo -skew_excl,daily_net,ERAS,tightening 2021-23,2021-01-01,2023-12-31,781.0,-0.0587219650177535,-0.1557004778617657,-0.0334992838479506,0.4878361075544174,-0.2309069552314889,-0.0168573475521362,0.0730049362750308,-0.2057945887959127,source: cesare/outputs/p4_combined_by_episode.csv
Cesare,P4-C combined ladder,loo -skew_excl,daily_net,STRESS,china_em_2015,2015-06-01,2016-02-29,196.0,-0.015663003144394,-0.049281573438112,-0.014624252707563,0.5153061224489796,-0.3370833688788914,-0.0187558625244201,0.0556416134880828,-0.0574628005905229,source: cesare/outputs/p4_combined_by_episode.csv
Cesare,P4-C combined ladder,loo -skew_excl,daily_net,STRESS,covid_2020,2020-02-01,2020-04-30,64.0,-0.1724493334712794,-0.212705965070192,-0.033184017820261,0.4375,,,,-0.7327175271965495,source: cesare/outputs/p4_combined_by_episode.csv
Cesare,P4-C combined ladder,loo -skew_excl,daily_net,STRESS,euro_2011,2011-07-01,2012-12-31,392.0,-0.0027865082162291,-0.1458500340156463,-0.0416374467591028,0.5178571428571429,0.0282975137040841,0.0026735459254599,0.0944798880006944,0.0163820177487744,source: cesare/outputs/p4_combined_by_episode.csv
Cesare,P4-C combined ladder,loo -skew_excl,daily_net,STRESS,gfc_2008,2008-09-01,2009-06-30,217.0,-0.1017443183110337,-0.1781896476585691,-0.0402511930187669,0.4976958525345622,-0.8825573938231157,-0.1159312778820759,0.1313583441637464,-0.3932366912869591,source: cesare/outputs/p4_combined_by_episode.csv
Cesare,P4-C combined ladder,loo -skew_excl,daily_net,STRESS,oil_2026,2026-02-01,2026-05-31,85.0,0.0063793220628336,-0.0195374259412334,-0.0070112929221959,0.4941176470588235,,,,0.0261650884458906,source: cesare/outputs/p4_combined_by_episode.csv
Cesare,P4-C combined ladder,loo -skew_excl,daily_net,STRESS,rates_2022,2022-01-01,2022-10-31,216.0,-0.0413775937604241,-0.089989213256972,-0.0161555215817645,0.4814814814814814,-0.6383963931522058,-0.0466484378145786,0.0730712740782305,-0.1575014411686676,source: cesare/outputs/p4_combined_by_episode.csv
Cesare,P4-C combined ladder,loo -skew_excl,daily_net,STRESS,semis_2026,2026-04-01,2026-06-30,65.0,-0.0014977825797634,-0.0160386388051391,-0.0067754515899672,0.5230769230769231,,,,-0.0056052444008868,source: cesare/outputs/p4_combined_by_episode.csv
Cesare,P4-C combined ladder,loo -skew_excl,daily_net,STRESS,taper_2013,2013-05-01,2013-09-30,109.0,-0.0880133185573608,-0.1161453120691373,-0.0289258336006414,0.4220183486238532,,,,-0.3563481837418017,source: cesare/outputs/p4_combined_by_episode.csv
Cesare,P4-C combined ladder,loo -vix_gate,daily_net,ERAS,GFC 2008-09,2008-09-01,2009-06-30,217.0,-0.0249157737446403,-0.0561983667070503,-0.0153689025752355,0.4976958525345622,-0.3873136934826707,-0.0268965230948706,0.069443770120857,-0.1150036992116747,source: cesare/outputs/p4_combined_by_episode.csv
Cesare,P4-C combined ladder,loo -vix_gate,daily_net,ERAS,calm 2017-19,2017-01-01,2019-12-31,782.0,0.1327826670180751,-0.0573615777710247,-0.016221237945753,0.5434782608695652,0.7658416318262232,0.041657736033977,0.0543947133490773,0.641886660681517,source: cesare/outputs/p4_combined_by_episode.csv
Cesare,P4-C combined ladder,loo -vix_gate,daily_net,ERAS,covid 2020,2020-01-01,2020-12-31,262.0,-0.0774982164284121,-0.1376072062114617,-0.0252640582348371,0.4732824427480916,-0.9933915283746104,-0.0747456677426744,0.0752429083676337,-0.3858719867133657,source: cesare/outputs/p4_combined_by_episode.csv
Cesare,P4-C combined ladder,loo -vix_gate,daily_net,ERAS,euro crisis 2011-12,2011-07-01,2012-12-31,392.0,0.000450771427048,-0.082441251824422,-0.0188696692964624,0.4974489795918367,0.045591372994668,0.0038543868354789,0.0845420214901116,0.029771265795838,source: cesare/outputs/p4_combined_by_episode.csv
Cesare,P4-C combined ladder,loo -vix_gate,daily_net,ERAS,pre-crisis 2007-08,2007-05-01,2008-08-31,349.0,0.0776411746805147,-0.0665153961942192,-0.0193236009010384,0.5300859598853869,0.8632645107871968,0.0561039284055087,0.0649904261144112,0.3858110236015213,source: cesare/outputs/p4_combined_by_episode.csv
Cesare,P4-C combined ladder,loo -vix_gate,daily_net,ERAS,recent 2024-26,2024-01-01,2026-06-30,652.0,-0.0923784903981671,-0.1482310844060282,-0.0350437976363334,0.4815950920245399,-0.5667095030836684,-0.0354938048437072,0.0626313916575826,-0.4559908063612364,source: cesare/outputs/p4_combined_by_episode.csv
Cesare,P4-C combined ladder,loo -vix_gate,daily_net,ERAS,recovery 2009-11,2009-07-01,2011-06-30,522.0,-0.0401366527562052,-0.1364939799095056,-0.0271502225706725,0.5038314176245211,-0.1720241645165959,-0.0156470227688953,0.0909582837554534,-0.1609378337190974,source: cesare/outputs/p4_combined_by_episode.csv
Cesare,P4-C combined ladder,loo -vix_gate,daily_net,ERAS,taper + EM 2013-16,2013-01-01,2016-12-31,1044.0,0.3108051813625385,-0.0954864513333831,-0.0395329598790524,0.524904214559387,0.9244013955696326,0.0680467236430272,0.0736116626058267,1.399792466150292,source: cesare/outputs/p4_combined_by_episode.csv
Cesare,P4-C combined ladder,loo -vix_gate,daily_net,ERAS,tightening 2021-23,2021-01-01,2023-12-31,781.0,-0.0712998789795154,-0.1347087927653367,-0.019841345029418,0.4622279129321383,-0.3665236955788649,-0.0220585985322156,0.060183280912787,-0.339457090223794,source: cesare/outputs/p4_combined_by_episode.csv
Cesare,P4-C combined ladder,loo -vix_gate,daily_net,STRESS,china_em_2015,2015-06-01,2016-02-29,196.0,0.0038041006775468,-0.0583907343762798,-0.0242004374916761,0.5204081632653061,0.1063715787426385,0.0071156268575972,0.0668940608168766,0.0274805341969793,source: cesare/outputs/p4_combined_by_episode.csv
Cesare,P4-C combined ladder,loo -vix_gate,daily_net,STRESS,covid_2020,2020-02-01,2020-04-30,64.0,-0.0460218427646845,-0.1026736717359055,-0.0252640582348371,0.5,,,,-0.224089935607731,source: cesare/outputs/p4_combined_by_episode.csv
Cesare,P4-C combined ladder,loo -vix_gate,daily_net,STRESS,euro_2011,2011-07-01,2012-12-31,392.0,0.000450771427048,-0.082441251824422,-0.0188696692964624,0.4974489795918367,0.045591372994668,0.0038543868354789,0.0845420214901116,0.029771265795838,source: cesare/outputs/p4_combined_by_episode.csv
Cesare,P4-C combined ladder,loo -vix_gate,daily_net,STRESS,gfc_2008,2008-09-01,2009-06-30,217.0,-0.0249157737446403,-0.0561983667070503,-0.0153689025752355,0.4976958525345622,-0.3873136934826707,-0.0268965230948706,0.069443770120857,-0.1150036992116747,source: cesare/outputs/p4_combined_by_episode.csv
Cesare,P4-C combined ladder,loo -vix_gate,daily_net,STRESS,oil_2026,2026-02-01,2026-05-31,85.0,-0.029633660587397,-0.0415278912074952,-0.0158438268026999,0.4352941176470588,,,,-0.1468891104509952,source: cesare/outputs/p4_combined_by_episode.csv
Cesare,P4-C combined ladder,loo -vix_gate,daily_net,STRESS,rates_2022,2022-01-01,2022-10-31,216.0,-0.0326655872995561,-0.0698217089268555,-0.0116127182053447,0.4768518518518518,-0.5203867545547447,-0.0363245423723409,0.0698029726052905,-0.1546001235022653,source: cesare/outputs/p4_combined_by_episode.csv
Cesare,P4-C combined ladder,loo -vix_gate,daily_net,STRESS,semis_2026,2026-04-01,2026-06-30,65.0,-0.0261812526999412,-0.0364794301783694,-0.0158438268026999,0.4923076923076923,,,,-0.1303335508142244,source: cesare/outputs/p4_combined_by_episode.csv
Cesare,P4-C combined ladder,loo -vix_gate,daily_net,STRESS,taper_2013,2013-05-01,2013-09-30,109.0,-0.0698074123444747,-0.0860748838522011,-0.0215488829123552,0.4220183486238532,,,,-0.3532652053098587,source: cesare/outputs/p4_combined_by_episode.csv
Cesare,P4-C components,(bar) baseline,daily_net,ERAS,GFC 2008-09,2008-09-01,2009-06-30,217.0,-0.0591311403556239,-0.1781896476585691,-0.0402511930187669,0.5161290322580645,-0.4301207436021675,-0.0607782268406118,0.1413050352596515,-0.0505767912858717,source: cesare/outputs/p4_component_by_episode.csv
Cesare,P4-C components,(bar) baseline,daily_net,ERAS,calm 2017-19,2017-01-01,2019-12-31,782.0,0.059190074061187,-0.1620708607600838,-0.0363732860181878,0.5230179028132992,0.2304649291305438,0.0239238189499788,0.103806765915466,0.0717432049492368,source: cesare/outputs/p4_component_by_episode.csv
Cesare,P4-C components,(bar) baseline,daily_net,ERAS,covid 2020,2020-01-01,2020-12-31,262.0,-0.1630717778480565,-0.2688794368677005,-0.0381055203606018,0.4923664122137404,-1.2557181146223484,-0.1627720238647802,0.1296246521965108,-0.1635402165070729,source: cesare/outputs/p4_component_by_episode.csv
Cesare,P4-C components,(bar) baseline,daily_net,ERAS,euro crisis 2011-12,2011-07-01,2012-12-31,392.0,-0.0509508740301408,-0.1896354671913932,-0.0490595446782844,0.5153061224489796,-0.2239847256138321,-0.0265682134044402,0.1186161839010663,-0.0399385167303258,source: cesare/outputs/p4_component_by_episode.csv
Cesare,P4-C components,(bar) baseline,daily_net,ERAS,pre-crisis 2007-08,2007-05-01,2008-08-31,349.0,0.2391575666316192,-0.0841491173492076,-0.0268770482285155,0.5501432664756447,1.438267029443672,0.1611410531241289,0.1120383418553779,0.2156627497187367,source: cesare/outputs/p4_component_by_episode.csv
Cesare,P4-C components,(bar) baseline,daily_net,ERAS,recent 2024-26,2024-01-01,2026-06-30,652.0,0.7092875638921083,-0.1107326824417597,-0.0417769719687692,0.593558282208589,1.9928702450344835,0.2129945560071985,0.106878285998752,0.5325490480142958,source: cesare/outputs/p4_component_by_episode.csv
Cesare,P4-C components,(bar) baseline,daily_net,ERAS,recovery 2009-11,2009-07-01,2011-06-30,522.0,0.0636320508769976,-0.0925280821694796,-0.0295753008816775,0.5076628352490421,0.3452154865520408,0.034883561540273,0.1010486577200943,0.0698288413108704,source: cesare/outputs/p4_component_by_episode.csv
Cesare,P4-C components,(bar) baseline,daily_net,ERAS,taper + EM 2013-16,2013-01-01,2016-12-31,1044.0,0.1170833055617144,-0.2297165080349731,-0.0458918102706338,0.5268199233716475,0.2931403616242702,0.0331291409282507,0.1130146007348987,0.132633792107122,source: cesare/outputs/p4_component_by_episode.csv
Cesare,P4-C components,(bar) baseline,daily_net,ERAS,tightening 2021-23,2021-01-01,2023-12-31,781.0,0.247232857081886,-0.1817288196868836,-0.0352670909604092,0.5710627400768246,0.7043870358517035,0.0773419379246184,0.1098003426924248,0.2316378884230088,source: cesare/outputs/p4_component_by_episode.csv
Cesare,P4-C components,(bar) baseline,daily_net,STRESS,china_em_2015,2015-06-01,2016-02-29,196.0,-0.0518847845100851,-0.0986856115787623,-0.0291017757743077,0.5255102040816326,-0.552481598730055,-0.062171790056444,0.1125318747255172,-0.0467296961132625,source: cesare/outputs/p4_component_by_episode.csv
Cesare,P4-C components,(bar) baseline,daily_net,STRESS,covid_2020,2020-02-01,2020-04-30,64.0,-0.1961865010455717,-0.2403792299900937,-0.0381055203606018,0.4375,,,,-0.2061994556891173,source: cesare/outputs/p4_component_by_episode.csv
Cesare,P4-C components,(bar) baseline,daily_net,STRESS,euro_2011,2011-07-01,2012-12-31,392.0,-0.0509508740301408,-0.1896354671913932,-0.0490595446782844,0.5153061224489796,-0.2239847256138321,-0.0265682134044402,0.1186161839010663,-0.0399385167303258,source: cesare/outputs/p4_component_by_episode.csv
Cesare,P4-C components,(bar) baseline,daily_net,STRESS,gfc_2008,2008-09-01,2009-06-30,217.0,-0.0591311403556239,-0.1781896476585691,-0.0402511930187669,0.5161290322580645,-0.4301207436021675,-0.0607782268406118,0.1413050352596515,-0.0505767912858717,source: cesare/outputs/p4_component_by_episode.csv
Cesare,P4-C components,(bar) baseline,daily_net,STRESS,oil_2026,2026-02-01,2026-05-31,85.0,0.1007486528886911,-0.0178260554233389,-0.017701988613771,0.6352941176470588,,,,0.0941941740965334,source: cesare/outputs/p4_component_by_episode.csv
Cesare,P4-C components,(bar) baseline,daily_net,STRESS,rates_2022,2022-01-01,2022-10-31,216.0,0.2554309382923316,-0.0655638908629178,-0.0218801823967604,0.6157407407407407,2.7506140838037716,0.2703339559115026,0.0982813101638972,0.2239225671577645,source: cesare/outputs/p4_component_by_episode.csv
Cesare,P4-C components,(bar) baseline,daily_net,STRESS,semis_2026,2026-04-01,2026-06-30,65.0,0.1168042666554125,-0.0178260554233387,-0.017701988613771,0.6461538461538462,,,,0.1077326762656418,source: cesare/outputs/p4_component_by_episode.csv
Cesare,P4-C components,(bar) baseline,daily_net,STRESS,taper_2013,2013-05-01,2013-09-30,109.0,-0.1285559057814608,-0.1905674581609462,-0.0403177730931683,0.4862385321100917,,,,-0.1276622718017687,source: cesare/outputs/p4_component_by_episode.csv
Cesare,P4-C components,(bar) per-currency RR,daily_net,ERAS,GFC 2008-09,2008-09-01,2009-06-30,217.0,-0.0259344422799032,-0.1226555900617789,-0.0377023557407509,0.5299539170506913,-0.2015565552931544,-0.0236380137072401,0.1172773253286643,-0.021125114465388,source: cesare/outputs/p4_component_by_episode.csv
Cesare,P4-C components,(bar) per-currency RR,daily_net,ERAS,calm 2017-19,2017-01-01,2019-12-31,782.0,0.030102563318562,-0.1537349830374875,-0.0295313601224324,0.5166240409207161,0.1470478412659276,0.0142587374735379,0.0969666562309595,0.0459215124037616,source: cesare/outputs/p4_component_by_episode.csv
Cesare,P4-C components,(bar) per-currency RR,daily_net,ERAS,covid 2020,2020-01-01,2020-12-31,262.0,-0.1411269296178839,-0.2343786838527689,-0.0381055203606018,0.4809160305343511,-1.2215636691987124,-0.139748520975737,0.1144013402653055,-0.150791502434003,source: cesare/outputs/p4_component_by_episode.csv
Cesare,P4-C components,(bar) per-currency RR,daily_net,ERAS,euro crisis 2011-12,2011-07-01,2012-12-31,392.0,-0.0910828839220502,-0.2029295946249882,-0.0490595446782844,0.5076530612244898,-0.4881114758971984,-0.0550202159623778,0.1127205949445156,-0.0888253064672107,source: cesare/outputs/p4_component_by_episode.csv
Cesare,P4-C components,(bar) per-currency RR,daily_net,ERAS,pre-crisis 2007-08,2007-05-01,2008-08-31,349.0,0.2391575666316192,-0.0841491173492076,-0.0268770482285155,0.5501432664756447,1.438267029443672,0.1611410531241289,0.1120383418553779,0.2316114264968034,source: cesare/outputs/p4_component_by_episode.csv
Cesare,P4-C components,(bar) per-currency RR,daily_net,ERAS,recent 2024-26,2024-01-01,2026-06-30,652.0,0.6157475012754168,-0.1050274958448196,-0.0357805324884257,0.5828220858895705,1.8511544260830168,0.1908247681686485,0.1030841973418865,0.5124018581679692,source: cesare/outputs/p4_component_by_episode.csv
Cesare,P4-C components,(bar) per-currency RR,daily_net,ERAS,recovery 2009-11,2009-07-01,2011-06-30,522.0,0.0568441715838332,-0.0974391393151334,-0.0295753008816775,0.5095785440613027,0.3165139170118368,0.0317032613697766,0.1001638780028463,0.068155797041601,source: cesare/outputs/p4_component_by_episode.csv
Cesare,P4-C components,(bar) per-currency RR,daily_net,ERAS,taper + EM 2013-16,2013-01-01,2016-12-31,1044.0,0.1030036253048765,-0.2283611043554482,-0.0449879305413882,0.5172413793103449,0.2686689070538117,0.0298548956659418,0.111121513811653,0.1283643462401574,source: cesare/outputs/p4_component_by_episode.csv
Cesare,P4-C components,(bar) per-currency RR,daily_net,ERAS,tightening 2021-23,2021-01-01,2023-12-31,781.0,0.2806438101846369,-0.1807372773394536,-0.0339617749109722,0.5685019206145967,0.8180497710367496,0.085275800880564,0.1042428026995109,0.274286983016309,source: cesare/outputs/p4_component_by_episode.csv
Cesare,P4-C components,(bar) per-currency RR,daily_net,STRESS,china_em_2015,2015-06-01,2016-02-29,196.0,-0.0534540503138463,-0.095668916565366,-0.0282835496143394,0.5102040816326531,-0.5887536810537117,-0.0646093351908385,0.1097391613334885,-0.0521530486439129,source: cesare/outputs/p4_component_by_episode.csv
Cesare,P4-C components,(bar) per-currency RR,daily_net,STRESS,covid_2020,2020-02-01,2020-04-30,64.0,-0.1494756588788294,-0.1914849950775139,-0.0381055203606018,0.46875,,,,-0.1640259343370925,source: cesare/outputs/p4_component_by_episode.csv
Cesare,P4-C components,(bar) per-currency RR,daily_net,STRESS,euro_2011,2011-07-01,2012-12-31,392.0,-0.0910828839220502,-0.2029295946249882,-0.0490595446782844,0.5076530612244898,-0.4881114758971984,-0.0550202159623778,0.1127205949445156,-0.0888253064672107,source: cesare/outputs/p4_component_by_episode.csv
Cesare,P4-C components,(bar) per-currency RR,daily_net,STRESS,gfc_2008,2008-09-01,2009-06-30,217.0,-0.0259344422799032,-0.1226555900617789,-0.0377023557407509,0.5299539170506913,-0.2015565552931544,-0.0236380137072401,0.1172773253286643,-0.021125114465388,source: cesare/outputs/p4_component_by_episode.csv
Cesare,P4-C components,(bar) per-currency RR,daily_net,STRESS,oil_2026,2026-02-01,2026-05-31,85.0,0.0853424589031059,-0.0191693573768294,-0.0191693573768294,0.5764705882352941,,,,0.0865263403900504,source: cesare/outputs/p4_component_by_episode.csv
Cesare,P4-C components,(bar) per-currency RR,daily_net,STRESS,rates_2022,2022-01-01,2022-10-31,216.0,0.2510318769332547,-0.0660428979800802,-0.0222921512836697,0.5925925925925926,2.7963067556133407,0.2659292618448255,0.0951001750115561,0.2365637718225715,source: cesare/outputs/p4_component_by_episode.csv
Cesare,P4-C components,(bar) per-currency RR,daily_net,STRESS,semis_2026,2026-04-01,2026-06-30,65.0,0.1059074184479107,-0.0191693573768294,-0.0191693573768294,0.6461538461538462,,,,0.1055665706672625,source: cesare/outputs/p4_component_by_episode.csv
Cesare,P4-C components,(bar) per-currency RR,daily_net,STRESS,taper_2013,2013-05-01,2013-09-30,109.0,-0.1306890470938955,-0.1898456737714502,-0.0403177730931683,0.4862385321100917,,,,-0.1396745986100487,source: cesare/outputs/p4_component_by_episode.csv
Cesare,P4-C components,(control) gross-matched de-risk,daily_net,ERAS,GFC 2008-09,2008-09-01,2009-06-30,217.0,-0.0360737148142751,-0.1282016448972087,-0.0280002558656962,0.5161290322580645,-0.3703618546935378,-0.0375320260863004,0.1013388004478943,-0.0472309988681482,source: cesare/outputs/p4_component_by_episode.csv
Cesare,P4-C components,(control) gross-matched de-risk,daily_net,ERAS,calm 2017-19,2017-01-01,2019-12-31,782.0,0.0471051776994497,-0.1197704992304014,-0.0263630993182663,0.5230179028132992,0.2340935279626906,0.0176884360373845,0.0755614056968018,0.0802161059543199,source: cesare/outputs/p4_component_by_episode.csv
Cesare,P4-C components,(control) gross-matched de-risk,daily_net,ERAS,covid 2020,2020-01-01,2020-12-31,262.0,-0.1250905457882822,-0.210357156486465,-0.0299140006117446,0.4923664122137404,-1.2426379896908426,-0.123567668563967,0.0994397962955483,-0.1877463622696879,source: cesare/outputs/p4_component_by_episode.csv
Cesare,P4-C components,(control) gross-matched de-risk,daily_net,ERAS,euro crisis 2011-12,2011-07-01,2012-12-31,392.0,-0.0462858702048495,-0.1611217713710637,-0.0383735416825789,0.5153061224489796,-0.2593731564338671,-0.0255931241076336,0.0986729870566201,-0.058180139299384,source: cesare/outputs/p4_component_by_episode.csv
Cesare,P4-C components,(control) gross-matched de-risk,daily_net,ERAS,pre-crisis 2007-08,2007-05-01,2008-08-31,349.0,0.1818592600638979,-0.0653872338800432,-0.0222683990368507,0.5501432664756447,1.4599690825834686,0.1242927800930784,0.0851338439805436,0.2515571791531569,source: cesare/outputs/p4_component_by_episode.csv
Cesare,P4-C components,(control) gross-matched de-risk,daily_net,ERAS,recent 2024-26,2024-01-01,2026-06-30,652.0,0.3948528460846059,-0.0734723105167427,-0.025372052954356,0.593558282208589,1.879685492272361,0.131087373962044,0.0697389933055087,0.4956485570765271,source: cesare/outputs/p4_component_by_episode.csv
Cesare,P4-C components,(control) gross-matched de-risk,daily_net,ERAS,recovery 2009-11,2009-07-01,2011-06-30,522.0,0.0370857670172117,-0.0845936178429627,-0.0259460909115517,0.5076628352490421,0.2456465179371226,0.021355971299138,0.086937814052811,0.0646480185770536,source: cesare/outputs/p4_component_by_episode.csv
Cesare,P4-C components,(control) gross-matched de-risk,daily_net,ERAS,taper + EM 2013-16,2013-01-01,2016-12-31,1044.0,0.0997497021160849,-0.1942633552749882,-0.041392912896324,0.5268199233716475,0.2962833956928256,0.0271641752520459,0.091683083314627,0.1644608041213731,source: cesare/outputs/p4_component_by_episode.csv
Cesare,P4-C components,(control) gross-matched de-risk,daily_net,ERAS,tightening 2021-23,2021-01-01,2023-12-31,781.0,0.1652806398789141,-0.1351278739506145,-0.0251262693821601,0.5697823303457106,0.688204605395748,0.0522453418250685,0.0759154202332389,0.2366268355547894,source: cesare/outputs/p4_component_by_episode.csv
Cesare,P4-C components,(control) gross-matched de-risk,daily_net,STRESS,china_em_2015,2015-06-01,2016-02-29,196.0,-0.0351984943173457,-0.0788412132678156,-0.0238144625955804,0.5255102040816326,-0.4879285824093571,-0.0423160215428131,0.0867258510125796,-0.0480979191442727,source: cesare/outputs/p4_component_by_episode.csv
Cesare,P4-C components,(control) gross-matched de-risk,daily_net,STRESS,covid_2020,2020-02-01,2020-04-30,64.0,-0.152350505231547,-0.1897240960560611,-0.0299140006117446,0.4375,,,,-0.2372602376937146,source: cesare/outputs/p4_component_by_episode.csv
Cesare,P4-C components,(control) gross-matched de-risk,daily_net,STRESS,euro_2011,2011-07-01,2012-12-31,392.0,-0.0462858702048495,-0.1611217713710637,-0.0383735416825789,0.5153061224489796,-0.2593731564338671,-0.0255931241076336,0.0986729870566201,-0.058180139299384,source: cesare/outputs/p4_component_by_episode.csv
Cesare,P4-C components,(control) gross-matched de-risk,daily_net,STRESS,gfc_2008,2008-09-01,2009-06-30,217.0,-0.0360737148142751,-0.1282016448972087,-0.0280002558656962,0.5161290322580645,-0.3703618546935378,-0.0375320260863004,0.1013388004478943,-0.0472309988681482,source: cesare/outputs/p4_component_by_episode.csv
Cesare,P4-C components,(control) gross-matched de-risk,daily_net,STRESS,oil_2026,2026-02-01,2026-05-31,85.0,0.0639868781792105,-0.0121871332083386,-0.0121018323103523,0.6352941176470588,,,,0.0915131367983051,source: cesare/outputs/p4_component_by_episode.csv
Cesare,P4-C components,(control) gross-matched de-risk,daily_net,STRESS,rates_2022,2022-01-01,2022-10-31,216.0,0.1650040471118572,-0.0482502994190906,-0.0146690661066555,0.6111111111111112,2.5467362440290535,0.1807452966221428,0.0709713450090911,0.2264050674082017,source: cesare/outputs/p4_component_by_episode.csv
Cesare,P4-C components,(control) gross-matched de-risk,daily_net,STRESS,semis_2026,2026-04-01,2026-06-30,65.0,0.0788825974062359,-0.0121871332083387,-0.0121018323103523,0.6461538461538462,,,,0.1116545846361895,source: cesare/outputs/p4_component_by_episode.csv
Cesare,P4-C components,(control) gross-matched de-risk,daily_net,STRESS,taper_2013,2013-05-01,2013-09-30,109.0,-0.1029361412540569,-0.1595112191400297,-0.0358529479062058,0.4862385321100917,,,,-0.1532507403758012,source: cesare/outputs/p4_component_by_episode.csv
Cesare,"Phase 3 D1 rerun (null, model-free)",U21_carry (anchor),daily_net,ERAS,GFC 2008-09,2008-09-01,2009-06-30,217.0,-0.057127660219351895,-0.1550278419586273,-0.0499422502450663,0.48847926267281105,-0.3929376438186139,-0.057544127245654914,0.14644595179640812,-0.044884467035927744,"matched 21-name option universe, not the ALL-27 book; rebuilt live from cesare/d1_bkm_rerun.py"
Cesare,"Phase 3 D1 rerun (null, model-free)",U21_carry (anchor),daily_net,ERAS,calm 2017-19,2017-01-01,2019-12-31,782.0,0.08026188895164021,-0.13669969391003634,-0.03313521719540436,0.5217391304347826,0.29270005955463674,0.030205947279601544,0.10319761234610601,0.08490524985001086,"matched 21-name option universe, not the ALL-27 book; rebuilt live from cesare/d1_bkm_rerun.py"
Cesare,"Phase 3 D1 rerun (null, model-free)",U21_carry (anchor),daily_net,ERAS,covid 2020,2020-01-01,2020-12-31,262.0,-0.14770155574325938,-0.23594853771743074,-0.03560597107826213,0.4847328244274809,-1.0917326011379769,-0.14489730494239192,0.1327223395100201,-0.13645734913532293,"matched 21-name option universe, not the ALL-27 book; rebuilt live from cesare/d1_bkm_rerun.py"
Cesare,"Phase 3 D1 rerun (null, model-free)",U21_carry (anchor),daily_net,ERAS,euro crisis 2011-12,2011-07-01,2012-12-31,392.0,-0.03363953336846803,-0.15337296961511127,-0.05024152648132862,0.4872448979591837,-0.1374279137857607,-0.015563328173746454,0.11324721262965877,-0.021929254785690785,"matched 21-name option universe, not the ALL-27 book; rebuilt live from cesare/d1_bkm_rerun.py"
Cesare,"Phase 3 D1 rerun (null, model-free)",U21_carry (anchor),daily_net,ERAS,pre-crisis 2007-08,2007-05-01,2008-08-31,349.0,0.21053806392831564,-0.10603911421509071,-0.03843325888852593,0.5616045845272206,1.2274821599051293,0.14495742990483057,0.11809330892111228,0.18184494736617898,"matched 21-name option universe, not the ALL-27 book; rebuilt live from cesare/d1_bkm_rerun.py"
Cesare,"Phase 3 D1 rerun (null, model-free)",U21_carry (anchor),daily_net,ERAS,recent 2024-26,2024-01-01,2026-06-30,652.0,0.7499541777935435,-0.0986564597308478,-0.04427865460842405,0.5950920245398773,2.064932853678772,0.22216869093054667,0.1075912422695697,0.5206738697952428,"matched 21-name option universe, not the ALL-27 book; rebuilt live from cesare/d1_bkm_rerun.py"
Cesare,"Phase 3 D1 rerun (null, model-free)",U21_carry (anchor),daily_net,ERAS,recovery 2009-11,2009-07-01,2011-06-30,522.0,-0.0030936789584169455,-0.09992769491808051,-0.03314725700125529,0.5306513409961686,0.037120351092671866,0.003833582450983282,0.10327441250252858,0.007193009642716077,"matched 21-name option universe, not the ALL-27 book; rebuilt live from cesare/d1_bkm_rerun.py"
Cesare,"Phase 3 D1 rerun (null, model-free)",U21_carry (anchor),daily_net,ERAS,taper + EM 2013-16,2013-01-01,2016-12-31,1044.0,0.18908201839006233,-0.21804669600689686,-0.0605516761084039,0.5383141762452107,0.43087921022583336,0.048048029373534654,0.11151159822343625,0.18030651121573973,"matched 21-name option universe, not the ALL-27 book; rebuilt live from cesare/d1_bkm_rerun.py"
Cesare,"Phase 3 D1 rerun (null, model-free)",U21_carry (anchor),daily_net,ERAS,tightening 2021-23,2021-01-01,2023-12-31,781.0,0.2632759398847482,-0.17784054426251994,-0.03789667228965589,0.5620998719590269,0.7487751557669811,0.08134106680639559,0.10863216571745997,0.22834748308705285,"matched 21-name option universe, not the ALL-27 book; rebuilt live from cesare/d1_bkm_rerun.py"
Cesare,"Phase 3 D1 rerun (null, model-free)",U21_carry (anchor),daily_net,STRESS,china_em_2015,2015-06-01,2016-02-29,196.0,-0.08075985309993827,-0.13271402759104967,-0.03449046912362181,0.5153061224489796,-0.8871904990879392,-0.10168289128334634,0.11461224098756656,-0.0716373132213348,"matched 21-name option universe, not the ALL-27 book; rebuilt live from cesare/d1_bkm_rerun.py"
Cesare,"Phase 3 D1 rerun (null, model-free)",U21_carry (anchor),daily_net,STRESS,covid_2020,2020-02-01,2020-04-30,64.0,-0.1755431258280684,-0.2239826998463853,-0.03560597107826213,0.453125,,,,-0.17015468150676713,"matched 21-name option universe, not the ALL-27 book; rebuilt live from cesare/d1_bkm_rerun.py"
Cesare,"Phase 3 D1 rerun (null, model-free)",U21_carry (anchor),daily_net,STRESS,euro_2011,2011-07-01,2012-12-31,392.0,-0.03363953336846803,-0.15337296961511127,-0.05024152648132862,0.4872448979591837,-0.1374279137857607,-0.015563328173746454,0.11324721262965877,-0.021929254785690785,"matched 21-name option universe, not the ALL-27 book; rebuilt live from cesare/d1_bkm_rerun.py"
Cesare,"Phase 3 D1 rerun (null, model-free)",U21_carry (anchor),daily_net,STRESS,gfc_2008,2008-09-01,2009-06-30,217.0,-0.057127660219351895,-0.1550278419586273,-0.0499422502450663,0.48847926267281105,-0.3929376438186139,-0.057544127245654914,0.14644595179640812,-0.044884467035927744,"matched 21-name option universe, not the ALL-27 book; rebuilt live from cesare/d1_bkm_rerun.py"
Cesare,"Phase 3 D1 rerun (null, model-free)",U21_carry (anchor),daily_net,STRESS,oil_2026,2026-02-01,2026-05-31,85.0,0.0866741952855552,-0.017598856717135236,-0.016980692652111884,0.6,,,,0.0766308527461533,"matched 21-name option universe, not the ALL-27 book; rebuilt live from cesare/d1_bkm_rerun.py"
Cesare,"Phase 3 D1 rerun (null, model-free)",U21_carry (anchor),daily_net,STRESS,rates_2022,2022-01-01,2022-10-31,216.0,0.28846438206468017,-0.045352524672339856,-0.018698393618591002,0.5740740740740741,3.1525511368900556,0.3003823562638924,0.09528231049099337,0.23321877079020503,"matched 21-name option universe, not the ALL-27 book; rebuilt live from cesare/d1_bkm_rerun.py"
Cesare,"Phase 3 D1 rerun (null, model-free)",U21_carry (anchor),daily_net,STRESS,semis_2026,2026-04-01,2026-06-30,65.0,0.09983721050688121,-0.017598856717135236,-0.016980692652111884,0.6,,,,0.08710571224692773,"matched 21-name option universe, not the ALL-27 book; rebuilt live from cesare/d1_bkm_rerun.py"
Cesare,"Phase 3 D1 rerun (null, model-free)",U21_carry (anchor),daily_net,STRESS,taper_2013,2013-05-01,2013-09-30,109.0,-0.1448215673001101,-0.19889368560164666,-0.03384929271706747,0.46788990825688076,,,,-0.13790614949420496,"matched 21-name option universe, not the ALL-27 book; rebuilt live from cesare/d1_bkm_rerun.py"
Cesare,"Phase 3 D1 rerun (null, model-free)",U21_clean_bkm,daily_net,ERAS,GFC 2008-09,2008-09-01,2009-06-30,217.0,-0.1203108073053133,-0.1844797667483845,-0.04876174943239181,0.46543778801843316,-0.9991373724969893,-0.13910849657160587,0.13922859899030054,0.7874031436364931,"matched 21-name option universe, not the ALL-27 book; rebuilt live from cesare/d1_bkm_rerun.py"
Cesare,"Phase 3 D1 rerun (null, model-free)",U21_clean_bkm,daily_net,ERAS,calm 2017-19,2017-01-01,2019-12-31,782.0,0.008185126155478395,-0.21813766899943687,-0.023301337101154642,0.5166240409207161,0.07632097327060793,0.0076610948336926915,0.10037994152051866,-0.15627206280780148,"matched 21-name option universe, not the ALL-27 book; rebuilt live from cesare/d1_bkm_rerun.py"
Cesare,"Phase 3 D1 rerun (null, model-free)",U21_clean_bkm,daily_net,ERAS,covid 2020,2020-01-01,2020-12-31,262.0,-0.17877275024220207,-0.25283560671571403,-0.03552529092578052,0.4541984732824427,-1.4599475517499454,-0.18164186419559625,0.12441670522881032,1.2413692843523583,"matched 21-name option universe, not the ALL-27 book; rebuilt live from cesare/d1_bkm_rerun.py"
Cesare,"Phase 3 D1 rerun (null, model-free)",U21_clean_bkm,daily_net,ERAS,euro crisis 2011-12,2011-07-01,2012-12-31,392.0,-0.20225421641256358,-0.25831446282908577,-0.04732609523221405,0.4744897959183674,-1.17904137699633,-0.13832635571113164,0.11732103589402887,1.4144081687613297,"matched 21-name option universe, not the ALL-27 book; rebuilt live from cesare/d1_bkm_rerun.py"
Cesare,"Phase 3 D1 rerun (null, model-free)",U21_clean_bkm,daily_net,ERAS,pre-crisis 2007-08,2007-05-01,2008-08-31,349.0,0.2584581794273719,-0.09778820949152633,-0.023677952368562547,0.5501432664756447,1.5420785100508398,0.17226642257094252,0.11171053966977543,-1.5682302086748618,"matched 21-name option universe, not the ALL-27 book; rebuilt live from cesare/d1_bkm_rerun.py"
Cesare,"Phase 3 D1 rerun (null, model-free)",U21_clean_bkm,daily_net,ERAS,recent 2024-26,2024-01-01,2026-06-30,652.0,0.13501281028548084,-0.16773412356778084,-0.04432097416566598,0.5214723926380368,0.4896297424777634,0.05532304274113251,0.11298954687918088,-0.9408868685172267,"matched 21-name option universe, not the ALL-27 book; rebuilt live from cesare/d1_bkm_rerun.py"
Cesare,"Phase 3 D1 rerun (null, model-free)",U21_clean_bkm,daily_net,ERAS,recovery 2009-11,2009-07-01,2011-06-30,522.0,0.04271804237310284,-0.1364178581521679,-0.028383961152996073,0.49808429118773945,0.24967622462541886,0.025333939220453558,0.10146716716203653,-0.3449506604670796,"matched 21-name option universe, not the ALL-27 book; rebuilt live from cesare/d1_bkm_rerun.py"
Cesare,"Phase 3 D1 rerun (null, model-free)",U21_clean_bkm,daily_net,ERAS,taper + EM 2013-16,2013-01-01,2016-12-31,1044.0,0.15988272325462471,-0.24168108824054557,-0.03408053146748795,0.5220306513409961,0.3842782382322207,0.04168598464943058,0.10847865036853738,-1.1352050553142665,"matched 21-name option universe, not the ALL-27 book; rebuilt live from cesare/d1_bkm_rerun.py"
Cesare,"Phase 3 D1 rerun (null, model-free)",U21_clean_bkm,daily_net,ERAS,tightening 2021-23,2021-01-01,2023-12-31,781.0,-0.24482654524130154,-0.2743217276900437,-0.06684006609495688,0.5160051216389244,-0.7069759183918097,-0.08356370848222291,0.11819880466693841,1.702364259031055,"matched 21-name option universe, not the ALL-27 book; rebuilt live from cesare/d1_bkm_rerun.py"
Cesare,"Phase 3 D1 rerun (null, model-free)",U21_clean_bkm,daily_net,STRESS,china_em_2015,2015-06-01,2016-02-29,196.0,-0.024880521957135082,-0.13040084839654564,-0.031435302938192564,0.5204081632653061,-0.24018938299717058,-0.026375065825394544,0.10980945742179304,0.13484454341065874,"matched 21-name option universe, not the ALL-27 book; rebuilt live from cesare/d1_bkm_rerun.py"
Cesare,"Phase 3 D1 rerun (null, model-free)",U21_clean_bkm,daily_net,STRESS,covid_2020,2020-02-01,2020-04-30,64.0,-0.14568608928151616,-0.2014453915901926,-0.03552529092578052,0.4375,,,,1.0063087625066107,"matched 21-name option universe, not the ALL-27 book; rebuilt live from cesare/d1_bkm_rerun.py"
Cesare,"Phase 3 D1 rerun (null, model-free)",U21_clean_bkm,daily_net,STRESS,euro_2011,2011-07-01,2012-12-31,392.0,-0.20225421641256358,-0.25831446282908577,-0.04732609523221405,0.4744897959183674,-1.17904137699633,-0.13832635571113164,0.11732103589402887,1.4144081687613297,"matched 21-name option universe, not the ALL-27 book; rebuilt live from cesare/d1_bkm_rerun.py"
Cesare,"Phase 3 D1 rerun (null, model-free)",U21_clean_bkm,daily_net,STRESS,gfc_2008,2008-09-01,2009-06-30,217.0,-0.1203108073053133,-0.1844797667483845,-0.04876174943239181,0.46543778801843316,-0.9991373724969893,-0.13910849657160587,0.13922859899030054,0.7874031436364931,"matched 21-name option universe, not the ALL-27 book; rebuilt live from cesare/d1_bkm_rerun.py"
Cesare,"Phase 3 D1 rerun (null, model-free)",U21_clean_bkm,daily_net,STRESS,oil_2026,2026-02-01,2026-05-31,85.0,0.004444621874216015,-0.06483000417777285,-0.019860411620530385,0.5176470588235295,,,,-0.04454138854653284,"matched 21-name option universe, not the ALL-27 book; rebuilt live from cesare/d1_bkm_rerun.py"
Cesare,"Phase 3 D1 rerun (null, model-free)",U21_clean_bkm,daily_net,STRESS,rates_2022,2022-01-01,2022-10-31,216.0,0.06609496561475425,-0.0852442933234705,-0.015615347146884302,0.5324074074074074,0.8003132754038912,0.07959653334168443,0.09945671999694712,-0.4484682047002063,"matched 21-name option universe, not the ALL-27 book; rebuilt live from cesare/d1_bkm_rerun.py"
Cesare,"Phase 3 D1 rerun (null, model-free)",U21_clean_bkm,daily_net,STRESS,semis_2026,2026-04-01,2026-06-30,65.0,-0.045899853357548315,-0.05909333715783338,-0.016258199429823532,0.4461538461538462,,,,0.30075492803876586,"matched 21-name option universe, not the ALL-27 book; rebuilt live from cesare/d1_bkm_rerun.py"
Cesare,"Phase 3 D1 rerun (null, model-free)",U21_clean_bkm,daily_net,STRESS,taper_2013,2013-05-01,2013-09-30,109.0,-0.14957813209763293,-0.1984056666781745,-0.03408053146748795,0.48623853211009177,,,,1.0396316092306637,"matched 21-name option universe, not the ALL-27 book; rebuilt live from cesare/d1_bkm_rerun.py"
Cesare,"Phase 3 D1 rerun (null, model-free)",U21_clean_proxy,daily_net,ERAS,GFC 2008-09,2008-09-01,2009-06-30,217.0,-0.07944867288339807,-0.16706002543090614,-0.05839135232545366,0.5069124423963134,-0.5590801809117131,-0.08462428298568399,0.1513634106071941,1.0318523376992572,"matched 21-name option universe, not the ALL-27 book; rebuilt live from cesare/d1_bkm_rerun.py"
Cesare,"Phase 3 D1 rerun (null, model-free)",U21_clean_proxy,daily_net,ERAS,calm 2017-19,2017-01-01,2019-12-31,782.0,0.03814615183365455,-0.19809884541298461,-0.024008230662664644,0.5127877237851662,0.16778548189147743,0.01748080502376773,0.1041854445730543,-0.7681234051193551,"matched 21-name option universe, not the ALL-27 book; rebuilt live from cesare/d1_bkm_rerun.py"
Cesare,"Phase 3 D1 rerun (null, model-free)",U21_clean_proxy,daily_net,ERAS,covid 2020,2020-01-01,2020-12-31,262.0,-0.1414474719723492,-0.25479729197472356,-0.04378160366543738,0.4732824427480916,-0.9815063683437044,-0.13693891049948861,0.13951912582143866,2.0160020814671955,"matched 21-name option universe, not the ALL-27 book; rebuilt live from cesare/d1_bkm_rerun.py"
Cesare,"Phase 3 D1 rerun (null, model-free)",U21_clean_proxy,daily_net,ERAS,euro crisis 2011-12,2011-07-01,2012-12-31,392.0,-0.10275514794914686,-0.17712226763700767,-0.05279539356027746,0.4872448979591837,-0.5100843298787191,-0.06222354760729754,0.121986785248024,1.370577670259063,"matched 21-name option universe, not the ALL-27 book; rebuilt live from cesare/d1_bkm_rerun.py"
Cesare,"Phase 3 D1 rerun (null, model-free)",U21_clean_proxy,daily_net,ERAS,pre-crisis 2007-08,2007-05-01,2008-08-31,349.0,0.1985296673441732,-0.1393188220706737,-0.02340882086244278,0.5272206303724928,1.1944686319819997,0.13738551624028555,0.11501810308096556,-2.6941960404895093,"matched 21-name option universe, not the ALL-27 book; rebuilt live from cesare/d1_bkm_rerun.py"
Cesare,"Phase 3 D1 rerun (null, model-free)",U21_clean_proxy,daily_net,ERAS,recent 2024-26,2024-01-01,2026-06-30,652.0,0.13447035988414502,-0.16951137825560147,-0.04377381373880067,0.5122699386503068,0.482713950861352,0.05532499537112069,0.1146123812506332,-2.0268975540152594,"matched 21-name option universe, not the ALL-27 book; rebuilt live from cesare/d1_bkm_rerun.py"
Cesare,"Phase 3 D1 rerun (null, model-free)",U21_clean_proxy,daily_net,ERAS,recovery 2009-11,2009-07-01,2011-06-30,522.0,-0.0715878271782876,-0.1500752573268478,-0.02080582911371829,0.4904214559386973,-0.30698547318928154,-0.030826579051174464,0.10041706120786818,0.9041878181219107,"matched 21-name option universe, not the ALL-27 book; rebuilt live from cesare/d1_bkm_rerun.py"
Cesare,"Phase 3 D1 rerun (null, model-free)",U21_clean_proxy,daily_net,ERAS,taper + EM 2013-16,2013-01-01,2016-12-31,1044.0,0.09400210964448075,-0.23319508562997504,-0.04038613046342743,0.5124521072796935,0.2507381609404488,0.027867992380447116,0.1111438014697167,-1.6348164474613993,"matched 21-name option universe, not the ALL-27 book; rebuilt live from cesare/d1_bkm_rerun.py"
Cesare,"Phase 3 D1 rerun (null, model-free)",U21_clean_proxy,daily_net,ERAS,tightening 2021-23,2021-01-01,2023-12-31,781.0,-0.19698052914974884,-0.2485823175146643,-0.06808979549073045,0.5313700384122919,-0.5435701041035745,-0.06383566292538338,0.11743777379121612,2.801413539538097,"matched 21-name option universe, not the ALL-27 book; rebuilt live from cesare/d1_bkm_rerun.py"
Cesare,"Phase 3 D1 rerun (null, model-free)",U21_clean_proxy,daily_net,STRESS,china_em_2015,2015-06-01,2016-02-29,196.0,-0.049270903199799876,-0.13057659503024743,-0.025462427569619674,0.5,-0.5352480760743379,-0.05891645768589407,0.11007317974499635,0.6488667427375926,"matched 21-name option universe, not the ALL-27 book; rebuilt live from cesare/d1_bkm_rerun.py"
Cesare,"Phase 3 D1 rerun (null, model-free)",U21_clean_proxy,daily_net,STRESS,covid_2020,2020-02-01,2020-04-30,64.0,-0.11758464853522232,-0.2158259886454531,-0.04378160366543738,0.390625,,,,1.6776235753367406,"matched 21-name option universe, not the ALL-27 book; rebuilt live from cesare/d1_bkm_rerun.py"
Cesare,"Phase 3 D1 rerun (null, model-free)",U21_clean_proxy,daily_net,STRESS,euro_2011,2011-07-01,2012-12-31,392.0,-0.10275514794914686,-0.17712226763700767,-0.05279539356027746,0.4872448979591837,-0.5100843298787191,-0.06222354760729754,0.121986785248024,1.370577670259063,"matched 21-name option universe, not the ALL-27 book; rebuilt live from cesare/d1_bkm_rerun.py"
Cesare,"Phase 3 D1 rerun (null, model-free)",U21_clean_proxy,daily_net,STRESS,gfc_2008,2008-09-01,2009-06-30,217.0,-0.07944867288339807,-0.16706002543090614,-0.05839135232545366,0.5069124423963134,-0.5590801809117131,-0.08462428298568399,0.1513634106071941,1.0318523376992572,"matched 21-name option universe, not the ALL-27 book; rebuilt live from cesare/d1_bkm_rerun.py"
Cesare,"Phase 3 D1 rerun (null, model-free)",U21_clean_proxy,daily_net,STRESS,oil_2026,2026-02-01,2026-05-31,85.0,-0.006581038753874724,-0.05524227150950922,-0.014817013331270437,0.5411764705882353,,,,0.06680993163405387,"matched 21-name option universe, not the ALL-27 book; rebuilt live from cesare/d1_bkm_rerun.py"
Cesare,"Phase 3 D1 rerun (null, model-free)",U21_clean_proxy,daily_net,STRESS,rates_2022,2022-01-01,2022-10-31,216.0,0.04228184156959913,-0.09702351736479387,-0.0184096843011245,0.5277777777777778,0.5455660232438919,0.05301837700134165,0.0971804964797819,-0.6434917698552816,"matched 21-name option universe, not the ALL-27 book; rebuilt live from cesare/d1_bkm_rerun.py"
Cesare,"Phase 3 D1 rerun (null, model-free)",U21_clean_proxy,daily_net,STRESS,semis_2026,2026-04-01,2026-06-30,65.0,-0.007873232315371292,-0.046357008556730306,-0.014817013331270437,0.47692307692307695,,,,0.08865185558006192,"matched 21-name option universe, not the ALL-27 book; rebuilt live from cesare/d1_bkm_rerun.py"
Cesare,"Phase 3 D1 rerun (null, model-free)",U21_clean_proxy,daily_net,STRESS,taper_2013,2013-05-01,2013-09-30,109.0,-0.15728843423875438,-0.213717462824202,-0.04038613046342743,0.45871559633027525,,,,2.355725900418262,"matched 21-name option universe, not the ALL-27 book; rebuilt live from cesare/d1_bkm_rerun.py"
Cesare,"Phase 3 D1 rerun (null, model-free)",U21_iskew_bkm,daily_net,ERAS,GFC 2008-09,2008-09-01,2009-06-30,217.0,-0.08348330222157663,-0.15221040541965347,-0.04565078783490655,0.5023041474654378,-0.5905595746906366,-0.08967567316456337,0.15184864831213649,-0.9695843636403755,"matched 21-name option universe, not the ALL-27 book; rebuilt live from cesare/d1_bkm_rerun.py"
Cesare,"Phase 3 D1 rerun (null, model-free)",U21_iskew_bkm,daily_net,ERAS,calm 2017-19,2017-01-01,2019-12-31,782.0,-0.1759400088052825,-0.2788556117383849,-0.048136335347585046,0.5115089514066496,-0.517690975858999,-0.056399603123868616,0.10894453593726522,-2.1975260132501178,"matched 21-name option universe, not the ALL-27 book; rebuilt live from cesare/d1_bkm_rerun.py"
Cesare,"Phase 3 D1 rerun (null, model-free)",U21_iskew_bkm,daily_net,ERAS,covid 2020,2020-01-01,2020-12-31,262.0,-0.07227711601490394,-0.17684407561044613,-0.0436562692304155,0.5152671755725191,-0.5024342863798376,-0.06403964539923719,0.12745874860702394,-0.8359906757639686,"matched 21-name option universe, not the ALL-27 book; rebuilt live from cesare/d1_bkm_rerun.py"
Cesare,"Phase 3 D1 rerun (null, model-free)",U21_iskew_bkm,daily_net,ERAS,euro crisis 2011-12,2011-07-01,2012-12-31,392.0,-0.07308843753223837,-0.12937866499687556,-0.03138274350535126,0.46683673469387754,-0.41220815968877017,-0.04327837239852718,0.10499154706496756,-0.8452948253428344,"matched 21-name option universe, not the ALL-27 book; rebuilt live from cesare/d1_bkm_rerun.py"
Cesare,"Phase 3 D1 rerun (null, model-free)",U21_iskew_bkm,daily_net,ERAS,pre-crisis 2007-08,2007-05-01,2008-08-31,349.0,0.05987877417849141,-0.15233234610106627,-0.039597771922196046,0.5501432664756447,0.41770612893885506,0.048808001962869565,0.11684770364002538,0.8487263391550504,"matched 21-name option universe, not the ALL-27 book; rebuilt live from cesare/d1_bkm_rerun.py"
Cesare,"Phase 3 D1 rerun (null, model-free)",U21_iskew_bkm,daily_net,ERAS,recent 2024-26,2024-01-01,2026-06-30,652.0,0.6719504452781266,-0.11883264055925602,-0.05107019342705127,0.5751533742331288,1.750852421278089,0.2056542207640894,0.11745948331497051,6.680922697375414,"matched 21-name option universe, not the ALL-27 book; rebuilt live from cesare/d1_bkm_rerun.py"
Cesare,"Phase 3 D1 rerun (null, model-free)",U21_iskew_bkm,daily_net,ERAS,recovery 2009-11,2009-07-01,2011-06-30,522.0,0.06813556003763721,-0.12521638924906953,-0.05021195371119464,0.5383141762452107,0.3156596272420651,0.0397325851822865,0.12587160901580036,1.0334002205715795,"matched 21-name option universe, not the ALL-27 book; rebuilt live from cesare/d1_bkm_rerun.py"
Cesare,"Phase 3 D1 rerun (null, model-free)",U21_iskew_bkm,daily_net,ERAS,taper + EM 2013-16,2013-01-01,2016-12-31,1044.0,-0.21773440694471602,-0.27019557677755957,-0.06118332968829113,0.5134099616858238,-0.4351956332875519,-0.05207329669734939,0.11965491543188898,-2.7087367230723642,"matched 21-name option universe, not the ALL-27 book; rebuilt live from cesare/d1_bkm_rerun.py"
Cesare,"Phase 3 D1 rerun (null, model-free)",U21_iskew_bkm,daily_net,ERAS,tightening 2021-23,2021-01-01,2023-12-31,781.0,-0.020249844597410416,-0.1580284088803734,-0.043677115486503944,0.5364916773367477,-0.0013419917017768442,-0.00015204567271778757,0.11329851929521902,-0.005916656032381632,"matched 21-name option universe, not the ALL-27 book; rebuilt live from cesare/d1_bkm_rerun.py"
Cesare,"Phase 3 D1 rerun (null, model-free)",U21_iskew_bkm,daily_net,STRESS,china_em_2015,2015-06-01,2016-02-29,196.0,-0.10840814393622622,-0.14661312538924465,-0.04447029835036526,0.5357142857142857,-1.0869687319074137,-0.13926512228192234,0.12812247325416598,-1.3600336691457022,"matched 21-name option universe, not the ALL-27 book; rebuilt live from cesare/d1_bkm_rerun.py"
Cesare,"Phase 3 D1 rerun (null, model-free)",U21_iskew_bkm,daily_net,STRESS,covid_2020,2020-02-01,2020-04-30,64.0,-0.09915634474475765,-0.14943402342174494,-0.0436562692304155,0.515625,,,,-1.250688218714209,"matched 21-name option universe, not the ALL-27 book; rebuilt live from cesare/d1_bkm_rerun.py"
Cesare,"Phase 3 D1 rerun (null, model-free)",U21_iskew_bkm,daily_net,STRESS,euro_2011,2011-07-01,2012-12-31,392.0,-0.07308843753223837,-0.12937866499687556,-0.03138274350535126,0.46683673469387754,-0.41220815968877017,-0.04327837239852718,0.10499154706496756,-0.8452948253428344,"matched 21-name option universe, not the ALL-27 book; rebuilt live from cesare/d1_bkm_rerun.py"
Cesare,"Phase 3 D1 rerun (null, model-free)",U21_iskew_bkm,daily_net,STRESS,gfc_2008,2008-09-01,2009-06-30,217.0,-0.08348330222157663,-0.15221040541965347,-0.04565078783490655,0.5023041474654378,-0.5905595746906366,-0.08967567316456337,0.15184864831213649,-0.9695843636403755,"matched 21-name option universe, not the ALL-27 book; rebuilt live from cesare/d1_bkm_rerun.py"
Cesare,"Phase 3 D1 rerun (null, model-free)",U21_iskew_bkm,daily_net,STRESS,oil_2026,2026-02-01,2026-05-31,85.0,0.10095800938029775,-0.02580339683873678,-0.025433574316388888,0.5882352941176471,,,,1.2334951396450082,"matched 21-name option universe, not the ALL-27 book; rebuilt live from cesare/d1_bkm_rerun.py"
Cesare,"Phase 3 D1 rerun (null, model-free)",U21_iskew_bkm,daily_net,STRESS,rates_2022,2022-01-01,2022-10-31,216.0,0.054881562141011475,-0.09305263596043734,-0.021269943597602762,0.5231481481481481,0.7071724767910409,0.0667780739419905,0.0944296846011478,0.7186854683220817,"matched 21-name option universe, not the ALL-27 book; rebuilt live from cesare/d1_bkm_rerun.py"
Cesare,"Phase 3 D1 rerun (null, model-free)",U21_iskew_bkm,daily_net,STRESS,semis_2026,2026-04-01,2026-06-30,65.0,0.10123240356699448,-0.01917204721101695,-0.01260793988336062,0.6461538461538462,,,,1.220601420853154,"matched 21-name option universe, not the ALL-27 book; rebuilt live from cesare/d1_bkm_rerun.py"
Cesare,"Phase 3 D1 rerun (null, model-free)",U21_iskew_bkm,daily_net,STRESS,taper_2013,2013-05-01,2013-09-30,109.0,-0.09589170916761336,-0.1598243257976285,-0.02947433175751915,0.44036697247706424,,,,-1.2062594214769897,"matched 21-name option universe, not the ALL-27 book; rebuilt live from cesare/d1_bkm_rerun.py"
Cesare,"Phase 3 D1 rerun (null, model-free)",U21_iskew_proxy,daily_net,ERAS,GFC 2008-09,2008-09-01,2009-06-30,217.0,-0.0797790694704743,-0.15090637599839007,-0.05147704145029679,0.5253456221198156,-0.601065755563069,-0.08623261412787048,0.14346619039557348,-0.23930483821742973,"matched 21-name option universe, not the ALL-27 book; rebuilt live from cesare/d1_bkm_rerun.py"
Cesare,"Phase 3 D1 rerun (null, model-free)",U21_iskew_proxy,daily_net,ERAS,calm 2017-19,2017-01-01,2019-12-31,782.0,-0.15273895088026423,-0.2298847603092321,-0.050776037129848905,0.5179028132992327,-0.4358062883355738,-0.04746239522130524,0.10890709127344872,-0.47465340196071076,"matched 21-name option universe, not the ALL-27 book; rebuilt live from cesare/d1_bkm_rerun.py"
Cesare,"Phase 3 D1 rerun (null, model-free)",U21_iskew_proxy,daily_net,ERAS,covid 2020,2020-01-01,2020-12-31,262.0,-0.0969660872074184,-0.1941701286115064,-0.03777392027522169,0.49236641221374045,-0.714715956900703,-0.09014865134622482,0.12613213749577634,-0.3020513065867008,"matched 21-name option universe, not the ALL-27 book; rebuilt live from cesare/d1_bkm_rerun.py"
Cesare,"Phase 3 D1 rerun (null, model-free)",U21_iskew_proxy,daily_net,ERAS,euro crisis 2011-12,2011-07-01,2012-12-31,392.0,-0.1153273801068998,-0.14270657150635624,-0.03940408947406314,0.4387755102040816,-0.6516526721805449,-0.07256065833942156,0.11134866998491817,-0.363753746360809,"matched 21-name option universe, not the ALL-27 book; rebuilt live from cesare/d1_bkm_rerun.py"
Cesare,"Phase 3 D1 rerun (null, model-free)",U21_iskew_proxy,daily_net,ERAS,pre-crisis 2007-08,2007-05-01,2008-08-31,349.0,-0.022562456133539244,-0.22152690436707612,-0.04885142709045832,0.5444126074498568,-0.0518086666311831,-0.007091366983588119,0.13687607585175524,-0.03165013606814785,"matched 21-name option universe, not the ALL-27 book; rebuilt live from cesare/d1_bkm_rerun.py"
Cesare,"Phase 3 D1 rerun (null, model-free)",U21_iskew_proxy,daily_net,ERAS,recent 2024-26,2024-01-01,2026-06-30,652.0,0.9202494713905065,-0.08629643317018332,-0.046775184917743,0.598159509202454,2.3264870702234797,0.2584824796122597,0.11110419779269615,2.155256186599467,"matched 21-name option universe, not the ALL-27 book; rebuilt live from cesare/d1_bkm_rerun.py"
Cesare,"Phase 3 D1 rerun (null, model-free)",U21_iskew_proxy,daily_net,ERAS,recovery 2009-11,2009-07-01,2011-06-30,522.0,0.10538751095044452,-0.12059706372688528,-0.04631862381806807,0.5325670498084292,0.4659156712494238,0.055443608323361274,0.11899923472134089,0.37011968450184357,"matched 21-name option universe, not the ALL-27 book; rebuilt live from cesare/d1_bkm_rerun.py"
Cesare,"Phase 3 D1 rerun (null, model-free)",U21_iskew_proxy,daily_net,ERAS,taper + EM 2013-16,2013-01-01,2016-12-31,1044.0,-0.0864702574241224,-0.1964769157781261,-0.08182982538958256,0.5124521072796935,-0.12182772847070499,-0.014594805939063793,0.11979872006374392,-0.19485834825277248,"matched 21-name option universe, not the ALL-27 book; rebuilt live from cesare/d1_bkm_rerun.py"
Cesare,"Phase 3 D1 rerun (null, model-free)",U21_iskew_proxy,daily_net,ERAS,tightening 2021-23,2021-01-01,2023-12-31,781.0,0.0035221310725288557,-0.21134973192284812,-0.06908162748208371,0.5467349551856594,0.06898544944244978,0.00809944606587607,0.11740803504705626,0.08089590634526042,"matched 21-name option universe, not the ALL-27 book; rebuilt live from cesare/d1_bkm_rerun.py"
Cesare,"Phase 3 D1 rerun (null, model-free)",U21_iskew_proxy,daily_net,STRESS,china_em_2015,2015-06-01,2016-02-29,196.0,-0.10698562435249792,-0.1376566902467019,-0.04519336971423034,0.5306122448979592,-1.1128267789090034,-0.13776209760666422,0.12379473626769105,-0.34530750035741076,"matched 21-name option universe, not the ALL-27 book; rebuilt live from cesare/d1_bkm_rerun.py"
Cesare,"Phase 3 D1 rerun (null, model-free)",U21_iskew_proxy,daily_net,STRESS,covid_2020,2020-02-01,2020-04-30,64.0,-0.11171383978712279,-0.16130345680499403,-0.03777392027522169,0.46875,,,,-0.3672966498587548,"matched 21-name option universe, not the ALL-27 book; rebuilt live from cesare/d1_bkm_rerun.py"
Cesare,"Phase 3 D1 rerun (null, model-free)",U21_iskew_proxy,daily_net,STRESS,euro_2011,2011-07-01,2012-12-31,392.0,-0.1153273801068998,-0.14270657150635624,-0.03940408947406314,0.4387755102040816,-0.6516526721805449,-0.07256065833942156,0.11134866998491817,-0.363753746360809,"matched 21-name option universe, not the ALL-27 book; rebuilt live from cesare/d1_bkm_rerun.py"
Cesare,"Phase 3 D1 rerun (null, model-free)",U21_iskew_proxy,daily_net,STRESS,gfc_2008,2008-09-01,2009-06-30,217.0,-0.0797790694704743,-0.15090637599839007,-0.05147704145029679,0.5253456221198156,-0.601065755563069,-0.08623261412787048,0.14346619039557348,-0.23930483821742973,"matched 21-name option universe, not the ALL-27 book; rebuilt live from cesare/d1_bkm_rerun.py"
Cesare,"Phase 3 D1 rerun (null, model-free)",U21_iskew_proxy,daily_net,STRESS,oil_2026,2026-02-01,2026-05-31,85.0,0.11594026236258448,-0.024988282564171627,-0.024614899563558716,0.5882352941176471,,,,0.3602830752601295,"matched 21-name option universe, not the ALL-27 book; rebuilt live from cesare/d1_bkm_rerun.py"
Cesare,"Phase 3 D1 rerun (null, model-free)",U21_iskew_proxy,daily_net,STRESS,rates_2022,2022-01-01,2022-10-31,216.0,0.07402241045527114,-0.07692793866425662,-0.020066814253572835,0.5231481481481481,0.9256066830746136,0.0878028025661248,0.09485973272628907,0.2425394134395099,"matched 21-name option universe, not the ALL-27 book; rebuilt live from cesare/d1_bkm_rerun.py"
Cesare,"Phase 3 D1 rerun (null, model-free)",U21_iskew_proxy,daily_net,STRESS,semis_2026,2026-04-01,2026-06-30,65.0,0.09364478585450042,-0.018982822309459024,-0.012482191747320806,0.6461538461538462,,,,0.2909013563706514,"matched 21-name option universe, not the ALL-27 book; rebuilt live from cesare/d1_bkm_rerun.py"
Cesare,"Phase 3 D1 rerun (null, model-free)",U21_iskew_proxy,daily_net,STRESS,taper_2013,2013-05-01,2013-09-30,109.0,-0.08184583423182346,-0.11468798332224606,-0.019880481371467133,0.42201834862385323,,,,-0.2651751680190759,"matched 21-name option universe, not the ALL-27 book; rebuilt live from cesare/d1_bkm_rerun.py"
Cesare,"Phase 3 D1 rerun (null, model-free)",U21_srp_bkm,daily_net,ERAS,GFC 2008-09,2008-09-01,2009-06-30,217.0,-0.17230250634181676,-0.1778586440483526,-0.033341348674723714,0.4838709677419355,-1.682020377174186,-0.21163504131273855,0.12582192474284284,1.3706331042069773,"matched 21-name option universe, not the ALL-27 book; rebuilt live from cesare/d1_bkm_rerun.py"
Cesare,"Phase 3 D1 rerun (null, model-free)",U21_srp_bkm,daily_net,ERAS,calm 2017-19,2017-01-01,2019-12-31,782.0,-0.09859573253318166,-0.24298897231386263,-0.025207674735195154,0.49232736572890023,-0.2801088570318221,-0.028336294914047475,0.1011617241036698,0.6613383730842499,"matched 21-name option universe, not the ALL-27 book; rebuilt live from cesare/d1_bkm_rerun.py"
Cesare,"Phase 3 D1 rerun (null, model-free)",U21_srp_bkm,daily_net,ERAS,covid 2020,2020-01-01,2020-12-31,262.0,-0.14861238172039515,-0.2150535790467777,-0.05185679978599435,0.4618320610687023,-1.1473906279590924,-0.14652029575303896,0.12769870363475097,1.1457054624152778,"matched 21-name option universe, not the ALL-27 book; rebuilt live from cesare/d1_bkm_rerun.py"
Cesare,"Phase 3 D1 rerun (null, model-free)",U21_srp_bkm,daily_net,ERAS,euro crisis 2011-12,2011-07-01,2012-12-31,392.0,-0.04391437420997191,-0.12734596047787605,-0.02375446636885125,0.4897959183673469,-0.22058626205892515,-0.023301597621704945,0.10563485415732914,0.2726124408373399,"matched 21-name option universe, not the ALL-27 book; rebuilt live from cesare/d1_bkm_rerun.py"
Cesare,"Phase 3 D1 rerun (null, model-free)",U21_srp_bkm,daily_net,ERAS,pre-crisis 2007-08,2007-05-01,2008-08-31,260.0,-0.04231175100817508,-0.16089616307318022,-0.024202176058790624,0.4807692307692308,-0.3252595841804358,-0.03585418145382413,0.11023251334520011,0.2782191796885576,"matched 21-name option universe, not the ALL-27 book; rebuilt live from cesare/d1_bkm_rerun.py"
Cesare,"Phase 3 D1 rerun (null, model-free)",U21_srp_bkm,daily_net,ERAS,recent 2024-26,2024-01-01,2026-06-30,652.0,0.04523504608057305,-0.15590390972460355,-0.03744570262749052,0.5398773006134969,0.2072702772833518,0.023571428858636386,0.11372315011868647,-0.4586774727911642,"matched 21-name option universe, not the ALL-27 book; rebuilt live from cesare/d1_bkm_rerun.py"
Cesare,"Phase 3 D1 rerun (null, model-free)",U21_srp_bkm,daily_net,ERAS,recovery 2009-11,2009-07-01,2011-06-30,522.0,0.18385107340508533,-0.08119935850865767,-0.032118707372404624,0.5153256704980843,0.8432297901223471,0.0867739898770037,0.10290669387334307,-1.3518670274712545,"matched 21-name option universe, not the ALL-27 book; rebuilt live from cesare/d1_bkm_rerun.py"
Cesare,"Phase 3 D1 rerun (null, model-free)",U21_srp_bkm,daily_net,ERAS,taper + EM 2013-16,2013-01-01,2016-12-31,1044.0,0.13811317846809557,-0.22059136641515975,-0.06669735723774653,0.5047892720306514,0.32393464941517347,0.03821262430077734,0.1179639917179771,-1.1906421935556952,"matched 21-name option universe, not the ALL-27 book; rebuilt live from cesare/d1_bkm_rerun.py"
Cesare,"Phase 3 D1 rerun (null, model-free)",U21_srp_bkm,daily_net,ERAS,tightening 2021-23,2021-01-01,2023-12-31,781.0,-0.05386486703123228,-0.22602598346997227,-0.04209863279023761,0.5364916773367477,-0.10551736262491526,-0.011698370533579042,0.11086678289300576,0.2726781335857109,"matched 21-name option universe, not the ALL-27 book; rebuilt live from cesare/d1_bkm_rerun.py"
Cesare,"Phase 3 D1 rerun (null, model-free)",U21_srp_bkm,daily_net,STRESS,china_em_2015,2015-06-01,2016-02-29,196.0,-0.14917222074889602,-0.1754656164662366,-0.04244175681517789,0.4387755102040816,-1.696657923133076,-0.20062056440061296,0.11824455694059045,1.1735603418984395,"matched 21-name option universe, not the ALL-27 book; rebuilt live from cesare/d1_bkm_rerun.py"
Cesare,"Phase 3 D1 rerun (null, model-free)",U21_srp_bkm,daily_net,STRESS,covid_2020,2020-02-01,2020-04-30,64.0,-0.10165813304197002,-0.15006078688068647,-0.05185679978599435,0.5,,,,0.7656276602663618,"matched 21-name option universe, not the ALL-27 book; rebuilt live from cesare/d1_bkm_rerun.py"
Cesare,"Phase 3 D1 rerun (null, model-free)",U21_srp_bkm,daily_net,STRESS,euro_2011,2011-07-01,2012-12-31,392.0,-0.04391437420997191,-0.12734596047787605,-0.02375446636885125,0.4897959183673469,-0.22058626205892515,-0.023301597621704945,0.10563485415732914,0.2726124408373399,"matched 21-name option universe, not the ALL-27 book; rebuilt live from cesare/d1_bkm_rerun.py"
Cesare,"Phase 3 D1 rerun (null, model-free)",U21_srp_bkm,daily_net,STRESS,gfc_2008,2008-09-01,2009-06-30,217.0,-0.17230250634181676,-0.1778586440483526,-0.033341348674723714,0.4838709677419355,-1.682020377174186,-0.21163504131273855,0.12582192474284284,1.3706331042069773,"matched 21-name option universe, not the ALL-27 book; rebuilt live from cesare/d1_bkm_rerun.py"
Cesare,"Phase 3 D1 rerun (null, model-free)",U21_srp_bkm,daily_net,STRESS,oil_2026,2026-02-01,2026-05-31,85.0,-0.061339574764561866,-0.09028273569492606,-0.031056047305259397,0.4588235294117647,,,,0.4562506239257297,"matched 21-name option universe, not the ALL-27 book; rebuilt live from cesare/d1_bkm_rerun.py"
Cesare,"Phase 3 D1 rerun (null, model-free)",U21_srp_bkm,daily_net,STRESS,rates_2022,2022-01-01,2022-10-31,216.0,0.030965375657226124,-0.13826785539797892,-0.024111362489510388,0.5601851851851852,0.41067847111536404,0.04040846515219243,0.09839440826407785,-0.26049537185080024,"matched 21-name option universe, not the ALL-27 book; rebuilt live from cesare/d1_bkm_rerun.py"
Cesare,"Phase 3 D1 rerun (null, model-free)",U21_srp_bkm,daily_net,STRESS,semis_2026,2026-04-01,2026-06-30,65.0,-0.007842747077806078,-0.0285869367181939,-0.014675865238347687,0.5230769230769231,,,,0.055397208582103216,"matched 21-name option universe, not the ALL-27 book; rebuilt live from cesare/d1_bkm_rerun.py"
Cesare,"Phase 3 D1 rerun (null, model-free)",U21_srp_bkm,daily_net,STRESS,taper_2013,2013-05-01,2013-09-30,109.0,-0.011877743752763958,-0.0974716959083769,-0.03537667240839177,0.4954128440366973,,,,0.061895768928344315,"matched 21-name option universe, not the ALL-27 book; rebuilt live from cesare/d1_bkm_rerun.py"
Cesare,"Phase 3 D1 rerun (null, model-free)",U21_srp_proxy,daily_net,ERAS,GFC 2008-09,2008-09-01,2009-06-30,217.0,-0.15745044734011227,-0.18675198964397066,-0.03284137721908967,0.42857142857142855,-1.5792139705656614,-0.1915524182156429,0.1212960509379425,0.843846765567017,"matched 21-name option universe, not the ALL-27 book; rebuilt live from cesare/d1_bkm_rerun.py"
Cesare,"Phase 3 D1 rerun (null, model-free)",U21_srp_proxy,daily_net,ERAS,calm 2017-19,2017-01-01,2019-12-31,782.0,-0.18519224570816473,-0.254251867567865,-0.04947559747640215,0.4961636828644501,-0.5605910206784213,-0.060213277813252364,0.10741035013436871,0.9559061147305881,"matched 21-name option universe, not the ALL-27 book; rebuilt live from cesare/d1_bkm_rerun.py"
Cesare,"Phase 3 D1 rerun (null, model-free)",U21_srp_proxy,daily_net,ERAS,covid 2020,2020-01-01,2020-12-31,262.0,-0.1658882964441386,-0.20868027910762776,-0.05278562229537129,0.46946564885496184,-1.3643734091776512,-0.16691577069302882,0.12233877439287971,0.8877994682902126,"matched 21-name option universe, not the ALL-27 book; rebuilt live from cesare/d1_bkm_rerun.py"
Cesare,"Phase 3 D1 rerun (null, model-free)",U21_srp_proxy,daily_net,ERAS,euro crisis 2011-12,2011-07-01,2012-12-31,392.0,-0.040693838953648975,-0.11399625769248078,-0.022811524051598225,0.4846938775510204,-0.20406328686624822,-0.02128142782463187,0.10428837127660608,0.169356958976581,"matched 21-name option universe, not the ALL-27 book; rebuilt live from cesare/d1_bkm_rerun.py"
Cesare,"Phase 3 D1 rerun (null, model-free)",U21_srp_proxy,daily_net,ERAS,pre-crisis 2007-08,2007-05-01,2008-08-31,260.0,-0.004806576468611157,-0.14074415206583446,-0.02986588701028145,0.5038461538461538,0.01480252826365396,0.0016699430543093284,0.1128147181728203,-0.008814368987193982,"matched 21-name option universe, not the ALL-27 book; rebuilt live from cesare/d1_bkm_rerun.py"
Cesare,"Phase 3 D1 rerun (null, model-free)",U21_srp_proxy,daily_net,ERAS,recent 2024-26,2024-01-01,2026-06-30,652.0,0.12174583522014748,-0.14839502426164686,-0.041340200747435475,0.5383435582822086,0.43841116787157774,0.05123421773546557,0.11686339557498095,-0.678147121357219,"matched 21-name option universe, not the ALL-27 book; rebuilt live from cesare/d1_bkm_rerun.py"
Cesare,"Phase 3 D1 rerun (null, model-free)",U21_srp_proxy,daily_net,ERAS,recovery 2009-11,2009-07-01,2011-06-30,522.0,0.061070245940306966,-0.10049216312229481,-0.02618760340189672,0.5114942528735632,0.332702030493124,0.033755864574052,0.1014597492056774,-0.35771401519524837,"matched 21-name option universe, not the ALL-27 book; rebuilt live from cesare/d1_bkm_rerun.py"
Cesare,"Phase 3 D1 rerun (null, model-free)",U21_srp_proxy,daily_net,ERAS,taper + EM 2013-16,2013-01-01,2016-12-31,1044.0,0.17319268976878166,-0.17473759571588088,-0.06676268881256665,0.5105363984674329,0.40008618996396733,0.04486753144708252,0.11214466425627785,-0.9509307510477654,"matched 21-name option universe, not the ALL-27 book; rebuilt live from cesare/d1_bkm_rerun.py"
Cesare,"Phase 3 D1 rerun (null, model-free)",U21_srp_proxy,daily_net,ERAS,tightening 2021-23,2021-01-01,2023-12-31,781.0,-0.04420529057599765,-0.19934003899249841,-0.046845412172343934,0.5352112676056338,-0.08106311149752227,-0.008747816344809515,0.10791365126759161,0.1386969490230283,"matched 21-name option universe, not the ALL-27 book; rebuilt live from cesare/d1_bkm_rerun.py"
Cesare,"Phase 3 D1 rerun (null, model-free)",U21_srp_proxy,daily_net,STRESS,china_em_2015,2015-06-01,2016-02-29,196.0,-0.12291716986481527,-0.14269871975079618,-0.03227835110360939,0.4846938775510204,-1.5049594200514391,-0.16273011890792005,0.10812924038998871,0.6475006822672975,"matched 21-name option universe, not the ALL-27 book; rebuilt live from cesare/d1_bkm_rerun.py"
Cesare,"Phase 3 D1 rerun (null, model-free)",U21_srp_proxy,daily_net,STRESS,covid_2020,2020-02-01,2020-04-30,64.0,-0.10020803674705414,-0.15245553365643172,-0.05278562229537129,0.5,,,,0.5185813833901989,"matched 21-name option universe, not the ALL-27 book; rebuilt live from cesare/d1_bkm_rerun.py"
Cesare,"Phase 3 D1 rerun (null, model-free)",U21_srp_proxy,daily_net,STRESS,euro_2011,2011-07-01,2012-12-31,392.0,-0.040693838953648975,-0.11399625769248078,-0.022811524051598225,0.4846938775510204,-0.20406328686624822,-0.02128142782463187,0.10428837127660608,0.169356958976581,"matched 21-name option universe, not the ALL-27 book; rebuilt live from cesare/d1_bkm_rerun.py"
Cesare,"Phase 3 D1 rerun (null, model-free)",U21_srp_proxy,daily_net,STRESS,gfc_2008,2008-09-01,2009-06-30,217.0,-0.15745044734011227,-0.18675198964397066,-0.03284137721908967,0.42857142857142855,-1.5792139705656614,-0.1915524182156429,0.1212960509379425,0.843846765567017,"matched 21-name option universe, not the ALL-27 book; rebuilt live from cesare/d1_bkm_rerun.py"
Cesare,"Phase 3 D1 rerun (null, model-free)",U21_srp_proxy,daily_net,STRESS,oil_2026,2026-02-01,2026-05-31,85.0,-0.045259006912198974,-0.07687627804303443,-0.03090457590131232,0.4588235294117647,,,,0.22095389087197512,"matched 21-name option universe, not the ALL-27 book; rebuilt live from cesare/d1_bkm_rerun.py"
Cesare,"Phase 3 D1 rerun (null, model-free)",U21_srp_proxy,daily_net,STRESS,rates_2022,2022-01-01,2022-10-31,216.0,0.05824072571913175,-0.1068768526590752,-0.020120127245582424,0.5925925925925926,0.7199280092386308,0.07088427375821676,0.09846022497885774,-0.3108278057268677,"matched 21-name option universe, not the ALL-27 book; rebuilt live from cesare/d1_bkm_rerun.py"
Cesare,"Phase 3 D1 rerun (null, model-free)",U21_srp_proxy,daily_net,STRESS,semis_2026,2026-04-01,2026-06-30,65.0,-0.03169610964129932,-0.05388780855435149,-0.01803348651956322,0.5230769230769231,,,,0.1595907322124735,"matched 21-name option universe, not the ALL-27 book; rebuilt live from cesare/d1_bkm_rerun.py"
Cesare,"Phase 3 D1 rerun (null, model-free)",U21_srp_proxy,daily_net,STRESS,taper_2013,2013-05-01,2013-09-30,109.0,-0.00358883377199426,-0.08862616957246272,-0.020550714435971798,0.5045871559633027,,,,0.005253337559891073,"matched 21-name option universe, not the ALL-27 book; rebuilt live from cesare/d1_bkm_rerun.py"
Cesare,Phase 3 D2 vol risk premium (qualified positive),carry,monthly_uncosted,ERAS,GFC 2008-09,2008-09-01,2009-06-30,10.0,-0.0591311403556231,-0.0753935382711465,-0.0797180689895706,0.7,,,,,MONTHLY and GROSS OF OPTION BID/ASK (mids only); no annualised ratio at any window length. Not comparable to the daily_net rows. source: cesare/outputs/p3_d2_by_episode.csv
Cesare,Phase 3 D2 vol risk premium (qualified positive),carry,monthly_uncosted,ERAS,calm 2017-19,2017-01-01,2019-12-31,36.0,0.0591900740611865,-0.1421349890363422,-0.111804641906816,0.5555555555555556,,,,,MONTHLY and GROSS OF OPTION BID/ASK (mids only); no annualised ratio at any window length. Not comparable to the daily_net rows. source: cesare/outputs/p3_d2_by_episode.csv
Cesare,Phase 3 D2 vol risk premium (qualified positive),carry,monthly_uncosted,ERAS,covid 2020,2020-01-01,2020-12-31,12.0,-0.1630717778480572,-0.2183245814758794,-0.1397677790987685,0.5,,,,,MONTHLY and GROSS OF OPTION BID/ASK (mids only); no annualised ratio at any window length. Not comparable to the daily_net rows. source: cesare/outputs/p3_d2_by_episode.csv
Cesare,Phase 3 D2 vol risk premium (qualified positive),carry,monthly_uncosted,ERAS,euro crisis 2011-12,2011-07-01,2012-12-31,18.0,-0.0509508740301412,-0.1291107061239779,-0.0529935155172378,0.4444444444444444,,,,,MONTHLY and GROSS OF OPTION BID/ASK (mids only); no annualised ratio at any window length. Not comparable to the daily_net rows. source: cesare/outputs/p3_d2_by_episode.csv
Cesare,Phase 3 D2 vol risk premium (qualified positive),carry,monthly_uncosted,ERAS,pre-crisis 2007-08,2007-05-01,2008-08-31,16.0,0.2391575666316179,-0.0841491173492087,-0.0635853779990404,0.6875,,,,,MONTHLY and GROSS OF OPTION BID/ASK (mids only); no annualised ratio at any window length. Not comparable to the daily_net rows. source: cesare/outputs/p3_d2_by_episode.csv
Cesare,Phase 3 D2 vol risk premium (qualified positive),carry,monthly_uncosted,ERAS,recent 2024-26,2024-01-01,2026-06-30,30.0,0.7092875638921106,-0.0905486091897567,-0.0535947725248229,0.7666666666666667,,,,,MONTHLY and GROSS OF OPTION BID/ASK (mids only); no annualised ratio at any window length. Not comparable to the daily_net rows. source: cesare/outputs/p3_d2_by_episode.csv
Cesare,Phase 3 D2 vol risk premium (qualified positive),carry,monthly_uncosted,ERAS,recovery 2009-11,2009-07-01,2011-06-30,24.0,0.0636320508769983,-0.0601006389483782,-0.0377896697341454,0.4166666666666667,,,,,MONTHLY and GROSS OF OPTION BID/ASK (mids only); no annualised ratio at any window length. Not comparable to the daily_net rows. source: cesare/outputs/p3_d2_by_episode.csv
Cesare,Phase 3 D2 vol risk premium (qualified positive),carry,monthly_uncosted,ERAS,taper + EM 2013-16,2013-01-01,2016-12-31,48.0,0.1170833055617186,-0.1666830321116617,-0.0507729435485483,0.5208333333333334,,,,,MONTHLY and GROSS OF OPTION BID/ASK (mids only); no annualised ratio at any window length. Not comparable to the daily_net rows. source: cesare/outputs/p3_d2_by_episode.csv
Cesare,Phase 3 D2 vol risk premium (qualified positive),carry,monthly_uncosted,ERAS,tightening 2021-23,2021-01-01,2023-12-31,36.0,0.247232857081884,-0.1558784168766864,-0.1003257448136801,0.6111111111111112,,,,,MONTHLY and GROSS OF OPTION BID/ASK (mids only); no annualised ratio at any window length. Not comparable to the daily_net rows. source: cesare/outputs/p3_d2_by_episode.csv
Cesare,Phase 3 D2 vol risk premium (qualified positive),carry,monthly_uncosted,STRESS,china_em_2015,2015-06-01,2016-02-29,9.0,-0.0518847845100843,-0.046541798223136,-0.0292067251182093,0.3333333333333333,,,,,MONTHLY and GROSS OF OPTION BID/ASK (mids only); no annualised ratio at any window length. Not comparable to the daily_net rows. source: cesare/outputs/p3_d2_by_episode.csv
Cesare,Phase 3 D2 vol risk premium (qualified positive),carry,monthly_uncosted,STRESS,covid_2020,2020-02-01,2020-04-30,3.0,-0.1961865010455714,-0.1397677790987685,-0.1397677790987685,0.3333333333333333,,,,,MONTHLY and GROSS OF OPTION BID/ASK (mids only); no annualised ratio at any window length. Not comparable to the daily_net rows. source: cesare/outputs/p3_d2_by_episode.csv
Cesare,Phase 3 D2 vol risk premium (qualified positive),carry,monthly_uncosted,STRESS,euro_2011,2011-07-01,2012-12-31,18.0,-0.0509508740301412,-0.1291107061239779,-0.0529935155172378,0.4444444444444444,,,,,MONTHLY and GROSS OF OPTION BID/ASK (mids only); no annualised ratio at any window length. Not comparable to the daily_net rows. source: cesare/outputs/p3_d2_by_episode.csv
Cesare,Phase 3 D2 vol risk premium (qualified positive),carry,monthly_uncosted,STRESS,gfc_2008,2008-09-01,2009-06-30,10.0,-0.0591311403556231,-0.0753935382711465,-0.0797180689895706,0.7,,,,,MONTHLY and GROSS OF OPTION BID/ASK (mids only); no annualised ratio at any window length. Not comparable to the daily_net rows. source: cesare/outputs/p3_d2_by_episode.csv
Cesare,Phase 3 D2 vol risk premium (qualified positive),carry,monthly_uncosted,STRESS,oil_2026,2026-02-01,2026-05-31,4.0,0.1007486528886894,0.0,0.0003007678838204,1.0,,,,,MONTHLY and GROSS OF OPTION BID/ASK (mids only); no annualised ratio at any window length. Not comparable to the daily_net rows. source: cesare/outputs/p3_d2_by_episode.csv
Cesare,Phase 3 D2 vol risk premium (qualified positive),carry,monthly_uncosted,STRESS,rates_2022,2022-01-01,2022-10-31,10.0,0.2554309382923307,-0.0008230577484932,-0.0008230577484932,0.9,,,,,MONTHLY and GROSS OF OPTION BID/ASK (mids only); no annualised ratio at any window length. Not comparable to the daily_net rows. source: cesare/outputs/p3_d2_by_episode.csv
Cesare,Phase 3 D2 vol risk premium (qualified positive),carry,monthly_uncosted,STRESS,semis_2026,2026-04-01,2026-06-30,3.0,0.1168042666554121,0.0,0.0003007678838204,1.0,,,,,MONTHLY and GROSS OF OPTION BID/ASK (mids only); no annualised ratio at any window length. Not comparable to the daily_net rows. source: cesare/outputs/p3_d2_by_episode.csv
Cesare,Phase 3 D2 vol risk premium (qualified positive),carry,monthly_uncosted,STRESS,taper_2013,2013-05-01,2013-09-30,5.0,-0.1285559057814608,-0.1049826339112681,-0.0507729435485483,0.2,,,,,MONTHLY and GROSS OF OPTION BID/ASK (mids only); no annualised ratio at any window length. Not comparable to the daily_net rows. source: cesare/outputs/p3_d2_by_episode.csv
Cesare,Phase 3 D2 vol risk premium (qualified positive),carry+short_vol,monthly_uncosted,ERAS,GFC 2008-09,2008-09-01,2009-06-30,10.0,-0.0809743200279684,-0.0560214800831964,-0.098235857669973,0.7,,,,,MONTHLY and GROSS OF OPTION BID/ASK (mids only); no annualised ratio at any window length. Not comparable to the daily_net rows. source: cesare/outputs/p3_d2_by_episode.csv
Cesare,Phase 3 D2 vol risk premium (qualified positive),carry+short_vol,monthly_uncosted,ERAS,calm 2017-19,2017-01-01,2019-12-31,36.0,0.3776733869222273,-0.1270712285130015,-0.1270712285130015,0.75,,,,,MONTHLY and GROSS OF OPTION BID/ASK (mids only); no annualised ratio at any window length. Not comparable to the daily_net rows. source: cesare/outputs/p3_d2_by_episode.csv
Cesare,Phase 3 D2 vol risk premium (qualified positive),carry+short_vol,monthly_uncosted,ERAS,covid 2020,2020-01-01,2020-12-31,12.0,-0.1399295105323872,-0.180327641046554,-0.1497884887007939,0.5,,,,,MONTHLY and GROSS OF OPTION BID/ASK (mids only); no annualised ratio at any window length. Not comparable to the daily_net rows. source: cesare/outputs/p3_d2_by_episode.csv
Cesare,Phase 3 D2 vol risk premium (qualified positive),carry+short_vol,monthly_uncosted,ERAS,euro crisis 2011-12,2011-07-01,2012-12-31,18.0,0.2708696193125999,-0.1102022069103009,-0.0954950983734805,0.7222222222222222,,,,,MONTHLY and GROSS OF OPTION BID/ASK (mids only); no annualised ratio at any window length. Not comparable to the daily_net rows. source: cesare/outputs/p3_d2_by_episode.csv
Cesare,Phase 3 D2 vol risk premium (qualified positive),carry+short_vol,monthly_uncosted,ERAS,pre-crisis 2007-08,2007-05-01,2008-08-31,7.0,0.0442414420370991,-0.0631083589733828,-0.0631083589733828,0.8571428571428571,,,,,MONTHLY and GROSS OF OPTION BID/ASK (mids only); no annualised ratio at any window length. Not comparable to the daily_net rows. source: cesare/outputs/p3_d2_by_episode.csv
Cesare,Phase 3 D2 vol risk premium (qualified positive),carry+short_vol,monthly_uncosted,ERAS,recent 2024-26,2024-01-01,2026-06-30,30.0,0.9656237330716884,-0.1156478852961327,-0.1109001758107222,0.8333333333333334,,,,,MONTHLY and GROSS OF OPTION BID/ASK (mids only); no annualised ratio at any window length. Not comparable to the daily_net rows. source: cesare/outputs/p3_d2_by_episode.csv
Cesare,Phase 3 D2 vol risk premium (qualified positive),carry+short_vol,monthly_uncosted,ERAS,recovery 2009-11,2009-07-01,2011-06-30,24.0,0.543405014574952,-0.1017446259797902,-0.1017446259797902,0.7083333333333334,,,,,MONTHLY and GROSS OF OPTION BID/ASK (mids only); no annualised ratio at any window length. Not comparable to the daily_net rows. source: cesare/outputs/p3_d2_by_episode.csv
Cesare,Phase 3 D2 vol risk premium (qualified positive),carry+short_vol,monthly_uncosted,ERAS,taper + EM 2013-16,2013-01-01,2016-12-31,48.0,0.4564394888611474,-0.1612672464496168,-0.107129938531206,0.75,,,,,MONTHLY and GROSS OF OPTION BID/ASK (mids only); no annualised ratio at any window length. Not comparable to the daily_net rows. source: cesare/outputs/p3_d2_by_episode.csv
Cesare,Phase 3 D2 vol risk premium (qualified positive),carry+short_vol,monthly_uncosted,ERAS,tightening 2021-23,2021-01-01,2023-12-31,36.0,0.7262343548677295,-0.1547412094615869,-0.1357792377368133,0.75,,,,,MONTHLY and GROSS OF OPTION BID/ASK (mids only); no annualised ratio at any window length. Not comparable to the daily_net rows. source: cesare/outputs/p3_d2_by_episode.csv
Cesare,Phase 3 D2 vol risk premium (qualified positive),carry+short_vol,monthly_uncosted,STRESS,china_em_2015,2015-06-01,2016-02-29,9.0,-0.0686581130088788,-0.1083471777475076,-0.107129938531206,0.5555555555555556,,,,,MONTHLY and GROSS OF OPTION BID/ASK (mids only); no annualised ratio at any window length. Not comparable to the daily_net rows. source: cesare/outputs/p3_d2_by_episode.csv
Cesare,Phase 3 D2 vol risk premium (qualified positive),carry+short_vol,monthly_uncosted,STRESS,covid_2020,2020-02-01,2020-04-30,3.0,-0.1781273405763775,-0.1497884887007938,-0.1497884887007939,0.3333333333333333,,,,,MONTHLY and GROSS OF OPTION BID/ASK (mids only); no annualised ratio at any window length. Not comparable to the daily_net rows. source: cesare/outputs/p3_d2_by_episode.csv
Cesare,Phase 3 D2 vol risk premium (qualified positive),carry+short_vol,monthly_uncosted,STRESS,euro_2011,2011-07-01,2012-12-31,18.0,0.2708696193125999,-0.1102022069103009,-0.0954950983734805,0.7222222222222222,,,,,MONTHLY and GROSS OF OPTION BID/ASK (mids only); no annualised ratio at any window length. Not comparable to the daily_net rows. source: cesare/outputs/p3_d2_by_episode.csv
Cesare,Phase 3 D2 vol risk premium (qualified positive),carry+short_vol,monthly_uncosted,STRESS,gfc_2008,2008-09-01,2009-06-30,10.0,-0.0809743200279684,-0.0560214800831964,-0.098235857669973,0.7,,,,,MONTHLY and GROSS OF OPTION BID/ASK (mids only); no annualised ratio at any window length. Not comparable to the daily_net rows. source: cesare/outputs/p3_d2_by_episode.csv
Cesare,Phase 3 D2 vol risk premium (qualified positive),carry+short_vol,monthly_uncosted,STRESS,oil_2026,2026-02-01,2026-05-31,4.0,0.178403896870019,0.0,0.0204555852639868,1.0,,,,,MONTHLY and GROSS OF OPTION BID/ASK (mids only); no annualised ratio at any window length. Not comparable to the daily_net rows. source: cesare/outputs/p3_d2_by_episode.csv
Cesare,Phase 3 D2 vol risk premium (qualified positive),carry+short_vol,monthly_uncosted,STRESS,rates_2022,2022-01-01,2022-10-31,10.0,0.1579011803852579,-0.0234701601360192,-0.0119662855300606,0.8,,,,,MONTHLY and GROSS OF OPTION BID/ASK (mids only); no annualised ratio at any window length. Not comparable to the daily_net rows. source: cesare/outputs/p3_d2_by_episode.csv
Cesare,Phase 3 D2 vol risk premium (qualified positive),carry+short_vol,monthly_uncosted,STRESS,semis_2026,2026-04-01,2026-06-30,3.0,0.2732656371239748,0.0,0.0204555852639868,1.0,,,,,MONTHLY and GROSS OF OPTION BID/ASK (mids only); no annualised ratio at any window length. Not comparable to the daily_net rows. source: cesare/outputs/p3_d2_by_episode.csv
Cesare,Phase 3 D2 vol risk premium (qualified positive),carry+short_vol,monthly_uncosted,STRESS,taper_2013,2013-05-01,2013-09-30,5.0,-0.0903069684802911,-0.0387756282577552,-0.0701358326407911,0.4,,,,,MONTHLY and GROSS OF OPTION BID/ASK (mids only); no annualised ratio at any window length. Not comparable to the daily_net rows. source: cesare/outputs/p3_d2_by_episode.csv
Cesare,Phase 3 D2 vol risk premium (qualified positive),short_vol,monthly_uncosted,ERAS,GFC 2008-09,2008-09-01,2009-06-30,10.0,-0.0674608345795494,-0.0882886590417347,-0.1057208360023202,0.8,,,,,MONTHLY and GROSS OF OPTION BID/ASK (mids only); no annualised ratio at any window length. Not comparable to the daily_net rows. source: cesare/outputs/p3_d2_by_episode.csv
Cesare,Phase 3 D2 vol risk premium (qualified positive),short_vol,monthly_uncosted,ERAS,calm 2017-19,2017-01-01,2019-12-31,36.0,0.8226888492844082,-0.0874594450028329,-0.087459445002833,0.6944444444444444,,,,,MONTHLY and GROSS OF OPTION BID/ASK (mids only); no annualised ratio at any window length. Not comparable to the daily_net rows. source: cesare/outputs/p3_d2_by_episode.csv
Cesare,Phase 3 D2 vol risk premium (qualified positive),short_vol,monthly_uncosted,ERAS,covid 2020,2020-01-01,2020-12-31,12.0,-0.1397704170190611,-0.2263854175120085,-0.2176001285871611,0.75,,,,,MONTHLY and GROSS OF OPTION BID/ASK (mids only); no annualised ratio at any window length. Not comparable to the daily_net rows. source: cesare/outputs/p3_d2_by_episode.csv
Cesare,Phase 3 D2 vol risk premium (qualified positive),short_vol,monthly_uncosted,ERAS,euro crisis 2011-12,2011-07-01,2012-12-31,18.0,0.6364528274509293,-0.0999359172359457,-0.0933204411442284,0.8888888888888888,,,,,MONTHLY and GROSS OF OPTION BID/ASK (mids only); no annualised ratio at any window length. Not comparable to the daily_net rows. source: cesare/outputs/p3_d2_by_episode.csv
Cesare,Phase 3 D2 vol risk premium (qualified positive),short_vol,monthly_uncosted,ERAS,pre-crisis 2007-08,2007-05-01,2008-08-31,13.0,0.1744474640605664,-0.0441689873635287,-0.0620813816734207,0.7692307692307693,,,,,MONTHLY and GROSS OF OPTION BID/ASK (mids only); no annualised ratio at any window length. Not comparable to the daily_net rows. source: cesare/outputs/p3_d2_by_episode.csv
Cesare,Phase 3 D2 vol risk premium (qualified positive),short_vol,monthly_uncosted,ERAS,recent 2024-26,2024-01-01,2026-06-30,30.0,1.0271910836688505,-0.1198286095253168,-0.1198286095253168,0.8666666666666667,,,,,MONTHLY and GROSS OF OPTION BID/ASK (mids only); no annualised ratio at any window length. Not comparable to the daily_net rows. source: cesare/outputs/p3_d2_by_episode.csv
Cesare,Phase 3 D2 vol risk premium (qualified positive),short_vol,monthly_uncosted,ERAS,recovery 2009-11,2009-07-01,2011-06-30,24.0,0.6002000527300748,-0.1796789125811678,-0.1796789125811678,0.875,,,,,MONTHLY and GROSS OF OPTION BID/ASK (mids only); no annualised ratio at any window length. Not comparable to the daily_net rows. source: cesare/outputs/p3_d2_by_episode.csv
Cesare,Phase 3 D2 vol risk premium (qualified positive),short_vol,monthly_uncosted,ERAS,taper + EM 2013-16,2013-01-01,2016-12-31,48.0,0.4073480023067999,-0.2305265632429832,-0.1791647410611203,0.75,,,,,MONTHLY and GROSS OF OPTION BID/ASK (mids only); no annualised ratio at any window length. Not comparable to the daily_net rows. source: cesare/outputs/p3_d2_by_episode.csv
Cesare,Phase 3 D2 vol risk premium (qualified positive),short_vol,monthly_uncosted,ERAS,tightening 2021-23,2021-01-01,2023-12-31,36.0,0.9981646192443938,-0.0573874950087806,-0.0437135995713015,0.75,,,,,MONTHLY and GROSS OF OPTION BID/ASK (mids only); no annualised ratio at any window length. Not comparable to the daily_net rows. source: cesare/outputs/p3_d2_by_episode.csv
Cesare,Phase 3 D2 vol risk premium (qualified positive),short_vol,monthly_uncosted,STRESS,china_em_2015,2015-06-01,2016-02-29,9.0,-0.073308140130725,-0.1791647410611203,-0.1791647410611203,0.7777777777777778,,,,,MONTHLY and GROSS OF OPTION BID/ASK (mids only); no annualised ratio at any window length. Not comparable to the daily_net rows. source: cesare/outputs/p3_d2_by_episode.csv
Cesare,Phase 3 D2 vol risk premium (qualified positive),short_vol,monthly_uncosted,STRESS,covid_2020,2020-02-01,2020-04-30,3.0,-0.2172474688077459,-0.2176001285871611,-0.2176001285871611,0.3333333333333333,,,,,MONTHLY and GROSS OF OPTION BID/ASK (mids only); no annualised ratio at any window length. Not comparable to the daily_net rows. source: cesare/outputs/p3_d2_by_episode.csv
Cesare,Phase 3 D2 vol risk premium (qualified positive),short_vol,monthly_uncosted,STRESS,euro_2011,2011-07-01,2012-12-31,18.0,0.6364528274509293,-0.0999359172359457,-0.0933204411442284,0.8888888888888888,,,,,MONTHLY and GROSS OF OPTION BID/ASK (mids only); no annualised ratio at any window length. Not comparable to the daily_net rows. source: cesare/outputs/p3_d2_by_episode.csv
Cesare,Phase 3 D2 vol risk premium (qualified positive),short_vol,monthly_uncosted,STRESS,gfc_2008,2008-09-01,2009-06-30,10.0,-0.0674608345795494,-0.0882886590417347,-0.1057208360023202,0.8,,,,,MONTHLY and GROSS OF OPTION BID/ASK (mids only); no annualised ratio at any window length. Not comparable to the daily_net rows. source: cesare/outputs/p3_d2_by_episode.csv
Cesare,Phase 3 D2 vol risk premium (qualified positive),short_vol,monthly_uncosted,STRESS,oil_2026,2026-02-01,2026-05-31,4.0,0.1728665175184185,0.0,0.0046136141926333,1.0,,,,,MONTHLY and GROSS OF OPTION BID/ASK (mids only); no annualised ratio at any window length. Not comparable to the daily_net rows. source: cesare/outputs/p3_d2_by_episode.csv
Cesare,Phase 3 D2 vol risk premium (qualified positive),short_vol,monthly_uncosted,STRESS,rates_2022,2022-01-01,2022-10-31,10.0,0.0552054068167824,-0.0546343674496974,-0.0259921271546659,0.6,,,,,MONTHLY and GROSS OF OPTION BID/ASK (mids only); no annualised ratio at any window length. Not comparable to the daily_net rows. source: cesare/outputs/p3_d2_by_episode.csv
Cesare,Phase 3 D2 vol risk premium (qualified positive),short_vol,monthly_uncosted,STRESS,semis_2026,2026-04-01,2026-06-30,3.0,0.1702006245077161,0.0,0.0425205833070975,1.0,,,,,MONTHLY and GROSS OF OPTION BID/ASK (mids only); no annualised ratio at any window length. Not comparable to the daily_net rows. source: cesare/outputs/p3_d2_by_episode.csv
Cesare,Phase 3 D2 vol risk premium (qualified positive),short_vol,monthly_uncosted,STRESS,taper_2013,2013-05-01,2013-09-30,5.0,-0.0171925608040327,-0.0291526999067559,-0.0786455034027562,0.6,,,,,MONTHLY and GROSS OF OPTION BID/ASK (mids only); no annualised ratio at any window length. Not comparable to the daily_net rows. source: cesare/outputs/p3_d2_by_episode.csv
Cesare,Phase 3 D2 vol risk premium (qualified positive),vrp_xs,monthly_uncosted,ERAS,GFC 2008-09,2008-09-01,2009-06-30,10.0,0.4037047179738242,0.0,0.0064699035561125,1.0,,,,,MONTHLY and GROSS OF OPTION BID/ASK (mids only); no annualised ratio at any window length. Not comparable to the daily_net rows. source: cesare/outputs/p3_d2_by_episode.csv
Cesare,Phase 3 D2 vol risk premium (qualified positive),vrp_xs,monthly_uncosted,ERAS,calm 2017-19,2017-01-01,2019-12-31,36.0,0.0570207553607502,-0.1060127294088834,-0.0847378010662484,0.5555555555555556,,,,,MONTHLY and GROSS OF OPTION BID/ASK (mids only); no annualised ratio at any window length. Not comparable to the daily_net rows. source: cesare/outputs/p3_d2_by_episode.csv
Cesare,Phase 3 D2 vol risk premium (qualified positive),vrp_xs,monthly_uncosted,ERAS,covid 2020,2020-01-01,2020-12-31,12.0,0.2439240781721858,-0.009557754023921,-0.009557754023921,0.75,,,,,MONTHLY and GROSS OF OPTION BID/ASK (mids only); no annualised ratio at any window length. Not comparable to the daily_net rows. source: cesare/outputs/p3_d2_by_episode.csv
Cesare,Phase 3 D2 vol risk premium (qualified positive),vrp_xs,monthly_uncosted,ERAS,euro crisis 2011-12,2011-07-01,2012-12-31,18.0,0.5440556112085997,-0.013481749583015,-0.013481749583015,0.7777777777777778,,,,,MONTHLY and GROSS OF OPTION BID/ASK (mids only); no annualised ratio at any window length. Not comparable to the daily_net rows. source: cesare/outputs/p3_d2_by_episode.csv
Cesare,Phase 3 D2 vol risk premium (qualified positive),vrp_xs,monthly_uncosted,ERAS,pre-crisis 2007-08,2007-05-01,2008-08-31,13.0,0.5399852346860641,-0.0282524938718246,-0.0191181245639708,0.8461538461538461,,,,,MONTHLY and GROSS OF OPTION BID/ASK (mids only); no annualised ratio at any window length. Not comparable to the daily_net rows. source: cesare/outputs/p3_d2_by_episode.csv
Cesare,Phase 3 D2 vol risk premium (qualified positive),vrp_xs,monthly_uncosted,ERAS,recent 2024-26,2024-01-01,2026-06-30,30.0,1.05762498625332,-0.034229772146782,-0.0237560448390817,0.7333333333333333,,,,,MONTHLY and GROSS OF OPTION BID/ASK (mids only); no annualised ratio at any window length. Not comparable to the daily_net rows. source: cesare/outputs/p3_d2_by_episode.csv
Cesare,Phase 3 D2 vol risk premium (qualified positive),vrp_xs,monthly_uncosted,ERAS,recovery 2009-11,2009-07-01,2011-06-30,24.0,0.875340431680885,-0.0221601382695165,-0.0202083514730461,0.8333333333333334,,,,,MONTHLY and GROSS OF OPTION BID/ASK (mids only); no annualised ratio at any window length. Not comparable to the daily_net rows. source: cesare/outputs/p3_d2_by_episode.csv
Cesare,Phase 3 D2 vol risk premium (qualified positive),vrp_xs,monthly_uncosted,ERAS,taper + EM 2013-16,2013-01-01,2016-12-31,48.0,0.8480233639948678,-0.2191519917279853,-0.0833742779071527,0.6875,,,,,MONTHLY and GROSS OF OPTION BID/ASK (mids only); no annualised ratio at any window length. Not comparable to the daily_net rows. source: cesare/outputs/p3_d2_by_episode.csv
Cesare,Phase 3 D2 vol risk premium (qualified positive),vrp_xs,monthly_uncosted,ERAS,tightening 2021-23,2021-01-01,2023-12-31,36.0,1.1609479957703317,-0.0441353412582868,-0.0412657727113421,0.75,,,,,MONTHLY and GROSS OF OPTION BID/ASK (mids only); no annualised ratio at any window length. Not comparable to the daily_net rows. source: cesare/outputs/p3_d2_by_episode.csv
Cesare,Phase 3 D2 vol risk premium (qualified positive),vrp_xs,monthly_uncosted,STRESS,china_em_2015,2015-06-01,2016-02-29,9.0,0.258334733915855,-0.0509095461978045,-0.035936899908054,0.7777777777777778,,,,,MONTHLY and GROSS OF OPTION BID/ASK (mids only); no annualised ratio at any window length. Not comparable to the daily_net rows. source: cesare/outputs/p3_d2_by_episode.csv
Cesare,Phase 3 D2 vol risk premium (qualified positive),vrp_xs,monthly_uncosted,STRESS,covid_2020,2020-02-01,2020-04-30,3.0,0.0918281006771346,-0.0095577540239212,-0.009557754023921,0.6666666666666666,,,,,MONTHLY and GROSS OF OPTION BID/ASK (mids only); no annualised ratio at any window length. Not comparable to the daily_net rows. source: cesare/outputs/p3_d2_by_episode.csv
Cesare,Phase 3 D2 vol risk premium (qualified positive),vrp_xs,monthly_uncosted,STRESS,euro_2011,2011-07-01,2012-12-31,18.0,0.5440556112085997,-0.013481749583015,-0.013481749583015,0.7777777777777778,,,,,MONTHLY and GROSS OF OPTION BID/ASK (mids only); no annualised ratio at any window length. Not comparable to the daily_net rows. source: cesare/outputs/p3_d2_by_episode.csv
Cesare,Phase 3 D2 vol risk premium (qualified positive),vrp_xs,monthly_uncosted,STRESS,gfc_2008,2008-09-01,2009-06-30,10.0,0.4037047179738242,0.0,0.0064699035561125,1.0,,,,,MONTHLY and GROSS OF OPTION BID/ASK (mids only); no annualised ratio at any window length. Not comparable to the daily_net rows. source: cesare/outputs/p3_d2_by_episode.csv
Cesare,Phase 3 D2 vol risk premium (qualified positive),vrp_xs,monthly_uncosted,STRESS,oil_2026,2026-02-01,2026-05-31,4.0,0.1549584366736238,0.0,0.0064236862476192,1.0,,,,,MONTHLY and GROSS OF OPTION BID/ASK (mids only); no annualised ratio at any window length. Not comparable to the daily_net rows. source: cesare/outputs/p3_d2_by_episode.csv
Cesare,Phase 3 D2 vol risk premium (qualified positive),vrp_xs,monthly_uncosted,STRESS,rates_2022,2022-01-01,2022-10-31,10.0,0.3449057061651166,-0.0082495263643748,-0.0082495263643748,0.9,,,,,MONTHLY and GROSS OF OPTION BID/ASK (mids only); no annualised ratio at any window length. Not comparable to the daily_net rows. source: cesare/outputs/p3_d2_by_episode.csv
Cesare,Phase 3 D2 vol risk premium (qualified positive),vrp_xs,monthly_uncosted,STRESS,semis_2026,2026-04-01,2026-06-30,3.0,0.1648943301569339,0.0,0.0064236862476192,1.0,,,,,MONTHLY and GROSS OF OPTION BID/ASK (mids only); no annualised ratio at any window length. Not comparable to the daily_net rows. source: cesare/outputs/p3_d2_by_episode.csv
Cesare,Phase 3 D2 vol risk premium (qualified positive),vrp_xs,monthly_uncosted,STRESS,taper_2013,2013-05-01,2013-09-30,5.0,-0.113648543707896,-0.0667114071249928,-0.0535895311864005,0.4,,,,,MONTHLY and GROSS OF OPTION BID/ASK (mids only); no annualised ratio at any window length. Not comparable to the daily_net rows. source: cesare/outputs/p3_d2_by_episode.csv
Cesare,Stages 1-6 and Phase 3 D3,(no per-window table),missing,,,,,,,,,,,,,,"the per-window standard is prospective (plan §19.2) -- closed stages were deliberately not retrofitted, because re-running six stages x seven variants x seventeen windows would consume the runway and produce nothing new"
Dafu,P4-C components,VIX percentile gate (p80 / 756d),daily_net,ERAS,GFC 2008-09,2008-09-01,2009-06-30,217.0,-0.0936109140286977,-0.1781896476585691,-0.0402511930187669,0.5161290322580645,-0.8118881610482898,-0.1056307648840768,0.1301050685942865,-0.093345225460397,source: cesare/outputs/p4_component_by_episode.csv
Dafu,P4-C components,VIX percentile gate (p80 / 756d),daily_net,ERAS,calm 2017-19,2017-01-01,2019-12-31,782.0,0.039957046159134,-0.153074300371046,-0.0363732860181878,0.5230179028132992,0.1784429732575724,0.0173710651052637,0.0973479918438121,0.055319105831833,source: cesare/outputs/p4_component_by_episode.csv
Dafu,P4-C components,VIX percentile gate (p80 / 756d),daily_net,ERAS,covid 2020,2020-01-01,2020-12-31,262.0,-0.1034740221940587,-0.1915106084388109,-0.0381055203606018,0.4923664122137404,-1.1484209073393652,-0.1011487333517963,0.0880763600744046,-0.1079204358295764,source: cesare/outputs/p4_component_by_episode.csv
Dafu,P4-C components,VIX percentile gate (p80 / 756d),daily_net,ERAS,euro crisis 2011-12,2011-07-01,2012-12-31,392.0,-0.0342467334962902,-0.175372303494941,-0.0490595446782844,0.5153061224489796,-0.1352305302242478,-0.0156724883588636,0.1158946011146636,-0.0250187710893568,source: cesare/outputs/p4_component_by_episode.csv
Dafu,P4-C components,VIX percentile gate (p80 / 756d),daily_net,ERAS,pre-crisis 2007-08,2007-05-01,2008-08-31,349.0,0.2391575666316192,-0.0841491173492076,-0.0268770482285155,0.5501432664756447,1.438267029443672,0.1611410531241289,0.1120383418553779,0.2290200869187299,source: cesare/outputs/p4_component_by_episode.csv
Dafu,P4-C components,VIX percentile gate (p80 / 756d),daily_net,ERAS,recent 2024-26,2024-01-01,2026-06-30,652.0,0.6596942693523411,-0.1107326824417597,-0.0417769719687692,0.593558282208589,1.924086323904004,0.2013711012502695,0.1046580388564293,0.534671076804139,source: cesare/outputs/p4_component_by_episode.csv
Dafu,P4-C components,VIX percentile gate (p80 / 756d),daily_net,ERAS,recovery 2009-11,2009-07-01,2011-06-30,522.0,0.0636320508769976,-0.0925280821694796,-0.0295753008816775,0.5076628352490421,0.3452154865520408,0.034883561540273,0.1010486577200943,0.0741537763350717,source: cesare/outputs/p4_component_by_episode.csv
Dafu,P4-C components,VIX percentile gate (p80 / 756d),daily_net,ERAS,taper + EM 2013-16,2013-01-01,2016-12-31,1044.0,0.1087039134667369,-0.2297165080349731,-0.0458918102706338,0.5258620689655172,0.2838355678647208,0.0308194446284679,0.1085820387498329,0.1310289490430658,source: cesare/outputs/p4_component_by_episode.csv
Dafu,P4-C components,VIX percentile gate (p80 / 756d),daily_net,ERAS,tightening 2021-23,2021-01-01,2023-12-31,781.0,0.1981272619192975,-0.1817288196868841,-0.0352670909604092,0.5685019206145967,0.6233749742792233,0.063541129205263,0.1019308310840236,0.202091437446491,source: cesare/outputs/p4_component_by_episode.csv
Dafu,P4-C components,VIX percentile gate (p80 / 756d),daily_net,STRESS,china_em_2015,2015-06-01,2016-02-29,196.0,-0.0536749244329155,-0.0943614750042013,-0.0256766514711972,0.5204081632653061,-0.7042640686255429,-0.066475372518898,0.0943898396643077,-0.0530589683669932,source: cesare/outputs/p4_component_by_episode.csv
Dafu,P4-C components,VIX percentile gate (p80 / 756d),daily_net,STRESS,covid_2020,2020-02-01,2020-04-30,64.0,-0.133427678046877,-0.1760715156768528,-0.0381055203606018,0.4375,,,,-0.144425447024123,source: cesare/outputs/p4_component_by_episode.csv
Dafu,P4-C components,VIX percentile gate (p80 / 756d),daily_net,STRESS,euro_2011,2011-07-01,2012-12-31,392.0,-0.0342467334962902,-0.175372303494941,-0.0490595446782844,0.5153061224489796,-0.1352305302242478,-0.0156724883588636,0.1158946011146636,-0.0250187710893568,source: cesare/outputs/p4_component_by_episode.csv
Dafu,P4-C components,VIX percentile gate (p80 / 756d),daily_net,STRESS,gfc_2008,2008-09-01,2009-06-30,217.0,-0.0936109140286977,-0.1781896476585691,-0.0402511930187669,0.5161290322580645,-0.8118881610482898,-0.1056307648840768,0.1301050685942865,-0.093345225460397,source: cesare/outputs/p4_component_by_episode.csv
Dafu,P4-C components,VIX percentile gate (p80 / 756d),daily_net,STRESS,oil_2026,2026-02-01,2026-05-31,85.0,0.0875468496341302,-0.0161468545264291,-0.0132925861879848,0.6352941176470588,,,,0.0872507561603502,source: cesare/outputs/p4_component_by_episode.csv
Dafu,P4-C components,VIX percentile gate (p80 / 756d),daily_net,STRESS,rates_2022,2022-01-01,2022-10-31,216.0,0.1847574414838895,-0.0586481216030669,-0.0150948329772956,0.6064814814814815,2.4039292888370354,0.2013570155078116,0.0837616216262432,0.177117905264887,source: cesare/outputs/p4_component_by_episode.csv
Dafu,P4-C components,VIX percentile gate (p80 / 756d),daily_net,STRESS,semis_2026,2026-04-01,2026-06-30,65.0,0.0921789970274535,-0.0089135866635419,-0.0088509943068855,0.6461538461538462,,,,0.0909865809048035,source: cesare/outputs/p4_component_by_episode.csv
Dafu,P4-C components,VIX percentile gate (p80 / 756d),daily_net,STRESS,taper_2013,2013-05-01,2013-09-30,109.0,-0.1285559057814608,-0.1905674581609462,-0.0403177730931683,0.4862385321100917,,,,-0.1355691913527683,source: cesare/outputs/p4_component_by_episode.csv
Dafu,Regime switching / VIX gate (own port),(no per-window table),missing,,,,,,,,,,,,,,"dafu/outputs/headline.csv publishes whole-sample stats only, no daily series, so no window table can be built from it"
Oleg,Macro event studies,(no per-window table),missing,,,,,,,,,,,,,,no outputs committed; must consume the same frozen windows (plan §19.2)
Theo,FX options / skew filter (own port),(no per-window table),missing,,,,,,,,,,,,,,"results are parquet-only, no committed daily net series"
Theo,P4-C components,Bad-skew exclusion (XS top quintile),daily_net,ERAS,GFC 2008-09,2008-09-01,2009-06-30,217.0,-0.0160983888514383,-0.0503331731466086,-0.0153689025752355,0.5069124423963134,-0.2469560006084911,-0.0165960100968715,0.0672022953723723,-0.0184485611774831,source: cesare/outputs/p4_component_by_episode.csv
Theo,P4-C components,Bad-skew exclusion (XS top quintile),daily_net,ERAS,calm 2017-19,2017-01-01,2019-12-31,782.0,0.1289079327886455,-0.0833242788592847,-0.0199530327420243,0.5319693094629157,0.5239525889236458,0.0423374580895412,0.0808039868197139,0.1696018594197961,source: cesare/outputs/p4_component_by_episode.csv
Theo,P4-C components,Bad-skew exclusion (XS top quintile),daily_net,ERAS,covid 2020,2020-01-01,2020-12-31,262.0,-0.1126229497113519,-0.1809236520636721,-0.0301855607751779,0.4541984732824427,-1.120421665115995,-0.1100825560875011,0.0982510063085084,-0.1477470686313269,source: cesare/outputs/p4_component_by_episode.csv
Theo,P4-C components,Bad-skew exclusion (XS top quintile),daily_net,ERAS,euro crisis 2011-12,2011-07-01,2012-12-31,392.0,-0.0239894740331579,-0.1092469670230954,-0.0195924728789337,0.4923469387755102,-0.1423557308125626,-0.0120395272763298,0.0845735342554073,-0.0241765640009678,source: cesare/outputs/p4_component_by_episode.csv
Theo,P4-C components,Bad-skew exclusion (XS top quintile),daily_net,ERAS,pre-crisis 2007-08,2007-05-01,2008-08-31,349.0,0.0776411746805147,-0.0665153961942192,-0.0193236009010384,0.5300859598853869,0.8632645107871968,0.0561039284055087,0.0649904261144112,0.1003038897543264,source: cesare/outputs/p4_component_by_episode.csv
Theo,P4-C components,Bad-skew exclusion (XS top quintile),daily_net,ERAS,recent 2024-26,2024-01-01,2026-06-30,652.0,0.1785134457865513,-0.1362950316621324,-0.0298479740512586,0.5260736196319018,0.7029195025227059,0.0681954920077305,0.0970174988216771,0.2277730510471302,source: cesare/outputs/p4_component_by_episode.csv
Theo,P4-C components,Bad-skew exclusion (XS top quintile),daily_net,ERAS,recovery 2009-11,2009-07-01,2011-06-30,522.0,-0.0603038299086798,-0.1400916276720941,-0.0311902945750191,0.475095785440613,-0.292313381842679,-0.026058026646706,0.0891441455141122,-0.0696804751351346,source: cesare/outputs/p4_component_by_episode.csv
Theo,P4-C components,Bad-skew exclusion (XS top quintile),daily_net,ERAS,taper + EM 2013-16,2013-01-01,2016-12-31,1044.0,0.3546646786031038,-0.1691628427498925,-0.0433085720642936,0.514367816091954,0.7733427878440156,0.0784319876398046,0.1014194337526097,0.4194621671572697,source: cesare/outputs/p4_component_by_episode.csv
Theo,P4-C components,Bad-skew exclusion (XS top quintile),daily_net,ERAS,tightening 2021-23,2021-01-01,2023-12-31,781.0,0.2883386169248028,-0.1160959349711371,-0.0262815069868672,0.5556978233034571,0.9641316074665394,0.0857101381094856,0.0888987949837131,0.34291170156639,source: cesare/outputs/p4_component_by_episode.csv
Theo,P4-C components,Bad-skew exclusion (XS top quintile),daily_net,STRESS,china_em_2015,2015-06-01,2016-02-29,196.0,-0.0157469844491536,-0.0723480921887969,-0.024127072671267,0.4795918367346938,-0.1594030589096309,-0.0156182328339171,0.0979795051660299,-0.0156814797219481,source: cesare/outputs/p4_component_by_episode.csv
Theo,P4-C components,Bad-skew exclusion (XS top quintile),daily_net,STRESS,covid_2020,2020-02-01,2020-04-30,64.0,-0.0750466203248618,-0.1257308437889683,-0.0301855607751779,0.484375,,,,-0.0971157257890655,source: cesare/outputs/p4_component_by_episode.csv
Theo,P4-C components,Bad-skew exclusion (XS top quintile),daily_net,STRESS,euro_2011,2011-07-01,2012-12-31,392.0,-0.0239894740331579,-0.1092469670230954,-0.0195924728789337,0.4923469387755102,-0.1423557308125626,-0.0120395272763298,0.0845735342554073,-0.0241765640009678,source: cesare/outputs/p4_component_by_episode.csv
Theo,P4-C components,Bad-skew exclusion (XS top quintile),daily_net,STRESS,gfc_2008,2008-09-01,2009-06-30,217.0,-0.0160983888514383,-0.0503331731466086,-0.0153689025752355,0.5069124423963134,-0.2469560006084911,-0.0165960100968715,0.0672022953723723,-0.0184485611774831,source: cesare/outputs/p4_component_by_episode.csv
Theo,P4-C components,Bad-skew exclusion (XS top quintile),daily_net,STRESS,oil_2026,2026-02-01,2026-05-31,85.0,0.0142520792499825,-0.0514285306469305,-0.0210025364101568,0.4941176470588235,,,,0.0212002796599905,source: cesare/outputs/p4_component_by_episode.csv
Theo,P4-C components,Bad-skew exclusion (XS top quintile),daily_net,STRESS,rates_2022,2022-01-01,2022-10-31,216.0,0.1956966624956335,-0.0607688099611709,-0.0199546178320992,0.6111111111111112,2.347375123609262,0.2126883994189522,0.0906069069573882,0.2353404776963316,source: cesare/outputs/p4_component_by_episode.csv
Theo,P4-C components,Bad-skew exclusion (XS top quintile),daily_net,STRESS,semis_2026,2026-04-01,2026-06-30,65.0,0.0525838165391363,-0.0453196741185178,-0.0210025364101568,0.4769230769230769,,,,0.0680388071461816,source: cesare/outputs/p4_component_by_episode.csv
Theo,P4-C components,Bad-skew exclusion (XS top quintile),daily_net,STRESS,taper_2013,2013-05-01,2013-09-30,109.0,-0.0948972331028156,-0.152675369719286,-0.0385885020740749,0.5045871559633027,,,,-0.1222343539404606,source: cesare/outputs/p4_component_by_episode.csv
Vidhi,Macro/regime gate (own port),(no per-window table),missing,,,,,,,,,,,,,,"her committed track is monthly and its returns omit the carry accrual, so a window table from it would not be comparable to any other row here"
Vidhi,P4-C components,Macro/regime probability gate,daily_net,ERAS,GFC 2008-09,2008-09-01,2009-06-30,217.0,-0.0591311403556239,-0.1781896476585691,-0.0402511930187669,0.5161290322580645,-0.4301207436021675,-0.0607782268406118,0.1413050352596515,-0.3124253803568903,source: cesare/outputs/p4_component_by_episode.csv
Vidhi,P4-C components,Macro/regime probability gate,daily_net,ERAS,calm 2017-19,2017-01-01,2019-12-31,782.0,0.0093054380806427,-0.1200729696567314,-0.0285638684965348,0.2749360613810742,0.0782750446167301,0.0051422488938462,0.0656946146632687,0.0952573277603219,source: cesare/outputs/p4_component_by_episode.csv
Vidhi,P4-C components,Macro/regime probability gate,daily_net,ERAS,covid 2020,2020-01-01,2020-12-31,262.0,-0.2073389141878056,-0.2450550008663437,-0.0381055203606018,0.2862595419847328,-2.0621073557979925,-0.2177877953014734,0.1056141886546901,-1.3516784115486555,source: cesare/outputs/p4_component_by_episode.csv
Vidhi,P4-C components,Macro/regime probability gate,daily_net,ERAS,euro crisis 2011-12,2011-07-01,2012-12-31,392.0,-0.0821145603299607,-0.1744531113017979,-0.0490595446782844,0.3928571428571428,-0.482271435761349,-0.0497376707097645,0.1031321098900352,-0.4618596875519597,source: cesare/outputs/p4_component_by_episode.csv
Vidhi,P4-C components,Macro/regime probability gate,daily_net,ERAS,pre-crisis 2007-08,2007-05-01,2008-08-31,349.0,0.2391575666316192,-0.0841491173492076,-0.0268770482285155,0.5501432664756447,1.438267029443672,0.1611410531241289,0.1120383418553779,1.3322022788842065,source: cesare/outputs/p4_component_by_episode.csv
Vidhi,P4-C components,Macro/regime probability gate,daily_net,ERAS,recent 2024-26,2024-01-01,2026-06-30,652.0,0.0285518603743584,-0.1580697177270481,-0.0341033905959076,0.299079754601227,0.1871397902704011,0.0134738579916489,0.0719988943675762,0.2081028889014465,source: cesare/outputs/p4_component_by_episode.csv
Vidhi,P4-C components,Macro/regime probability gate,daily_net,ERAS,recovery 2009-11,2009-07-01,2011-06-30,522.0,0.0636320508769976,-0.0925280821694796,-0.0295753008816775,0.5076628352490421,0.3452154865520408,0.034883561540273,0.1010486577200943,0.4313500669332473,source: cesare/outputs/p4_component_by_episode.csv
Vidhi,P4-C components,Macro/regime probability gate,daily_net,ERAS,taper + EM 2013-16,2013-01-01,2016-12-31,1044.0,0.1170702787977366,-0.1023108488925423,-0.0458918102706338,0.3113026819923372,0.3736688192913772,0.0299428450323054,0.080132040690708,0.74051201417295,source: cesare/outputs/p4_component_by_episode.csv
Vidhi,P4-C components,Macro/regime probability gate,daily_net,ERAS,tightening 2021-23,2021-01-01,2023-12-31,781.0,0.0469843838167807,-0.1058683533499383,-0.0339617749109722,0.2266325224071703,0.2487096614401925,0.0172176112682578,0.0692277540347912,0.3185389028053345,source: cesare/outputs/p4_component_by_episode.csv
Vidhi,P4-C components,Macro/regime probability gate,daily_net,STRESS,china_em_2015,2015-06-01,2016-02-29,196.0,-0.0481166418299857,-0.0811604669695618,-0.0291017757743077,0.2091836734693877,-0.8804274320972196,-0.0609961334547397,0.0692801373867283,-0.2832023970691604,source: cesare/outputs/p4_component_by_episode.csv
Vidhi,P4-C components,Macro/regime probability gate,daily_net,STRESS,covid_2020,2020-02-01,2020-04-30,64.0,-0.1969488491453104,-0.2403792299900938,-0.0381055203606018,0.4375,,,,-1.279418186603141,source: cesare/outputs/p4_component_by_episode.csv
Vidhi,P4-C components,Macro/regime probability gate,daily_net,STRESS,euro_2011,2011-07-01,2012-12-31,392.0,-0.0821145603299607,-0.1744531113017979,-0.0490595446782844,0.3928571428571428,-0.482271435761349,-0.0497376707097645,0.1031321098900352,-0.4618596875519597,source: cesare/outputs/p4_component_by_episode.csv
Vidhi,P4-C components,Macro/regime probability gate,daily_net,STRESS,gfc_2008,2008-09-01,2009-06-30,217.0,-0.0591311403556239,-0.1781896476585691,-0.0402511930187669,0.5161290322580645,-0.4301207436021675,-0.0607782268406118,0.1413050352596515,-0.3124253803568903,source: cesare/outputs/p4_component_by_episode.csv
Vidhi,P4-C components,Macro/regime probability gate,daily_net,STRESS,oil_2026,2026-02-01,2026-05-31,85.0,0.003470315855391,-0.0178833893226452,-0.0132105269764881,0.2705882352941176,,,,0.023232685362167,source: cesare/outputs/p4_component_by_episode.csv
Vidhi,P4-C components,Macro/regime probability gate,daily_net,STRESS,rates_2022,2022-01-01,2022-10-31,216.0,0.0849456575803053,-0.0683400006242493,-0.0150948329772956,0.2453703703703703,1.3675575975045728,0.0976649801564615,0.0714156247127536,0.4997251016184721,source: cesare/outputs/p4_component_by_episode.csv
Vidhi,P4-C components,Macro/regime probability gate,daily_net,STRESS,semis_2026,2026-04-01,2026-06-30,65.0,-0.0060898380577224,-0.0178833893226454,-0.0132105269764881,0.1692307692307692,,,,-0.0353565977508927,source: cesare/outputs/p4_component_by_episode.csv
Vidhi,P4-C components,Macro/regime probability gate,daily_net,STRESS,taper_2013,2013-05-01,2013-09-30,109.0,-0.0575067247273987,-0.0961863002549546,-0.0247938056642473,0.2201834862385321,,,,-0.3444505604602889,source: cesare/outputs/p4_component_by_episode.csv
