variant,window_set,window,basis,start,end,n_days,cum_return,ann_return,ann_vol,sharpe,max_drawdown,worst_day,hit_rate,cost_drag,share_pnl
add0 baseline,ERAS,pre-crisis 2007-08,gross,2007-05-01,2008-08-31,349,0.2825215845731275,0.18598017750115103,0.1119195767099718,1.6617305297990874,-0.08112899508463634,-0.02687704822851556,0.5587392550143266,0.02483912437702211,0.18464663828650746
add0 baseline,ERAS,pre-crisis 2007-08,net,2007-05-01,2008-08-31,349,0.23915756663161925,0.16114105312412896,0.1120383418553779,1.438267029443672,-0.0841491173492076,-0.02687704822851556,0.5501432664756447,0.02483912437702211,0.21566274971873672
add0 baseline,ERAS,GFC 2008-09,gross,2008-09-01,2009-06-30,217,-0.0416871277072437,-0.039425015040923994,0.1414777290563479,-0.2786658741548061,-0.17405470813793145,-0.04025119301876695,0.5345622119815668,0.021353211799687837,-0.024337777809318336
add0 baseline,ERAS,GFC 2008-09,net,2008-09-01,2009-06-30,217,-0.059131140355623946,-0.06077822684061183,0.14130503525965155,-0.43012074360216757,-0.17818964765856915,-0.04025119301876695,0.5161290322580645,0.021353211799687837,-0.05057679128587171
add0 baseline,ERAS,recovery 2009-11,gross,2009-07-01,2011-06-30,522,0.09996512222730414,0.051120725276759295,0.10124580613119044,0.5049169662446957,-0.09033227432717506,-0.029575300881677525,0.5114942528735632,0.016237163736486305,0.07591311807910987
add0 baseline,ERAS,recovery 2009-11,net,2009-07-01,2011-06-30,522,0.06363205087699764,0.03488356154027301,0.10104865772009436,0.3452154865520408,-0.09252808216947961,-0.029575300881677525,0.5076628352490421,0.016237163736486305,0.06982884131087047
add0 baseline,ERAS,euro crisis 2011-12,gross,2011-07-01,2012-12-31,392,-0.021158972285930555,-0.006699380894083592,0.11863170385158221,-0.05647209537228814,-0.17618655495335545,-0.04905954467828443,0.5153061224489796,0.019868832510356604,-0.007470850705952674
add0 baseline,ERAS,euro crisis 2011-12,net,2011-07-01,2012-12-31,392,-0.05095087403014087,-0.026568213404440207,0.11861618390106639,-0.22398472561383212,-0.18963546719139324,-0.04905954467828443,0.5153061224489796,0.019868832510356604,-0.03993851673032586
add0 baseline,ERAS,taper + EM 2013-16,gross,2013-01-01,2016-12-31,1044,0.17938430966888097,0.04619582173181822,0.11270635589724481,0.4098776982367816,-0.2203846709839774,-0.045891810270633826,0.5306513409961686,0.013066680803567512,0.13719949593451222
add0 baseline,ERAS,taper + EM 2013-16,net,2013-01-01,2016-12-31,1044,0.11708330556171442,0.033129140928250735,0.11301460073489875,0.2931403616242702,-0.22971650803497312,-0.045891810270633826,0.5268199233716475,0.013066680803567512,0.13263379210712206
add0 baseline,ERAS,calm 2017-19,gross,2017-01-01,2019-12-31,782,0.09527759100010003,0.03471043492142198,0.10370247887775574,0.3347117185341207,-0.14937841259047901,-0.03637328601818787,0.5268542199488491,0.010786615971443137,0.07721756971288242
add0 baseline,ERAS,calm 2017-19,net,2017-01-01,2019-12-31,782,0.05919007406118704,0.023923818949978838,0.10380676591546606,0.23046492913054384,-0.1620708607600838,-0.03637328601818787,0.5230179028132992,0.010786615971443137,0.0717432049492368
add0 baseline,ERAS,covid 2020,gross,2020-01-01,2020-12-31,262,-0.14563726947478084,-0.1429728800341817,0.12948079783481092,-1.1042014138388592,-0.2615754912076297,-0.03810552036060185,0.4961832061068702,0.0197991438305985,-0.10656246974156205
add0 baseline,ERAS,covid 2020,net,2020-01-01,2020-12-31,262,-0.1630717778480565,-0.1627720238647802,0.12962465219651081,-1.2557181146223484,-0.26887943686770055,-0.03810552036060185,0.49236641221374045,0.0197991438305985,-0.16354021650707296
add0 baseline,ERAS,tightening 2021-23,gross,2021-01-01,2023-12-31,781,0.32027350964941625,0.09571486305099285,0.10983684487291134,0.8714276449013209,-0.17642395829698287,-0.03526709096040925,0.5761843790012804,0.01837292512637445,0.21265702626999192
add0 baseline,ERAS,tightening 2021-23,net,2021-01-01,2023-12-31,781,0.24723285708188603,0.07734193792461841,0.10980034269242488,0.7043870358517035,-0.1817288196868836,-0.03526709096040925,0.5710627400768246,0.01837292512637445,0.23163788842300884
add0 baseline,ERAS,recent 2024-26,gross,2024-01-01,2026-06-30,652,0.8472676917457247,0.24301133683781267,0.1067510245118946,2.2764309565079204,-0.10567861723277083,-0.04177697196876925,0.6058282208588958,0.030016780830614195,0.45073724997382886
add0 baseline,ERAS,recent 2024-26,net,2024-01-01,2026-06-30,652,0.7092875638921083,0.21299455600719852,0.106878285998752,1.9928702450344837,-0.11073268244175971,-0.04177697196876925,0.593558282208589,0.030016780830614195,0.5325490480142958
add0 baseline,STRESS,gfc_2008,gross,2008-09-01,2009-06-30,217,-0.0416871277072437,-0.039425015040923994,0.1414777290563479,-0.2786658741548061,-0.17405470813793145,-0.04025119301876695,0.5345622119815668,0.021353211799687837,-0.024337777809318336
add0 baseline,STRESS,gfc_2008,net,2008-09-01,2009-06-30,217,-0.059131140355623946,-0.06077822684061183,0.14130503525965155,-0.43012074360216757,-0.17818964765856915,-0.04025119301876695,0.5161290322580645,0.021353211799687837,-0.05057679128587171
add0 baseline,STRESS,euro_2011,gross,2011-07-01,2012-12-31,392,-0.021158972285930555,-0.006699380894083592,0.11863170385158221,-0.05647209537228814,-0.17618655495335545,-0.04905954467828443,0.5153061224489796,0.019868832510356604,-0.007470850705952674
add0 baseline,STRESS,euro_2011,net,2011-07-01,2012-12-31,392,-0.05095087403014087,-0.026568213404440207,0.11861618390106639,-0.22398472561383212,-0.18963546719139324,-0.04905954467828443,0.5153061224489796,0.019868832510356604,-0.03993851673032586
add0 baseline,STRESS,taper_2013,gross,2013-05-01,2013-09-30,109,-0.1213086445929289,,,,-0.18704560075850685,-0.04031777309316834,0.48623853211009177,0.019032384847044927,-0.08880242157191856
add0 baseline,STRESS,taper_2013,net,2013-05-01,2013-09-30,109,-0.1285559057814608,,,,-0.19056745816094622,-0.04031777309316834,0.48623853211009177,0.019032384847044927,-0.1276622718017687
add0 baseline,STRESS,china_em_2015,gross,2015-06-01,2016-02-29,196,-0.04631902604762406,-0.05466462704933479,0.11238638983203475,-0.4863989948518937,-0.09805869380384757,-0.029101775774307753,0.5306122448979592,0.007507163007109273,-0.030479776716593625
add0 baseline,STRESS,china_em_2015,net,2015-06-01,2016-02-29,196,-0.05188478451008516,-0.062171790056444055,0.11253187472551728,-0.552481598730055,-0.09868561157876232,-0.029101775774307753,0.5255102040816326,0.007507163007109273,-0.04672969611326254
add0 baseline,STRESS,covid_2020,gross,2020-02-01,2020-04-30,64,-0.19044257310586532,,,,-0.23606288266495556,-0.03810552036060185,0.4375,0.027891600074519504,-0.14788732310731045
add0 baseline,STRESS,covid_2020,net,2020-02-01,2020-04-30,64,-0.19618650104557178,,,,-0.24037922999009376,-0.03810552036060185,0.4375,0.027891600074519504,-0.20619945568911735
add0 baseline,STRESS,rates_2022,gross,2022-01-01,2022-10-31,216,0.27789449583690384,0.29108270647232065,0.09864917140118645,2.950685771992402,-0.061553854247298534,-0.021880182396760452,0.6203703703703703,0.020748750560818006,0.17886257378546322
add0 baseline,STRESS,rates_2022,net,2022-01-01,2022-10-31,216,0.25543093829233166,0.2703339559115026,0.09828131016389728,2.7506140838037716,-0.0655638908629178,-0.021880182396760452,0.6157407407407407,0.020748750560818006,0.22392256715776454
add0 baseline,STRESS,oil_2026,gross,2026-02-01,2026-05-31,85,0.1094979055466383,,,,-0.017826055423339038,-0.01770198861377108,0.6470588235294118,0.023414739751940666,0.07553813158001774
add0 baseline,STRESS,oil_2026,net,2026-02-01,2026-05-31,85,0.10074865288869117,,,,-0.017826055423338927,-0.01770198861377108,0.6352941176470588,0.023414739751940666,0.09419417409653345
add0 baseline,STRESS,semis_2026,gross,2026-04-01,2026-06-30,65,0.12209194507905274,,,,-0.017826055423338816,-0.01770198861377108,0.676923076923077,0.01832156395377013,0.08330744966000185
add0 baseline,STRESS,semis_2026,net,2026-04-01,2026-06-30,65,0.11680426665541255,,,,-0.017826055423338705,-0.01770198861377108,0.6461538461538462,0.01832156395377013,0.10773267626564188
add1 +duration,ERAS,pre-crisis 2007-08,gross,2007-05-01,2008-08-31,349,0.2825215845731275,0.18598017750115103,0.1119195767099718,1.6617305297990874,-0.08112899508463634,-0.02687704822851556,0.5587392550143266,0.02483912437702211,0.1741129957187157
add1 +duration,ERAS,pre-crisis 2007-08,net,2007-05-01,2008-08-31,349,0.23915756663161925,0.16114105312412896,0.1120383418553779,1.438267029443672,-0.0841491173492076,-0.02687704822851556,0.5501432664756447,0.02483912437702211,0.1994083070009014
add1 +duration,ERAS,GFC 2008-09,gross,2008-09-01,2009-06-30,217,-0.050221253289731815,-0.04970257538795241,0.1422505902325406,-0.34940154066638573,-0.17405470813793145,-0.04025119301876695,0.5207373271889401,0.021376164450658486,-0.028931951580893504
add1 +duration,ERAS,GFC 2008-09,net,2008-09-01,2009-06-30,217,-0.06753015351804659,-0.07107873983861092,0.14208853516814918,-0.5002426110910042,-0.17818964765856915,-0.04025119301876695,0.5023041474654378,0.021376164450658486,-0.05469039689709971
add1 +duration,ERAS,recovery 2009-11,gross,2009-07-01,2011-06-30,522,0.1252209645455653,0.061534221189182406,0.09570849862690196,0.6429337213726413,-0.08270194671486275,-0.02872486089492908,0.5210727969348659,0.01623965577109867,0.08616409171979995
add1 +duration,ERAS,recovery 2009-11,net,2009-07-01,2011-06-30,522,0.08803259988193357,0.04529456541808372,0.09558055630650443,0.47388890762295494,-0.09724652246255716,-0.02872486089492908,0.5153256704980843,0.01623965577109867,0.08383555077621263
add1 +duration,ERAS,euro crisis 2011-12,gross,2011-07-01,2012-12-31,392,0.04564767017205429,0.03481809398763377,0.11069044881964671,0.3145537339392721,-0.1442346631221827,-0.04163744675910289,0.49489795918367346,0.01987081580242607,0.036612565643812454
add1 +duration,ERAS,euro crisis 2011-12,net,2011-07-01,2012-12-31,392,0.013841776771990721,0.014947278185207701,0.11058096180518813,0.13517044834119374,-0.14585003401564633,-0.04163744675910289,0.49489795918367346,0.01987081580242607,0.020775898076416686
add1 +duration,ERAS,taper + EM 2013-16,gross,2013-01-01,2016-12-31,1044,0.20570405604697806,0.051288053124414895,0.11059166102267863,0.46376058239958473,-0.23202231051891808,-0.04211619808539267,0.5306513409961686,0.013067812538165269,0.14363352385514364
add1 +duration,ERAS,taper + EM 2013-16,net,2013-01-01,2016-12-31,1044,0.1420010497397941,0.03822024058624962,0.11092080575149914,0.34457233092839357,-0.2412221315590496,-0.04211619808539267,0.5268199233716475,0.013067812538165269,0.14148341598033393
add1 +duration,ERAS,calm 2017-19,gross,2017-01-01,2019-12-31,782,0.14531495682041307,0.04887733146371948,0.10147183996952001,0.481683701393423,-0.1558211238164513,-0.036816854307167024,0.5319693094629157,0.010787208550241949,0.10253056320694881
add1 +duration,ERAS,calm 2017-19,net,2017-01-01,2019-12-31,782,0.10757205156501848,0.038090122913477534,0.10159852648149244,0.3749082219259959,-0.16441666470131822,-0.036816854307167024,0.5294117647058824,0.010787208550241949,0.10561625133050812
add1 +duration,ERAS,covid 2020,gross,2020-01-01,2020-12-31,262,-0.11220274468963765,-0.1077826781230581,0.11547564939812223,-0.9333801427819532,-0.23843114124036136,-0.03318401782026105,0.4770992366412214,0.019800538675965432,-0.07575117345884595
add1 +duration,ERAS,covid 2020,net,2020-01-01,2020-12-31,262,-0.13031009812249705,-0.12758321679902349,0.11555819573272466,-1.1040603047672324,-0.24595154484437742,-0.03318401782026105,0.4618320610687023,0.019800538675965432,-0.11852404399285196
add1 +duration,ERAS,tightening 2021-23,gross,2021-01-01,2023-12-31,781,0.20749919438370323,0.06728391968108899,0.11332646928237107,0.5937176028438714,-0.1758275450952771,-0.03834219754585641,0.5531370038412292,0.0183740968666239,0.14096179475874893
add1 +duration,ERAS,tightening 2021-23,net,2021-01-01,2023-12-31,781,0.14073051528703995,0.048909822814465084,0.11317830844260908,0.4321483815007403,-0.18112914550279502,-0.03834219754585641,0.5518565941101152,0.0183740968666239,0.1354436800262993
add1 +duration,ERAS,recent 2024-26,gross,2024-01-01,2026-06-30,652,0.8358029662698747,0.24052064221822597,0.10596792835420661,2.2697494039353656,-0.09484953994484513,-0.03929921418098236,0.598159509202454,0.03001744133988947,0.42066759013656996
add1 +duration,ERAS,recent 2024-26,net,2024-01-01,2026-06-30,652,0.6987443121666488,0.21050320087833646,0.10594841409288339,1.9868461711356196,-0.11045179953165607,-0.03929921418098236,0.588957055214724,0.03001744133988947,0.4866513376992792
add1 +duration,STRESS,gfc_2008,gross,2008-09-01,2009-06-30,217,-0.050221253289731815,-0.04970257538795241,0.1422505902325406,-0.34940154066638573,-0.17405470813793145,-0.04025119301876695,0.5207373271889401,0.021376164450658486,-0.028931951580893504
add1 +duration,STRESS,gfc_2008,net,2008-09-01,2009-06-30,217,-0.06753015351804659,-0.07107873983861092,0.14208853516814918,-0.5002426110910042,-0.17818964765856915,-0.04025119301876695,0.5023041474654378,0.021376164450658486,-0.05469039689709971
add1 +duration,STRESS,euro_2011,gross,2011-07-01,2012-12-31,392,0.04564767017205429,0.03481809398763377,0.11069044881964671,0.3145537339392721,-0.1442346631221827,-0.04163744675910289,0.49489795918367346,0.01987081580242607,0.036612565643812454
add1 +duration,STRESS,euro_2011,net,2011-07-01,2012-12-31,392,0.013841776771990721,0.014947278185207701,0.11058096180518813,0.13517044834119374,-0.14585003401564633,-0.04163744675910289,0.49489795918367346,0.01987081580242607,0.020775898076416686
add1 +duration,STRESS,taper_2013,gross,2013-05-01,2013-09-30,109,-0.1494463693993361,,,,-0.2057807393169151,-0.040906200548143555,0.45871559633027525,0.01903472177388079,-0.10588344284565517
add1 +duration,STRESS,taper_2013,net,2013-05-01,2013-09-30,109,-0.15646167143792655,,,,-0.2092227134317608,-0.040906200548143555,0.45871559633027525,0.01903472177388079,-0.1473156440702272
add1 +duration,STRESS,china_em_2015,gross,2015-06-01,2016-02-29,196,-0.027718467592017793,-0.030049705077343527,0.11040418329049473,-0.2721790441425299,-0.08442447931667107,-0.029175140594716903,0.5204081632653061,0.007508238297111652,-0.01579921060745309
add1 +duration,STRESS,china_em_2015,net,2015-06-01,2016-02-29,196,-0.03338987482703182,-0.03755794337445516,0.11051410025190733,-0.33984752433259713,-0.0850594057264602,-0.029175140594716903,0.5153061224489796,0.007508238297111652,-0.02610174219811201
add1 +duration,STRESS,covid_2020,gross,2020-02-01,2020-04-30,64,-0.16373923641390387,,,,-0.2083243239009508,-0.03318401782026105,0.421875,0.027895523652535954,-0.11860870171617026
add1 +duration,STRESS,covid_2020,net,2020-02-01,2020-04-30,64,-0.1696579539115337,,,,-0.21278323903643415,-0.03318401782026105,0.40625,0.027895523652535954,-0.1631097528341349
add1 +duration,STRESS,rates_2022,gross,2022-01-01,2022-10-31,216,0.1673542712316387,0.18584196054865684,0.10278507255483564,1.808063719072733,-0.06568376672525944,-0.02017297251480181,0.5231481481481481,0.0207498466934172,0.10768039317473897
add1 +duration,STRESS,rates_2022,net,2022-01-01,2022-10-31,216,0.1468204481001294,0.16509211385523961,0.10246794111978963,1.6111586907190758,-0.07234145405845882,-0.02017297251480181,0.5231481481481481,0.0207498466934172,0.12644210030064654
add1 +duration,STRESS,oil_2026,gross,2026-02-01,2026-05-31,85,0.10936247789388065,,,,-0.019784374751870448,-0.01787217671549429,0.611764705882353,0.02341501456016062,0.07108638004501226
add1 +duration,STRESS,oil_2026,net,2026-02-01,2026-05-31,85,0.10061483798176463,,,,-0.019784374751870448,-0.01787217671549429,0.611764705882353,0.02341501456016062,0.08690636312096058
add1 +duration,STRESS,semis_2026,gross,2026-04-01,2026-06-30,65,0.12378268853822627,,,,-0.01978437475187067,-0.01787217671549429,0.6461538461538462,0.01832166018137147,0.07959495012190132
add1 +duration,STRESS,semis_2026,net,2026-04-01,2026-06-30,65,0.11848877730842822,,,,-0.019784374751870448,-0.01787217671549429,0.6307692307692307,0.01832166018137147,0.10098754954758252
add2 +vix_gate,ERAS,pre-crisis 2007-08,gross,2007-05-01,2008-08-31,349,0.2825215845731275,0.18598017750115103,0.1119195767099718,1.6617305297990874,-0.08112899508463634,-0.02687704822851556,0.5587392550143266,0.02483912437702211,0.1821882219194887
add2 +vix_gate,ERAS,pre-crisis 2007-08,net,2007-05-01,2008-08-31,349,0.23915756663161925,0.16114105312412896,0.1120383418553779,1.438267029443672,-0.0841491173492076,-0.02687704822851556,0.5501432664756447,0.02483912437702211,0.21077498313067555
add2 +vix_gate,ERAS,GFC 2008-09,gross,2008-09-01,2009-06-30,217,-0.08890634254052543,-0.09945106673397168,0.13141573650762367,-0.756766802643931,-0.17405470813793145,-0.04025119301876695,0.5161290322580645,0.016480211148104322,-0.06057555364581053
add2 +vix_gate,ERAS,GFC 2008-09,net,2008-09-01,2009-06-30,217,-0.1017443183110337,-0.11593127788207595,0.13135834416374645,-0.8825573938231157,-0.17818964765856915,-0.04025119301876695,0.4976958525345622,0.016480211148104322,-0.09428612677309646
add2 +vix_gate,ERAS,recovery 2009-11,gross,2009-07-01,2011-06-30,522,0.1252209645455653,0.061534221189182406,0.09570849862690196,0.6429337213726413,-0.08270194671486275,-0.02872486089492908,0.5210727969348659,0.01623965577109867,0.0901603157130142
add2 +vix_gate,ERAS,recovery 2009-11,net,2009-07-01,2011-06-30,522,0.08803259988193357,0.04529456541808372,0.09558055630650443,0.47388890762295494,-0.09724652246255716,-0.02872486089492908,0.5153256704980843,0.01623965577109867,0.08861434644509185
add2 +vix_gate,ERAS,euro crisis 2011-12,gross,2011-07-01,2012-12-31,392,0.06329913383139485,0.04538398297256845,0.10889378939224771,0.416772923652149,-0.1442346631221827,-0.04163744675910289,0.4923469387755102,0.019540979741784193,0.04993636056338298
add2 +vix_gate,ERAS,euro crisis 2011-12,net,2011-07-01,2012-12-31,392,0.03149431412252013,0.025843003230784246,0.10873890042351006,0.23766106821139807,-0.14585003401564633,-0.04163744675910289,0.4923469387755102,0.019540979741784193,0.03796789217645235
add2 +vix_gate,ERAS,taper + EM 2013-16,gross,2013-01-01,2016-12-31,1044,0.19691766797449706,0.04907438049190992,0.10647822712498176,0.46088652879529557,-0.23202231051891808,-0.04211619808539267,0.5344827586206896,0.013163836205443067,0.14380816245218075
add2 +vix_gate,ERAS,taper + EM 2013-16,net,2013-01-01,2016-12-31,1044,0.13322463181770128,0.03591054428646687,0.10682594055207494,0.33615940192879823,-0.2412221315590496,-0.04211619808539267,0.5306513409961686,0.013163836205443067,0.14051087069983495
add2 +vix_gate,ERAS,calm 2017-19,gross,2017-01-01,2019-12-31,782,0.12492735607943573,0.04247611109697312,0.09522179333168229,0.4460755212729272,-0.14638345056019397,-0.036816854307167024,0.530690537084399,0.01093874202821067,0.09323515852893415
add2 +vix_gate,ERAS,calm 2017-19,net,2017-01-01,2019-12-31,782,0.08732610041118005,0.03153736906876244,0.09541224422874504,0.3305379652652706,-0.1554531809360341,-0.036816854307167024,0.5242966751918159,0.01093874202821067,0.09243142578123269
add2 +vix_gate,ERAS,covid 2020,gross,2020-01-01,2020-12-31,262,-0.05438038452223304,-0.0504610096765422,0.08134117410436195,-0.6203624453686882,-0.1609976181848055,-0.03318401782026105,0.5038167938931297,0.01549891660949748,-0.03710952879983039
add2 +vix_gate,ERAS,covid 2020,net,2020-01-01,2020-12-31,262,-0.06950397040273804,-0.06595992628603967,0.08139680704117527,-0.8103502911689554,-0.16748728322214712,-0.03318401782026105,0.4961832061068702,0.01549891660949748,-0.06476925349668033
add2 +vix_gate,ERAS,tightening 2021-23,gross,2021-01-01,2023-12-31,781,0.16126656051319266,0.05391134777033796,0.10631701634337806,0.5070810828270184,-0.17582754509527732,-0.03834219754585641,0.5556978233034571,0.018802333675228176,0.11818420430865134
add2 +vix_gate,ERAS,tightening 2021-23,net,2021-01-01,2023-12-31,781,0.09557350116491303,0.03510901409510979,0.10622309715467312,0.3305214688288273,-0.18112914550279446,-0.03834219754585641,0.5544174135723432,0.018802333675228176,0.10276781115732059
add2 +vix_gate,ERAS,recent 2024-26,gross,2024-01-01,2026-06-30,652,0.7856906152577425,0.22958947808830066,0.10382585099100952,2.2112939686685666,-0.09484953994484513,-0.03929921418098236,0.598159509202454,0.030709731966893247,0.4201726589599888
add2 +vix_gate,ERAS,recent 2024-26,net,2024-01-01,2026-06-30,652,0.649400557452525,0.19887974612140746,0.10383423301998432,1.9153581659637273,-0.11045179953165607,-0.03929921418098236,0.588957055214724,0.030709731966893247,0.48598805087916874
add2 +vix_gate,STRESS,gfc_2008,gross,2008-09-01,2009-06-30,217,-0.08890634254052543,-0.09945106673397168,0.13141573650762367,-0.756766802643931,-0.17405470813793145,-0.04025119301876695,0.5161290322580645,0.016480211148104322,-0.06057555364581053
add2 +vix_gate,STRESS,gfc_2008,net,2008-09-01,2009-06-30,217,-0.1017443183110337,-0.11593127788207595,0.13135834416374645,-0.8825573938231157,-0.17818964765856915,-0.04025119301876695,0.4976958525345622,0.016480211148104322,-0.09428612677309646
add2 +vix_gate,STRESS,euro_2011,gross,2011-07-01,2012-12-31,392,0.06329913383139485,0.04538398297256845,0.10889378939224771,0.416772923652149,-0.1442346631221827,-0.04163744675910289,0.4923469387755102,0.019540979741784193,0.04993636056338298
add2 +vix_gate,STRESS,euro_2011,net,2011-07-01,2012-12-31,392,0.03149431412252013,0.025843003230784246,0.10873890042351006,0.23766106821139807,-0.14585003401564633,-0.04163744675910289,0.4923469387755102,0.019540979741784193,0.03796789217645235
add2 +vix_gate,STRESS,taper_2013,gross,2013-05-01,2013-09-30,109,-0.1494463693993361,,,,-0.2057807393169151,-0.040906200548143555,0.45871559633027525,0.01903472177388079,-0.11079423510654197
add2 +vix_gate,STRESS,taper_2013,net,2013-05-01,2013-09-30,109,-0.15646167143792655,,,,-0.2092227134317608,-0.040906200548143555,0.45871559633027525,0.01903472177388079,-0.15571293323124388
add2 +vix_gate,STRESS,china_em_2015,gross,2015-06-01,2016-02-29,196,-0.02923038117186383,-0.03378388728043363,0.09339182019717242,-0.36174353609457216,-0.08035074243593165,-0.025933475553489054,0.5510204081632653,0.00807763855647549,-0.018586341105056005
add2 +vix_gate,STRESS,china_em_2015,net,2015-06-01,2016-02-29,196,-0.03531542802528953,-0.04186152583690911,0.09345021391879715,-0.4479553773229921,-0.08337415613934662,-0.025933475553489054,0.5459183673469388,0.00807763855647549,-0.030750951913828834
add2 +vix_gate,STRESS,covid_2020,gross,2020-02-01,2020-04-30,64,-0.09939313489203372,,,,-0.14526056776388518,-0.03318401782026105,0.484375,0.027847451287784028,-0.07273689863948254
add2 +vix_gate,STRESS,covid_2020,net,2020-02-01,2020-04-30,64,-0.10574874666857015,,,,-0.15005706987034917,-0.03318401782026105,0.484375,0.027847451287784028,-0.10380082945669647
add2 +vix_gate,STRESS,rates_2022,gross,2022-01-01,2022-10-31,216,0.10362125309412296,0.11900235316868277,0.08917875391985572,1.3344249379805115,-0.06653576636213043,-0.016155521581764583,0.5324074074074074,0.022887179717134117,0.07215019561987039
add2 +vix_gate,STRESS,rates_2022,net,2022-01-01,2022-10-31,216,0.0821962964636882,0.09611517345154863,0.08910243082525086,1.0787042795729251,-0.07394195881569698,-0.016155521581764583,0.5324074074074074,0.022887179717134117,0.07780959302884673
add2 +vix_gate,STRESS,oil_2026,gross,2026-02-01,2026-05-31,85,0.09643708261643136,,,,-0.012701632999996826,-0.01133300071470707,0.611764705882353,0.024449139405611928,0.06582299073524701
add2 +vix_gate,STRESS,oil_2026,net,2026-02-01,2026-05-31,85,0.08740632834495288,,,,-0.012701632999996493,-0.01133300071470707,0.611764705882353,0.024449139405611928,0.08010067926043991
add2 +vix_gate,STRESS,semis_2026,gross,2026-04-01,2026-06-30,65,0.10011043113525497,,,,-0.01106187787992452,-0.009021182408608748,0.6461538461538462,0.022228044568716097,0.0678575606915583
add2 +vix_gate,STRESS,semis_2026,net,2026-04-01,2026-06-30,65,0.09381928278692597,,,,-0.011061877879924298,-0.009021182408608748,0.6307692307692307,0.022228044568716097,0.08519106201298338
add3 +regime_gate,ERAS,pre-crisis 2007-08,gross,2007-05-01,2008-08-31,349,0.2825215845731275,0.18598017750115103,0.1119195767099718,1.6617305297990874,-0.08112899508463634,-0.02687704822851556,0.5587392550143266,0.02483912437702211,0.43105177178180437
add3 +regime_gate,ERAS,pre-crisis 2007-08,net,2007-05-01,2008-08-31,349,0.23915756663161925,0.16114105312412896,0.1120383418553779,1.438267029443672,-0.0841491173492076,-0.02687704822851556,0.5501432664756447,0.02483912437702211,0.8790737281194764
add3 +regime_gate,ERAS,GFC 2008-09,gross,2008-09-01,2009-06-30,217,-0.08890634254052543,-0.09945106673397168,0.13141573650762367,-0.756766802643931,-0.17405470813793145,-0.04025119301876695,0.5161290322580645,0.016480211148104322,-0.14331991086245544
add3 +regime_gate,ERAS,GFC 2008-09,net,2008-09-01,2009-06-30,217,-0.1017443183110337,-0.11593127788207595,0.13135834416374645,-0.8825573938231157,-0.17818964765856915,-0.04025119301876695,0.4976958525345622,0.016480211148104322,-0.39323669128695915
add3 +regime_gate,ERAS,recovery 2009-11,gross,2009-07-01,2011-06-30,522,0.1252209645455653,0.061534221189182406,0.09570849862690196,0.6429337213726413,-0.08270194671486275,-0.02872486089492908,0.5210727969348659,0.01623965577109867,0.21331655484115772
add3 +regime_gate,ERAS,recovery 2009-11,net,2009-07-01,2011-06-30,522,0.08803259988193357,0.04529456541808372,0.09558055630650443,0.47388890762295494,-0.09724652246255716,-0.02872486089492908,0.5153256704980843,0.01623965577109867,0.3695815449125786
add3 +regime_gate,ERAS,euro crisis 2011-12,gross,2011-07-01,2012-12-31,392,0.025183831445106053,0.02046438351462562,0.09456290015185309,0.21641027804522756,-0.1442346631221827,-0.04163744675910289,0.5178571428571429,0.017790837589165637,0.05327483126659434
add3 +regime_gate,ERAS,euro crisis 2011-12,net,2011-07-01,2012-12-31,392,-0.0027865082162291666,0.0026735459254599823,0.09447988800069444,0.028297513704084103,-0.14585003401564633,-0.04163744675910289,0.5178571428571429,0.017790837589165637,0.01638201774877445
add3 +regime_gate,ERAS,taper + EM 2013-16,gross,2013-01-01,2016-12-31,1044,0.21192880062745934,0.04946727893962245,0.07825918137556916,0.6320955326919006,-0.12065670887920121,-0.04211619808539267,0.5277777777777778,0.012894021190969687,0.3429697919902128
add3 +regime_gate,ERAS,taper + EM 2013-16,net,2013-01-01,2016-12-31,1044,0.148756151082152,0.03657325774865277,0.07863657656985067,0.46509219175081673,-0.12383169915473635,-0.04211619808539267,0.5239463601532567,0.012894021190969687,0.5968398626399662
add3 +regime_gate,ERAS,calm 2017-19,gross,2017-01-01,2019-12-31,782,0.14468483700586288,0.04547770319812228,0.062127828624740075,0.7320021350305568,-0.06018305675144864,-0.02483207370026364,0.5421994884910486,0.015254818405150005,0.23617973216969687
add3 +regime_gate,ERAS,calm 2017-19,net,2017-01-01,2019-12-31,782,0.09169305895120838,0.03022288479297227,0.062476813249904034,0.4837456205085603,-0.06449153814608755,-0.02483207370026364,0.530690537084399,0.015254818405150005,0.3694335601263431
add3 +regime_gate,ERAS,covid 2020,gross,2020-01-01,2020-12-31,262,-0.16191865670350325,-0.16618411279871134,0.08524281721314361,-1.9495380165953429,-0.21550920090721393,-0.03318401782026105,0.46946564885496184,0.018382982536536526,-0.28915329387629524
add3 +regime_gate,ERAS,covid 2020,net,2020-01-01,2020-12-31,262,-0.17779159842842462,-0.18456709533524787,0.08518786580655328,-2.1665890275308386,-0.22531750910079973,-0.03318401782026105,0.4580152671755725,0.018382982536536526,-0.7558737182936939
add3 +regime_gate,ERAS,tightening 2021-23,gross,2021-01-01,2023-12-31,781,-0.012416891730065771,-0.001366504277245895,0.07296440486328364,-0.01872836871357163,-0.14149715770914728,-0.03349928384795069,0.4942381562099872,0.015490843274890361,-0.007087602929760835
add3 +regime_gate,ERAS,tightening 2021-23,net,2021-01-01,2023-12-31,781,-0.05872196501775351,-0.01685734755213626,0.07300493627503088,-0.23090695523148894,-0.15570047786176577,-0.03349928384795069,0.4878361075544174,0.015490843274890361,-0.20579458879591278
add3 +regime_gate,ERAS,recent 2024-26,gross,2024-01-01,2026-06-30,652,0.09439441928531878,0.03759104655566941,0.07380991746712257,0.5092953338203329,-0.14175854823399248,-0.03929921418098236,0.5153374233128835,0.025463942145834775,0.16276812561904544
add3 +regime_gate,ERAS,recent 2024-26,net,2024-01-01,2026-06-30,652,0.02465863835268789,0.012127104409834624,0.0736120442169814,0.16474348102721278,-0.16237658186617976,-0.03929921418098236,0.50920245398773,0.025463942145834775,0.12359428482942678
add3 +regime_gate,STRESS,gfc_2008,gross,2008-09-01,2009-06-30,217,-0.08890634254052543,-0.09945106673397168,0.13141573650762367,-0.756766802643931,-0.17405470813793145,-0.04025119301876695,0.5161290322580645,0.016480211148104322,-0.14331991086245544
add3 +regime_gate,STRESS,gfc_2008,net,2008-09-01,2009-06-30,217,-0.1017443183110337,-0.11593127788207595,0.13135834416374645,-0.8825573938231157,-0.17818964765856915,-0.04025119301876695,0.4976958525345622,0.016480211148104322,-0.39323669128695915
add3 +regime_gate,STRESS,euro_2011,gross,2011-07-01,2012-12-31,392,0.025183831445106053,0.02046438351462562,0.09456290015185309,0.21641027804522756,-0.1442346631221827,-0.04163744675910289,0.5178571428571429,0.017790837589165637,0.05327483126659434
add3 +regime_gate,STRESS,euro_2011,net,2011-07-01,2012-12-31,392,-0.0027865082162291666,0.0026735459254599823,0.09447988800069444,0.028297513704084103,-0.14585003401564633,-0.04163744675910289,0.5178571428571429,0.017790837589165637,0.01638201774877445
add3 +regime_gate,STRESS,taper_2013,gross,2013-05-01,2013-09-30,109,-0.08316072907867966,,,,-0.11492589713586243,-0.02892583360064148,0.43119266055045874,0.01223204196811678,-0.14254285747976486
add3 +regime_gate,STRESS,taper_2013,net,2013-05-01,2013-09-30,109,-0.08801331855736083,,,,-0.11614531206913736,-0.02892583360064148,0.42201834862385323,0.01223204196811678,-0.35634818374180177
add3 +regime_gate,STRESS,china_em_2015,gross,2015-06-01,2016-02-29,196,-0.00866065604179933,-0.009655949623529225,0.05540015060268065,-0.17429464574527712,-0.0486147087324571,-0.014624252707563026,0.5153061224489796,0.009099912900890916,-0.012568643627710705
add3 +regime_gate,STRESS,china_em_2015,net,2015-06-01,2016-02-29,196,-0.01566300314439406,-0.018755862524420137,0.055641613488082865,-0.33708336887889145,-0.049281573438112014,-0.014624252707563026,0.5153061224489796,0.009099912900890916,-0.057462800590522965
add3 +regime_gate,STRESS,covid_2020,gross,2020-02-01,2020-04-30,64,-0.16527975720338228,,,,-0.20779161913401456,-0.03318401782026105,0.453125,0.033912735093917,-0.296886957357234
add3 +regime_gate,STRESS,covid_2020,net,2020-02-01,2020-04-30,64,-0.17244933347127944,,,,-0.21270596507019202,-0.03318401782026105,0.4375,0.033912735093917,-0.7327175271965495
add3 +regime_gate,STRESS,rates_2022,gross,2022-01-01,2022-10-31,216,-0.02723724326812338,-0.029589811270664956,0.07276957980094577,-0.40662336310866515,-0.08059241466031597,-0.016155521581764583,0.4861111111111111,0.017058626543913664,-0.04244566049651966
add3 +regime_gate,STRESS,rates_2022,net,2022-01-01,2022-10-31,216,-0.04137759376042416,-0.046648437814578614,0.0730712740782305,-0.6383963931522058,-0.08998921325697207,-0.016155521581764583,0.48148148148148145,0.017058626543913664,-0.15750144116866768
add3 +regime_gate,STRESS,oil_2026,gross,2026-02-01,2026-05-31,85,0.016672313647016823,,,,-0.013751227382789333,-0.007011292922195977,0.5058823529411764,0.030141773730021845,0.02813117463601692
add3 +regime_gate,STRESS,oil_2026,net,2026-02-01,2026-05-31,85,0.006379322062833648,,,,-0.01953742594123342,-0.007011292922195977,0.49411764705882355,0.030141773730021845,0.026165088445890643
add3 +regime_gate,STRESS,semis_2026,gross,2026-04-01,2026-06-30,65,0.002170127613253303,,,,-0.013751227382789,-0.006775451589967296,0.5384615384615384,0.014206554117515357,0.0037510945934427133
add3 +regime_gate,STRESS,semis_2026,net,2026-04-01,2026-06-30,65,-0.001497782579763407,,,,-0.016038638805139116,-0.006775451589967296,0.5230769230769231,0.014206554117515357,-0.005605244400886886
add4 +skew_excl,ERAS,pre-crisis 2007-08,gross,2007-05-01,2008-08-31,349,0.10871046232196013,0.07663860515433397,0.06508706672162169,1.1774782459028055,-0.05671636436537275,-0.019323600901038466,0.5444126074498568,0.020534676748825264,0.2152632576540806
add4 +skew_excl,ERAS,pre-crisis 2007-08,net,2007-05-01,2008-08-31,349,0.07764117468051479,0.05610392840550872,0.06499042611441129,0.8632645107871968,-0.0665153961942192,-0.019323600901038466,0.5300859598853869,0.020534676748825264,0.28992790168382954
add4 +skew_excl,ERAS,GFC 2008-09,gross,2008-09-01,2009-06-30,217,-0.011404518035097455,-0.01164070685325136,0.05804594334041155,-0.20054298687135141,-0.04403804479843931,-0.015368902575235556,0.5069124423963134,0.01253013640024086,-0.020329934337341468
add4 +skew_excl,ERAS,GFC 2008-09,net,2008-09-01,2009-06-30,217,-0.02201009922412478,-0.024170843253492218,0.05795030734104016,-0.4170960321443288,-0.0533859118601373,-0.015368902575235556,0.4930875576036866,0.01253013640024086,-0.0776645534661681
add4 +skew_excl,ERAS,recovery 2009-11,gross,2009-07-01,2011-06-30,522,-0.005676040745634325,0.001363750463187203,0.09077979041421111,0.015022621851897499,-0.1233054246470714,-0.02715022257067254,0.5038314176245211,0.017010773232082534,0.005729309762993558
add4 +skew_excl,ERAS,recovery 2009-11,net,2009-07-01,2011-06-30,522,-0.04013665275620526,-0.01564702276889534,0.09095828375545346,-0.1720241645165959,-0.13649397990950562,-0.02715022257067254,0.5038314176245211,0.017010773232082534,-0.12094099332918853
add4 +skew_excl,ERAS,euro crisis 2011-12,gross,2011-07-01,2012-12-31,392,0.031164813377130507,0.02326306246658681,0.08417518513097236,0.27636485064322286,-0.08109249652617256,-0.018869669296462478,0.49744897959183676,0.013707026555352692,0.0733921893731517
add4 +skew_excl,ERAS,euro crisis 2011-12,net,2011-07-01,2012-12-31,392,0.009429157664132104,0.00955603591123411,0.08404383989485101,0.11370299028685345,-0.08244125182442208,-0.018869669296462478,0.49744897959183676,0.013707026555352692,0.05546706088962915
add4 +skew_excl,ERAS,taper + EM 2013-16,gross,2013-01-01,2016-12-31,1044,0.38019693040504077,0.0803093132400728,0.0709665771681897,1.1316498053688142,-0.091359069125586,-0.039532959879052455,0.5306513409961686,0.00869564817793254,0.6747817065159029
add4 +skew_excl,ERAS,taper + EM 2013-16,net,2013-01-01,2016-12-31,1044,0.3312744165079744,0.07161366506214026,0.0712193966100113,1.005535970127463,-0.09548645133338318,-0.039532959879052455,0.5268199233716475,0.00869564817793254,1.1070512156186383
add4 +skew_excl,ERAS,calm 2017-19,gross,2017-01-01,2019-12-31,782,0.1849834161806423,0.05598764902074524,0.05076506776384693,1.102877460563889,-0.05596698828133484,-0.016221237945753073,0.5549872122762148,0.008923707624733978,0.3523675233477815
add4 +skew_excl,ERAS,calm 2017-19,net,2017-01-01,2019-12-31,782,0.15260349122354921,0.04706394139601127,0.05088581914334021,0.9248930682129123,-0.057361577771024796,-0.016221237945753073,0.5473145780051151,0.008923707624733978,0.5449621772769768
add4 +skew_excl,ERAS,covid 2020,gross,2020-01-01,2020-12-31,262,-0.05651527050855021,-0.05353670314901634,0.0694402652612493,-0.7709749228001892,-0.1182161826432041,-0.025264058234837104,0.48091603053435117,0.012226059414216523,-0.11288852644632077
add4 +skew_excl,ERAS,covid 2020,net,2020-01-01,2020-12-31,262,-0.06844646738593552,-0.06576276256323287,0.0696064275062055,-0.944780028501966,-0.12573684733203339,-0.025264058234837104,0.46946564885496184,0.012226059414216523,-0.25512478623913043
add4 +skew_excl,ERAS,tightening 2021-23,gross,2021-01-01,2023-12-31,781,-0.04860301893897501,-0.014490451405279662,0.05637222434882108,-0.25704948798215554,-0.13543457070629494,-0.01984134502941801,0.4686299615877081,0.007374382105275527,-0.09108142950680777
add4 +skew_excl,ERAS,tightening 2021-23,net,2021-01-01,2023-12-31,781,-0.07008483322289849,-0.021864833510555185,0.056263447987456854,-0.388615242980303,-0.14985449133969575,-0.01984134502941801,0.46350832266325226,0.007374382105275527,-0.2528532396808383
add4 +skew_excl,ERAS,recent 2024-26,gross,2024-01-01,2026-06-30,652,-0.05148986380918963,-0.018529943590939943,0.061591186747355885,-0.300853816422614,-0.13832314639841314,-0.035043797636333425,0.4831288343558282,0.011594046970687366,-0.09723409636344026
add4 +skew_excl,ERAS,recent 2024-26,net,2024-01-01,2026-06-30,652,-0.0795050546632482,-0.0301239905616273,0.06146059618597981,-0.49013502033843087,-0.14413436970062588,-0.035043797636333425,0.48006134969325154,0.011594046970687366,-0.29082478275374835
add4 +skew_excl,STRESS,gfc_2008,gross,2008-09-01,2009-06-30,217,-0.011404518035097455,-0.01164070685325136,0.05804594334041155,-0.20054298687135141,-0.04403804479843931,-0.015368902575235556,0.5069124423963134,0.01253013640024086,-0.020329934337341468
add4 +skew_excl,STRESS,gfc_2008,net,2008-09-01,2009-06-30,217,-0.02201009922412478,-0.024170843253492218,0.05795030734104016,-0.4170960321443288,-0.0533859118601373,-0.015368902575235556,0.4930875576036866,0.01253013640024086,-0.0776645534661681
add4 +skew_excl,STRESS,euro_2011,gross,2011-07-01,2012-12-31,392,0.031164813377130507,0.02326306246658681,0.08417518513097236,0.27636485064322286,-0.08109249652617256,-0.018869669296462478,0.49744897959183676,0.013707026555352692,0.0733921893731517
add4 +skew_excl,STRESS,euro_2011,net,2011-07-01,2012-12-31,392,0.009429157664132104,0.00955603591123411,0.08404383989485101,0.11370299028685345,-0.08244125182442208,-0.018869669296462478,0.49744897959183676,0.013707026555352692,0.05546706088962915
add4 +skew_excl,STRESS,taper_2013,gross,2013-05-01,2013-09-30,109,-0.06625588020425965,,,,-0.0853109252554114,-0.0215488829123552,0.43119266055045874,0.008779979920531577,-0.13658961842121634
add4 +skew_excl,STRESS,taper_2013,net,2013-05-01,2013-09-30,109,-0.06980741234447474,,,,-0.08607488385220119,-0.0215488829123552,0.42201834862385323,0.008779979920531577,-0.2654704854135503
add4 +skew_excl,STRESS,china_em_2015,gross,2015-06-01,2016-02-29,196,0.015324418041614551,0.020999590958238293,0.05386579285161117,0.38985021562919736,-0.0320827519982414,-0.01814660910617398,0.5153061224489796,0.0062677035702880255,0.03312560327298724
add4 +skew_excl,STRESS,china_em_2015,net,2015-06-01,2016-02-29,196,0.010383855963846722,0.014731887387950263,0.053944447239634395,0.2730936758422535,-0.03270689019755113,-0.01814660910617398,0.5153061224489796,0.0062677035702880255,0.04275488823801775
add4 +skew_excl,STRESS,covid_2020,gross,2020-02-01,2020-04-30,64,-0.046272538817465736,,,,-0.09916488042277427,-0.025264058234837104,0.515625,0.026032487082096385,-0.09217126296021956
add4 +skew_excl,STRESS,covid_2020,net,2020-02-01,2020-04-30,64,-0.052569293231708,,,,-0.10367598526067945,-0.025264058234837104,0.5,0.026032487082096385,-0.19424805218425947
add4 +skew_excl,STRESS,rates_2022,gross,2022-01-01,2022-10-31,216,-0.04182950585516987,-0.04791255554013332,0.06242638081439698,-0.7675049380579111,-0.0620000915756137,-0.011612718205344763,0.48148148148148145,0.0095026495106358,-0.08329136440234784
add4 +skew_excl,STRESS,rates_2022,net,2022-01-01,2022-10-31,216,-0.0495974078391237,-0.057415205050769136,0.062296417148175395,-0.9216453799293781,-0.06814328432037497,-0.011612718205344763,0.47685185185185186,0.0095026495106358,-0.18363353098340313
add4 +skew_excl,STRESS,oil_2026,gross,2026-02-01,2026-05-31,85,-0.010424283254119482,,,,-0.023626253915863926,-0.010146948295329621,0.43529411764705883,0.016329295324588267,-0.02064878342864635
add4 +skew_excl,STRESS,oil_2026,net,2026-02-01,2026-05-31,85,-0.015870270696783817,,,,-0.027933205575082276,-0.010146948295329621,0.4235294117647059,0.016329295324588267,-0.05854213498075712
add4 +skew_excl,STRESS,semis_2026,gross,2026-04-01,2026-06-30,65,-0.009802594047318092,,,,-0.020243913541167835,-0.008007007452211593,0.49230769230769234,0.010051555636133374,-0.019799129113596926
add4 +skew_excl,STRESS,semis_2026,net,2026-04-01,2026-06-30,65,-0.012368894874346115,,,,-0.021993609082093357,-0.008007007452211593,0.47692307692307695,0.010051555636133374,-0.04610102165568022
loo -duration,ERAS,pre-crisis 2007-08,gross,2007-05-01,2008-08-31,349,0.10871046232196013,0.07663860515433397,0.06508706672162169,1.1774782459028055,-0.05671636436537275,-0.019323600901038466,0.5444126074498568,0.020534676748825264,0.2597153956333214
loo -duration,ERAS,pre-crisis 2007-08,net,2007-05-01,2008-08-31,349,0.07764117468051479,0.05610392840550872,0.06499042611441129,0.8632645107871968,-0.0665153961942192,-0.019323600901038466,0.5300859598853869,0.020534676748825264,0.423093923632907
loo -duration,ERAS,GFC 2008-09,gross,2008-09-01,2009-06-30,217,-0.002444303438523643,-0.0013631465062229151,0.05447295364478731,-0.025024281134301204,-0.03942330221183099,-0.015368902575235556,0.5253456221198156,0.012507183749270212,-0.002872281127729263
loo -duration,ERAS,GFC 2008-09,net,2008-09-01,2009-06-30,217,-0.013126523637849608,-0.013870330255493125,0.05438085153733845,-0.25505908538356764,-0.03942330221183099,-0.015368902575235556,0.5069124423963134,0.012507183749270212,-0.06503761775026816
loo -duration,ERAS,recovery 2009-11,gross,2009-07-01,2011-06-30,522,-0.0265842952370412,-0.009049745449235876,0.08903665074201253,-0.10164067688774477,-0.12328554125377766,-0.031190294575019126,0.4789272030651341,0.017008281197470165,-0.04587029599971292
loo -duration,ERAS,recovery 2009-11,net,2009-07-01,2011-06-30,522,-0.060303829908679885,-0.026058026646706048,0.08914414551411229,-0.292313381842679,-0.14009162767209415,-0.031190294575019126,0.47509578544061304,0.017008281197470165,-0.2939206614792094
loo -duration,ERAS,euro crisis 2011-12,gross,2011-07-01,2012-12-31,392,-0.031957481331156945,-0.018254412415130577,0.07247409162821426,-0.25187500808943025,-0.10537730736941231,-0.019592472878933745,0.3903061224489796,0.013705043263283227,-0.06948300639191045
loo -duration,ERAS,euro crisis 2011-12,net,2011-07-01,2012-12-31,392,-0.05238144874081552,-0.0319594556784138,0.07249437843583487,-0.4408542616404564,-0.10669963516567604,-0.019592472878933745,0.3852040816326531,0.013705043263283227,-0.2707095210479434
loo -duration,ERAS,taper + EM 2013-16,gross,2013-01-01,2016-12-31,1044,0.35173845284991945,0.07521708184747614,0.07007462278876724,1.0733854690050963,-0.07708337908193863,-0.04330857206429361,0.30268199233716475,0.008694516443334778,0.762503172698562
loo -duration,ERAS,taper + EM 2013-16,net,2013-01-01,2016-12-31,1044,0.30384294085318464,0.06652256540414135,0.0702958681009106,0.946322553533977,-0.0798503334137326,-0.04330857206429361,0.3017241379310345,0.008694516443334778,1.5006782126651008
loo -duration,ERAS,calm 2017-19,gross,2017-01-01,2019-12-31,782,0.13405417845355028,0.041820752478447736,0.05060483464161489,0.8264181233793902,-0.05905588172877718,-0.019953032742024313,0.29028132992327366,0.008923115045935166,0.3175581563641837
loo -duration,ERAS,calm 2017-19,net,2017-01-01,2019-12-31,782,0.10305363198607087,0.03289763743251257,0.05079754329340323,0.6476226073079558,-0.06097509634713816,-0.019953032742024313,0.2864450127877238,0.008923115045935166,0.5558908844086085
loo -duration,ERAS,covid 2020,gross,2020-01-01,2020-12-31,262,-0.09082338654250988,-0.08872690506013994,0.07534675620065696,-1.177580954166761,-0.13850922023058176,-0.0301855607751779,0.27099236641221375,0.012224664568849594,-0.22572585164917602
loo -duration,ERAS,covid 2020,net,2020-01-01,2020-12-31,262,-0.10233448605908924,-0.10095156962898955,0.07568990165670435,-1.3337521574127664,-0.1452695667454701,-0.0301855607751779,0.2633587786259542,0.012224664568849594,-0.5715213473487564
loo -duration,ERAS,tightening 2021-23,gross,2021-01-01,2023-12-31,781,0.04051297789328001,0.013940491964624203,0.047495121728526095,0.29351418540004265,-0.05650184912208189,-0.02030383609243959,0.20358514724711907,0.007373210365026075,0.10571918595405258
loo -duration,ERAS,tightening 2021-23,net,2021-01-01,2023-12-31,781,0.01700561149085189,0.006567281599598129,0.04749946774176053,0.13826010925643095,-0.061104030147321686,-0.02030383609243959,0.20102432778489115,0.007373210365026075,0.11082934389980051
loo -duration,ERAS,recent 2024-26,gross,2024-01-01,2026-06-30,652,-0.045196405801132045,-0.016039248971353153,0.060542873464651675,-0.2649238143729297,-0.1285543903344014,-0.029847974051258663,0.2607361963190184,0.01159338646141209,-0.10154447548159112
loo -duration,ERAS,recent 2024-26,net,2024-01-01,2026-06-30,652,-0.0734066340633337,-0.02763263543276525,0.06048436588726581,-0.4568558341881028,-0.1380014064637639,-0.029847974051258663,0.2607361963190184,0.01159338646141209,-0.3893032169802391
loo -duration,STRESS,gfc_2008,gross,2008-09-01,2009-06-30,217,-0.002444303438523643,-0.0013631465062229151,0.05447295364478731,-0.025024281134301204,-0.03942330221183099,-0.015368902575235556,0.5253456221198156,0.012507183749270212,-0.002872281127729263
loo -duration,STRESS,gfc_2008,net,2008-09-01,2009-06-30,217,-0.013126523637849608,-0.013870330255493125,0.05438085153733845,-0.25505908538356764,-0.03942330221183099,-0.015368902575235556,0.5069124423963134,0.012507183749270212,-0.06503761775026816
loo -duration,STRESS,euro_2011,gross,2011-07-01,2012-12-31,392,-0.031957481331156945,-0.018254412415130577,0.07247409162821426,-0.25187500808943025,-0.10537730736941231,-0.019592472878933745,0.3903061224489796,0.013705043263283227,-0.06948300639191045
loo -duration,STRESS,euro_2011,net,2011-07-01,2012-12-31,392,-0.05238144874081552,-0.0319594556784138,0.07249437843583487,-0.4408542616404564,-0.10669963516567604,-0.019592472878933745,0.3852040816326531,0.013705043263283227,-0.2707095210479434
loo -duration,STRESS,taper_2013,gross,2013-05-01,2013-09-30,109,-0.035164932789292225,,,,-0.0732384518435939,-0.02139729565136355,0.22018348623853212,0.008777642993695713,-0.08462771288674667
loo -duration,STRESS,taper_2013,net,2013-05-01,2013-09-30,109,-0.038839854879431424,,,,-0.07401312877371091,-0.02139729565136355,0.22018348623853212,0.008777642993695713,-0.20899805489848272
loo -duration,STRESS,china_em_2015,gross,2015-06-01,2016-02-29,196,-0.003705785906859216,-0.0036153310137529687,0.048223292532983374,-0.07497063812638227,-0.03868476875836613,-0.016244362870557562,0.1989795918367347,0.006266628280285645,-0.0068806396564496785
loo -duration,STRESS,china_em_2015,net,2015-06-01,2016-02-29,196,-0.008555758072408826,-0.009881959294038622,0.04837498613059683,-0.2042782868683523,-0.040531471057287716,-0.016244362870557562,0.1989795918367347,0.006266628280285645,-0.041852096832039026
loo -duration,STRESS,covid_2020,gross,2020-02-01,2020-04-30,64,-0.07595638897161616,,,,-0.12322057342472625,-0.0301855607751779,0.515625,0.026028563504079942,-0.18664882238222644
loo -duration,STRESS,covid_2020,net,2020-02-01,2020-04-30,64,-0.08207137833340528,,,,-0.1267166686586676,-0.0301855607751779,0.484375,0.026028563504079942,-0.4513497630324844
loo -duration,STRESS,rates_2022,gross,2022-01-01,2022-10-31,216,0.04928296461256254,0.05732819038353052,0.04914007802970581,1.1666279884389865,-0.03728045610734532,-0.015182421082168308,0.23148148148148148,0.009501553378036612,0.12023936120351375
loo -duration,STRESS,rates_2022,net,2022-01-01,2022-10-31,216,0.040774225377392614,0.04782663700549391,0.049129904641236045,0.9734730273698055,-0.040391618436517285,-0.015182421082168308,0.23148148148148148,0.009501553378036612,0.2232244104293969
loo -duration,STRESS,oil_2026,gross,2026-02-01,2026-05-31,85,-0.010209531880720824,,,,-0.016524110671776393,-0.010105471387570172,0.21176470588235294,0.01632902051636831,-0.0243970171678481
loo -duration,STRESS,oil_2026,net,2026-02-01,2026-05-31,85,-0.015657427045433825,,,,-0.016960944322432336,-0.010105471387570172,0.21176470588235294,0.01632902051636831,-0.08428271640797687
loo -duration,STRESS,semis_2026,gross,2026-04-01,2026-06-30,65,-0.011298021584154827,,,,-0.012942341319519435,-0.007836819350488385,0.13846153846153847,0.010051459408532033,-0.027652232792407545
loo -duration,STRESS,semis_2026,net,2026-04-01,2026-06-30,65,-0.013861422566422754,,,,-0.014706211490432053,-0.007836819350488385,0.13846153846153847,0.010051459408532033,-0.07565279032782274
loo -vix_gate,ERAS,pre-crisis 2007-08,gross,2007-05-01,2008-08-31,349,0.10871046232196013,0.07663860515433397,0.06508706672162169,1.1774782459028055,-0.05671636436537275,-0.019323600901038466,0.5444126074498568,0.020534676748825264,0.23869135226242158
loo -vix_gate,ERAS,pre-crisis 2007-08,net,2007-05-01,2008-08-31,349,0.07764117468051479,0.05610392840550872,0.06499042611441129,0.8632645107871968,-0.0665153961942192,-0.019323600901038466,0.5300859598853869,0.020534676748825264,0.38581102360152136
loo -vix_gate,ERAS,GFC 2008-09,gross,2008-09-01,2009-06-30,217,-0.010744810786225356,-0.010138106237257872,0.06950303945175244,-0.14586565303083665,-0.047293234051480226,-0.015368902575235556,0.511520737327189,0.016758416857612805,-0.01963270937905876
loo -vix_gate,ERAS,GFC 2008-09,net,2008-09-01,2009-06-30,217,-0.02491577374464038,-0.026896523094870676,0.06944377012085705,-0.38731369348267075,-0.05619836670705036,-0.015368902575235556,0.4976958525345622,0.016758416857612805,-0.11500369921167476
loo -vix_gate,ERAS,recovery 2009-11,gross,2009-07-01,2011-06-30,522,-0.005676040745634325,0.001363750463187203,0.09077979041421111,0.015022621851897499,-0.1233054246470714,-0.02715022257067254,0.5038314176245211,0.017010773232082534,0.006352857007566069
loo -vix_gate,ERAS,recovery 2009-11,net,2009-07-01,2011-06-30,522,-0.04013665275620526,-0.01564702276889534,0.09095828375545346,-0.1720241645165959,-0.13649397990950562,-0.02715022257067254,0.5038314176245211,0.017010773232082534,-0.16093783371909745
loo -vix_gate,ERAS,euro crisis 2011-12,gross,2011-07-01,2012-12-31,392,0.02202040706408015,0.017578607826722065,0.08467645501545297,0.20759735186734105,-0.08109249652617256,-0.018869669296462478,0.49744897959183676,0.01372422099124314,0.061494207700732974
loo -vix_gate,ERAS,euro crisis 2011-12,net,2011-07-01,2012-12-31,392,0.00045077142704808004,0.003854386835478925,0.08454202149011168,0.04559137299466807,-0.08244125182442208,-0.018869669296462478,0.49744897959183676,0.01372422099124314,0.02977126579583801
loo -vix_gate,ERAS,taper + EM 2013-16,gross,2013-01-01,2016-12-31,1044,0.3607336426736347,0.0770549324110898,0.07337411503184024,1.050165066763017,-0.091359069125586,-0.039532959879052455,0.5287356321839081,0.009008208768062593,0.7179010831516397
loo -vix_gate,ERAS,taper + EM 2013-16,net,2013-01-01,2016-12-31,1044,0.31080518136253854,0.06804672364302722,0.07361166260582679,0.9244013955696326,-0.09548645133338318,-0.039532959879052455,0.524904214559387,0.009008208768062593,1.399792466150292
loo -vix_gate,ERAS,calm 2017-19,gross,2017-01-01,2019-12-31,782,0.16880151361847395,0.051740130973930445,0.054278268347326984,0.9532384239461181,-0.05596698828133484,-0.016221237945753073,0.551150895140665,0.010082394939953438,0.3610754347996562
loo -vix_gate,ERAS,calm 2017-19,net,2017-01-01,2019-12-31,782,0.13278266701807517,0.04165773603397701,0.0543947133490773,0.7658416318262232,-0.057361577771024796,-0.016221237945753073,0.5434782608695652,0.010082394939953438,0.641886660681517
loo -vix_gate,ERAS,covid 2020,gross,2020-01-01,2020-12-31,262,-0.0627489324595909,-0.05950263956624311,0.07512400155634255,-0.7920589736106707,-0.1292224491900158,-0.025264058234837104,0.48091603053435117,0.01524302817643127,-0.13912372237535994
loo -vix_gate,ERAS,covid 2020,net,2020-01-01,2020-12-31,262,-0.07749821642841215,-0.0747456677426744,0.0752429083676337,-0.9933915283746103,-0.13760720621146172,-0.025264058234837104,0.4732824427480916,0.01524302817643127,-0.3858719867133657
loo -vix_gate,ERAS,tightening 2021-23,gross,2021-01-01,2023-12-31,781,-0.046144021404304625,-0.013419237948900847,0.060458424601468545,-0.22195811480960903,-0.11792081648295172,-0.01984134502941801,0.4686299615877081,0.008639360583314819,-0.09352819517591794
loo -vix_gate,ERAS,tightening 2021-23,net,2021-01-01,2023-12-31,781,-0.0712998789795154,-0.022058598532215673,0.06018328091278705,-0.36652369557886494,-0.13470879276533676,-0.01984134502941801,0.4622279129321383,0.008639360583314819,-0.33945709022379406
loo -vix_gate,ERAS,recent 2024-26,gross,2024-01-01,2026-06-30,652,-0.06231850916274739,-0.022897695201923897,0.06270800101063927,-0.3651479050980909,-0.13832314639841314,-0.035043797636333425,0.48466257668711654,0.012596109641783352,-0.13323030799167984
loo -vix_gate,ERAS,recent 2024-26,net,2024-01-01,2026-06-30,652,-0.09237849039816715,-0.03549380484370725,0.0626313916575826,-0.5667095030836684,-0.14823108440602828,-0.035043797636333425,0.4815950920245399,0.012596109641783352,-0.45599080636123646
loo -vix_gate,STRESS,gfc_2008,gross,2008-09-01,2009-06-30,217,-0.010744810786225356,-0.010138106237257872,0.06950303945175244,-0.14586565303083665,-0.047293234051480226,-0.015368902575235556,0.511520737327189,0.016758416857612805,-0.01963270937905876
loo -vix_gate,STRESS,gfc_2008,net,2008-09-01,2009-06-30,217,-0.02491577374464038,-0.026896523094870676,0.06944377012085705,-0.38731369348267075,-0.05619836670705036,-0.015368902575235556,0.4976958525345622,0.016758416857612805,-0.11500369921167476
loo -vix_gate,STRESS,euro_2011,gross,2011-07-01,2012-12-31,392,0.02202040706408015,0.017578607826722065,0.08467645501545297,0.20759735186734105,-0.08109249652617256,-0.018869669296462478,0.49744897959183676,0.01372422099124314,0.061494207700732974
loo -vix_gate,STRESS,euro_2011,net,2011-07-01,2012-12-31,392,0.00045077142704808004,0.003854386835478925,0.08454202149011168,0.04559137299466807,-0.08244125182442208,-0.018869669296462478,0.49744897959183676,0.01372422099124314,0.02977126579583801
loo -vix_gate,STRESS,taper_2013,gross,2013-05-01,2013-09-30,109,-0.06625588020425965,,,,-0.0853109252554114,-0.0215488829123552,0.43119266055045874,0.008779979920531577,-0.1514552974867621
loo -vix_gate,STRESS,taper_2013,net,2013-05-01,2013-09-30,109,-0.06980741234447474,,,,-0.08607488385220119,-0.0215488829123552,0.42201834862385323,0.008779979920531577,-0.3532652053098587
loo -vix_gate,STRESS,china_em_2015,gross,2015-06-01,2016-02-29,196,0.009500159709219247,0.014388528420630865,0.06685759468110995,0.21521157752174147,-0.05839073437628017,-0.02420043749167615,0.5204081632653061,0.007272901563033621,0.025167270466695636
loo -vix_gate,STRESS,china_em_2015,net,2015-06-01,2016-02-29,196,0.0038041006775468844,0.007115626857597242,0.0668940608168766,0.10637157874263857,-0.05839073437627984,-0.02420043749167615,0.5204081632653061,0.007272901563033621,0.027480534196979337
loo -vix_gate,STRESS,covid_2020,gross,2020-02-01,2020-04-30,64,-0.0397765260025712,,,,-0.09893075838175103,-0.025264058234837104,0.515625,0.025658037871741455,-0.08683722888252217
loo -vix_gate,STRESS,covid_2020,net,2020-02-01,2020-04-30,64,-0.04602184276468457,,,,-0.10267367173590558,-0.025264058234837104,0.5,0.025658037871741455,-0.22408993560773102
loo -vix_gate,STRESS,rates_2022,gross,2022-01-01,2022-10-31,216,-0.022217537421588496,-0.02374465134227431,0.07050026525047723,-0.33680229794757516,-0.06605123586203299,-0.011612718205344763,0.4861111111111111,0.012579891030066605,-0.04577024258056795
loo -vix_gate,STRESS,rates_2022,net,2022-01-01,2022-10-31,216,-0.032665587299556154,-0.036324542372340916,0.06980297260529057,-0.5203867545547447,-0.06982170892685557,-0.011612718205344763,0.47685185185185186,0.012579891030066605,-0.15460012350226535
loo -vix_gate,STRESS,oil_2026,gross,2026-02-01,2026-05-31,85,-0.021721752915506043,,,,-0.03477300356614088,-0.015843826802699978,0.4470588235294118,0.024015705460524527,-0.048309861710864405
loo -vix_gate,STRESS,oil_2026,net,2026-02-01,2026-05-31,85,-0.029633660587397026,,,,-0.04152789120749523,-0.015843826802699978,0.43529411764705883,0.024015705460524527,-0.14688911045099523
loo -vix_gate,STRESS,semis_2026,gross,2026-04-01,2026-06-30,65,-0.02110716121002143,,,,-0.03302569891479212,-0.015843826802699978,0.5076923076923077,0.020103015044665405,-0.04736773559224621
loo -vix_gate,STRESS,semis_2026,net,2026-04-01,2026-06-30,65,-0.026181252699941204,,,,-0.03647943017836941,-0.015843826802699978,0.49230769230769234,0.020103015044665405,-0.13033355081422443
loo -regime_gate,ERAS,pre-crisis 2007-08,gross,2007-05-01,2008-08-31,349,0.10871046232196013,0.07663860515433397,0.06508706672162169,1.1774782459028055,-0.05671636436537275,-0.019323600901038466,0.5444126074498568,0.020534676748825264,0.0944907788436517
loo -regime_gate,ERAS,pre-crisis 2007-08,net,2007-05-01,2008-08-31,349,0.07764117468051479,0.05610392840550872,0.06499042611441129,0.8632645107871968,-0.0665153961942192,-0.019323600901038466,0.5300859598853869,0.020534676748825264,0.08837456818936394
loo -regime_gate,ERAS,GFC 2008-09,gross,2008-09-01,2009-06-30,217,-0.011404518035097455,-0.01164070685325136,0.05804594334041155,-0.20054298687135141,-0.04403804479843931,-0.015368902575235556,0.5069124423963134,0.01253013640024086,-0.008923916465403721
loo -regime_gate,ERAS,GFC 2008-09,net,2008-09-01,2009-06-30,217,-0.02201009922412478,-0.024170843253492218,0.05795030734104016,-0.4170960321443288,-0.0533859118601373,-0.015368902575235556,0.4930875576036866,0.01253013640024086,-0.023673373056992617
loo -regime_gate,ERAS,recovery 2009-11,gross,2009-07-01,2011-06-30,522,-0.005676040745634325,0.001363750463187203,0.09077979041421111,0.015022621851897499,-0.1233054246470714,-0.02715022257067254,0.5038314176245211,0.017010773232082534,0.002514906387841411
loo -regime_gate,ERAS,recovery 2009-11,net,2009-07-01,2011-06-30,522,-0.04013665275620526,-0.01564702276889534,0.09095828375545346,-0.1720241645165959,-0.13649397990950562,-0.02715022257067254,0.5038314176245211,0.017010773232082534,-0.03686471015651096
loo -regime_gate,ERAS,euro crisis 2011-12,gross,2011-07-01,2012-12-31,392,0.07604339346662603,0.05142667055391902,0.09295565591767213,0.5532387464348161,-0.08109249652617256,-0.018869669296462478,0.4897959183673469,0.01624905716484572,0.07121818233465436
loo -regime_gate,ERAS,euro crisis 2011-12,net,2011-07-01,2012-12-31,392,0.04918227926766727,0.03517761338907329,0.09300268601528269,0.3782429830391428,-0.08244125182442208,-0.018869669296462478,0.4897959183673469,0.01624905716484572,0.062238776229886474
loo -regime_gate,ERAS,taper + EM 2013-16,gross,2013-01-01,2016-12-31,1044,0.44700985608557775,0.0935936926288941,0.09362111351714615,0.9997071078603756,-0.18474444765586762,-0.039532959879052455,0.5258620689655172,0.010130036780328214,0.3451942005635978
loo -regime_gate,ERAS,taper + EM 2013-16,net,2013-01-01,2016-12-31,1044,0.3874135308023261,0.08346365584856592,0.0938882632541732,0.8889679386507993,-0.19066493540558793,-0.039532959879052455,0.5239463601532567,0.010130036780328214,0.39328420836411754
loo -regime_gate,ERAS,calm 2017-19,gross,2017-01-01,2019-12-31,782,0.17357648858148567,0.05415160442370115,0.07171058507841858,0.7551410208755661,-0.0938307745228274,-0.016221237945753073,0.5370843989769821,0.007877407454601878,0.1496009982683108
loo -regime_gate,ERAS,calm 2017-19,net,2017-01-01,2019-12-31,782,0.14522231324708668,0.04627419696909926,0.07178545177951902,0.644618036412521,-0.09550797794158294,-0.016221237945753073,0.5332480818414322,0.007877407454601878,0.16332559539120947
loo -regime_gate,ERAS,covid 2020,gross,2020-01-01,2020-12-31,262,-0.017763816146244005,-0.0149474796204351,0.06773753351916643,-0.2206676098740101,-0.10990636569865297,-0.025264058234837104,0.49236641221374045,0.01163888573794389,-0.01383520731237781
loo -regime_gate,ERAS,covid 2020,net,2020-01-01,2020-12-31,262,-0.029591389976901028,-0.026586365358378994,0.06791738152441108,-0.3914515660298717,-0.11663604595003918,-0.025264058234837104,0.4847328244274809,0.01163888573794389,-0.03143901031001938
loo -regime_gate,ERAS,tightening 2021-23,gross,2021-01-01,2023-12-31,781,0.19867824414256918,0.06172905348294791,0.08068785860753167,0.765035217791564,-0.07237073036939978,-0.01984134502941801,0.5134443021766966,0.01018570858747399,0.17031663246622228
loo -regime_gate,ERAS,tightening 2021-23,net,2021-01-01,2023-12-31,781,0.16144631011278543,0.051543344895473915,0.08065708585938092,0.6390429848325484,-0.07410164926742857,-0.01984134502941801,0.5096030729833547,0.01018570858747399,0.1816905077547786
loo -regime_gate,ERAS,recent 2024-26,gross,2024-01-01,2026-06-30,652,0.2242811195476042,0.08223745828227323,0.08961849280958079,0.9176393811599733,-0.1326649499049064,-0.035043797636333425,0.5337423312883436,0.013233257199134773,0.18942342491350322
loo -regime_gate,ERAS,recent 2024-26,net,2024-01-01,2026-06-30,652,0.18307842341994118,0.06900420108313846,0.08963704835169284,0.7698178638412884,-0.14308488794818786,-0.035043797636333425,0.5322085889570553,0.013233257199134773,0.20306343759416684
loo -regime_gate,STRESS,gfc_2008,gross,2008-09-01,2009-06-30,217,-0.011404518035097455,-0.01164070685325136,0.05804594334041155,-0.20054298687135141,-0.04403804479843931,-0.015368902575235556,0.5069124423963134,0.01253013640024086,-0.008923916465403721
loo -regime_gate,STRESS,gfc_2008,net,2008-09-01,2009-06-30,217,-0.02201009922412478,-0.024170843253492218,0.05795030734104016,-0.4170960321443288,-0.0533859118601373,-0.015368902575235556,0.4930875576036866,0.01253013640024086,-0.023673373056992617
loo -regime_gate,STRESS,euro_2011,gross,2011-07-01,2012-12-31,392,0.07604339346662603,0.05142667055391902,0.09295565591767213,0.5532387464348161,-0.08109249652617256,-0.018869669296462478,0.4897959183673469,0.01624905716484572,0.07121818233465436
loo -regime_gate,STRESS,euro_2011,net,2011-07-01,2012-12-31,392,0.04918227926766727,0.03517761338907329,0.09300268601528269,0.3782429830391428,-0.08244125182442208,-0.018869669296462478,0.4897959183673469,0.01624905716484572,0.062238776229886474
loo -regime_gate,STRESS,taper_2013,gross,2013-05-01,2013-09-30,109,-0.11810692313366744,,,,-0.16905024156234605,-0.03917692952905019,0.43119266055045874,0.014137450322267014,-0.10802066859298136
loo -regime_gate,STRESS,taper_2013,net,2013-05-01,2013-09-30,109,-0.12351939129410472,,,,-0.17153683764506777,-0.03917692952905019,0.43119266055045874,0.014137450322267014,-0.14496149114447987
loo -regime_gate,STRESS,china_em_2015,gross,2015-06-01,2016-02-29,196,0.003038084284160192,0.0073103726485579815,0.08261430165380104,0.08848797971073372,-0.05048952289379227,-0.028483668712735236,0.5255102040816326,0.005453137761794207,0.005061881768851913
loo -regime_gate,STRESS,china_em_2015,net,2015-06-01,2016-02-29,196,-0.0012087151267963225,0.0018572348867638077,0.08263796155636544,0.022474355027465566,-0.0507288626546295,-0.028483668712735236,0.5255102040816326,0.005453137761794207,0.0016429771008788195
loo -regime_gate,STRESS,covid_2020,gross,2020-02-01,2020-04-30,64,-0.023309634656726086,,,,-0.07747546561885132,-0.025264058234837104,0.53125,0.01998655957569052,-0.019828165670193455
loo -regime_gate,STRESS,covid_2020,net,2020-02-01,2020-04-30,64,-0.0282625390023179,,,,-0.08135284917756025,-0.025264058234837104,0.515625,0.01998655957569052,-0.031105639763796076
loo -regime_gate,STRESS,rates_2022,gross,2022-01-01,2022-10-31,216,0.06105886828133111,0.07234098166085445,0.0800950445336764,0.9031892307699297,-0.04521153855416615,-0.01309521299256115,0.5046296296296297,0.012530984624724536,0.05520196772547069
loo -regime_gate,STRESS,rates_2022,net,2022-01-01,2022-10-31,216,0.049744226049609486,0.059809997036129894,0.07983790916037382,0.749142827826152,-0.045211538554166375,-0.01309521299256115,0.5,0.012530984624724536,0.05830907315277395
loo -regime_gate,STRESS,oil_2026,gross,2026-02-01,2026-05-31,85,0.03017491677766615,,,,-0.03140778211564221,-0.015015244633478038,0.5411764705882353,0.007919929669351634,0.02776538518133195
loo -regime_gate,STRESS,oil_2026,net,2026-02-01,2026-05-31,85,0.027420246867071896,,,,-0.033192435582276913,-0.015015244633478038,0.5411764705882353,0.007919929669351634,0.03243440766066194
loo -regime_gate,STRESS,semis_2026,gross,2026-04-01,2026-06-30,65,0.06096533966167783,,,,-0.024167588719319455,-0.010671456306801646,0.5384615384615384,0.011466449794634287,0.053316230545291304
loo -regime_gate,STRESS,semis_2026,net,2026-04-01,2026-06-30,65,0.05782376495890951,,,,-0.024668421366017546,-0.010671456306801646,0.5384615384615384,0.011466449794634287,0.0647524307079111
loo -skew_excl,ERAS,pre-crisis 2007-08,gross,2007-05-01,2008-08-31,349,0.2825215845731275,0.18598017750115103,0.1119195767099718,1.6617305297990874,-0.08112899508463634,-0.02687704822851556,0.5587392550143266,0.02483912437702211,0.43105177178180437
loo -skew_excl,ERAS,pre-crisis 2007-08,net,2007-05-01,2008-08-31,349,0.23915756663161925,0.16114105312412896,0.1120383418553779,1.438267029443672,-0.0841491173492076,-0.02687704822851556,0.5501432664756447,0.02483912437702211,0.8790737281194764
loo -skew_excl,ERAS,GFC 2008-09,gross,2008-09-01,2009-06-30,217,-0.08890634254052543,-0.09945106673397168,0.13141573650762367,-0.756766802643931,-0.17405470813793145,-0.04025119301876695,0.5161290322580645,0.016480211148104322,-0.14331991086245544
loo -skew_excl,ERAS,GFC 2008-09,net,2008-09-01,2009-06-30,217,-0.1017443183110337,-0.11593127788207595,0.13135834416374645,-0.8825573938231157,-0.17818964765856915,-0.04025119301876695,0.4976958525345622,0.016480211148104322,-0.39323669128695915
loo -skew_excl,ERAS,recovery 2009-11,gross,2009-07-01,2011-06-30,522,0.1252209645455653,0.061534221189182406,0.09570849862690196,0.6429337213726413,-0.08270194671486275,-0.02872486089492908,0.5210727969348659,0.01623965577109867,0.21331655484115772
loo -skew_excl,ERAS,recovery 2009-11,net,2009-07-01,2011-06-30,522,0.08803259988193357,0.04529456541808372,0.09558055630650443,0.47388890762295494,-0.09724652246255716,-0.02872486089492908,0.5153256704980843,0.01623965577109867,0.3695815449125786
loo -skew_excl,ERAS,euro crisis 2011-12,gross,2011-07-01,2012-12-31,392,0.025183831445106053,0.02046438351462562,0.09456290015185309,0.21641027804522756,-0.1442346631221827,-0.04163744675910289,0.5178571428571429,0.017790837589165637,0.05327483126659434
loo -skew_excl,ERAS,euro crisis 2011-12,net,2011-07-01,2012-12-31,392,-0.0027865082162291666,0.0026735459254599823,0.09447988800069444,0.028297513704084103,-0.14585003401564633,-0.04163744675910289,0.5178571428571429,0.017790837589165637,0.01638201774877445
loo -skew_excl,ERAS,taper + EM 2013-16,gross,2013-01-01,2016-12-31,1044,0.21192880062745934,0.04946727893962245,0.07825918137556916,0.6320955326919006,-0.12065670887920121,-0.04211619808539267,0.5277777777777778,0.012894021190969687,0.3429697919902128
loo -skew_excl,ERAS,taper + EM 2013-16,net,2013-01-01,2016-12-31,1044,0.148756151082152,0.03657325774865277,0.07863657656985067,0.46509219175081673,-0.12383169915473635,-0.04211619808539267,0.5239463601532567,0.012894021190969687,0.5968398626399662
loo -skew_excl,ERAS,calm 2017-19,gross,2017-01-01,2019-12-31,782,0.14468483700586288,0.04547770319812228,0.062127828624740075,0.7320021350305568,-0.06018305675144864,-0.02483207370026364,0.5421994884910486,0.015254818405150005,0.23617973216969687
loo -skew_excl,ERAS,calm 2017-19,net,2017-01-01,2019-12-31,782,0.09169305895120838,0.03022288479297227,0.062476813249904034,0.4837456205085603,-0.06449153814608755,-0.02483207370026364,0.530690537084399,0.015254818405150005,0.3694335601263431
loo -skew_excl,ERAS,covid 2020,gross,2020-01-01,2020-12-31,262,-0.16191865670350325,-0.16618411279871134,0.08524281721314361,-1.9495380165953429,-0.21550920090721393,-0.03318401782026105,0.46946564885496184,0.018382982536536526,-0.28915329387629524
loo -skew_excl,ERAS,covid 2020,net,2020-01-01,2020-12-31,262,-0.17779159842842462,-0.18456709533524787,0.08518786580655328,-2.1665890275308386,-0.22531750910079973,-0.03318401782026105,0.4580152671755725,0.018382982536536526,-0.7558737182936939
loo -skew_excl,ERAS,tightening 2021-23,gross,2021-01-01,2023-12-31,781,-0.012416891730065771,-0.001366504277245895,0.07296440486328364,-0.01872836871357163,-0.14149715770914728,-0.03349928384795069,0.4942381562099872,0.015490843274890361,-0.007087602929760835
loo -skew_excl,ERAS,tightening 2021-23,net,2021-01-01,2023-12-31,781,-0.05872196501775351,-0.01685734755213626,0.07300493627503088,-0.23090695523148894,-0.15570047786176577,-0.03349928384795069,0.4878361075544174,0.015490843274890361,-0.20579458879591278
loo -skew_excl,ERAS,recent 2024-26,gross,2024-01-01,2026-06-30,652,0.09439441928531878,0.03759104655566941,0.07380991746712257,0.5092953338203329,-0.14175854823399248,-0.03929921418098236,0.5153374233128835,0.025463942145834775,0.16276812561904544
loo -skew_excl,ERAS,recent 2024-26,net,2024-01-01,2026-06-30,652,0.02465863835268789,0.012127104409834624,0.0736120442169814,0.16474348102721278,-0.16237658186617976,-0.03929921418098236,0.50920245398773,0.025463942145834775,0.12359428482942678
loo -skew_excl,STRESS,gfc_2008,gross,2008-09-01,2009-06-30,217,-0.08890634254052543,-0.09945106673397168,0.13141573650762367,-0.756766802643931,-0.17405470813793145,-0.04025119301876695,0.5161290322580645,0.016480211148104322,-0.14331991086245544
loo -skew_excl,STRESS,gfc_2008,net,2008-09-01,2009-06-30,217,-0.1017443183110337,-0.11593127788207595,0.13135834416374645,-0.8825573938231157,-0.17818964765856915,-0.04025119301876695,0.4976958525345622,0.016480211148104322,-0.39323669128695915
loo -skew_excl,STRESS,euro_2011,gross,2011-07-01,2012-12-31,392,0.025183831445106053,0.02046438351462562,0.09456290015185309,0.21641027804522756,-0.1442346631221827,-0.04163744675910289,0.5178571428571429,0.017790837589165637,0.05327483126659434
loo -skew_excl,STRESS,euro_2011,net,2011-07-01,2012-12-31,392,-0.0027865082162291666,0.0026735459254599823,0.09447988800069444,0.028297513704084103,-0.14585003401564633,-0.04163744675910289,0.5178571428571429,0.017790837589165637,0.01638201774877445
loo -skew_excl,STRESS,taper_2013,gross,2013-05-01,2013-09-30,109,-0.08316072907867966,,,,-0.11492589713586243,-0.02892583360064148,0.43119266055045874,0.01223204196811678,-0.14254285747976486
loo -skew_excl,STRESS,taper_2013,net,2013-05-01,2013-09-30,109,-0.08801331855736083,,,,-0.11614531206913736,-0.02892583360064148,0.42201834862385323,0.01223204196811678,-0.35634818374180177
loo -skew_excl,STRESS,china_em_2015,gross,2015-06-01,2016-02-29,196,-0.00866065604179933,-0.009655949623529225,0.05540015060268065,-0.17429464574527712,-0.0486147087324571,-0.014624252707563026,0.5153061224489796,0.009099912900890916,-0.012568643627710705
loo -skew_excl,STRESS,china_em_2015,net,2015-06-01,2016-02-29,196,-0.01566300314439406,-0.018755862524420137,0.055641613488082865,-0.33708336887889145,-0.049281573438112014,-0.014624252707563026,0.5153061224489796,0.009099912900890916,-0.057462800590522965
loo -skew_excl,STRESS,covid_2020,gross,2020-02-01,2020-04-30,64,-0.16527975720338228,,,,-0.20779161913401456,-0.03318401782026105,0.453125,0.033912735093917,-0.296886957357234
loo -skew_excl,STRESS,covid_2020,net,2020-02-01,2020-04-30,64,-0.17244933347127944,,,,-0.21270596507019202,-0.03318401782026105,0.4375,0.033912735093917,-0.7327175271965495
loo -skew_excl,STRESS,rates_2022,gross,2022-01-01,2022-10-31,216,-0.02723724326812338,-0.029589811270664956,0.07276957980094577,-0.40662336310866515,-0.08059241466031597,-0.016155521581764583,0.4861111111111111,0.017058626543913664,-0.04244566049651966
loo -skew_excl,STRESS,rates_2022,net,2022-01-01,2022-10-31,216,-0.04137759376042416,-0.046648437814578614,0.0730712740782305,-0.6383963931522058,-0.08998921325697207,-0.016155521581764583,0.48148148148148145,0.017058626543913664,-0.15750144116866768
loo -skew_excl,STRESS,oil_2026,gross,2026-02-01,2026-05-31,85,0.016672313647016823,,,,-0.013751227382789333,-0.007011292922195977,0.5058823529411764,0.030141773730021845,0.02813117463601692
loo -skew_excl,STRESS,oil_2026,net,2026-02-01,2026-05-31,85,0.006379322062833648,,,,-0.01953742594123342,-0.007011292922195977,0.49411764705882355,0.030141773730021845,0.026165088445890643
loo -skew_excl,STRESS,semis_2026,gross,2026-04-01,2026-06-30,65,0.002170127613253303,,,,-0.013751227382789,-0.006775451589967296,0.5384615384615384,0.014206554117515357,0.0037510945934427133
loo -skew_excl,STRESS,semis_2026,net,2026-04-01,2026-06-30,65,-0.001497782579763407,,,,-0.016038638805139116,-0.006775451589967296,0.5230769230769231,0.014206554117515357,-0.005605244400886886
final0 baseline,ERAS,pre-crisis 2007-08,gross,2007-05-01,2008-08-31,349,0.2825215845731275,0.18598017750115103,0.1119195767099718,1.6617305297990874,-0.08112899508463634,-0.02687704822851556,0.5587392550143266,0.02483912437702211,0.18464663828650746
final0 baseline,ERAS,pre-crisis 2007-08,net,2007-05-01,2008-08-31,349,0.23915756663161925,0.16114105312412896,0.1120383418553779,1.438267029443672,-0.0841491173492076,-0.02687704822851556,0.5501432664756447,0.02483912437702211,0.21566274971873672
final0 baseline,ERAS,GFC 2008-09,gross,2008-09-01,2009-06-30,217,-0.0416871277072437,-0.039425015040923994,0.1414777290563479,-0.2786658741548061,-0.17405470813793145,-0.04025119301876695,0.5345622119815668,0.021353211799687837,-0.024337777809318336
final0 baseline,ERAS,GFC 2008-09,net,2008-09-01,2009-06-30,217,-0.059131140355623946,-0.06077822684061183,0.14130503525965155,-0.43012074360216757,-0.17818964765856915,-0.04025119301876695,0.5161290322580645,0.021353211799687837,-0.05057679128587171
final0 baseline,ERAS,recovery 2009-11,gross,2009-07-01,2011-06-30,522,0.09996512222730414,0.051120725276759295,0.10124580613119044,0.5049169662446957,-0.09033227432717506,-0.029575300881677525,0.5114942528735632,0.016237163736486305,0.07591311807910987
final0 baseline,ERAS,recovery 2009-11,net,2009-07-01,2011-06-30,522,0.06363205087699764,0.03488356154027301,0.10104865772009436,0.3452154865520408,-0.09252808216947961,-0.029575300881677525,0.5076628352490421,0.016237163736486305,0.06982884131087047
final0 baseline,ERAS,euro crisis 2011-12,gross,2011-07-01,2012-12-31,392,-0.021158972285930555,-0.006699380894083592,0.11863170385158221,-0.05647209537228814,-0.17618655495335545,-0.04905954467828443,0.5153061224489796,0.019868832510356604,-0.007470850705952674
final0 baseline,ERAS,euro crisis 2011-12,net,2011-07-01,2012-12-31,392,-0.05095087403014087,-0.026568213404440207,0.11861618390106639,-0.22398472561383212,-0.18963546719139324,-0.04905954467828443,0.5153061224489796,0.019868832510356604,-0.03993851673032586
final0 baseline,ERAS,taper + EM 2013-16,gross,2013-01-01,2016-12-31,1044,0.17938430966888097,0.04619582173181822,0.11270635589724481,0.4098776982367816,-0.2203846709839774,-0.045891810270633826,0.5306513409961686,0.013066680803567512,0.13719949593451222
final0 baseline,ERAS,taper + EM 2013-16,net,2013-01-01,2016-12-31,1044,0.11708330556171442,0.033129140928250735,0.11301460073489875,0.2931403616242702,-0.22971650803497312,-0.045891810270633826,0.5268199233716475,0.013066680803567512,0.13263379210712206
final0 baseline,ERAS,calm 2017-19,gross,2017-01-01,2019-12-31,782,0.09527759100010003,0.03471043492142198,0.10370247887775574,0.3347117185341207,-0.14937841259047901,-0.03637328601818787,0.5268542199488491,0.010786615971443137,0.07721756971288242
final0 baseline,ERAS,calm 2017-19,net,2017-01-01,2019-12-31,782,0.05919007406118704,0.023923818949978838,0.10380676591546606,0.23046492913054384,-0.1620708607600838,-0.03637328601818787,0.5230179028132992,0.010786615971443137,0.0717432049492368
final0 baseline,ERAS,covid 2020,gross,2020-01-01,2020-12-31,262,-0.14563726947478084,-0.1429728800341817,0.12948079783481092,-1.1042014138388592,-0.2615754912076297,-0.03810552036060185,0.4961832061068702,0.0197991438305985,-0.10656246974156205
final0 baseline,ERAS,covid 2020,net,2020-01-01,2020-12-31,262,-0.1630717778480565,-0.1627720238647802,0.12962465219651081,-1.2557181146223484,-0.26887943686770055,-0.03810552036060185,0.49236641221374045,0.0197991438305985,-0.16354021650707296
final0 baseline,ERAS,tightening 2021-23,gross,2021-01-01,2023-12-31,781,0.32027350964941625,0.09571486305099285,0.10983684487291134,0.8714276449013209,-0.17642395829698287,-0.03526709096040925,0.5761843790012804,0.01837292512637445,0.21265702626999192
final0 baseline,ERAS,tightening 2021-23,net,2021-01-01,2023-12-31,781,0.24723285708188603,0.07734193792461841,0.10980034269242488,0.7043870358517035,-0.1817288196868836,-0.03526709096040925,0.5710627400768246,0.01837292512637445,0.23163788842300884
final0 baseline,ERAS,recent 2024-26,gross,2024-01-01,2026-06-30,652,0.8472676917457247,0.24301133683781267,0.1067510245118946,2.2764309565079204,-0.10567861723277083,-0.04177697196876925,0.6058282208588958,0.030016780830614195,0.45073724997382886
final0 baseline,ERAS,recent 2024-26,net,2024-01-01,2026-06-30,652,0.7092875638921083,0.21299455600719852,0.106878285998752,1.9928702450344837,-0.11073268244175971,-0.04177697196876925,0.593558282208589,0.030016780830614195,0.5325490480142958
final0 baseline,STRESS,gfc_2008,gross,2008-09-01,2009-06-30,217,-0.0416871277072437,-0.039425015040923994,0.1414777290563479,-0.2786658741548061,-0.17405470813793145,-0.04025119301876695,0.5345622119815668,0.021353211799687837,-0.024337777809318336
final0 baseline,STRESS,gfc_2008,net,2008-09-01,2009-06-30,217,-0.059131140355623946,-0.06077822684061183,0.14130503525965155,-0.43012074360216757,-0.17818964765856915,-0.04025119301876695,0.5161290322580645,0.021353211799687837,-0.05057679128587171
final0 baseline,STRESS,euro_2011,gross,2011-07-01,2012-12-31,392,-0.021158972285930555,-0.006699380894083592,0.11863170385158221,-0.05647209537228814,-0.17618655495335545,-0.04905954467828443,0.5153061224489796,0.019868832510356604,-0.007470850705952674
final0 baseline,STRESS,euro_2011,net,2011-07-01,2012-12-31,392,-0.05095087403014087,-0.026568213404440207,0.11861618390106639,-0.22398472561383212,-0.18963546719139324,-0.04905954467828443,0.5153061224489796,0.019868832510356604,-0.03993851673032586
final0 baseline,STRESS,taper_2013,gross,2013-05-01,2013-09-30,109,-0.1213086445929289,,,,-0.18704560075850685,-0.04031777309316834,0.48623853211009177,0.019032384847044927,-0.08880242157191856
final0 baseline,STRESS,taper_2013,net,2013-05-01,2013-09-30,109,-0.1285559057814608,,,,-0.19056745816094622,-0.04031777309316834,0.48623853211009177,0.019032384847044927,-0.1276622718017687
final0 baseline,STRESS,china_em_2015,gross,2015-06-01,2016-02-29,196,-0.04631902604762406,-0.05466462704933479,0.11238638983203475,-0.4863989948518937,-0.09805869380384757,-0.029101775774307753,0.5306122448979592,0.007507163007109273,-0.030479776716593625
final0 baseline,STRESS,china_em_2015,net,2015-06-01,2016-02-29,196,-0.05188478451008516,-0.062171790056444055,0.11253187472551728,-0.552481598730055,-0.09868561157876232,-0.029101775774307753,0.5255102040816326,0.007507163007109273,-0.04672969611326254
final0 baseline,STRESS,covid_2020,gross,2020-02-01,2020-04-30,64,-0.19044257310586532,,,,-0.23606288266495556,-0.03810552036060185,0.4375,0.027891600074519504,-0.14788732310731045
final0 baseline,STRESS,covid_2020,net,2020-02-01,2020-04-30,64,-0.19618650104557178,,,,-0.24037922999009376,-0.03810552036060185,0.4375,0.027891600074519504,-0.20619945568911735
final0 baseline,STRESS,rates_2022,gross,2022-01-01,2022-10-31,216,0.27789449583690384,0.29108270647232065,0.09864917140118645,2.950685771992402,-0.061553854247298534,-0.021880182396760452,0.6203703703703703,0.020748750560818006,0.17886257378546322
final0 baseline,STRESS,rates_2022,net,2022-01-01,2022-10-31,216,0.25543093829233166,0.2703339559115026,0.09828131016389728,2.7506140838037716,-0.0655638908629178,-0.021880182396760452,0.6157407407407407,0.020748750560818006,0.22392256715776454
final0 baseline,STRESS,oil_2026,gross,2026-02-01,2026-05-31,85,0.1094979055466383,,,,-0.017826055423339038,-0.01770198861377108,0.6470588235294118,0.023414739751940666,0.07553813158001774
final0 baseline,STRESS,oil_2026,net,2026-02-01,2026-05-31,85,0.10074865288869117,,,,-0.017826055423338927,-0.01770198861377108,0.6352941176470588,0.023414739751940666,0.09419417409653345
final0 baseline,STRESS,semis_2026,gross,2026-04-01,2026-06-30,65,0.12209194507905274,,,,-0.017826055423338816,-0.01770198861377108,0.676923076923077,0.01832156395377013,0.08330744966000185
final0 baseline,STRESS,semis_2026,net,2026-04-01,2026-06-30,65,0.11680426665541255,,,,-0.017826055423338705,-0.01770198861377108,0.6461538461538462,0.01832156395377013,0.10773267626564188
final1 +duration,ERAS,pre-crisis 2007-08,gross,2007-05-01,2008-08-31,349,0.2825215845731275,0.18598017750115103,0.1119195767099718,1.6617305297990874,-0.08112899508463634,-0.02687704822851556,0.5587392550143266,0.02483912437702211,0.1741129957187157
final1 +duration,ERAS,pre-crisis 2007-08,net,2007-05-01,2008-08-31,349,0.23915756663161925,0.16114105312412896,0.1120383418553779,1.438267029443672,-0.0841491173492076,-0.02687704822851556,0.5501432664756447,0.02483912437702211,0.1994083070009014
final1 +duration,ERAS,GFC 2008-09,gross,2008-09-01,2009-06-30,217,-0.050221253289731815,-0.04970257538795241,0.1422505902325406,-0.34940154066638573,-0.17405470813793145,-0.04025119301876695,0.5207373271889401,0.021376164450658486,-0.028931951580893504
final1 +duration,ERAS,GFC 2008-09,net,2008-09-01,2009-06-30,217,-0.06753015351804659,-0.07107873983861092,0.14208853516814918,-0.5002426110910042,-0.17818964765856915,-0.04025119301876695,0.5023041474654378,0.021376164450658486,-0.05469039689709971
final1 +duration,ERAS,recovery 2009-11,gross,2009-07-01,2011-06-30,522,0.1252209645455653,0.061534221189182406,0.09570849862690196,0.6429337213726413,-0.08270194671486275,-0.02872486089492908,0.5210727969348659,0.01623965577109867,0.08616409171979995
final1 +duration,ERAS,recovery 2009-11,net,2009-07-01,2011-06-30,522,0.08803259988193357,0.04529456541808372,0.09558055630650443,0.47388890762295494,-0.09724652246255716,-0.02872486089492908,0.5153256704980843,0.01623965577109867,0.08383555077621263
final1 +duration,ERAS,euro crisis 2011-12,gross,2011-07-01,2012-12-31,392,0.04564767017205429,0.03481809398763377,0.11069044881964671,0.3145537339392721,-0.1442346631221827,-0.04163744675910289,0.49489795918367346,0.01987081580242607,0.036612565643812454
final1 +duration,ERAS,euro crisis 2011-12,net,2011-07-01,2012-12-31,392,0.013841776771990721,0.014947278185207701,0.11058096180518813,0.13517044834119374,-0.14585003401564633,-0.04163744675910289,0.49489795918367346,0.01987081580242607,0.020775898076416686
final1 +duration,ERAS,taper + EM 2013-16,gross,2013-01-01,2016-12-31,1044,0.20570405604697806,0.051288053124414895,0.11059166102267863,0.46376058239958473,-0.23202231051891808,-0.04211619808539267,0.5306513409961686,0.013067812538165269,0.14363352385514364
final1 +duration,ERAS,taper + EM 2013-16,net,2013-01-01,2016-12-31,1044,0.1420010497397941,0.03822024058624962,0.11092080575149914,0.34457233092839357,-0.2412221315590496,-0.04211619808539267,0.5268199233716475,0.013067812538165269,0.14148341598033393
final1 +duration,ERAS,calm 2017-19,gross,2017-01-01,2019-12-31,782,0.14531495682041307,0.04887733146371948,0.10147183996952001,0.481683701393423,-0.1558211238164513,-0.036816854307167024,0.5319693094629157,0.010787208550241949,0.10253056320694881
final1 +duration,ERAS,calm 2017-19,net,2017-01-01,2019-12-31,782,0.10757205156501848,0.038090122913477534,0.10159852648149244,0.3749082219259959,-0.16441666470131822,-0.036816854307167024,0.5294117647058824,0.010787208550241949,0.10561625133050812
final1 +duration,ERAS,covid 2020,gross,2020-01-01,2020-12-31,262,-0.11220274468963765,-0.1077826781230581,0.11547564939812223,-0.9333801427819532,-0.23843114124036136,-0.03318401782026105,0.4770992366412214,0.019800538675965432,-0.07575117345884595
final1 +duration,ERAS,covid 2020,net,2020-01-01,2020-12-31,262,-0.13031009812249705,-0.12758321679902349,0.11555819573272466,-1.1040603047672324,-0.24595154484437742,-0.03318401782026105,0.4618320610687023,0.019800538675965432,-0.11852404399285196
final1 +duration,ERAS,tightening 2021-23,gross,2021-01-01,2023-12-31,781,0.20749919438370323,0.06728391968108899,0.11332646928237107,0.5937176028438714,-0.1758275450952771,-0.03834219754585641,0.5531370038412292,0.0183740968666239,0.14096179475874893
final1 +duration,ERAS,tightening 2021-23,net,2021-01-01,2023-12-31,781,0.14073051528703995,0.048909822814465084,0.11317830844260908,0.4321483815007403,-0.18112914550279502,-0.03834219754585641,0.5518565941101152,0.0183740968666239,0.1354436800262993
final1 +duration,ERAS,recent 2024-26,gross,2024-01-01,2026-06-30,652,0.8358029662698747,0.24052064221822597,0.10596792835420661,2.2697494039353656,-0.09484953994484513,-0.03929921418098236,0.598159509202454,0.03001744133988947,0.42066759013656996
final1 +duration,ERAS,recent 2024-26,net,2024-01-01,2026-06-30,652,0.6987443121666488,0.21050320087833646,0.10594841409288339,1.9868461711356196,-0.11045179953165607,-0.03929921418098236,0.588957055214724,0.03001744133988947,0.4866513376992792
final1 +duration,STRESS,gfc_2008,gross,2008-09-01,2009-06-30,217,-0.050221253289731815,-0.04970257538795241,0.1422505902325406,-0.34940154066638573,-0.17405470813793145,-0.04025119301876695,0.5207373271889401,0.021376164450658486,-0.028931951580893504
final1 +duration,STRESS,gfc_2008,net,2008-09-01,2009-06-30,217,-0.06753015351804659,-0.07107873983861092,0.14208853516814918,-0.5002426110910042,-0.17818964765856915,-0.04025119301876695,0.5023041474654378,0.021376164450658486,-0.05469039689709971
final1 +duration,STRESS,euro_2011,gross,2011-07-01,2012-12-31,392,0.04564767017205429,0.03481809398763377,0.11069044881964671,0.3145537339392721,-0.1442346631221827,-0.04163744675910289,0.49489795918367346,0.01987081580242607,0.036612565643812454
final1 +duration,STRESS,euro_2011,net,2011-07-01,2012-12-31,392,0.013841776771990721,0.014947278185207701,0.11058096180518813,0.13517044834119374,-0.14585003401564633,-0.04163744675910289,0.49489795918367346,0.01987081580242607,0.020775898076416686
final1 +duration,STRESS,taper_2013,gross,2013-05-01,2013-09-30,109,-0.1494463693993361,,,,-0.2057807393169151,-0.040906200548143555,0.45871559633027525,0.01903472177388079,-0.10588344284565517
final1 +duration,STRESS,taper_2013,net,2013-05-01,2013-09-30,109,-0.15646167143792655,,,,-0.2092227134317608,-0.040906200548143555,0.45871559633027525,0.01903472177388079,-0.1473156440702272
final1 +duration,STRESS,china_em_2015,gross,2015-06-01,2016-02-29,196,-0.027718467592017793,-0.030049705077343527,0.11040418329049473,-0.2721790441425299,-0.08442447931667107,-0.029175140594716903,0.5204081632653061,0.007508238297111652,-0.01579921060745309
final1 +duration,STRESS,china_em_2015,net,2015-06-01,2016-02-29,196,-0.03338987482703182,-0.03755794337445516,0.11051410025190733,-0.33984752433259713,-0.0850594057264602,-0.029175140594716903,0.5153061224489796,0.007508238297111652,-0.02610174219811201
final1 +duration,STRESS,covid_2020,gross,2020-02-01,2020-04-30,64,-0.16373923641390387,,,,-0.2083243239009508,-0.03318401782026105,0.421875,0.027895523652535954,-0.11860870171617026
final1 +duration,STRESS,covid_2020,net,2020-02-01,2020-04-30,64,-0.1696579539115337,,,,-0.21278323903643415,-0.03318401782026105,0.40625,0.027895523652535954,-0.1631097528341349
final1 +duration,STRESS,rates_2022,gross,2022-01-01,2022-10-31,216,0.1673542712316387,0.18584196054865684,0.10278507255483564,1.808063719072733,-0.06568376672525944,-0.02017297251480181,0.5231481481481481,0.0207498466934172,0.10768039317473897
final1 +duration,STRESS,rates_2022,net,2022-01-01,2022-10-31,216,0.1468204481001294,0.16509211385523961,0.10246794111978963,1.6111586907190758,-0.07234145405845882,-0.02017297251480181,0.5231481481481481,0.0207498466934172,0.12644210030064654
final1 +duration,STRESS,oil_2026,gross,2026-02-01,2026-05-31,85,0.10936247789388065,,,,-0.019784374751870448,-0.01787217671549429,0.611764705882353,0.02341501456016062,0.07108638004501226
final1 +duration,STRESS,oil_2026,net,2026-02-01,2026-05-31,85,0.10061483798176463,,,,-0.019784374751870448,-0.01787217671549429,0.611764705882353,0.02341501456016062,0.08690636312096058
final1 +duration,STRESS,semis_2026,gross,2026-04-01,2026-06-30,65,0.12378268853822627,,,,-0.01978437475187067,-0.01787217671549429,0.6461538461538462,0.01832166018137147,0.07959495012190132
final1 +duration,STRESS,semis_2026,net,2026-04-01,2026-06-30,65,0.11848877730842822,,,,-0.019784374751870448,-0.01787217671549429,0.6307692307692307,0.01832166018137147,0.10098754954758252
final2 +vix_gate,ERAS,pre-crisis 2007-08,gross,2007-05-01,2008-08-31,349,0.2825215845731275,0.18598017750115103,0.1119195767099718,1.6617305297990874,-0.08112899508463634,-0.02687704822851556,0.5587392550143266,0.02483912437702211,0.1821882219194887
final2 +vix_gate,ERAS,pre-crisis 2007-08,net,2007-05-01,2008-08-31,349,0.23915756663161925,0.16114105312412896,0.1120383418553779,1.438267029443672,-0.0841491173492076,-0.02687704822851556,0.5501432664756447,0.02483912437702211,0.21077498313067555
final2 +vix_gate,ERAS,GFC 2008-09,gross,2008-09-01,2009-06-30,217,-0.08890634254052543,-0.09945106673397168,0.13141573650762367,-0.756766802643931,-0.17405470813793145,-0.04025119301876695,0.5161290322580645,0.016480211148104322,-0.06057555364581053
final2 +vix_gate,ERAS,GFC 2008-09,net,2008-09-01,2009-06-30,217,-0.1017443183110337,-0.11593127788207595,0.13135834416374645,-0.8825573938231157,-0.17818964765856915,-0.04025119301876695,0.4976958525345622,0.016480211148104322,-0.09428612677309646
final2 +vix_gate,ERAS,recovery 2009-11,gross,2009-07-01,2011-06-30,522,0.1252209645455653,0.061534221189182406,0.09570849862690196,0.6429337213726413,-0.08270194671486275,-0.02872486089492908,0.5210727969348659,0.01623965577109867,0.0901603157130142
final2 +vix_gate,ERAS,recovery 2009-11,net,2009-07-01,2011-06-30,522,0.08803259988193357,0.04529456541808372,0.09558055630650443,0.47388890762295494,-0.09724652246255716,-0.02872486089492908,0.5153256704980843,0.01623965577109867,0.08861434644509185
final2 +vix_gate,ERAS,euro crisis 2011-12,gross,2011-07-01,2012-12-31,392,0.06329913383139485,0.04538398297256845,0.10889378939224771,0.416772923652149,-0.1442346631221827,-0.04163744675910289,0.4923469387755102,0.019540979741784193,0.04993636056338298
final2 +vix_gate,ERAS,euro crisis 2011-12,net,2011-07-01,2012-12-31,392,0.03149431412252013,0.025843003230784246,0.10873890042351006,0.23766106821139807,-0.14585003401564633,-0.04163744675910289,0.4923469387755102,0.019540979741784193,0.03796789217645235
final2 +vix_gate,ERAS,taper + EM 2013-16,gross,2013-01-01,2016-12-31,1044,0.19691766797449706,0.04907438049190992,0.10647822712498176,0.46088652879529557,-0.23202231051891808,-0.04211619808539267,0.5344827586206896,0.013163836205443067,0.14380816245218075
final2 +vix_gate,ERAS,taper + EM 2013-16,net,2013-01-01,2016-12-31,1044,0.13322463181770128,0.03591054428646687,0.10682594055207494,0.33615940192879823,-0.2412221315590496,-0.04211619808539267,0.5306513409961686,0.013163836205443067,0.14051087069983495
final2 +vix_gate,ERAS,calm 2017-19,gross,2017-01-01,2019-12-31,782,0.12492735607943573,0.04247611109697312,0.09522179333168229,0.4460755212729272,-0.14638345056019397,-0.036816854307167024,0.530690537084399,0.01093874202821067,0.09323515852893415
final2 +vix_gate,ERAS,calm 2017-19,net,2017-01-01,2019-12-31,782,0.08732610041118005,0.03153736906876244,0.09541224422874504,0.3305379652652706,-0.1554531809360341,-0.036816854307167024,0.5242966751918159,0.01093874202821067,0.09243142578123269
final2 +vix_gate,ERAS,covid 2020,gross,2020-01-01,2020-12-31,262,-0.05438038452223304,-0.0504610096765422,0.08134117410436195,-0.6203624453686882,-0.1609976181848055,-0.03318401782026105,0.5038167938931297,0.01549891660949748,-0.03710952879983039
final2 +vix_gate,ERAS,covid 2020,net,2020-01-01,2020-12-31,262,-0.06950397040273804,-0.06595992628603967,0.08139680704117527,-0.8103502911689554,-0.16748728322214712,-0.03318401782026105,0.4961832061068702,0.01549891660949748,-0.06476925349668033
final2 +vix_gate,ERAS,tightening 2021-23,gross,2021-01-01,2023-12-31,781,0.16126656051319266,0.05391134777033796,0.10631701634337806,0.5070810828270184,-0.17582754509527732,-0.03834219754585641,0.5556978233034571,0.018802333675228176,0.11818420430865134
final2 +vix_gate,ERAS,tightening 2021-23,net,2021-01-01,2023-12-31,781,0.09557350116491303,0.03510901409510979,0.10622309715467312,0.3305214688288273,-0.18112914550279446,-0.03834219754585641,0.5544174135723432,0.018802333675228176,0.10276781115732059
final2 +vix_gate,ERAS,recent 2024-26,gross,2024-01-01,2026-06-30,652,0.7856906152577425,0.22958947808830066,0.10382585099100952,2.2112939686685666,-0.09484953994484513,-0.03929921418098236,0.598159509202454,0.030709731966893247,0.4201726589599888
final2 +vix_gate,ERAS,recent 2024-26,net,2024-01-01,2026-06-30,652,0.649400557452525,0.19887974612140746,0.10383423301998432,1.9153581659637273,-0.11045179953165607,-0.03929921418098236,0.588957055214724,0.030709731966893247,0.48598805087916874
final2 +vix_gate,STRESS,gfc_2008,gross,2008-09-01,2009-06-30,217,-0.08890634254052543,-0.09945106673397168,0.13141573650762367,-0.756766802643931,-0.17405470813793145,-0.04025119301876695,0.5161290322580645,0.016480211148104322,-0.06057555364581053
final2 +vix_gate,STRESS,gfc_2008,net,2008-09-01,2009-06-30,217,-0.1017443183110337,-0.11593127788207595,0.13135834416374645,-0.8825573938231157,-0.17818964765856915,-0.04025119301876695,0.4976958525345622,0.016480211148104322,-0.09428612677309646
final2 +vix_gate,STRESS,euro_2011,gross,2011-07-01,2012-12-31,392,0.06329913383139485,0.04538398297256845,0.10889378939224771,0.416772923652149,-0.1442346631221827,-0.04163744675910289,0.4923469387755102,0.019540979741784193,0.04993636056338298
final2 +vix_gate,STRESS,euro_2011,net,2011-07-01,2012-12-31,392,0.03149431412252013,0.025843003230784246,0.10873890042351006,0.23766106821139807,-0.14585003401564633,-0.04163744675910289,0.4923469387755102,0.019540979741784193,0.03796789217645235
final2 +vix_gate,STRESS,taper_2013,gross,2013-05-01,2013-09-30,109,-0.1494463693993361,,,,-0.2057807393169151,-0.040906200548143555,0.45871559633027525,0.01903472177388079,-0.11079423510654197
final2 +vix_gate,STRESS,taper_2013,net,2013-05-01,2013-09-30,109,-0.15646167143792655,,,,-0.2092227134317608,-0.040906200548143555,0.45871559633027525,0.01903472177388079,-0.15571293323124388
final2 +vix_gate,STRESS,china_em_2015,gross,2015-06-01,2016-02-29,196,-0.02923038117186383,-0.03378388728043363,0.09339182019717242,-0.36174353609457216,-0.08035074243593165,-0.025933475553489054,0.5510204081632653,0.00807763855647549,-0.018586341105056005
final2 +vix_gate,STRESS,china_em_2015,net,2015-06-01,2016-02-29,196,-0.03531542802528953,-0.04186152583690911,0.09345021391879715,-0.4479553773229921,-0.08337415613934662,-0.025933475553489054,0.5459183673469388,0.00807763855647549,-0.030750951913828834
final2 +vix_gate,STRESS,covid_2020,gross,2020-02-01,2020-04-30,64,-0.09939313489203372,,,,-0.14526056776388518,-0.03318401782026105,0.484375,0.027847451287784028,-0.07273689863948254
final2 +vix_gate,STRESS,covid_2020,net,2020-02-01,2020-04-30,64,-0.10574874666857015,,,,-0.15005706987034917,-0.03318401782026105,0.484375,0.027847451287784028,-0.10380082945669647
final2 +vix_gate,STRESS,rates_2022,gross,2022-01-01,2022-10-31,216,0.10362125309412296,0.11900235316868277,0.08917875391985572,1.3344249379805115,-0.06653576636213043,-0.016155521581764583,0.5324074074074074,0.022887179717134117,0.07215019561987039
final2 +vix_gate,STRESS,rates_2022,net,2022-01-01,2022-10-31,216,0.0821962964636882,0.09611517345154863,0.08910243082525086,1.0787042795729251,-0.07394195881569698,-0.016155521581764583,0.5324074074074074,0.022887179717134117,0.07780959302884673
final2 +vix_gate,STRESS,oil_2026,gross,2026-02-01,2026-05-31,85,0.09643708261643136,,,,-0.012701632999996826,-0.01133300071470707,0.611764705882353,0.024449139405611928,0.06582299073524701
final2 +vix_gate,STRESS,oil_2026,net,2026-02-01,2026-05-31,85,0.08740632834495288,,,,-0.012701632999996493,-0.01133300071470707,0.611764705882353,0.024449139405611928,0.08010067926043991
final2 +vix_gate,STRESS,semis_2026,gross,2026-04-01,2026-06-30,65,0.10011043113525497,,,,-0.01106187787992452,-0.009021182408608748,0.6461538461538462,0.022228044568716097,0.0678575606915583
final2 +vix_gate,STRESS,semis_2026,net,2026-04-01,2026-06-30,65,0.09381928278692597,,,,-0.011061877879924298,-0.009021182408608748,0.6307692307692307,0.022228044568716097,0.08519106201298338
final3 +skew_excl,ERAS,pre-crisis 2007-08,gross,2007-05-01,2008-08-31,349,0.10871046232196013,0.07663860515433397,0.06508706672162169,1.1774782459028055,-0.05671636436537275,-0.019323600901038466,0.5444126074498568,0.020534676748825264,0.0944907788436517
final3 +skew_excl,ERAS,pre-crisis 2007-08,net,2007-05-01,2008-08-31,349,0.07764117468051479,0.05610392840550872,0.06499042611441129,0.8632645107871968,-0.0665153961942192,-0.019323600901038466,0.5300859598853869,0.020534676748825264,0.08837456818936394
final3 +skew_excl,ERAS,GFC 2008-09,gross,2008-09-01,2009-06-30,217,-0.011404518035097455,-0.01164070685325136,0.05804594334041155,-0.20054298687135141,-0.04403804479843931,-0.015368902575235556,0.5069124423963134,0.01253013640024086,-0.008923916465403721
final3 +skew_excl,ERAS,GFC 2008-09,net,2008-09-01,2009-06-30,217,-0.02201009922412478,-0.024170843253492218,0.05795030734104016,-0.4170960321443288,-0.0533859118601373,-0.015368902575235556,0.4930875576036866,0.01253013640024086,-0.023673373056992617
final3 +skew_excl,ERAS,recovery 2009-11,gross,2009-07-01,2011-06-30,522,-0.005676040745634325,0.001363750463187203,0.09077979041421111,0.015022621851897499,-0.1233054246470714,-0.02715022257067254,0.5038314176245211,0.017010773232082534,0.002514906387841411
final3 +skew_excl,ERAS,recovery 2009-11,net,2009-07-01,2011-06-30,522,-0.04013665275620526,-0.01564702276889534,0.09095828375545346,-0.1720241645165959,-0.13649397990950562,-0.02715022257067254,0.5038314176245211,0.017010773232082534,-0.03686471015651096
final3 +skew_excl,ERAS,euro crisis 2011-12,gross,2011-07-01,2012-12-31,392,0.07604339346662603,0.05142667055391902,0.09295565591767213,0.5532387464348161,-0.08109249652617256,-0.018869669296462478,0.4897959183673469,0.01624905716484572,0.07121818233465436
final3 +skew_excl,ERAS,euro crisis 2011-12,net,2011-07-01,2012-12-31,392,0.04918227926766727,0.03517761338907329,0.09300268601528269,0.3782429830391428,-0.08244125182442208,-0.018869669296462478,0.4897959183673469,0.01624905716484572,0.062238776229886474
final3 +skew_excl,ERAS,taper + EM 2013-16,gross,2013-01-01,2016-12-31,1044,0.44700985608557775,0.0935936926288941,0.09362111351714615,0.9997071078603756,-0.18474444765586762,-0.039532959879052455,0.5258620689655172,0.010130036780328214,0.3451942005635978
final3 +skew_excl,ERAS,taper + EM 2013-16,net,2013-01-01,2016-12-31,1044,0.3874135308023261,0.08346365584856592,0.0938882632541732,0.8889679386507993,-0.19066493540558793,-0.039532959879052455,0.5239463601532567,0.010130036780328214,0.39328420836411754
final3 +skew_excl,ERAS,calm 2017-19,gross,2017-01-01,2019-12-31,782,0.17357648858148567,0.05415160442370115,0.07171058507841858,0.7551410208755661,-0.0938307745228274,-0.016221237945753073,0.5370843989769821,0.007877407454601878,0.1496009982683108
final3 +skew_excl,ERAS,calm 2017-19,net,2017-01-01,2019-12-31,782,0.14522231324708668,0.04627419696909926,0.07178545177951902,0.644618036412521,-0.09550797794158294,-0.016221237945753073,0.5332480818414322,0.007877407454601878,0.16332559539120947
final3 +skew_excl,ERAS,covid 2020,gross,2020-01-01,2020-12-31,262,-0.017763816146244005,-0.0149474796204351,0.06773753351916643,-0.2206676098740101,-0.10990636569865297,-0.025264058234837104,0.49236641221374045,0.01163888573794389,-0.01383520731237781
final3 +skew_excl,ERAS,covid 2020,net,2020-01-01,2020-12-31,262,-0.029591389976901028,-0.026586365358378994,0.06791738152441108,-0.3914515660298717,-0.11663604595003918,-0.025264058234837104,0.4847328244274809,0.01163888573794389,-0.03143901031001938
final3 +skew_excl,ERAS,tightening 2021-23,gross,2021-01-01,2023-12-31,781,0.19867824414256918,0.06172905348294791,0.08068785860753167,0.765035217791564,-0.07237073036939978,-0.01984134502941801,0.5134443021766966,0.01018570858747399,0.17031663246622228
final3 +skew_excl,ERAS,tightening 2021-23,net,2021-01-01,2023-12-31,781,0.16144631011278543,0.051543344895473915,0.08065708585938092,0.6390429848325484,-0.07410164926742857,-0.01984134502941801,0.5096030729833547,0.01018570858747399,0.1816905077547786
final3 +skew_excl,ERAS,recent 2024-26,gross,2024-01-01,2026-06-30,652,0.2242811195476042,0.08223745828227323,0.08961849280958079,0.9176393811599733,-0.1326649499049064,-0.035043797636333425,0.5337423312883436,0.013233257199134773,0.18942342491350322
final3 +skew_excl,ERAS,recent 2024-26,net,2024-01-01,2026-06-30,652,0.18307842341994118,0.06900420108313846,0.08963704835169284,0.7698178638412884,-0.14308488794818786,-0.035043797636333425,0.5322085889570553,0.013233257199134773,0.20306343759416684
final3 +skew_excl,STRESS,gfc_2008,gross,2008-09-01,2009-06-30,217,-0.011404518035097455,-0.01164070685325136,0.05804594334041155,-0.20054298687135141,-0.04403804479843931,-0.015368902575235556,0.5069124423963134,0.01253013640024086,-0.008923916465403721
final3 +skew_excl,STRESS,gfc_2008,net,2008-09-01,2009-06-30,217,-0.02201009922412478,-0.024170843253492218,0.05795030734104016,-0.4170960321443288,-0.0533859118601373,-0.015368902575235556,0.4930875576036866,0.01253013640024086,-0.023673373056992617
final3 +skew_excl,STRESS,euro_2011,gross,2011-07-01,2012-12-31,392,0.07604339346662603,0.05142667055391902,0.09295565591767213,0.5532387464348161,-0.08109249652617256,-0.018869669296462478,0.4897959183673469,0.01624905716484572,0.07121818233465436
final3 +skew_excl,STRESS,euro_2011,net,2011-07-01,2012-12-31,392,0.04918227926766727,0.03517761338907329,0.09300268601528269,0.3782429830391428,-0.08244125182442208,-0.018869669296462478,0.4897959183673469,0.01624905716484572,0.062238776229886474
final3 +skew_excl,STRESS,taper_2013,gross,2013-05-01,2013-09-30,109,-0.11810692313366744,,,,-0.16905024156234605,-0.03917692952905019,0.43119266055045874,0.014137450322267014,-0.10802066859298136
final3 +skew_excl,STRESS,taper_2013,net,2013-05-01,2013-09-30,109,-0.12351939129410472,,,,-0.17153683764506777,-0.03917692952905019,0.43119266055045874,0.014137450322267014,-0.14496149114447987
final3 +skew_excl,STRESS,china_em_2015,gross,2015-06-01,2016-02-29,196,0.003038084284160192,0.0073103726485579815,0.08261430165380104,0.08848797971073372,-0.05048952289379227,-0.028483668712735236,0.5255102040816326,0.005453137761794207,0.005061881768851913
final3 +skew_excl,STRESS,china_em_2015,net,2015-06-01,2016-02-29,196,-0.0012087151267963225,0.0018572348867638077,0.08263796155636544,0.022474355027465566,-0.0507288626546295,-0.028483668712735236,0.5255102040816326,0.005453137761794207,0.0016429771008788195
final3 +skew_excl,STRESS,covid_2020,gross,2020-02-01,2020-04-30,64,-0.023309634656726086,,,,-0.07747546561885132,-0.025264058234837104,0.53125,0.01998655957569052,-0.019828165670193455
final3 +skew_excl,STRESS,covid_2020,net,2020-02-01,2020-04-30,64,-0.0282625390023179,,,,-0.08135284917756025,-0.025264058234837104,0.515625,0.01998655957569052,-0.031105639763796076
final3 +skew_excl,STRESS,rates_2022,gross,2022-01-01,2022-10-31,216,0.06105886828133111,0.07234098166085445,0.0800950445336764,0.9031892307699297,-0.04521153855416615,-0.01309521299256115,0.5046296296296297,0.012530984624724536,0.05520196772547069
final3 +skew_excl,STRESS,rates_2022,net,2022-01-01,2022-10-31,216,0.049744226049609486,0.059809997036129894,0.07983790916037382,0.749142827826152,-0.045211538554166375,-0.01309521299256115,0.5,0.012530984624724536,0.05830907315277395
final3 +skew_excl,STRESS,oil_2026,gross,2026-02-01,2026-05-31,85,0.03017491677766615,,,,-0.03140778211564221,-0.015015244633478038,0.5411764705882353,0.007919929669351634,0.02776538518133195
final3 +skew_excl,STRESS,oil_2026,net,2026-02-01,2026-05-31,85,0.027420246867071896,,,,-0.033192435582276913,-0.015015244633478038,0.5411764705882353,0.007919929669351634,0.03243440766066194
final3 +skew_excl,STRESS,semis_2026,gross,2026-04-01,2026-06-30,65,0.06096533966167783,,,,-0.024167588719319455,-0.010671456306801646,0.5384615384615384,0.011466449794634287,0.053316230545291304
final3 +skew_excl,STRESS,semis_2026,net,2026-04-01,2026-06-30,65,0.05782376495890951,,,,-0.024668421366017546,-0.010671456306801646,0.5384615384615384,0.011466449794634287,0.0647524307079111
final_loo -duration,ERAS,pre-crisis 2007-08,gross,2007-05-01,2008-08-31,349,0.10871046232196013,0.07663860515433397,0.06508706672162169,1.1774782459028055,-0.05671636436537275,-0.019323600901038466,0.5444126074498568,0.020534676748825264,0.10216657272400383
final_loo -duration,ERAS,pre-crisis 2007-08,net,2007-05-01,2008-08-31,349,0.07764117468051479,0.05610392840550872,0.06499042611441129,0.8632645107871968,-0.0665153961942192,-0.019323600901038466,0.5300859598853869,0.020534676748825264,0.09775285190829232
final_loo -duration,ERAS,GFC 2008-09,gross,2008-09-01,2009-06-30,217,-0.002444303438523643,-0.0013631465062229151,0.05447295364478731,-0.025024281134301204,-0.03942330221183099,-0.015368902575235556,0.5253456221198156,0.012507183749270212,-0.0011298949683146383
final_loo -duration,ERAS,GFC 2008-09,net,2008-09-01,2009-06-30,217,-0.013126523637849608,-0.013870330255493125,0.05438085153733845,-0.25505908538356764,-0.03942330221183099,-0.015368902575235556,0.5069124423963134,0.012507183749270212,-0.015026480555003678
final_loo -duration,ERAS,recovery 2009-11,gross,2009-07-01,2011-06-30,522,-0.0265842952370412,-0.009049745449235876,0.08903665074201253,-0.10164067688774477,-0.12328554125377766,-0.031190294575019126,0.4789272030651341,0.017008281197470165,-0.018044409422469317
final_loo -duration,ERAS,recovery 2009-11,net,2009-07-01,2011-06-30,522,-0.060303829908679885,-0.026058026646706048,0.08914414551411229,-0.292313381842679,-0.14009162767209415,-0.031190294575019126,0.47509578544061304,0.017008281197470165,-0.06790828534633633
final_loo -duration,ERAS,euro crisis 2011-12,gross,2011-07-01,2012-12-31,392,0.010002485286471519,0.00990919567220165,0.08387797171263738,0.11813823665348232,-0.10537730736941231,-0.019592472878933745,0.49744897959183676,0.016247073872776255,0.01483748446703607
final_loo -duration,ERAS,euro crisis 2011-12,net,2011-07-01,2012-12-31,392,-0.01523113256936548,-0.006337878200574612,0.08408522852002291,-0.07537445413572726,-0.10669963516567604,-0.019592472878933745,0.4923469387755102,0.016247073872776255,-0.012403398407533362
final_loo -duration,ERAS,taper + EM 2013-16,gross,2013-01-01,2016-12-31,1044,0.4152100743685181,0.08850146123629742,0.09649686282542795,0.9171434038887359,-0.1630913758847916,-0.04330857206429361,0.5153256704980843,0.010128905045730451,0.3529285127394139
final_loo -duration,ERAS,taper + EM 2013-16,net,2013-01-01,2016-12-31,1044,0.356928414425405,0.07837255619056697,0.09675609760030406,0.810001210614355,-0.16916284274989257,-0.04330857206429361,0.514367816091954,0.010128905045730451,0.4084841865631881
final_loo -duration,ERAS,calm 2017-19,gross,2017-01-01,2019-12-31,782,0.12252888106613602,0.039984707881403625,0.0739883129430509,0.5404192404303098,-0.0788917129777229,-0.019953032742024313,0.5332480818414322,0.007876814875803068,0.11943634003714451
final_loo -duration,ERAS,calm 2017-19,net,2017-01-01,2019-12-31,782,0.09541412423044249,0.032107893005600574,0.07403828844763413,0.43366606223359516,-0.08332427885928473,-0.019953032742024313,0.5319693094629157,0.007876814875803068,0.12535143156980796
final_loo -duration,ERAS,covid 2020,gross,2020-01-01,2020-12-31,262,-0.052927067464584976,-0.05013768153155869,0.06570419982092217,-0.7630818375112965,-0.1260560428052162,-0.0301855607751779,0.46946564885496184,0.01163749089257696,-0.05017661326841337
final_loo -duration,ERAS,covid 2020,net,2020-01-01,2020-12-31,262,-0.06434102087046145,-0.061775172424135646,0.06603841606512253,-0.9354429755434659,-0.13267289287025286,-0.0301855607751779,0.4541984732824427,0.01163749089257696,-0.08080272283681925
final_loo -duration,ERAS,tightening 2021-23,gross,2021-01-01,2023-12-31,781,0.3096368195668062,0.09015999685285177,0.0788757747812179,1.1430632168486907,-0.08433010349002723,-0.02030383609243959,0.5556978233034571,0.01018453684722454,0.268968070663535
final_loo -duration,ERAS,tightening 2021-23,net,2021-01-01,2023-12-31,781,0.26895405745146284,0.07997546000562722,0.07888822955667436,1.0137819096088572,-0.08698604902751916,-0.02030383609243959,0.5556978233034571,0.01018453684722454,0.31183044799017545
final_loo -duration,ERAS,recent 2024-26,gross,2024-01-01,2026-06-30,652,0.23106855980286944,0.08472815290186002,0.09350817555601484,0.9061042245563302,-0.12578538920813764,-0.029847974051258663,0.5291411042944786,0.013232596689859497,0.21101393702806392
final_loo -duration,ERAS,recent 2024-26,net,2024-01-01,2026-06-30,652,0.18961844090767466,0.07149555621200052,0.09359930878284645,0.7638470533780609,-0.13629503166213242,-0.029847974051258663,0.5260736196319018,0.013232596689859497,0.23272196911422888
final_loo -duration,STRESS,gfc_2008,gross,2008-09-01,2009-06-30,217,-0.002444303438523643,-0.0013631465062229151,0.05447295364478731,-0.025024281134301204,-0.03942330221183099,-0.015368902575235556,0.5253456221198156,0.012507183749270212,-0.0011298949683146383
final_loo -duration,STRESS,gfc_2008,net,2008-09-01,2009-06-30,217,-0.013126523637849608,-0.013870330255493125,0.05438085153733845,-0.25505908538356764,-0.03942330221183099,-0.015368902575235556,0.5069124423963134,0.012507183749270212,-0.015026480555003678
final_loo -duration,STRESS,euro_2011,gross,2011-07-01,2012-12-31,392,0.010002485286471519,0.00990919567220165,0.08387797171263738,0.11813823665348232,-0.10537730736941231,-0.019592472878933745,0.49744897959183676,0.016247073872776255,0.01483748446703607
final_loo -duration,STRESS,euro_2011,net,2011-07-01,2012-12-31,392,-0.01523113256936548,-0.006337878200574612,0.08408522852002291,-0.07537445413572726,-0.10669963516567604,-0.019592472878933745,0.4923469387755102,0.016247073872776255,-0.012403398407533362
final_loo -duration,STRESS,taper_2013,gross,2013-05-01,2013-09-30,109,-0.08930882063547507,,,,-0.15013302849569643,-0.03858850207407498,0.5045871559633027,0.014135113395431149,-0.08525919924390826
final_loo -duration,STRESS,taper_2013,net,2013-05-01,2013-09-30,109,-0.09489723310281561,,,,-0.15267536971928608,-0.03858850207407498,0.5045871559633027,0.014135113395431149,-0.11912555662710222
final_loo -duration,STRESS,china_em_2015,gross,2015-06-01,2016-02-29,196,-0.01577292746846437,-0.01730454932343328,0.07929089029468464,-0.2182413296044591,-0.04681636204501738,-0.022116450869154772,0.47959183673469385,0.0054520624717918275,-0.012955440092669706
final_loo -duration,STRESS,china_em_2015,net,2015-06-01,2016-02-29,196,-0.019943673645795745,-0.0227566117952251,0.07938230272331809,-0.28667109688845643,-0.04981721034003794,-0.022116450869154772,0.47959183673469385,0.0054520624717918275,-0.02226765122088962
final_loo -duration,STRESS,covid_2020,gross,2020-02-01,2020-04-30,64,-0.05305235888821613,,,,-0.10170941023468816,-0.0301855607751779,0.515625,0.019982635997674074,-0.051116984382963235
final_loo -duration,STRESS,covid_2020,net,2020-02-01,2020-04-30,64,-0.05786680957804813,,,,-0.10434484344313033,-0.0301855607751779,0.484375,0.019982635997674074,-0.0731945417509803
final_loo -duration,STRESS,rates_2022,gross,2022-01-01,2022-10-31,216,0.16150976151942964,0.17758172758451826,0.07567277587866997,2.3467056087547804,-0.04296021545717266,-0.015182421082168308,0.6111111111111112,0.012529888492125347,0.1465169379530212
final_loo -duration,STRESS,rates_2022,net,2022-01-01,2022-10-31,216,0.14913567954015305,0.16505183909239293,0.07532777247989358,2.191115357041102,-0.044794232842602866,-0.015182421082168308,0.6111111111111112,0.012529888492125347,0.1779855959161657
final_loo -duration,STRESS,oil_2026,gross,2026-02-01,2026-05-31,85,0.030182603302817634,,,,-0.030266598468417616,-0.015286084097765777,0.5058823529411764,0.007919654861131676,0.03022374956634458
final_loo -duration,STRESS,oil_2026,net,2026-02-01,2026-05-31,85,0.027427790716138878,,,,-0.032053433422689515,-0.015286084097765777,0.49411764705882355,0.007919654861131676,0.036141633285052814
final_loo -duration,STRESS,semis_2026,gross,2026-04-01,2026-06-30,65,0.059322777814346805,,,,-0.022294017082331696,-0.010501268205078438,0.49230769230769234,0.01146635356703295,0.05616638369681522
final_loo -duration,STRESS,semis_2026,net,2026-04-01,2026-06-30,65,0.05618553956377892,,,,-0.022796129208456306,-0.010501268205078438,0.47692307692307695,0.01146635356703295,0.06968844046931684
final_loo -vix_gate,ERAS,pre-crisis 2007-08,gross,2007-05-01,2008-08-31,349,0.10871046232196013,0.07663860515433397,0.06508706672162169,1.1774782459028055,-0.05671636436537275,-0.019323600901038466,0.5444126074498568,0.020534676748825264,0.09554113013907178
final_loo -vix_gate,ERAS,pre-crisis 2007-08,net,2007-05-01,2008-08-31,349,0.07764117468051479,0.05610392840550872,0.06499042611441129,0.8632645107871968,-0.0665153961942192,-0.019323600901038466,0.5300859598853869,0.020534676748825264,0.09045439252727325
final_loo -vix_gate,ERAS,GFC 2008-09,gross,2008-09-01,2009-06-30,217,-0.010744810786225356,-0.010138106237257872,0.06950303945175244,-0.14586565303083665,-0.047293234051480226,-0.015368902575235556,0.511520737327189,0.016758416857612805,-0.007858396309661925
final_loo -vix_gate,ERAS,GFC 2008-09,net,2008-09-01,2009-06-30,217,-0.02491577374464038,-0.026896523094870676,0.06944377012085705,-0.38731369348267075,-0.05619836670705036,-0.015368902575235556,0.4976958525345622,0.016758416857612805,-0.026962914780074922
final_loo -vix_gate,ERAS,recovery 2009-11,gross,2009-07-01,2011-06-30,522,-0.005676040745634325,0.001363750463187203,0.09077979041421111,0.015022621851897499,-0.1233054246470714,-0.02715022257067254,0.5038314176245211,0.017010773232082534,0.0025428618689439663
final_loo -vix_gate,ERAS,recovery 2009-11,net,2009-07-01,2011-06-30,522,-0.04013665275620526,-0.01564702276889534,0.09095828375545346,-0.1720241645165959,-0.13649397990950562,-0.02715022257067254,0.5038314176245211,0.017010773232082534,-0.0377322914410859
final_loo -vix_gate,ERAS,euro crisis 2011-12,gross,2011-07-01,2012-12-31,392,0.0665010023059871,0.04574221591405428,0.09341663691286213,0.4896581318456374,-0.08109249652617256,-0.018869669296462478,0.4897959183673469,0.016266251600736168,0.0640502194268664
final_loo -vix_gate,ERAS,euro crisis 2011-12,net,2011-07-01,2012-12-31,392,0.039850308158204006,0.029475964313318108,0.09345934063190124,0.3153881047525477,-0.08244125182442208,-0.018869669296462478,0.4897959183673469,0.016266251600736168,0.05337833854066497
final_loo -vix_gate,ERAS,taper + EM 2013-16,gross,2013-01-01,2016-12-31,1044,0.44413750215056247,0.09353090459004568,0.0979631516713539,0.9547559770618906,-0.18474444765586762,-0.039532959879052455,0.524904214559387,0.01000781729224207,0.34879719900372336
final_loo -vix_gate,ERAS,taper + EM 2013-16,net,2013-01-01,2016-12-31,1044,0.3853565121467868,0.08352308729780361,0.09822551817799617,0.8503196404263297,-0.19066493540558793,-0.039532959879052455,0.5229885057471264,0.01000781729224207,0.40282646974156333
final_loo -vix_gate,ERAS,calm 2017-19,gross,2017-01-01,2019-12-31,782,0.21079308030061306,0.06469886682743788,0.07818789295639375,0.8274793498210925,-0.0938307745228274,-0.016221237945753073,0.5383631713554987,0.008195104774397886,0.18072606083677645
final_loo -vix_gate,ERAS,calm 2017-19,net,2017-01-01,2019-12-31,782,0.18038676770724105,0.056503762053039974,0.07822164960658426,0.7223545186943208,-0.09550797794158294,-0.016221237945753073,0.5358056265984654,0.008195104774397886,0.20412447469976988
final_loo -vix_gate,ERAS,covid 2020,gross,2020-01-01,2020-12-31,262,-0.06392730376915479,-0.059332386230565304,0.09172714959361168,-0.6468356042178541,-0.15534214415685066,-0.025264058234837104,0.5,0.015561362791179164,-0.05552779931876227
final_loo -vix_gate,ERAS,covid 2020,net,2020-01-01,2020-12-31,262,-0.0789817405453247,-0.07489374902174449,0.09203504555538644,-0.8137525066652315,-0.16515710697405173,-0.025264058234837104,0.49236641221374045,0.015561362791179164,-0.09064791619071176
final_loo -vix_gate,ERAS,tightening 2021-23,gross,2021-01-01,2023-12-31,781,0.2180604516356741,0.06764661549901566,0.08938706221748553,0.7567830715190783,-0.10160497937091939,-0.02178443221781853,0.5160051216389244,0.010368592499683287,0.188718493954639
final_loo -vix_gate,ERAS,tightening 2021-23,net,2021-01-01,2023-12-31,781,0.1795864996823322,0.057278022999332365,0.08927277508420185,0.6416068386505055,-0.10351773131832387,-0.02178443221781853,0.5134443021766966,0.010368592499683287,0.206656950300837
final_loo -vix_gate,ERAS,recent 2024-26,gross,2024-01-01,2026-06-30,652,0.2118052445006109,0.07857970909061068,0.09293026411120116,0.8455771630712415,-0.1326649499049064,-0.035043797636333425,0.5322085889570553,0.012875572211742235,0.1830102303984034
final_loo -vix_gate,ERAS,recent 2024-26,net,2024-01-01,2026-06-30,652,0.17211134254947313,0.06570413687886843,0.092928356904184,0.7070407684773148,-0.14308488794818786,-0.035043797636333425,0.5306748466257669,0.012875572211742235,0.19790249660176432
final_loo -vix_gate,STRESS,gfc_2008,gross,2008-09-01,2009-06-30,217,-0.010744810786225356,-0.010138106237257872,0.06950303945175244,-0.14586565303083665,-0.047293234051480226,-0.015368902575235556,0.511520737327189,0.016758416857612805,-0.007858396309661925
final_loo -vix_gate,STRESS,gfc_2008,net,2008-09-01,2009-06-30,217,-0.02491577374464038,-0.026896523094870676,0.06944377012085705,-0.38731369348267075,-0.05619836670705036,-0.015368902575235556,0.4976958525345622,0.016758416857612805,-0.026962914780074922
final_loo -vix_gate,STRESS,euro_2011,gross,2011-07-01,2012-12-31,392,0.0665010023059871,0.04574221591405428,0.09341663691286213,0.4896581318456374,-0.08109249652617256,-0.018869669296462478,0.4897959183673469,0.016266251600736168,0.0640502194268664
final_loo -vix_gate,STRESS,euro_2011,net,2011-07-01,2012-12-31,392,0.039850308158204006,0.029475964313318108,0.09345934063190124,0.3153881047525477,-0.08244125182442208,-0.018869669296462478,0.4897959183673469,0.016266251600736168,0.05337833854066497
final_loo -vix_gate,STRESS,taper_2013,gross,2013-05-01,2013-09-30,109,-0.11810692313366744,,,,-0.16905024156234605,-0.03917692952905019,0.43119266055045874,0.014137450322267014,-0.10922141696840236
final_loo -vix_gate,STRESS,taper_2013,net,2013-05-01,2013-09-30,109,-0.12351939129410472,,,,-0.17153683764506777,-0.03917692952905019,0.43119266055045874,0.014137450322267014,-0.14837304317261413
final_loo -vix_gate,STRESS,china_em_2015,gross,2015-06-01,2016-02-29,196,0.0071163906873614735,0.014041567392291995,0.09927472883200314,0.1414415084029464,-0.061250925444786164,-0.028483668712735236,0.5204081632653061,0.0050459535442202745,0.009830803499586307
final_loo -vix_gate,STRESS,china_em_2015,net,2015-06-01,2016-02-29,196,0.0031673607723219366,0.008995613848071736,0.09932947796305831,0.09056338594085131,-0.06230576455761705,-0.028483668712735236,0.5204081632653061,0.0050459535442202745,0.008145126589573726
final_loo -vix_gate,STRESS,covid_2020,gross,2020-02-01,2020-04-30,64,-0.0397765260025712,,,,-0.09893075838175103,-0.025264058234837104,0.515625,0.022779221023958934,-0.034758389472191946
final_loo -vix_gate,STRESS,covid_2020,net,2020-02-01,2020-04-30,64,-0.04532352699241948,,,,-0.10267367173590514,-0.025264058234837104,0.5,0.022779221023958934,-0.05168731731216568
final_loo -vix_gate,STRESS,rates_2022,gross,2022-01-01,2022-10-31,216,0.10371877898179238,0.11950075364382472,0.09345630260916664,1.2786805202809672,-0.04909174790780002,-0.018247407950140584,0.5231481481481481,0.012054196281135507,0.09220229915005043
final_loo -vix_gate,STRESS,rates_2022,net,2022-01-01,2022-10-31,216,0.09242971220056417,0.10744655736268917,0.09286067992266031,1.1570726969927079,-0.05147337278403763,-0.018247407950140584,0.5185185185185185,0.012054196281135507,0.10721541202540917
final_loo -vix_gate,STRESS,oil_2026,gross,2026-02-01,2026-05-31,85,0.016616263357666083,,,,-0.05113790225795323,-0.021172724511880084,0.5294117647058824,0.0068041883520717425,0.016659005873996578
final_loo -vix_gate,STRESS,oil_2026,net,2026-02-01,2026-05-31,85,0.014281904990556482,,,,-0.05252744381960994,-0.021172724511880084,0.5294117647058824,0.0068041883520717425,0.018872997036327208
final_loo -vix_gate,STRESS,semis_2026,gross,2026-04-01,2026-06-30,65,0.056667581948748325,,,,-0.04614842608353564,-0.021172724511880084,0.5230769230769231,0.0088482475473501,0.05088256310679539
final_loo -vix_gate,STRESS,semis_2026,net,2026-04-01,2026-06-30,65,0.05425414738163448,,,,-0.04712728819623602,-0.021172724511880084,0.5230769230769231,0.0088482475473501,0.06314862069007744
final_loo -skew_excl,ERAS,pre-crisis 2007-08,gross,2007-05-01,2008-08-31,349,0.2825215845731275,0.18598017750115103,0.1119195767099718,1.6617305297990874,-0.08112899508463634,-0.02687704822851556,0.5587392550143266,0.02483912437702211,0.1821882219194887
final_loo -skew_excl,ERAS,pre-crisis 2007-08,net,2007-05-01,2008-08-31,349,0.23915756663161925,0.16114105312412896,0.1120383418553779,1.438267029443672,-0.0841491173492076,-0.02687704822851556,0.5501432664756447,0.02483912437702211,0.21077498313067555
final_loo -skew_excl,ERAS,GFC 2008-09,gross,2008-09-01,2009-06-30,217,-0.08890634254052543,-0.09945106673397168,0.13141573650762367,-0.756766802643931,-0.17405470813793145,-0.04025119301876695,0.5161290322580645,0.016480211148104322,-0.06057555364581053
final_loo -skew_excl,ERAS,GFC 2008-09,net,2008-09-01,2009-06-30,217,-0.1017443183110337,-0.11593127788207595,0.13135834416374645,-0.8825573938231157,-0.17818964765856915,-0.04025119301876695,0.4976958525345622,0.016480211148104322,-0.09428612677309646
final_loo -skew_excl,ERAS,recovery 2009-11,gross,2009-07-01,2011-06-30,522,0.1252209645455653,0.061534221189182406,0.09570849862690196,0.6429337213726413,-0.08270194671486275,-0.02872486089492908,0.5210727969348659,0.01623965577109867,0.0901603157130142
final_loo -skew_excl,ERAS,recovery 2009-11,net,2009-07-01,2011-06-30,522,0.08803259988193357,0.04529456541808372,0.09558055630650443,0.47388890762295494,-0.09724652246255716,-0.02872486089492908,0.5153256704980843,0.01623965577109867,0.08861434644509185
final_loo -skew_excl,ERAS,euro crisis 2011-12,gross,2011-07-01,2012-12-31,392,0.06329913383139485,0.04538398297256845,0.10889378939224771,0.416772923652149,-0.1442346631221827,-0.04163744675910289,0.4923469387755102,0.019540979741784193,0.04993636056338298
final_loo -skew_excl,ERAS,euro crisis 2011-12,net,2011-07-01,2012-12-31,392,0.03149431412252013,0.025843003230784246,0.10873890042351006,0.23766106821139807,-0.14585003401564633,-0.04163744675910289,0.4923469387755102,0.019540979741784193,0.03796789217645235
final_loo -skew_excl,ERAS,taper + EM 2013-16,gross,2013-01-01,2016-12-31,1044,0.19691766797449706,0.04907438049190992,0.10647822712498176,0.46088652879529557,-0.23202231051891808,-0.04211619808539267,0.5344827586206896,0.013163836205443067,0.14380816245218075
final_loo -skew_excl,ERAS,taper + EM 2013-16,net,2013-01-01,2016-12-31,1044,0.13322463181770128,0.03591054428646687,0.10682594055207494,0.33615940192879823,-0.2412221315590496,-0.04211619808539267,0.5306513409961686,0.013163836205443067,0.14051087069983495
final_loo -skew_excl,ERAS,calm 2017-19,gross,2017-01-01,2019-12-31,782,0.12492735607943573,0.04247611109697312,0.09522179333168229,0.4460755212729272,-0.14638345056019397,-0.036816854307167024,0.530690537084399,0.01093874202821067,0.09323515852893415
final_loo -skew_excl,ERAS,calm 2017-19,net,2017-01-01,2019-12-31,782,0.08732610041118005,0.03153736906876244,0.09541224422874504,0.3305379652652706,-0.1554531809360341,-0.036816854307167024,0.5242966751918159,0.01093874202821067,0.09243142578123269
final_loo -skew_excl,ERAS,covid 2020,gross,2020-01-01,2020-12-31,262,-0.05438038452223304,-0.0504610096765422,0.08134117410436195,-0.6203624453686882,-0.1609976181848055,-0.03318401782026105,0.5038167938931297,0.01549891660949748,-0.03710952879983039
final_loo -skew_excl,ERAS,covid 2020,net,2020-01-01,2020-12-31,262,-0.06950397040273804,-0.06595992628603967,0.08139680704117527,-0.8103502911689554,-0.16748728322214712,-0.03318401782026105,0.4961832061068702,0.01549891660949748,-0.06476925349668033
final_loo -skew_excl,ERAS,tightening 2021-23,gross,2021-01-01,2023-12-31,781,0.16126656051319266,0.05391134777033796,0.10631701634337806,0.5070810828270184,-0.17582754509527732,-0.03834219754585641,0.5556978233034571,0.018802333675228176,0.11818420430865134
final_loo -skew_excl,ERAS,tightening 2021-23,net,2021-01-01,2023-12-31,781,0.09557350116491303,0.03510901409510979,0.10622309715467312,0.3305214688288273,-0.18112914550279446,-0.03834219754585641,0.5544174135723432,0.018802333675228176,0.10276781115732059
final_loo -skew_excl,ERAS,recent 2024-26,gross,2024-01-01,2026-06-30,652,0.7856906152577425,0.22958947808830066,0.10382585099100952,2.2112939686685666,-0.09484953994484513,-0.03929921418098236,0.598159509202454,0.030709731966893247,0.4201726589599888
final_loo -skew_excl,ERAS,recent 2024-26,net,2024-01-01,2026-06-30,652,0.649400557452525,0.19887974612140746,0.10383423301998432,1.9153581659637273,-0.11045179953165607,-0.03929921418098236,0.588957055214724,0.030709731966893247,0.48598805087916874
final_loo -skew_excl,STRESS,gfc_2008,gross,2008-09-01,2009-06-30,217,-0.08890634254052543,-0.09945106673397168,0.13141573650762367,-0.756766802643931,-0.17405470813793145,-0.04025119301876695,0.5161290322580645,0.016480211148104322,-0.06057555364581053
final_loo -skew_excl,STRESS,gfc_2008,net,2008-09-01,2009-06-30,217,-0.1017443183110337,-0.11593127788207595,0.13135834416374645,-0.8825573938231157,-0.17818964765856915,-0.04025119301876695,0.4976958525345622,0.016480211148104322,-0.09428612677309646
final_loo -skew_excl,STRESS,euro_2011,gross,2011-07-01,2012-12-31,392,0.06329913383139485,0.04538398297256845,0.10889378939224771,0.416772923652149,-0.1442346631221827,-0.04163744675910289,0.4923469387755102,0.019540979741784193,0.04993636056338298
final_loo -skew_excl,STRESS,euro_2011,net,2011-07-01,2012-12-31,392,0.03149431412252013,0.025843003230784246,0.10873890042351006,0.23766106821139807,-0.14585003401564633,-0.04163744675910289,0.4923469387755102,0.019540979741784193,0.03796789217645235
final_loo -skew_excl,STRESS,taper_2013,gross,2013-05-01,2013-09-30,109,-0.1494463693993361,,,,-0.2057807393169151,-0.040906200548143555,0.45871559633027525,0.01903472177388079,-0.11079423510654197
final_loo -skew_excl,STRESS,taper_2013,net,2013-05-01,2013-09-30,109,-0.15646167143792655,,,,-0.2092227134317608,-0.040906200548143555,0.45871559633027525,0.01903472177388079,-0.15571293323124388
final_loo -skew_excl,STRESS,china_em_2015,gross,2015-06-01,2016-02-29,196,-0.02923038117186383,-0.03378388728043363,0.09339182019717242,-0.36174353609457216,-0.08035074243593165,-0.025933475553489054,0.5510204081632653,0.00807763855647549,-0.018586341105056005
final_loo -skew_excl,STRESS,china_em_2015,net,2015-06-01,2016-02-29,196,-0.03531542802528953,-0.04186152583690911,0.09345021391879715,-0.4479553773229921,-0.08337415613934662,-0.025933475553489054,0.5459183673469388,0.00807763855647549,-0.030750951913828834
final_loo -skew_excl,STRESS,covid_2020,gross,2020-02-01,2020-04-30,64,-0.09939313489203372,,,,-0.14526056776388518,-0.03318401782026105,0.484375,0.027847451287784028,-0.07273689863948254
final_loo -skew_excl,STRESS,covid_2020,net,2020-02-01,2020-04-30,64,-0.10574874666857015,,,,-0.15005706987034917,-0.03318401782026105,0.484375,0.027847451287784028,-0.10380082945669647
final_loo -skew_excl,STRESS,rates_2022,gross,2022-01-01,2022-10-31,216,0.10362125309412296,0.11900235316868277,0.08917875391985572,1.3344249379805115,-0.06653576636213043,-0.016155521581764583,0.5324074074074074,0.022887179717134117,0.07215019561987039
final_loo -skew_excl,STRESS,rates_2022,net,2022-01-01,2022-10-31,216,0.0821962964636882,0.09611517345154863,0.08910243082525086,1.0787042795729251,-0.07394195881569698,-0.016155521581764583,0.5324074074074074,0.022887179717134117,0.07780959302884673
final_loo -skew_excl,STRESS,oil_2026,gross,2026-02-01,2026-05-31,85,0.09643708261643136,,,,-0.012701632999996826,-0.01133300071470707,0.611764705882353,0.024449139405611928,0.06582299073524701
final_loo -skew_excl,STRESS,oil_2026,net,2026-02-01,2026-05-31,85,0.08740632834495288,,,,-0.012701632999996493,-0.01133300071470707,0.611764705882353,0.024449139405611928,0.08010067926043991
final_loo -skew_excl,STRESS,semis_2026,gross,2026-04-01,2026-06-30,65,0.10011043113525497,,,,-0.01106187787992452,-0.009021182408608748,0.6461538461538462,0.022228044568716097,0.0678575606915583
final_loo -skew_excl,STRESS,semis_2026,net,2026-04-01,2026-06-30,65,0.09381928278692597,,,,-0.011061877879924298,-0.009021182408608748,0.6307692307692307,0.022228044568716097,0.08519106201298338
