date,AUD,CAD,CHF,DKK,EUR,GBP,HKD,JPY,NOK,NZD,SEK,BRL,CNH,CNY,HUF,ILS,INR,KRW,MXN,PLN,SGD,THB,TRY,ZAR
2007-01-31,-0.27961843841087575,-0.10067787739880432,0.14441982641089962,0.13341159239119751,0.005711539312665341,0.0424654301004621,,0.5041211912072495,0.06023237411164368,-0.338780692520299,-0.09979429961491841,-1.4648566099842082,,,-0.786824833741431,-0.4955835678690499,-0.3697285129595378,0.3022052886014723,-0.6731171384299801,-0.5466604236595359,0.3705844088260193,-0.0036928738208908104,-1.4443980813921253,-0.9717628049678748
2007-02-28,-0.33710017311886925,0.12913831609237889,0.02375200211889156,0.21185413195324557,0.16843642394957586,0.04900784295469415,0.6425318804308421,0.7119852752879188,0.11635862066210256,-0.22367698226405935,0.03643038098127558,-0.9224929044347794,,,-0.7452415332034527,-0.5079823765173084,-0.34909681898567935,0.33587737672380863,-0.642787817684939,-0.5721200454756388,0.3112491851553926,0.0005955030108548972,-1.3503710815291456,-1.028818540263243
2007-03-31,-0.16856589326871552,0.16196430249587862,0.17601222293927457,0.22867978524842777,0.3643597444571134,-0.1627009290929762,0.6425318804308421,0.7183108256841586,0.11560704050456684,-0.274618155908997,0.037741790124717,-1.0674386493531423,,,,-0.4230163280997929,-0.6173901832753321,-0.1272546688256477,-0.6492282744678474,-0.605601826575803,0.2611019574434394,,-1.6090654599331864,-1.0461435593304014
2007-04-30,0.01943078920136799,0.14921957222200777,0.23295045368238876,0.18397707253284268,0.19677119557670913,0.08209140457439498,0.6590098262021306,0.7469370669486541,0.09527249070450185,-0.2648738214005379,0.011892202814651908,-0.9441437293151125,,0.9367030426243164,-0.6837491430912175,-0.33211962537802586,-0.03283809196157305,-0.1544429417575808,-0.9040314018807994,-0.6628586670478317,0.23804157064107984,0.24713889095054947,-1.6282491658439473,-0.9788647475550913
2007-05-31,0.016793248752339222,0.10893462491825752,0.08220577281684609,-0.05626788152478455,-0.0786004968546882,0.04779421554326365,0.6620548801821784,0.6374969819901667,-0.08182668512925755,-0.3354610276858128,-0.20907572558143062,-0.8374870593754988,,0.7945496602843347,-0.8835920374901236,-0.2468359295875467,-0.09443220082117162,0.0919202407952469,-0.7841099798941948,-0.4040242759905984,0.20880798461868352,0.24905767305481247,-1.476947239400585,-0.9630475014408066
2007-06-30,-0.11442731823673723,0.13058326806405499,0.026442720183204305,0.004090559102095635,0.05455808502440787,0.007504137456232377,0.9251845371630277,0.957115765153868,-0.0516021606796393,-0.3157434679542642,-0.10885773442022485,-0.7768843893225656,,0.9919312745381232,-0.8545317225318503,-0.27594341878518325,-0.04059603258869269,-0.013105171709242549,-0.8485957285936411,-0.523360936609037,-0.0867331427890757,-0.3122471238733405,-1.0225834168408523,-1.0173827573145278
2007-07-31,-0.359584851436123,0.09090910241546771,0.17201730009271962,0.11056185994265723,0.039471451955966644,-0.10212836249022925,1.0110549176817931,0.9640622409447728,-0.038676667354571405,-0.1266141519758275,-0.12234489796255024,-0.6836920773734791,,,-0.8230066346108578,-0.26999595857005587,-0.045573721310278724,0.10602018964976415,-0.8320969544341323,-0.5009170367325568,0.20592828758332765,-0.6085231716894989,-1.0236925602927311,-0.953042567652636
2007-08-31,-0.9022279485610275,-0.05420203282561883,0.12374639992120867,-0.04608613544568567,-0.19513359857142423,-0.3010309206602373,0.6761872466108387,1.3773298857997565,-0.12933279783329846,,-0.23252768823278727,,,0.39242524304819326,-0.8412264895626748,-0.26453814652355173,-0.9746617404265208,-0.41854675692769816,-0.7315771185938722,-0.49941514879180654,-0.5560515829017837,-0.38638100586168994,-1.1948642618732424,-0.9998019308121827
2007-09-30,-0.33312519626387976,-0.1264109998892923,0.21540495896328377,0.09740875813222838,0.09854945671152193,-0.3437397438892138,0.3326720994996749,1.017345629065841,0.04127213791808831,-0.5546526776829879,-0.02949520370103608,-0.8240621132725555,,0.2876551730724825,-0.6487817173303622,-0.29370224667585526,0.18181078657552407,0.07373461206474213,-1.0294374038928746,-0.37006649425601124,0.3112408960664657,-0.24445410563182282,-1.0727293401131006,-1.0224668611834855
2007-10-31,-0.4030411844016127,0.04423605479006701,0.20259833840003091,-0.08067986355042006,-0.10701957978202957,-0.2637222118963768,,1.3170726644669852,-0.09271249707220762,-0.6099899819854153,-0.16392400953814026,-0.7924087011993204,,1.0590550198946023,-0.7330653689438027,-0.2651577454898983,-0.6765730516144348,0.13856320880554615,-0.7282812055665098,-0.2065280610418307,0.28080027974489297,-0.3535281977468777,-0.7553798074013803,-0.8487728976540346
2007-11-30,-0.7918695418760355,-0.12863450384380917,0.1245223718980016,-0.27461980997459934,-0.19199829676599037,-0.4944382078345378,0.9906330241252361,0.9157510507023524,-0.2310145153397133,-0.6681873240101897,-0.3003645966339359,-0.9152700294793816,,1.4582784325111224,-0.7806498370673358,-0.2711651180181887,-0.708242431656677,0.3061942699928015,-0.7321152175555131,-0.19021559484460604,0.20244331889189995,-0.4586870022196605,-0.9032606017797243,-0.8879594399366918
2007-12-31,-0.5431991576839613,0.01567714554402243,0.041142830683775194,-0.23470933967873003,-0.2202882849376636,-0.45728762975801174,,0.9265368868114531,-0.2118052840206979,-0.41922887520615143,-0.2723644055508549,-1.0414087363032183,,1.3433223537381576,-0.7450234108858127,-0.25600727769435466,-0.8641232857142008,-0.2948874024706252,-0.8704090356506562,-0.19021559484460604,0.04837352213135353,-0.03156726676120339,-1.0503679339299488,-0.9183088877732932
2008-01-31,-0.3616178319458927,0.03581922522733848,0.1382466383523219,-0.36306200220558554,-0.22141034714477842,-0.4718895550082714,,0.9817312069393815,-0.41331721858673,-0.42949863108947134,-0.16967423479789986,-1.0278538482339488,,1.5156138034995128,-0.7693070778175072,-0.3311918703203906,-0.8736936620202663,-0.3544855028760634,-1.1721844328754456,-0.14648214281501915,-0.05545639510817857,-0.3365363093764344,-0.9983636914410673,-0.8147981610434513
2008-02-29,-0.26521757761481607,0.02851088434704854,0.013036140335124565,-0.6095556014206522,-0.19819884269073046,-0.3222628380488212,0.3690357183614903,0.9182277073151288,-0.16327674063155823,-0.33116173951659184,-0.10697244515552869,-1.1386062232314393,,1.580211304130726,-0.5205741976943603,-0.2175706497110996,-0.7428937846496789,-0.4689161312039306,-0.9085852161461238,-0.22126732114054906,-0.12106112808548274,-0.7411647547003372,-1.2159271071938098,-0.8796338721396724
2008-03-31,-0.3169380210558934,-0.1111127727687268,0.37602201240979816,-0.6039393544999572,-0.21859197223015567,-0.34421798797992853,,1.0835468298569775,-0.2372532621193659,-0.3908250122366976,-0.16591417992895313,-0.9767207204098113,,1.56695104508954,-0.657328070717994,-0.1685516554375966,-0.9347815330885381,-0.8666641003838255,-1.068031229555876,-0.21139217156305934,-0.09787223338590659,,-1.1031927132398993,-0.9376393915864729
2008-04-30,-0.3131855438196026,-0.04691485015841857,0.2772259527322463,-0.2447837293178914,-0.26050847754177997,-0.3925249115713612,1.6866786692768159,0.9178978096819456,-0.25572133346993775,-0.3447424972983169,-0.18859638159612302,-0.8776650672699877,,1.14911887970717,-0.6836821828855183,-0.26571229541571223,-0.9291375601058902,-1.0685783776417521,-0.3262534874902362,-0.30026259776574693,-0.26071545758568565,-0.21854210383142766,-1.1442663139224614,-1.0478792493780473
2008-05-31,-0.36469662707084705,-0.04109054225416051,0.45887934029747895,-0.08556776559124149,-0.13806347096024754,-0.3147230553360039,1.6924564484500617,0.93364674074861,-0.04576826558466056,-0.3847899336968886,-0.10295557047606697,-0.5528211771627114,,0.7453628640933437,-0.634430747008818,-0.17950160285923047,-0.6739667837057719,-0.8296847311514471,-0.23226406422098334,-0.28826516946758063,-0.46967820581137615,-0.06526835774579216,-0.9579724741919714,-0.9973398416723378
2008-06-30,-0.3606560258520206,-0.015304013063539611,0.4872978986130103,-0.0351729655319647,-0.07420658171964248,-0.3548351773620084,0.3226654765337506,1.0775514543566134,-0.03539057930014816,-0.5771799699200015,-0.04046872270211003,-0.709797606039143,,0.15580708704872984,-0.5008451464713974,-0.2276093122194617,-0.6255307878000514,-1.0207785878492563,-0.4732023154275303,-0.2560465074350349,-0.5812736525686124,-0.6201291019856983,-0.9496811663106968,-0.9898827905080598
2008-07-31,-0.4508468202326819,-0.1012797018583724,0.5664988523904111,0.1143790872373516,0.03165408328583216,-0.24013442549252365,1.5192366489411422,1.2175826684518312,0.00038931864549507166,-0.6499265118153722,0.050259583580214644,-0.76894430223318,,-0.02361910553006992,-0.5625668053279477,-0.2618618943595651,-0.3041823600163924,-0.44454576450197536,-0.20802135177048323,-0.2945054898795473,-0.43080581582310945,-0.4690262741580193,-0.9444188132552931,-1.0214276280789578
2008-08-31,-0.4916199023359936,-0.20874564994066017,0.4415671450264824,-0.1475378326853192,-0.1760378781306214,-0.43058578080904003,1.9190860401776817,1.0504790934510584,-0.12356858860963237,-0.5120974225874859,-0.1445610842919764,-0.9354815278375566,,-0.3014992816535573,-0.5032503280607595,-0.17951684188164332,-0.5732589403641232,-0.8500194553679561,-0.548185892857055,-0.2919395460323291,-0.5661898862296345,-0.5001039315167903,-0.8891429186933741,-0.9119848114561038
2008-09-30,-0.4796600549754998,-0.0768669789266903,0.2480827987891379,-0.08168872839028152,-0.1255690331459952,-0.27271629981181367,1.3617067603897854,1.048992940447557,-0.1302725998225615,-0.5515549788768728,-0.13673578327833558,-0.9136634651113592,,-1.1943822044926158,-0.46945071481996725,-0.16218879406175146,-0.8675294297094953,-1.0536851920605945,-0.9314527649667078,-0.29633505669345533,-0.48178201620142447,-0.49388496906061696,-1.1178140260397167,-0.923358747596844
2008-10-31,-0.8258444173124015,-0.4500588157375498,-0.04884221231981677,-0.4225739715404433,-0.4044015739766951,-0.5617881945644452,-1.1356380937317596,1.1768043506841022,-0.3847653112242649,-0.888830129903685,-0.4758977324589051,-1.6010887122427229,,-2.117317140267773,-0.9605104836071997,-0.5736969478863455,-1.697808565037757,-1.1794889831476625,-1.8299633929210077,-0.5826103652874199,-0.6354214108852344,-0.8174229484210022,-1.0688222675609031,-0.8913653239924595
2008-11-30,-1.1056972549698147,-0.34337111218861477,-0.026998192131119397,-0.26049566259213747,-0.23080581516615092,-0.642544833217308,,1.5660704426438945,-0.2669921177474157,-1.2345767109666235,-0.36448660101144364,-1.6797825881598196,,-1.988754570909544,-0.976558400798804,-0.5406134216911151,-1.5847468236949265,-1.4225959601631692,-1.7234268435889957,-0.8904954253801162,-0.9039929138810339,-0.7013199943557026,-1.13015329233338,-1.1720474766043316
2008-12-31,-0.5967799603220002,-0.11124666169317028,0.2429999019130905,-0.014276646797117296,-0.04501703319205017,-0.509379153654793,,1.406648686738501,-0.09728444223510796,-0.5680536471450728,-0.1682639751120398,-1.3453637861318044,,-2.1197414067959977,-1.0519793018299395,-0.593436392920934,-0.6255055590426657,-0.9676471686696778,-1.2901183319155507,-0.7983174529151846,-0.30696663314908745,-0.773830328672517,-1.2378924733918506,-1.2462216481882142
2009-01-31,-0.6027121168016552,-0.17354496073881695,0.14669981888568354,-0.13968644317790901,-0.1252719265972186,-0.5472267067292578,,0.9209807856497704,-0.16441726275097518,-0.6851125807824848,-0.21824668195540856,-1.0885233759678816,,-1.848792213728001,-1.0129077160503508,-0.5643744769174532,-0.8032322078741062,-0.9081119691675722,-1.2732809855570262,-0.7120714768624239,-0.34330339626828427,-1.2639259626650445,-1.119099521859763,-1.2420024062791901
2009-02-28,-0.3942625000046363,-0.20003431085605472,0.17786434459113232,-0.13372846586396697,-0.08982288878857317,-0.5192166418980045,,0.46592420988393296,-0.1006283800616281,-0.4430092476978034,-0.1774837396317236,-1.0993782664140659,,-1.1540056101439282,-0.9636124318991109,-0.49312116082096064,-0.9044958596671284,-0.6587235992726431,-1.0666389477062024,-0.7954612952223804,-0.3081354873565784,-1.084040572208988,-1.2965081076489238,-1.19302714606266
2009-03-31,-0.15519822432358069,-0.09967211696873117,0.10698250790189212,0.05589447612901877,0.08153103855707146,-0.29382925533614274,,0.5913442960243382,-0.11261642495287245,-0.15752343415712106,-0.15568391595021597,-0.9160945038359205,,-0.18999279103932942,-0.9554460459617238,-0.3627662179785992,-0.6232811484219771,-0.3683065537991045,-0.5224206547506489,-0.6898736295921275,-0.13034985042397623,-0.9301822677076104,-1.145928112234844,-0.9828438571722619
2009-04-30,-0.11995984502617806,0.011558885395232912,0.26341222611994664,0.1293890359645632,0.14407359227831495,-0.23006095171404026,,0.6121266356051894,-0.11573697923963326,-0.24915042227563175,-0.16591315595766426,-0.7098419228215762,,,-1.0280904418857295,-0.2015420410579596,-0.4405662025948838,-0.3044062106920059,-0.8091734316865802,-0.5438077488788323,0.04881112532779803,-0.7199328674284611,-0.8693867330277242,-0.8244420483685746
2009-05-31,-0.19118538520346776,0.15550267555505212,0.3830728455403451,0.3163022598263175,0.31916892736116487,-0.08478813972562088,,0.5950702389649231,-0.00549841889761117,-0.27013927970988805,-0.047058630944382625,-0.8618332329712692,,0.23919991303163374,-0.7990218126525336,0.049273523496188056,-0.5684879968101689,-0.5587513211236295,-0.8128831036011285,-0.5642605728900625,-0.19777107987504974,-0.6873096934537469,-0.858760199163437,-0.9401971405521835
2009-06-30,-0.24116858153499712,-0.045049642334158174,0.3091055254121488,0.17248809595699718,0.15955369341111414,-0.17176268233986963,,0.6651813085627545,-0.1564541977452254,-0.3308573236631709,-0.14166863789282935,-0.9650673959158057,,0.02929056522699963,-0.731262775134482,-0.09501366483312992,-0.5970100833345116,-0.828570294203919,-0.7759198212858017,-0.6273715435324466,-0.23870194047725463,-0.9268990511622052,-0.8194400332499927,-0.9479806070716436
2009-07-31,-0.4557434493227997,0.054370118542650475,0.20777165954457713,0.10704519555718144,0.10484276635976984,-0.29008716387206496,,0.5786304315360368,-0.22327632457717092,-0.5539682316337017,-0.18815394316187528,-0.9261944585047,,,-0.6716731659400171,-0.05976840232991233,-0.3799460610572691,-0.5080156888696028,-0.718270281123333,-0.48056503491607444,-0.14931624544424613,-0.6841017368890302,-0.6220169905343357,-0.9566355897020496
2009-08-31,-0.6022915553892203,-0.04602502743406755,0.09028640877082318,0.05154892740926338,0.06516705482064553,-0.36290810131868995,,0.4405266107663518,-0.18777899094302283,-0.6334850337245075,-0.19449620817004912,-0.8856901676138794,,-0.25305041029929304,-0.6348534117385297,-0.11992015808108052,-0.4834455752391273,-0.47852894998436496,-0.38859263954218737,-0.4256332087885357,-0.1114757548255398,-0.9862157977214224,-0.8012075043576428,-0.5228904406760704
2009-09-30,-0.40977300298819364,-0.015093692870516064,0.06791933456612219,-0.06385712004269396,-0.05455595628906398,-0.4992605455185956,,0.6354972866101022,-0.576618685982106,-0.44701051243980694,-0.36430055292863894,-1.094733652103821,,,-0.5951856501144823,-0.2221526823070501,-0.45892956058868206,-0.3491530571018812,-0.7612851852654999,-0.6984538471437043,-0.05737561818422814,-0.44253631305441393,-0.5853472017214236,-0.7592674647774248
2009-10-31,-0.45007380992689766,-0.19877886168729103,-0.18306805400391427,-0.31735225747580115,-0.35455913926292587,-0.3000555258728767,,0.3441394901832821,-0.3734946162637705,-0.5479812064136231,-0.449305527918663,-1.1315826625446581,,,-0.6030157685685513,-0.3846590015481758,-0.4505572426397202,-0.9335886129538062,-0.7794625819393097,-0.6814618143946133,-0.34968200049626763,-0.4071064846884533,-0.955685288335568,-0.8957123365241337
2009-11-30,-0.7449061703986344,-0.24960664859102208,-0.34185482196832184,-0.46804173843605984,-0.4823292620728517,-0.4922880249772561,,0.6796733610781587,-0.3307754849153792,-0.7759946459671279,-0.37860599409583084,-1.1378170604485407,,,-0.6758757446873669,-0.437929215152247,-0.6837814766686758,-1.1057246726800944,-0.7843199190055342,-0.7309977599105806,-0.4692027231812372,-0.3597602186840079,-1.079198130117572,-1.018976335833057
2009-12-31,-0.5340251985813266,-0.27195930101772897,-0.3386213217115754,-0.5151576792340845,-0.5479535164209901,-0.6529452678728909,,0.07832133809711364,-0.38543934916722994,-0.5615220628299511,-0.40330356176502563,-1.0915085701601188,,,-0.889829964338878,-0.368764694994903,-0.8988791863627785,-1.0070207814837604,-0.7668257215003144,-0.6072397899286053,-0.3884487913036916,-0.4019493059362548,-0.921002714311771,-0.9570869857021037
2010-01-31,-0.7008127373549111,-0.4220966601771581,-0.30843631589387427,-0.5440841994994066,-0.5559148230712665,-0.4411271319587891,,0.4003542258902296,-0.46943744745331023,-0.7267852842803338,-0.41538524525026616,-0.8982353374134222,,1.395689371692585,-0.7470241126966201,-0.26131452752210366,-0.7357019000536392,-1.0599580069648153,-0.746120165848347,-0.6127271978503454,-0.38613066330507406,-0.4414188332781798,-0.6040854898833413,-0.9989062085604369
2010-02-28,-0.729516576379165,-0.4704740241038474,-0.4136030269584316,-0.6544141223643944,-0.6505765586292793,-0.6981367088337347,,0.3317085868256936,-0.5400731292915747,-0.7265763856508793,-0.5176862286519625,-0.7804436487753934,,,-0.7150013722202299,-0.48390335478043345,-0.8068774313602985,-0.9944095246937739,-0.8357959260871048,-0.6848874402037254,-0.48998067414093927,-0.47587662742923564,-0.9527862024838231,-0.9103954397297759
2010-03-31,-0.8232780580173377,-0.45918834163748823,-0.3223410057791159,-0.5760559087158147,-0.6005002951518883,-0.7083325802761069,,0.007786886152205373,-0.4556462858203332,-0.7911194502149761,-0.544314626805627,-0.9130966740265589,,,-0.8076074217998448,-0.4332544225756433,-0.6808894510021651,-0.981465972963634,-0.946479917492784,-0.7022870967735897,-0.2683067104601892,-0.4715556982659888,-0.9846737477694004,-0.7551142898277339
2010-04-30,-0.9094178152505602,-0.4979338163635065,-0.36068511416213345,-0.6740394837197388,-0.6986715767289033,-0.5803028447444937,0.21024963731493757,0.3368838650396285,-0.5199747357588844,-0.9072350429190283,-0.5959770511738353,-1.0261922186301278,,2.0364097101651066,-1.0410500229631579,-0.5235018557480565,-0.6358449133685374,-0.8304480394915636,-1.0198812976052534,-0.8103660416313606,-0.15109083433021606,-0.4124745296153721,-0.8872976413572089,-0.9787326283744359
2010-05-31,-1.1632714243191222,-0.8457435605705869,-0.5496319497516194,-0.8510180430862523,-0.8604712721104173,-0.9335726036098473,-0.7664746884188552,0.7696634558089307,-0.7178670767927204,-1.1502134697432913,-0.7838330943052785,-1.259927780297714,,1.9167336726454354,-0.8031237035130444,-0.7106761813444704,-1.1412240820467512,-1.3588106180619737,-1.2510489614127176,-0.8282957788554562,-0.8097981574346819,-0.3842958225189385,-1.1359371718458062,-1.0547752730705597
2010-06-30,-1.2227709026076836,-0.8108976654111254,-0.025607582034193208,-0.5654469538918712,-0.5834427449053685,-0.5655850402094443,-0.4205049983529416,0.7725753355707722,-0.582162676713383,-1.1777067619463795,-0.6466852849804275,-1.2061841330919933,,0.8958400624152184,-0.7489564410268447,-0.5294782264198169,-0.759313022733684,-1.3943177457435199,-1.2047427882000188,-0.7956165900970261,-0.8595237748272553,-0.47667508936671876,-1.0895965983919045,-1.0055037967657605
2010-07-31,-1.1559795945820808,-0.6444403065399779,0.006449036410723542,-0.5822972820633978,-0.4918332685766588,-0.5696102823921844,-1.512442648769776,0.6148497239697602,-0.5240680435507932,-1.0642135732151818,-0.6186358509517639,-1.1388837423476177,,1.1692064522414574,-0.6975699252937417,-0.40235166626895635,-0.4555916159423375,-0.6934393053612486,-1.1701826722745834,-0.7727870427444304,-0.6851520329729843,-0.7095456901606394,-0.9544433940592222,-1.0647746291746916
2010-08-31,-0.9887669440776372,-0.6080524537883434,0.3580352927946792,-0.7100336612180911,-0.6695875073185409,-0.6830265392721939,,0.474094095942531,-0.6123874547791275,-0.893706282434563,-0.6710712420854,-1.201031162982022,,0.3096002127487555,-0.9975905659144007,-0.40745749812756465,-0.6678019856091424,-1.0706818560202573,-1.1554019153945327,-0.8264920523317516,-0.49420557806194815,-0.6959456913305299,-1.0520197280918495,-1.026423704513063
2010-09-30,-0.4908349403512296,-0.32151762896284475,0.3466339524514478,-0.20090378829176447,-0.1609263107100442,-0.2908085467163789,-0.42810157374517993,0.3623746659991845,-0.30536247589591453,-0.43468071780873735,-0.5423526741899162,-1.019762346840467,,0.3899613442708376,-0.8634215031924822,-0.247200351956542,-0.47496248480612774,-0.9713056174572126,-0.9921925787750644,-0.7418041101983117,-0.395907511356849,-0.06012001835956037,-0.6353327123002391,-0.6854170725749071
2010-10-31,-0.6954758561987322,-0.1503101183199042,0.18363978584886692,-0.3541080284898024,-0.3200828654549387,-0.23572291596825223,1.113068243120804,0.31484032316492744,-0.3485674967447339,-0.6598994110265274,-0.44108272660365866,-1.0748151195729228,,0.4007411644517822,-0.6649966504972488,-0.34676799501388667,-0.49940868840999036,-0.7257165491832901,-0.7503541657790184,-0.6761710003679371,-0.3755683978493551,-0.09291158486284554,-0.5350500501363036,-0.6281022972316403
2010-11-30,-0.7992769246875504,-0.46760793134381057,0.005358314094745536,-0.6663721657005284,-0.7252516688787362,-0.5973333020793,,0.06067694516284261,-0.17396627315019048,-0.7973159261416142,-0.3484348133121114,-1.1987212764320863,,0.041872424996158314,-0.7868697463497146,-0.3513115350340285,-0.8764099206408765,-1.4287821885114647,-0.9524349164531714,-0.757902327778698,-0.6187344800540431,-0.05574189687048338,-0.8466902572299588,-0.7493260419831113
2010-12-31,-0.7474207629777574,-0.4030854374432828,0.11600383713900247,,-0.5438628449030252,-0.584430939211091,0.8193807549546454,0.111604270387337,-0.42670342338165457,-0.7417078226742068,-0.4249246056787043,-1.168914664685296,,0.056731403187264044,-0.8415085831580127,-0.29699798715819825,-0.6378523656809568,-1.2915718476658227,-1.0660934361790317,-0.7672934945267272,-0.580035735049354,-0.023206987118884238,-0.8520345531945949,-0.7072071794993116
2011-01-31,-0.7107146203534564,-0.46529945613175927,0.0366675528545736,,-0.5396293665963413,-0.4817021982182768,0.33691503374121917,0.12930924570639732,-0.5341878187140087,-0.6769011212630989,-0.5105933116453336,-0.9514178841710321,,0.06687411147624991,-0.7067886451603295,-0.779470027556706,-0.8724916715210158,-1.3515718317430867,-0.9588434452211773,-0.7936972913143988,-0.731975083495457,-0.03336171810137323,-0.8668998281858633,-0.7569105028149982
2011-02-28,-0.6317623891724126,-0.3871606361637438,0.12956410298533974,,-0.3994162184117689,-0.4315707354648718,0.4969109753739053,0.4002006001330482,-0.5908822340980039,-0.6401013837978984,-0.5417013438614835,-0.8755808197343081,1.0240116331159046,0.12671347696479687,-0.7838019401947484,-0.6447450105909851,-0.7931800303339307,-1.2375009188537829,-1.002238456150481,-0.7509447422510653,-0.6508306506773638,-0.025238617025448204,-0.7944709982384528,-0.701112321407432
2011-03-31,-0.7381959333343754,-0.6933458428289556,0.26928514042415247,,-0.6167937799553945,-0.4420833939947334,0.29109481894142425,0.15038684736726116,-0.6099772457570551,-0.6925086608047983,-0.607303557128231,-1.016232297227838,,0.26194626254847575,-0.8375514491212389,-0.679083844618165,-0.5312924866491281,-0.8155467748694799,-1.041082736609293,-0.7982879695861582,-0.5586065003414639,0.011164187812710969,-0.7022701764637357,-0.7688675795748513
2011-04-30,-0.6429338508256961,-0.5037645546744502,0.34868687848452834,-0.4475061307384081,-0.4191201826958054,-0.3738229203154038,0.5105872774086795,0.21707786880979327,-0.5401475102881987,-0.5788748498560993,-0.5314367508235119,-0.8000166365926414,,0.3986930544373453,-0.8245665287375729,-0.5804216614155135,-0.5660496286477319,-0.8829143723519411,-0.647077012595547,-0.7265019579157604,-0.7374032364528971,-0.012917205180075678,-0.5885903539426323,-0.6804293093791207
2011-05-31,-0.7112256944631752,-0.585791701987094,0.20459064065978028,-0.6172507275434181,-0.6537361785914373,-0.4733718462480934,,0.1513414077674422,-0.5942471729665569,-0.6347280935691708,-0.5338145323032186,-1.1260876793542713,0.37862142222364153,0.2751098465680993,-0.8372240443650892,-0.5993194599122746,-0.6357145936735917,-1.338896130842969,-0.9174022566115115,-0.6509060119036592,-0.8345564116804467,-0.2019839029154292,-0.7041921148289401,-0.6993836224184489
2011-06-30,-0.7294728220279961,-0.6158067800375354,0.135799217202033,-0.9763988400810327,-0.920855376941431,-0.6786247567136898,,0.10170329152104954,-0.6799081786126872,-0.6466204411786396,-0.7868897062505525,-1.0797334284316693,0.03678783947160677,-0.045654771753066384,-0.8209623913896978,-0.6635870188561326,-0.4754726361344459,-1.1517134548368728,-0.7609067846281672,-0.6904648593723312,-0.7691345953641571,-0.23966265858558597,-0.8811105961214256,-0.7130669338946279
2011-07-31,-0.5920489526100935,-0.5435315464967243,0.24140938090086517,-0.7382223956821,-0.7116086750446274,-0.6132719748128134,,0.7013033127495233,-0.5873780446375071,-0.5079329971796804,-0.5967084601002374,-1.175046063110355,0.046439802730295604,-0.09433476508978808,-0.8266728094353961,-0.6506405755866076,-0.5068001350202543,-1.1204883603212625,-0.9023750003717121,-0.8234921652065106,-0.6817765306678185,-0.4007013612686784,-0.8608134877928676,-0.7122226849609785
2011-08-31,-1.1398793510148213,-0.6711525869580937,0.22362877738477283,-1.030378091702155,-1.0332617909457054,-0.6872408582020362,0.600429588958687,0.23150684123506882,-0.806075871433573,-1.0531088153164856,-0.7847827679883733,-1.336649843494409,-0.3865880890347015,-0.5941939959373461,-1.0855544569469033,-0.7469561046888307,-0.7864944013255418,-1.4639953574841882,-1.2514444674873497,-0.9656346534965136,-1.034501029372512,-0.5115175540080555,-0.9708005121525106,-0.9824476951271207
2011-09-30,-1.2295282088099697,-1.0581858635281762,-0.5957587801434576,-0.8587500094369231,-0.8556809815650643,-0.9505036505665535,,0.0966596063166926,-0.6955793482834922,-1.1631390499018925,-0.6971997019704366,-1.3720619759367587,-1.0603852381420216,-1.1672475041796446,-1.0873016693255393,-0.8283403280936859,-1.1461968368374258,-1.5726514017511244,-1.3741691087877683,-0.8252171233567674,-1.092241776710555,-0.37728684290887526,-1.3609193858520041,-1.1265680912563067
2011-10-31,-1.195408537260407,-0.9133234597823245,-0.611315640403352,-0.9770002741781753,-1.0200945740900107,-0.8866713980491406,,0.0006525016224710446,-0.8005173593440064,-1.16647064096434,-0.7848768814982577,-1.3470747012282729,-0.6922552173295989,-1.1106167293986648,-1.1504026642144431,-0.865438221889275,-0.6883139906442023,-1.2449363793954304,-1.0795630686401525,-0.8311350008059013,-0.6851438726277815,-0.5073460252086766,-0.8316213288538404,-1.1116777606028663
2011-11-30,-0.8133825373537789,-0.8253356455614816,-0.6143149563034574,-0.8554758049214032,-0.814150246300216,-0.8790745266418902,,-0.09593036592250033,-0.7881529754168047,-0.6808982485288123,-0.8083825632507032,-1.1454930825324945,-1.032078089657256,-0.8705589345114362,-1.0725446586100544,-1.0288392292913806,-0.9826347784731003,-1.1927508860400167,-0.9363141153262594,-0.9250433310802088,-0.7175199607362406,-0.5030485256429496,-1.0082137040236454,-1.0543756969616072
2011-12-31,-0.6822335746961942,-0.6041962172638743,-0.4133404925710748,-0.4841696944179568,-0.5429814584293166,-0.6946257500059478,,-0.14400728905380275,-0.676460684181981,-0.6263964114372442,-0.7220142205848353,-1.4742587265184843,-1.6405910771454089,-0.7202127640000568,-1.0781255539653671,-0.9692734874653761,-0.7941145275253239,-1.0836917680136873,-0.9045307191008305,-0.7740362576971167,-0.6702213142677699,-0.48636897055598766,-0.9715854365092954,-0.8863094513784331
2012-01-31,-0.7499360737795984,-0.5390217461074919,-0.28317729161114796,-0.5363085647716241,-0.5162859276137076,-0.3585035135871564,,-0.14409019474081322,-0.53847993947919,-0.6785569402500972,-0.5848502098846485,-1.1826388078407795,-1.4500022445464198,-0.20374919681794024,-0.7470314339565971,-0.7015863512329346,-0.6231008951833056,-0.9756870516129524,-0.8334019083850912,-0.6994833312734743,-0.349647180625993,-0.5331916978087434,-0.5783530771144793,-0.7316968546240978
2012-02-29,-0.6896372646393205,-0.5351360852000092,-0.36886675105484,-0.6896551795949115,-0.6183908137150433,-0.4639861393238982,,-0.1913985306766164,-0.7685072452996244,-0.6366242013852101,-0.7230360470253707,-1.33736152924964,-1.552279086197846,-0.3162429206914286,-0.7124598537090691,-0.9849816103034486,-0.5321793000402038,-0.9280721853084275,-0.964898846687476,-0.6758105850462014,-0.5549821284764257,-0.5018126267402839,-0.705639116889989,-0.6575457549763136
2012-03-31,-0.8117961174229131,-0.5456754820449375,-0.43571908767595047,-0.45276734917722816,-0.4249347094559384,-0.3207610047753885,,0.07364154957194573,-0.34800982230461974,-0.7779221403267225,-0.6429615478080001,-1.559525912764372,-1.1163734093283237,-0.5771430838060803,-0.7995347182196567,-0.8300043555048795,-0.7414179648496246,-1.0180608270520428,-0.9974092812034482,-0.7001157774011812,-0.47589198718938064,-0.6168387232011302,-0.7388204961250624,-0.708851533849019
2012-04-30,-0.520532914364735,-0.5525691585410472,-0.4421779876324694,-0.7101603617490021,-0.6446564590217835,-0.29941264837350656,,-0.09741772373480032,-0.5042925090048389,-0.44615626053206137,-0.9155800674784612,-1.2343378533119702,-0.5413324340766748,-0.29100176748248646,-0.5991602261339208,-0.9340086261506877,-0.6031948080022592,-0.999471599609477,-0.8741547169798954,-0.6405437295234362,-0.49134176521818457,-0.6331231887314941,-0.6758551441210554,-0.691605919977507
2012-05-31,-1.0022590396315076,-0.9788434505617657,-0.4023652140412431,-0.7956556576535098,-0.6936337878977062,-0.7436919267209939,,0.02535037720723432,-0.5772842778569625,-0.932958453948182,-0.5690238206791582,-1.1104144370428255,-1.0066202236221349,-1.0028024284544372,-0.8536231086801096,-0.9156183974198727,-0.7209164206301762,-1.3420721880553947,-0.9207115843070955,-0.8522477728945748,-1.0130043408937446,-0.519468344867264,-1.0923959785592465,-1.0763148761070456
2012-06-30,-0.8919783626417995,-0.6748440612727241,-0.38939881769291,-0.5738729606420746,-0.48943523044124604,-0.6737191104409622,,-0.08502558545462996,-0.43620244016849213,-0.7770979385879165,-0.43553615099112714,-0.9443172225525498,-0.348333722261868,-0.285496385283601,-0.6763626100569434,-0.8396577835897922,-0.5178514017921116,-0.7441313645131599,-0.7372672334445196,-0.759845565333402,-0.6677731879596276,-0.6555540531879798,-0.9349988762469079,-0.8056143371305448
2012-07-31,-0.5720978168245803,-0.5382632542720931,-0.4486998556674536,-0.535956964745363,-0.4912739973211764,-0.393383079476399,,-0.22972814246514106,-0.4083362526235132,-0.4938147964243758,-0.4331297857416804,-0.8033063783340737,-0.7381917541896329,-0.49252677857959654,-0.5880552319224588,-0.7769766604936007,-0.28730605981589485,-0.7032261545197072,-0.8953052542875342,-0.5369552267342504,-0.430814181233684,-0.3263490573201122,-0.6786100623785439,-0.5772367335365486
2012-08-31,-0.7210052124779646,-0.5655047408440173,-0.40466646855480215,-0.475553821924346,-0.4148361804729671,-0.38449392174758984,,-0.2931677383137963,-0.3740149265566772,-0.6821141398281518,-0.3445916545568403,-0.8199994500944471,-1.1037605960801464,-0.9127228553272073,-0.5926627157331436,-0.6553686310518873,-0.3059643693934094,-0.6982124638957409,-0.826985109328641,-0.5943799147188287,-0.6121618374752491,,-0.8081293634404572,-0.6177711240119753
2012-09-30,-0.5901154053705882,-0.4561486789900144,-0.3794950670808796,-0.32324240760315043,-0.3239947987854924,-0.3243900453035683,,-0.37690009486803083,-0.28923442341512934,-0.44616135089052245,-0.2611234344187959,-0.7530228754260018,-0.5407566035597178,-0.4863473226765769,-0.4204563501842547,-0.6993416598040789,-0.02788030883110283,-0.35772185084009916,-0.7922480222435213,-0.5577348052294567,-0.5786750912953915,,-0.5354782335318203,-0.576974636748013
2012-10-31,-0.5631496356984083,-0.42217945772714305,-0.2511520670162847,-0.24964836777007554,-0.217392909652429,-0.2878844459951571,,-0.33637603335508814,-0.15103019045675817,-0.40492931342987887,-0.13429997708648503,-0.9526015913867814,-0.14685597293688643,-0.016736133463758816,-0.5116267394926755,-0.6446717168104013,-0.19876472940786058,-0.490469083189697,-0.9181433693319081,-0.6043177721276444,-0.6037594901709907,-0.3164551370893496,-0.8886139647496193,-0.7636831035091136
2012-11-30,-0.7361586087323981,-0.4403357390915256,-0.13090364965719578,-0.056203116496854694,-0.1321364775315076,-0.18615545476869125,,-0.4392548946331276,-0.011436348148828629,-0.51792387557057,-0.013877851278922517,-1.1626622149148327,-0.04915014717634224,0.026103440491050452,-0.5105537847845132,-0.6127671018153115,-0.11017615131729344,-0.761388068338847,-0.801092352493274,-0.5381970108644129,-0.37339848705682116,,-0.5477107601142042,-0.6228440381115182
2012-12-31,-0.6962077614637596,-0.3634270852021034,-0.24250798317192115,-0.2026810891700423,-0.14528011930938517,-0.1864984258027948,,-0.3199670451233766,-0.16374167470742423,-0.49299383190026735,-0.1634182765214656,-0.7479516443582295,-0.32503986825116515,-0.37036003751891317,-0.48980421324992,-0.5863359461952584,-0.017656799435607242,-0.599680349528176,-0.84802727088188,-0.5418266280231089,-0.6189182289703627,,-0.5917312327939289,-0.5203997415185956
2013-01-31,-0.7207611877402694,-0.4367870716405696,-0.3348240346055353,0.04669554731958249,0.0857273039894177,-0.28095816373345106,,-0.3053274715573579,-0.02774131814115681,-0.6189384234790364,0.005844657777648244,-0.37520728472558135,-0.34506200449305646,-0.13276512047527583,-0.3978383802809668,-0.5471198122908124,-0.09163152271738591,-1.0647232079596047,-0.6370672048387446,-0.5257447372222589,-0.9979406591027913,-0.08975268727819692,-0.4926284538178218,-0.5623776657525333
2013-02-28,-0.9644084396268493,-0.6389570581534534,-0.5292960196335769,-0.6871673521442495,-0.7010328786903598,-0.4776823950217588,,-0.03440716153528449,-0.5441157685429061,-0.748077924133718,-0.49237645968738014,-0.7241166840641049,-0.5424918492331774,-0.2400175718441664,-0.43871493480947793,-0.5428386229727626,-0.3801220438096785,-1.1644612420624922,-0.8623838780036994,-0.5054511678342936,-0.9386739910622665,-0.07805856710984911,-0.9363635975270694,-0.5132587740434862
2013-03-31,-0.757490661355042,-0.5410428044401545,-0.5846610831689342,-0.6754423341786072,-0.6384901199666533,-0.6242419034451523,,0.10180831268754732,-0.5259176779860967,-0.5694379815549948,-0.4781171817640165,-0.7730085685036518,-0.43752333519648556,-0.4162662677483441,-0.6565228304109894,-0.4772470048475719,-0.3289012946301617,-1.1921458604748614,-0.8433916986991498,-0.5098195209676722,-0.834563079647229,0.0314050983194913,-0.832190231123344,-0.5241999015426075
2013-04-30,-0.6511393989059472,-0.5937060846096639,-0.4836759187607259,-0.49383694348751306,-0.4401716144315899,-0.4722406284748078,,-0.09588878883817592,-0.34778316723911024,-0.4878972470327902,-0.39342055156219763,-0.5974034340092418,-0.3353862943532941,-0.07159370378914917,-0.6306567211131349,-0.6503110200807235,-0.053621406251664824,-1.0722768288406084,-0.8334873767851018,-0.5009264595845497,-0.758705390867326,0.023586855704085235,-0.8156335813899241,-0.43655363107820083
2013-05-31,-0.8168562431300436,-0.6671280498005693,-0.41025072536500934,-0.48985456346458184,-0.4559933176237622,-0.5939637633984638,,0.08165412823060383,-0.3877904067924198,-0.7733396963469475,-0.38402504817447347,-0.9147559172576257,-0.5131399168939137,-0.7137674441653772,-0.647028465903039,-0.694324060620502,-0.5513630926223275,-1.0893165181047233,-0.9191949955088082,-0.7356434832097283,-0.8581868614541109,-0.4158938629870052,-1.0622329672040287,-0.7023105476572385
2013-06-30,-0.809993564591398,-0.6900193167037031,-0.5569481446649092,-0.6043316171414818,-0.5863387348293263,-0.5910928411935467,,0.21958312919914547,-0.47547813060355115,-0.7433311662068657,-0.45200702692051997,-0.9066256147175633,-1.429979841602142,-0.8162662477858849,-0.7094846697543179,-0.6988753269196012,-0.7702320453537763,-1.065274998148951,-1.0013436302712861,-0.5594820020930247,-0.8719412546945496,-0.5609285853772253,-1.0061651310533735,-0.5939046173202904
2013-07-31,-0.8189808402297097,-0.5271353137949147,-0.47852159712626186,-0.5069620393757326,-0.4450575863278074,-0.4824076348257566,,0.3080523524403382,-0.39592063055649035,-0.6841536245651083,-0.43031786806578753,-0.6829404183267391,-0.7415853594860258,-0.7347906532010947,-0.7125023897796576,-0.6212035388826959,-0.6576254648852682,-1.2151718709930859,-0.7925003894705359,-0.5046197820329354,-0.6173876491873751,-0.6693296227480375,-0.9779880712011049,-0.7166394830048738
2013-08-31,-0.7260260649876508,-0.5730602212820103,-0.5910241365258027,-0.6743421087710698,-0.6518019478535566,-0.5696405378987333,,0.11180338595653852,-0.5258223460812644,-0.6491891889359244,-0.5382968957676301,-0.5140629637935757,-0.605326807183327,-0.7135125078991152,-0.9039238197403304,-0.6806419694222797,-0.8820695830080455,-0.9929591023340618,-0.7383774029090494,-0.602426555864203,-0.5243929316580221,-0.8255173923901641,-1.0470533925267145,-0.809963296590118
2013-09-30,-0.747685871902952,-0.6381688317534971,-0.42089731280012843,-0.5237152190043453,-0.4898673160032799,-0.3457475469564423,,0.2082325534430816,-0.4229323817538948,-0.6258557107110019,-0.45683967787180924,-0.595801601880616,-1.1190320849735833,-1.0197343200010298,-0.6757745557290641,-0.6825026683212518,-0.5867582077861208,-1.0659303605467354,-0.6832314537260615,-0.6327179392902652,-0.5747179915291301,-0.656761547822052,-0.8890484800860322,-0.7272185310821925
2013-10-31,-0.6133542008894881,-0.6116202635191501,-0.33609349717434445,-0.3751307487003254,-0.3690247451743432,-0.18688941871958892,,0.2295958979916145,-0.3317787479543097,-0.481179569682476,-0.37277314633841635,-0.816783250052517,-0.3570505036885589,-0.14375411601773483,-0.5917206604049874,-0.5415540782176077,-0.537561954411927,-0.9709730698459359,-0.8927630592162626,-0.5537922581110345,-0.5960459504925352,-0.7006824769417588,-0.8313158083971566,-0.7451888732920028
2013-11-30,-0.7931968047189863,-0.6770099369723619,-0.33922005672202454,-0.4316156422735101,-0.376943605838008,-0.08398352025441432,,0.24089906364003907,-0.31169460551090716,-0.6701170980205345,-0.35207740051245506,-0.64265644731442,-0.6600110421125267,-0.4126486896554792,-0.5939159319195061,-0.9093606686889028,-0.7616660694367656,-1.0220355151170515,-0.8575777878490128,-0.5512171931553893,-0.730215355514658,-0.8884321751730164,-1.0209342742839274,-0.7116133208088976
2013-12-31,-0.3558592774671402,-0.33031899127025155,-0.20366387698807958,-0.2508850052353991,-0.25234138428158476,-0.14009852455330124,,0.41343336697158833,-0.23650847039582618,-0.35532188997171676,-0.24519354721531353,-0.575573256572831,-0.6660969176763423,-0.6059994491215,-0.6413314283815168,-0.758948382965088,-0.7018617279798166,-0.7730834470026905,-0.7717371727476419,-0.5319840429101319,-0.646999011557451,-0.7241034889140465,-0.8978292832753523,-0.8470975948642773
2014-01-31,-0.4042247395318353,-0.17498131285123347,-0.36667536328470146,-0.5145161742295663,-0.48577801441728796,-0.20788768115732792,,0.6747250949795784,-0.39223456601213746,-0.39702903710507254,-0.42599924270239076,-0.6212827865902373,-1.3403374175454303,-1.4488308600246202,-0.9361937266426472,-0.7230886271438383,-0.8734919941982238,-1.0033931581526943,-0.7430904549155337,-0.8565933494381133,-0.8240593031733793,-0.6303259428306177,-0.7357827410184123,-0.7867965084057885
2014-02-28,-0.6061655163146508,-0.14603672109080507,-0.2856247876612642,-0.3886554217841091,-0.37180943638833186,-0.12620432241985854,,0.37770261477634437,-0.28576927987733436,-0.5269497503968116,-0.3395915548909697,-0.5357791945244355,-1.1446400758993802,-0.8700879962707582,-0.9042462378435824,-0.7209359034802529,-0.5468449961906063,-0.8394950940111613,-0.7064031529769644,-0.828398123497106,-0.6432783611355782,-0.5339521129108236,-0.9818433563903702,-0.7176155767086482
2014-03-31,-0.4834570037216127,-0.14282283434542586,-0.2783521065464175,-0.439972644747437,-0.39081269808148733,-0.2403011368863417,-0.36265176489741907,0.16974947038290947,-0.35336420651887235,-0.3710357369216411,-0.36111609310066606,-0.5118065918345432,-1.0148156337535557,-1.1289614742901122,-0.8656953400093252,-0.7161433093340195,-0.4630573498720665,-0.9054973681515193,-0.5700212316737845,-0.8944472698839063,-0.5559294072418772,-0.5206364937711238,-0.9730188678357352,-0.746531328467707
2014-04-30,-0.5950792454918461,-0.2753500788388433,-0.2949594693963986,-0.431162457212428,-0.39168542986393173,-0.04864253034339414,,0.12917095151060395,-0.3104032268645602,-0.43937230957583356,-0.3205871323275128,-0.5235391470520572,-1.227716131028969,-1.5368517839305171,-0.7620186504072256,-0.831777501663814,-0.33318196003997447,-0.5530425892299482,-0.6344324112523769,-0.8819538227503027,-0.6951637093825767,-0.32561831140992353,-0.8275425834051369,-0.7772270602186604
2014-05-31,-0.5493333830366438,-0.4136580271004305,-0.41457856768690765,-0.4730098739502221,-0.4398626353931117,-0.13988967362067403,,0.18791617295370783,-0.3981752124412389,-0.418372602723058,-0.3785283624860701,-0.6471202719290131,-0.861531089001247,-0.7742479750553729,-0.6083718759859313,-1.0345310598149087,-0.7769866924368833,-0.4867922472087825,-0.43110780376859337,-0.6960077488880698,-0.4796809091234644,-0.38441664528692315,-0.7033831176956553,-0.6395944201072143
2014-06-30,-0.6187493296698734,-0.24515351020349738,-0.32054400470702765,-0.4217562665623436,-0.3630589582105879,-0.0263651621586457,,0.20379153417145587,-0.3240943177417229,-0.441989444354114,-0.346213736742821,-0.721534827868077,-0.49943446168832856,-0.6462272961303384,-0.6987423150343113,-0.8775155469524301,-0.5871982205309173,-0.4348617180970158,-0.8061025288724691,-0.5424011654953156,-0.534155659661468,-0.42514034964398656,-0.7528484971048349,-0.7434080686827618
2014-07-31,-0.7491907653778985,-0.4076946293525207,-0.3963055780988089,-0.49625345603652327,-0.4399972832956791,-0.35740615302680445,,-0.1479476611139754,-0.33369089552690756,-0.5951875445956658,-0.3587201453450532,-0.7984048034878913,-0.3826690010497732,-0.6552723692978841,-0.6146256391627728,-0.9885870323957107,-0.7908076699304704,-0.7846074391477678,-0.8648211174089389,-0.5802404115479717,-0.7596758665108306,-0.48680808585463475,-0.7973214963467871,-0.7077704461858837
2014-08-31,-0.6832535049878585,-0.5188293789491725,-0.10497098794958154,-0.3531470347918864,-0.3065400579719029,-0.2984351509648312,,0.20665753740385295,-0.2642130288469758,-0.5026193954930319,-0.2845219338273199,-0.6016366226317259,-0.6545206842611777,-0.8831681309887336,-0.7057717293383337,-0.8565244858506192,-0.8774463616198023,-0.8644970300654281,-0.8893228355276555,-0.6800520963708975,-0.9574411499475579,-0.5009746200062554,-0.9817567489969562,-0.9003051554173921
2014-09-30,-0.6460798196069609,-0.49239650126073076,-0.3669247927657706,-0.3809470581393172,-0.31438704214536484,-0.37224992401771234,-0.15934244750242338,0.22414669639962612,-0.3342516697269889,-0.6147416389719172,-0.3225069344063204,-0.5421300304512443,-1.181365033830261,-0.8914119643577683,-0.5681461198007924,-0.7458518496430823,-0.9473823202522705,-0.9565900644981732,-0.9732652682259401,-0.6087524297351287,-0.7935230034080324,-0.5311998697859839,-1.0033058426896804,-0.909537872250084
2014-10-31,-0.5140401552481032,-0.5577863738269955,-0.37836229640009095,-0.47588068124391264,-0.41380521784375424,-0.5113535151382231,,-0.17459680883165893,-0.43106330827252864,-0.5541011512974134,-0.44464889335792074,-0.39065371838847357,-1.2093228137949898,-1.4026830001273694,-0.5614443895832987,-0.6894150539372872,-0.8312998185296221,-0.8371604935760525,-0.5537116902785835,-0.6092720356883211,-0.7653463008119407,-0.45790178866284986,-0.8430555345638839,-0.7686781502482078
2014-11-30,-0.5425087386489252,-0.5903276302357472,-0.27638536683211895,-0.5148437817934757,-0.47023703370954906,-0.6169730684420279,,-0.1103093809196715,-0.410019540428039,-0.5155993007436466,-0.46323355377769876,-0.46755868062763395,-1.2874318788390275,-0.9682388782433009,-0.48343464594829527,-0.5816474838249216,-0.7091621225385466,-0.7751270495795193,-0.6180590215566597,-0.5270982528547626,-0.6628424019488671,-0.422643541215358,-0.761410412545296,-0.7111490213758779
2014-12-31,-0.5035444806737915,-0.5311720627901593,-0.38195116371203164,-0.4272632054648644,-0.4143998038948033,-0.6069445914504172,,-0.016972027502877858,-0.7758652589339873,-0.48484466429112466,-0.426780253379758,-0.6060479307058544,-1.3329940494816905,-1.6206138256711868,-0.6022000937581087,-0.592586649975224,-0.9879689771765738,-0.6294069509959347,-0.7958909876610883,-0.564273442922116,-0.8024054866854732,-0.3965008005355271,-0.9576839275492806,-0.8804792145496492
2015-01-31,-0.6001826509057107,-0.4463525446259703,0.25538957557304554,-0.4910723828956381,-0.49143197074646755,-0.6897543434470454,,0.27174882823394275,-0.835241722180719,-0.5586353556438748,-0.508835840968502,-0.6878315113168004,-1.2636485955326564,-1.8615850522384676,-0.6731004371266355,-0.5027023568079916,-0.6552262687297689,-0.6693716156369457,-0.6659972574431219,-0.5113084506511509,-0.6030388405948661,-0.3837605896163355,-0.9786985914466781,-0.9112769891758175
2015-02-28,-0.5574548674414715,-0.4783918331862482,-0.004835997286329246,-0.3673516614550936,-0.5982489220623841,-0.4321869013683171,,-0.062210069941708024,-0.726156741341099,-0.5043194090931935,-0.5759488824274491,-0.5780047741334855,,-2.6543734600727014,-0.5740102443428126,-0.5145052822066215,-0.7239423392173767,-0.6321205039265732,-0.6912174062260745,-0.6062631233709703,-0.6486611504834711,-0.4202019624799822,-1.1119309475708257,-0.9290908123532151
2015-03-31,-0.5618072679335744,-0.42764902716178343,-0.23481708915350893,-0.5140858465995277,-0.5631470012570012,-0.5786378548683727,,-0.059056630011067625,-0.6709860292401657,-0.4816981753051882,-0.5593370546548466,-0.4781730303492427,,-2.4160037057371193,-0.5014765698661705,-0.41097476948196,-0.7814778167712342,-0.5392582478370781,-0.6657752027194112,-0.4840392722054017,-0.41174569233859587,-0.3991274507703388,-0.9568106279116272,-0.9121096642371471
2015-04-30,-0.508143119526065,-0.3545308799672046,-0.20198965875913721,-0.32438168216530633,-0.3236995615439022,-0.6429268417837505,,-0.07002586234350411,-0.4880088484533853,-0.49571401636200596,-0.36406443879583245,-0.5369663777160714,-1.3228366371848208,-1.4493125208296183,-0.4561706911808809,-0.38811304824536524,-0.8772964135156225,-0.6243350408206361,-0.6128395783409957,-0.4106998835185748,-0.441624639237658,-0.40491679362016053,-0.8257283629053589,-0.762016556827835
2015-05-31,-0.4545413994860828,-0.4273397638246101,-0.19031155840342776,-0.33402040987988385,-0.3483400570728975,-0.44703320234553806,,-0.25901500287641593,-0.5053601852742549,-0.40318712669832213,-0.3727295905686608,-0.5343345281340524,-1.2572396991659363,-1.472044052152958,-0.48878453814459755,-0.3813233272754032,-0.9395442526799795,-0.6913061940873971,-0.624833728344945,-0.4404412488282619,-0.3939261315285767,-0.4634117080387424,-0.7547794487866227,-0.7903903848329761
2015-06-30,-0.4788689196583459,-0.33673075478994663,-0.08185374879543908,-0.6231983401187443,-0.6056952855890312,-0.338146340280277,,0.2963078802965208,-0.558395549554408,-0.4795591768726374,-0.5481457521693034,-0.533326869317625,-1.2109658571813091,-1.8325490085353284,-0.5028616225408399,-0.3297133499245638,-0.7501752235914392,-0.5216712250564457,-0.5619858721151294,-0.4407905497163377,-0.34307213668390846,-0.46852604068199954,-0.716314417129548,-0.6847396915311663
2015-07-31,-0.45443801555815827,-0.17237772127089604,-0.04191954153244215,-0.16190001313308364,-0.15377782318342578,-0.19772566511186263,,-0.04893021449542338,-0.22039062664406678,-0.40071905212510656,-0.14763606457043424,-0.5993697798747247,,-2.5236957999651026,-0.48562754807523,-0.3309351487741396,-1.0040282355602026,-0.581769375945354,-0.5524882598464926,-0.44707220101522666,-0.33844693011043464,-0.5169568435451921,-0.9610978176704417,-0.770248616198777
2015-08-31,-0.508900495271694,-0.17787932990853264,-0.031098645833156188,-0.14435783134411367,-0.13342269050935227,-0.18099826619514597,-0.46062668113572164,0.3671484768214154,-0.21636235677388557,-0.4177454037775813,-0.14060431278164578,-0.5520140015503849,-1.5751083940495092,-1.8029519114299408,-0.3464367348668255,-0.3700711096587058,-0.9410666605588933,-0.6281267402232954,-0.7084985886161608,-0.40895606217007036,-0.4834838525409096,-0.5093632967434506,-0.8848692602222064,-0.7694679048816073
2015-09-30,-0.5496323652068325,-0.1314657867582259,0.01067421048841586,-0.19756051058312854,-0.1902933274072849,-0.25685696266359065,,0.4881634725499853,-0.2515621326468662,-0.4703973159972972,-0.20028635051560367,-0.4852253508178022,-1.201063831262117,-2.0287863888335993,-0.3720972645392317,-0.2992670680079271,-0.7074341172410892,-0.44594202220779944,-0.7176406822630574,-0.4288607361765289,-0.3574580477434828,-0.49458067810987777,-0.8759297363163122,-0.8116475914832368
2015-10-31,-0.48643814777602157,-0.09956439378869868,0.07961399400977769,-0.20067705021292737,-0.17789888559112518,-0.11125130134396137,,-0.11898973936386986,-0.22892212345750582,-0.45887465758353024,-0.1988860303228236,-0.45661891815904615,-1.0716330557862963,-1.9389816164369185,-0.44643798525357165,-0.3395301781649919,-0.4195401468163276,-0.4052666881824439,-0.6966279732834564,-0.4576452182353722,-0.573267522687391,-0.4966199227944172,-0.7771576828825487,-0.6316807487278088
2015-11-30,-0.3968538062628561,-0.12772594955811578,-0.09993794204240881,-0.1253229453578855,-0.11936301342950688,-0.31048868819185493,,0.24809149196950364,-0.16439528020193186,-0.32168468071604706,-0.10254133667302355,-0.4701315281262884,-1.2401130090949317,-1.5759106320036382,-0.39102221872533566,-0.36077848466218,-0.5885219221651002,-0.3425344322467868,-0.5650432016324928,-0.3522140656803267,-0.32923941474637736,-0.47471734984380143,-0.6726591452135802,-0.4655096901025829
2015-12-31,-0.35071562671116013,-0.14748030290896888,-0.057312260354211504,-0.1876431349906388,-0.19773950479910424,-0.3152071524080134,,0.5679723444277889,-0.2027246493035011,-0.31421022996614173,-0.1880152325373515,-0.48710046722257916,-0.8312022846039805,-1.1060743611406045,-0.4544864348985836,-0.24408822892550408,-0.5606152843134179,-0.3550530582972325,-0.5622524451362809,-0.3707480644442915,-0.35716185424614083,-0.5287288518596243,-0.7733339883219467,-0.5872317271366428
2016-01-31,-0.5511785319281656,-0.12059104083994379,-0.09701594470270114,0.061713775247583216,0.07552027076174185,-0.1891743688389006,,0.48648841584312336,-0.14165017980696962,-0.49124104822484244,-0.015465336646910726,-0.36600108406374804,-1.2850328249468377,-1.473844564115649,-0.4896318538214213,-0.21651623725310265,-0.8434175829491629,-0.654388801214533,-0.5490329620353951,-0.5569360424468273,-0.3676969194012391,-0.5197665654380182,-0.7844051484188563,-0.6747323959807899
2016-02-29,-0.5418387039982514,-0.12051286048503791,0.0428054680312778,-0.05910815172763036,-0.021999886056257377,-0.44487388197984135,,0.6541096398203942,-0.1692160265100662,-0.4873952683053787,-0.09303098259321897,-0.406201513171891,-1.5142800707536532,-1.7405798090387472,-0.4722196583510495,-0.2095582107068341,-0.8686119544793538,-0.4338805294208874,-0.6082141233847935,-0.5151750094634733,-0.26607072135525317,-0.582444561091584,-0.7983137330834258,-0.5873553218477983
2016-03-31,-0.26587906234853037,-0.16144696313706067,0.14343425699381246,0.07223122500895134,0.07365528573167321,-0.4519066513383926,,0.27938190174339217,-0.06950198904356683,-0.25106070380020673,0.041437358577816885,-0.23168222586975623,-1.1332351359073662,-1.1652863272907534,-0.5296879233684062,-0.17885501348620655,-0.6575169500933027,-0.3311015603440701,-0.4084975972897032,-0.4944807094472683,-0.32094043927372046,-0.5433151574249714,-0.6145360158571098,-0.5531199991489657
2016-04-30,-0.42783324834142306,-0.17383936779653392,0.20815467452423764,0.033935645485319285,0.06747266541763756,-0.2105409164381593,,0.7695895329365005,-0.08383811939744651,-0.4705692151448606,0.021676060679909376,-0.4207465059648059,-0.859631138242396,-1.018950266924945,-0.5213515878026219,-0.16797993018819316,-0.5493419067798324,-0.4260680945941704,-0.3584939621451587,-0.6294721135280045,-0.3384662442465839,-0.5415341939785497,-0.7595102542194851,-0.476830212378707
2016-05-31,-0.47365391797069356,-0.20367427449625583,0.33311457423861346,-0.4998236142393688,-0.5599005974213349,-1.1991149098938523,,0.2663113334193117,-0.46939502997756993,-0.42524692993342267,-0.4058740676879786,-0.5890527497898576,-0.6718633206629893,-0.762002130215621,-0.660892693705724,-0.1786077284002983,-0.5666196224339215,-0.42956201393659693,-0.3018487984911068,-0.5951412680984627,-0.3421543729369809,-0.5209955830000377,-0.8163067185613571,-0.48243107432867666
2016-06-30,-0.5725114387392256,-0.3870976696680619,0.3875288808668433,-0.5875916936021159,-0.5594341601451803,-0.6746135171217574,,0.4493489761458583,-0.45041198429803536,-0.5561985119166469,-0.37302445553303104,-0.49796826480688205,-0.8123329190228132,-0.8672960103659981,-0.6472018562226559,-0.2707258315363016,-0.6101072824073096,-0.6075966526896177,-0.5428995353891408,-0.7500466935905242,-0.5282601208990727,-0.5331919415450547,-0.8804203531605377,-0.5037753247396853
2016-07-31,-0.37751656463889005,-0.38393105365934693,0.3176836484343475,-0.2632728594395805,-0.2705526241913079,-0.22029163314496822,,0.46058979193021293,-0.2158905039945444,-0.3199666641521915,-0.24580691263952265,-0.6301069006709025,-0.06379192833744293,-0.12823625547632575,-0.6349779528489864,-0.24491909421438546,-0.5043188717598875,-0.5175196069388502,-0.5772664597071354,-0.7640911282814618,-0.4363303522778492,-0.582651199555382,-0.8966672951616371,-0.5229047720550551
2016-08-31,-0.435026744946949,-0.27479420650553005,0.2346132107679782,-0.2602690286303611,-0.2961101751077045,-0.15742926870694993,,-0.06872062981992051,-0.26738498396182125,-0.39754294089250597,-0.2952011372294882,-0.43958921319360955,-0.4424774809868772,-0.40922773309837984,-0.6090266973058084,-0.26081129662687885,-0.5454365346615888,-0.4541410548926052,-0.281611668507665,-0.5164992747939262,-0.30416502837929665,-0.6273785407827416,-1.0677003719961673,-0.7560680858299593
2016-09-30,-0.5543802631698954,-0.4525228469958882,0.36353867919234606,-0.4305525702475052,-0.4920569436030618,-0.37228252217989977,,0.45516178903821664,-0.4240981435901785,-0.524507031478388,-0.39190827372980286,-0.4977390815210427,-0.5737061852961819,-0.5853885748877358,-0.5143052832326181,-0.3037554249571942,,-0.5256533648598157,-0.32374455739696295,-0.509127556723534,-0.40590633248075997,-0.5597755034256281,-1.1543323479609118,-0.694266395502168
2016-10-31,-0.6372912082784179,-0.5633898922714078,0.323722760803253,-0.06813263645879054,0.009815368825744353,-0.39982586608112813,,0.5384839020099054,-0.08460152801142826,-0.5778069354255634,-0.07824157055710149,-0.4844139281626645,-0.37528374413911936,-0.46730774529619123,-0.4152359953152622,-0.3178357162878448,-0.9754854244201482,-0.5507159897609342,-1.1392160410733796,-0.5194444004946762,-0.3024715257763311,-0.6016817085088028,-0.7871774904928404,-0.5636932627788253
2016-11-30,-0.5456760839998482,-0.39523725743023475,0.12989864067430612,-0.4027169595854512,-0.4858884695055711,-0.33797372504835643,,0.13469895916731608,-0.48749314812776184,-0.5071765841919559,-0.44177614266825493,-0.5353679398138289,-0.7373727892180659,-0.727079530337392,-0.5297200234357496,-0.33038727932332157,-0.9776909064105392,-0.5055603411974988,-0.5217227242296232,-0.627782982393527,-0.3462565749214772,-0.5856200935020026,-1.0532313636148996,-0.5403769962656191
2016-12-31,-0.5144987685776446,-0.3714213930454855,0.08677769125248366,-0.1733223726076471,-0.22426001505832407,-0.43458974443776305,,0.3523999369116654,-0.09475046483760106,-0.40309542367134654,-0.2530689485689398,-0.4172045479399056,-0.6034589028121715,-0.5598431517777465,-0.42660844132872827,-0.2832473516789185,-0.847561840820309,-0.4146048609589958,-0.43732291805502593,-0.4814372912110484,-0.3841905052985061,-0.6255179912577901,-0.8199788427342651,-0.444291132134377
2017-01-31,-0.3807504823459904,-0.38172899283887846,0.19026587141890927,-0.23498943656098858,-0.29043589766827477,-0.4017359932007141,,0.23765219520532357,-0.14578131087303622,-0.2291898115373709,-0.2716806523052061,-0.5361469951601368,-0.443007940110995,-0.2982629212312607,-0.5116722522036853,-0.3047310257948916,-0.6228753513387663,-0.2608899551802585,-0.29520347148518267,-0.5254259440550239,-0.2939539221920397,-0.6154384601227956,-0.776024352133749,-0.7087929871504697
2017-02-28,-0.3967498657052898,-0.3100792164433415,0.2774869017644882,-0.3645866677701691,-0.44072725727331913,-0.2924012923908582,,0.10101572128693977,-0.32642414058038993,-0.32580833086682187,-0.42933584735460323,-0.5788417815963672,-0.36418889645069236,-0.18503667373489832,-0.4996360041459898,-0.12922205429311048,-0.49246811565877996,-0.2842133423669865,-0.3677246821458137,-0.5705951150043873,-0.24344640923619865,-0.6320820685235634,-0.8296319571649547,-0.807510475066138
2017-03-31,-0.5635594455145432,-0.13975420340676833,0.2081183357686368,-0.5137787616411552,-0.5343113698687931,-0.27117093234718853,,0.5416011481039191,-0.5997912656955171,-0.49428778610897706,-0.5359008756427702,-0.6517018277081771,-0.22045786153118227,-0.1785076612818058,-0.5676068159352223,-0.06041780748172656,-0.22410364806062533,-0.42071393161151216,-0.2873126305492894,-0.6462459524182445,-0.3497441617825156,-0.47317154016568647,-0.7109097233534201,-0.8850563626761964
2017-04-30,-0.49501576122417085,-0.38654276128902787,0.2420439251372959,-0.3826317026022254,-0.4558016885072441,-0.20771650734443298,,0.4217148600372845,-0.3977676228767334,-0.4050713221095971,-0.31740021222850123,-0.6058603150003952,-0.2953789544223293,-0.2933668658289779,-0.59113927680768,-0.09523850770449295,-0.26274166237731367,-1.0327850927547957,-0.6303516669530627,-0.6058222609668468,-0.41975707821504865,-0.27794180432981985,-0.7147025288573738,-0.5832986194016793
2017-05-31,-0.41099664998311985,-0.18010493706502037,0.31996629329907095,-0.06558609342883241,-0.10301647223978481,-0.5090616640720134,,0.7218210806546042,-0.17901307471248976,-0.33937052808963253,-0.17875414426957337,-0.8892314920229972,0.1985196824265422,0.14593140673767724,-0.5057475287709876,-0.08920406298019794,-0.9071345339720064,-1.0017190535758864,-0.7501468254001702,-0.45336785642075667,-0.3666715792141318,-0.2904588956505562,-0.8579360745607799,-0.580031897150483
2017-06-30,-0.3000312204999746,-0.027113505870918122,0.32822735911339196,0.18090861887696236,0.2237859333374047,-0.10513905570311756,,0.5029405963692134,-0.05255586042657229,-0.2740259875806219,0.003656607996167725,-0.914626281720132,-0.06132807676699636,-0.11433992369913205,-0.2914334849924075,-0.04319937706191612,-0.8031763837834252,-0.753313826048935,-0.6043597376869471,-0.18623302047786383,-0.304297460162915,-0.31395712145245025,-1.0812993040859502,-0.7872945678384022
2017-07-31,-0.13223110675818348,-0.06469047634972218,-0.05858608333824136,0.22410635792003802,0.2449837584580297,-0.15588995519686347,1.2269102028278691,0.5393099209521757,0.05926483163406514,-0.1349602763843858,0.08678888431994898,-0.8852749346265482,-0.2375896709442357,-0.3292884030717689,-0.32152549398500935,-0.20156254069912774,-0.5992184253915762,-0.6590837804399143,-0.5789819079883518,-0.4034067980546858,-0.34194915248122537,-0.3314253211361804,-0.9326941983202727,-0.8166679558435849
2017-08-31,-0.3475354021752011,-0.1884379954317669,0.16171688574747672,0.06495151719533676,0.08086517641735079,-0.2517350300928425,1.1093570184176889,0.511970282968866,-0.06427974466642662,-0.4345376466774191,0.03319055027598276,-0.9882457156357547,-0.45748618267139535,-0.43923196898613776,-0.30152897858687155,-0.1980649179623965,-0.6531884783219798,-1.173355710837332,-0.6729505076881114,-0.34000362090366676,-0.32006545599488867,-0.3090870470775078,-0.9294196289867481,-0.7455746422780241
2017-09-30,-0.2600504698214414,-0.034873050680032096,0.39297028215228996,0.13956524137151868,0.1454809649864623,0.006347203159329299,0.40426070431512784,0.7294980864583976,-0.016272061806931366,-0.29306358304346414,0.05701039426451995,-0.8036876150205622,-0.19691513946734376,-0.28803132975819024,-0.30407238229488137,-0.1281158061467141,-0.9091343531094066,-1.560836703618199,-0.5892288175245992,-0.29928108088056865,-0.3179176000988829,-0.35124559756137025,-0.9512774741680488,-0.7703405138566041
2017-10-31,-0.27125908981278213,-0.2731370206269544,0.34314803031250846,0.018048702612681888,0.019139925013955728,-0.21717515576578175,0.5164604610747648,0.4398498266960736,-0.13600026036341192,-0.32755704802343777,-0.12167819756404326,-0.8176772791346122,-0.10207325956298774,-0.11660684111307545,-0.34648987917463064,-0.1899492715759431,-0.8334021924465836,-1.0725807096315814,-0.813186062565659,-0.2833839684833102,-0.14907472842575556,-0.31813570886233705,-0.9299306323871147,-0.7399092228979885
2017-11-30,-0.2714744748193216,-0.22867210224391007,0.41233441268590965,0.29594527253353947,0.35951965102237515,-0.08506907105154723,0.6389174323391603,0.3683720801637004,0.010868058965763944,-0.24102914412969745,0.03705975040453236,-0.7132642739725306,-0.08622158412550397,-0.09568153377004696,-0.2554894786147486,-0.3083709570709465,-0.7242815885761947,-0.7456256991010455,-0.6209806402031938,-0.1676654929053461,-0.08392933349686309,-0.31448082438018193,-0.887040001495076,-0.4197331417648604
2017-12-31,-0.1537359513810077,-0.1602028273625751,0.5156164651105203,0.17669307153268343,0.23867263199164185,-0.19826300688290246,0.037282008256471114,0.33334337377467355,-0.024598157381401583,-0.13173147378274452,0.03982616685956645,-0.6829384765035298,0.1244903192865981,0.09570298921606865,-0.3091034652288342,-0.3397008907620005,-0.9291473383094053,-0.7862422024397316,-0.7547757265326568,-0.13565633593531978,-0.05336508753546818,-0.3011787702975234,-0.7471961741680063,-0.7111280946800812
2018-01-31,-0.09596971787516828,-0.059680706098843156,0.5635356072453032,0.07984353299546627,0.09061049972107905,-0.02406649897992849,0.24652368979121228,0.6092598377592235,-0.11965423748234078,-0.0900987936799048,-0.06209419704819339,-0.760322950375253,-0.21421895415197922,-0.18118800679839067,-0.298647474030944,-0.3936152769959893,-0.7791938918213884,-0.6035687929192866,-0.6981815778336019,-0.12668239101398135,-0.08090277010587428,-0.16459298489033544,-0.868779803368593,-0.7219341727464598
2018-02-28,-0.2919837920849707,-0.21359503969616614,0.5609724342190184,-0.1689602393379943,-0.16886536060008198,-0.19325028089849117,1.1355739405330239,0.6181706514074845,-0.2522759861745036,-0.240174828969687,-0.2435445259564736,-0.6066654997446311,-0.5349908696527661,-0.48858090693540823,-0.3397450195102914,-0.5356360059170824,-0.7606690726170391,-0.8374006926263164,-0.5754875553193755,-0.27279171222082094,-0.23236472014599802,-0.1645895795925596,-1.0066368366832996,-0.5965973867264384
2018-03-31,-0.3447575631276495,-0.1848638119917888,0.42439127504786633,0.0675266058743204,0.05803708320647787,-0.026983662215449518,1.2040747660274937,0.5317208825304947,-0.16235279199003036,-0.330838184419302,-0.16470958616314793,-0.45511706144092257,-0.23156159716273916,-0.22715534711038332,-0.2817154311191702,-0.5024271895646695,-0.6869572801979823,-0.6122747045284738,-0.4005770403395751,-0.12035513283643277,-0.18548433097967662,-0.3389005435619311,-0.9244180699247753,-0.5573087442150158
2018-04-30,-0.35050536986524994,-0.2555579873590936,0.0898882749552519,-0.18363589269800484,-0.1968532756805267,-0.16241647168615014,1.5863533096830225,0.43230356639308287,-0.3385316627697571,-0.30841278408729284,-0.2649415443407724,-0.5235325137688428,-0.3542505432910884,-0.3481404679321803,-0.3754171721147947,-0.43139448782123146,-0.5611119964909276,-0.5968966505442672,-0.459089270717257,-0.30733494295944486,-0.224441365621105,-0.37192568294005485,-0.6081625518082421,-0.625938000615817
2018-05-31,-0.3769131817360168,-0.20801880436103842,0.2736198289969981,-0.4347683891604386,-0.45072163461127557,-0.2501364539106519,1.7441808512652917,0.6647030740873792,-0.4281623379118566,-0.3436712195860484,-0.3687667945113835,-0.5938996823967857,-0.5811166735249351,-0.5716038224098224,-0.5572888251739896,-0.41940041754295004,-0.4325933930296572,-0.779963803653397,-0.13006096613616958,-0.6247481120273576,-0.4314568307662295,-0.6026134125286616,-0.6380168785451314,-0.7568267913973059
2018-06-30,-0.39985763894330884,-0.24975147163580444,0.2576444746439847,-0.39296553990740574,-0.41620111998407877,-0.2845936573013795,1.9365710357353765,0.6463539067547474,-0.4249005852008099,-0.3950073628621404,-0.33744466636287734,-0.6810115022899276,-0.762695957509684,-0.7396447878384745,-0.6336816719676737,-0.41182827980429765,-0.6734738632237136,-0.7660722095384467,-0.2976023020509264,-0.6295709856584759,-0.507228725947888,-0.5566677824505347,-0.6567292516595935,-0.6977590516943041
2018-07-31,-0.3265957585631564,-0.14116009058549872,0.3041288951338262,-0.24752919916254965,-0.26337064931218035,-0.5040433973477605,2.2148868691756123,0.558653300243126,-0.2385303764719395,-0.2944015551708868,-0.22002180304353255,-0.5941771879311554,-0.5621713057319547,-0.5207893947852544,-0.6402548772691624,-0.4094044558148675,-0.4797120020025893,-0.48926696574710077,-0.4918719833519654,-0.6341219548202842,-0.350527641667412,-0.5150548329143829,-0.9322110033615495,-0.5937955735606414
2018-08-31,-0.5281355163197604,-0.2059460974056789,0.19539280019207944,-0.5696844150186118,-0.5729610392934711,-0.30251347350444135,,0.7029209389058488,-0.4867026836658686,-0.49714611673463893,-0.45628709602419754,-0.681895062032733,-0.31340437898563117,-0.27290684516127695,-0.6791183106011479,-0.3770819228149792,-0.6495629767877958,-0.48745346955889335,-0.7089117505845784,-0.6524662055741416,-0.3324650783669569,-0.35153828655015157,-1.0470061586507255,-0.8631544245438786
2018-09-30,-0.4289599650240738,-0.18074827030150892,0.22420247602511706,-0.3836084942636619,-0.4072437794146353,-0.7049489867703791,1.3141663371973686,0.3896063121186962,-0.3778012355730026,-0.3983409293313195,-0.3250018883632621,-0.32255408174936245,-0.5596616204380863,-0.53077892463401,-0.6403260648748306,-0.33172457911732806,-0.5768094064658381,-0.564288728207662,-0.7842853189261899,-0.6061977169073877,-0.29150320935069807,-0.22071592113244012,-0.9845347642694227,-0.8115610186849571
2018-10-31,-0.4214468687190242,-0.16289628566687786,0.15480786809130326,-0.49173410758161096,-0.48502395314358127,-0.4826129809854364,1.8764381376458703,0.7093051637138603,-0.4699934534110807,-0.384857564630798,-0.4329551543294676,-0.748455280319641,-0.7985488850382046,-0.7094182159039132,-0.6377487869330565,-0.30408784571407166,-0.6542426752930001,-0.8289488469783847,-0.9441384440139935,-0.6598380898948103,-0.5527617451210807,-0.40518872049261995,-0.7896175614200347,-0.716596244692605
2018-11-30,-0.26346319929731427,-0.2032921523939104,0.2808708669889275,-0.2710569262411438,-0.27081897330117444,-0.4874394046240398,1.2162511851817113,0.5916007276383891,-0.35536206904169876,-0.24091721688124,-0.28217666624552573,-0.7130313781306548,-0.28567519241657846,-0.21970444536247233,-0.6553712375718812,-0.23818690211087543,-0.27027163376190794,-0.6334555669679176,-0.7390748374705874,-0.7054673720055953,-0.19781163921431202,-0.47838258763265085,-0.6734959727609784,-0.6809428684466606
2018-12-31,-0.3360354756223977,-0.24402506620976847,0.3522866380634948,-0.027555999487422444,0.008356678957483517,-0.21008918076170466,1.1756489362679654,0.9913328349803956,-0.1843448203698032,-0.3168575675274552,-0.17248280477626649,-0.5294258977368274,0.03016934349119328,0.010843773408007431,-0.6373938756379897,-0.19341643769513506,-0.2611114263552226,-0.3251513799290066,-0.6517120879692442,-0.6316154201080454,-0.1845949757264516,-0.456654809576663,-0.7696150129186837,-0.6128113198172891
2019-01-31,-0.31919388156368145,-0.16830780965165915,0.3458805518195078,0.0050164228252430965,0.016149917936735272,-0.3885647337529653,1.9317145800659739,0.758024136523687,-0.12038399760099058,-0.3121532595431155,-0.10602008785778386,-0.5585699413147996,-0.1293844220331245,-0.0801381165961647,-0.44046808340623167,-0.028304090331927757,-0.34654648396218013,-0.40775589162501497,-0.5988346717198522,-0.5106666028733428,-0.014021518219554566,-0.4130043367285513,-0.8965848910993391,-0.6821926403244845
2019-02-28,-0.34506606344992174,-0.14390350374035077,0.28420092322095264,-0.23548576141456737,-0.2358121879429098,-0.5761025041241716,,0.7577091361369418,-0.3564803467342623,-0.27033073411003716,-0.27789304231892725,-0.5575977954462478,-0.08652830967008143,-0.060742586970111236,-0.6280143752811871,0.007325750723215479,-0.4811200683440795,-0.31971999250453476,-0.6407689692262765,-0.5778066075395882,0.019984744212737694,-0.4052024344070559,-1.0576322889344554,-0.7528083154655955
2019-03-31,-0.3928056114151023,-0.19506717632536003,0.3250269850886436,-0.30474090907955076,-0.3013771653279073,-0.8644013715333583,,0.9725664981375589,-0.3965589225431084,-0.3759108365709382,-0.2951765155730936,-0.6686021198314811,-0.18845478852861763,-0.07490249319089501,-0.644335493901445,-0.1387509973676388,-0.3511706126908664,-0.626165684238136,-0.6861234670457858,-0.6263539280580281,-0.20216134001898553,-0.2968238529441711,-1.1392666806548764,-0.9036454279041225
2019-04-30,-0.3502529994599239,-0.19072586837546512,0.10490796257068061,-0.15487227567135403,-0.206734768909055,-0.1442098729077904,2.0882686166339095,0.9423633093048549,-0.3264418207803697,-0.2964252769288931,-0.2149104492243572,-0.5789673970536884,-0.14452936762518578,-0.08513422526588389,-0.6918071863454874,-0.19705752741848942,-0.4149146895248095,-0.689357417979017,-0.5200657403496606,-0.6604974160532261,-0.25882365815685204,-0.409651599674494,-1.418718637931777,-0.7903560120889801
2019-05-31,-0.488531186280846,-0.2561173848044188,0.5467986827732045,-0.03317100999122455,-0.08872815447801718,-0.2868544213995581,-0.1813917902864606,1.1636667450045675,-0.2824300622928508,-0.38708178026517764,-0.22193719200069345,-0.6392217605097701,-0.6920879219691851,-0.6873816253429023,-0.6434210391411017,-0.2671222921993659,-0.5178573403167074,-0.6038155431433698,-0.8543265272128315,-0.6708074821014136,-0.44909910030463795,-0.281343806600989,-1.3485937802031582,-0.7902721445566386
2019-06-30,-0.3394675328807872,-0.14446162653200395,0.714927016518666,0.23097108383023396,0.2792785646390279,-0.1005954586600954,0.7567297877727882,0.8051851241546035,0.007809909756336104,-0.22871021426905516,-0.05414213525254789,-0.6655971446581165,-0.45226940322500864,-0.5559194332014975,-0.43283078213157145,-0.3341410539438179,-0.47437141135648736,-0.3955018695865718,-0.650959757377188,-0.35372020876657306,-0.20365521852286464,-0.254150131577871,-1.2077614169710216,-0.7050538572118668
2019-07-31,-0.24076623605923503,-0.14456782182696917,0.5276550373682884,-0.1434961136358766,-0.17925930467206516,-0.4011386037333803,0.0019156970950558988,0.8869975384703004,-0.2932066091622767,-0.15678479431292588,-0.3430152034319641,-0.6586716572477522,-0.2504461171157817,-0.26878974583142745,-0.4765357860980021,-0.273645225221612,-0.3729422414385829,-0.33043695699387987,-0.8659110885619907,-0.4151165251671296,-0.2351367604967376,-0.2924789382438321,-1.0033454563441542,-0.7120047115213742
2019-08-31,-0.5964352145866311,-0.2893251585616777,0.6304252615390733,-0.30239904953850605,-0.3258191828441879,-0.1846775325018014,,0.938537636393228,-0.3869439549791474,-0.47414716344828617,-0.36797232537152197,-0.7661716541384991,-0.5047671820529674,-0.46673160850647555,-0.6542550969700718,-0.3047757533887061,-0.703932066251867,-0.6666537492259488,-0.8778683845591128,-0.5825993825445532,-0.2946643495942677,-0.2824937066744662,-1.124843639843461,-0.7601299191670681
2019-09-30,-0.49874046057244764,-0.24097413934674625,0.5408869411387321,-0.18085656308251322,-0.18418844794599368,-0.26711753989600706,-0.0006148358702231595,1.005091884324073,-0.29245848280266074,-0.365046415631718,-0.304012808526471,-0.5791443147119488,-0.6589578010122347,-0.30532173505247945,-0.6295939389634946,-0.2927109414501891,-0.6889800353096047,-0.39688649405752957,-0.8493700570038963,-0.6342121721530464,-0.34085732262149343,-0.26228290780851427,-0.9631764406108266,-0.6580923013858323
2019-10-31,-0.3865501416923523,-0.10595133785534412,0.5392901251410346,0.2559832962492778,0.2673711185778617,-0.0956115727215051,0.5989427705760294,0.8175086856453917,-0.09443120654141857,-0.2749974136504815,-0.19910618469019487,-0.4940039255792842,-0.42320462477419823,-0.30101364842002604,-0.473189529980503,-0.35077597187014875,-0.4043384694481915,-0.3642529831495865,-0.7854462235084385,-0.4365459223688002,-0.18792766186228532,-0.2431969046408543,-1.0926031911856164,-0.7138247082090674
2019-11-30,-0.3539090805516928,-0.28684985325497464,0.40229513802680844,0.17485166296441518,0.1335123622926329,-0.3669359217493644,-0.597618080735794,0.6537039783252019,-0.16702620131030152,-0.21637443103986567,-0.2433273688712298,-0.5003531554045376,-0.6874598961583771,-0.4262960633470125,-0.4991165250041762,-0.3687391614961603,-0.43071522933523293,-0.4291002493429313,-0.7884354250481911,-0.40235890032526583,-0.3465856549979905,-0.36045247761085436,-1.0580812105905235,-0.5927620702909631
2019-12-31,-0.26815785380746043,-0.1044684248974778,0.5424630939672681,0.18553913589325594,0.32831213679858295,-0.28055221293477833,-0.4472504962386282,0.8828087043869886,-0.01709530569507675,-0.18875944055822383,-0.07725954479542989,-0.4842237860191792,-0.5189522031016822,-0.25997467321365797,-0.4149320778118645,-0.4241136387734179,-0.406018598027286,-0.417820142193112,-0.7523720823060193,-0.3252638297664291,-0.020755817230990035,-0.052564433897790926,-1.0274629366362114,-0.6237246226634822
2020-01-31,-0.5479237475914741,-0.2713852682439018,0.5788068374752638,0.3818517273997688,0.4217517988536448,0.14982887432580505,-0.5866386324521755,1.0982971296675776,-0.08330838201829645,-0.43227462181473864,-0.04820985267238743,-0.3210225306084717,-0.991041851942662,-0.4198743020904752,-0.3646026129263387,-0.5253556065763033,-0.6471309030579407,-0.7598686052975662,-0.7753258467102356,-0.2619393780641467,-0.4779637677274647,-0.6478348897019309,-0.9343228423942892,-0.6838109270943314
2020-02-29,-0.6784546621807919,-0.5480461357231564,0.48468022384523796,0.2923624218776533,0.35327673535670806,-0.11392373551599233,-0.5517510763988961,1.1313413125854865,-0.0879294575910009,-0.5292499697941778,-0.043936775718334334,-0.5267756124554391,-0.7170855385906669,-0.34395452102278445,-0.32940493381650027,-0.40101492860937965,-0.9054855488535225,-0.745703455554879,-1.0467988611604604,-0.23790015674736517,-0.5542564970871285,-0.6531247164613642,-1.2533786095258896,-0.621588238548977
2020-03-31,-1.2268484550441119,-0.8197174959376219,0.6796123710166476,-0.24415218452532012,-0.26519555788413934,-0.7146297838491507,-0.986213865469884,1.2175335103507605,-0.901680849313799,-1.2346805566362462,-0.6910601747516721,-1.1489440760830665,-0.8173368202263775,-0.4666993810613909,-0.8011311933361468,-0.5397761382339652,-1.099573393715089,-1.201196668978559,-1.051863154278305,-0.5956732326725303,-0.6768773299413429,-0.8168726287150928,-1.381104654346133,-0.889688207354321
2020-04-30,-1.0165918758126586,-0.8502101105070908,0.560772631697212,-0.2965484178744805,-0.35118462672138157,-0.8337758368495595,-0.5969725595746412,0.8004062577466783,-0.8081477013747954,-0.948898055967868,-0.6342753797785116,-1.0201536976644687,-0.5745669144985546,-0.38324154146817124,-0.8632106170132811,-0.5492782211592258,-0.9877746930598935,-1.084363765480678,-1.0648475820771819,-0.6549710971308075,-0.33580224855368074,-0.6564800074444128,-1.6029655312043338,-0.9052444377807976
2020-05-31,-0.699954233935521,-0.6337606308043021,0.5637166658824287,0.08237669963501205,0.10866383864582237,-0.7823079444033741,-1.1878269430063153,0.9230483313795024,-0.4876373160706159,-0.6643848421334551,-0.3658194239896162,-0.8868482831006264,-1.0031118564960653,-0.5003441190891933,-0.6563715746433023,-0.8075052922555914,-0.787270335584234,-0.9744711608784206,-0.7789195781331321,-0.5525758024263138,-0.38432684933564415,-0.5200642704914725,-1.4726714204859863,-0.7893950744043821
2020-06-30,-0.7337010692604936,-0.600455708705148,0.49859427700273795,0.09903444418405326,0.15634930215689508,-0.664708536156423,-0.36534146297743225,0.4040895096619888,-0.5165009975984381,-0.703502846883304,-0.2703266492190692,-0.7355501642992689,-0.5131662628040412,-0.27845725784983316,-0.5691647707124479,-0.8574591421794026,-0.7784080959311243,-0.6405242991811533,-0.6861673759628367,-0.6389873384310227,-0.2410478504506629,-0.37014528696077387,-1.6404788902060654,-0.6071665631483601
2020-07-31,-0.41491217498579575,-0.16922455090080618,0.3212496897916331,0.23952021289949327,0.33059098673421283,-0.1266120205848297,0.19092701408865814,0.7580878994527691,-0.18375756380351554,-0.38992369530780074,-0.058506729342961916,-0.601730062568453,-0.3656585349613397,-0.2685825855471964,-0.2800320554200024,-0.934405595229287,-0.5232220825175278,-0.4254512320399065,-0.7521365123208018,-0.32949514532132773,-0.21403411232749137,-0.24227805170957467,-1.590368580273885,-0.6322836318824456
2020-08-31,-0.19015130921172627,-0.0687004043602689,0.3412996897480842,0.2624134213122582,0.3465694077178346,-0.0838386718639372,,0.7483503682202264,-0.11813951719765586,-0.1517663532648262,-0.0918143411387263,-0.47820284706227467,-0.6989469612495895,-0.3158181920037876,-0.37950209981760646,-0.6214299759807137,-0.24188246780667466,-0.49128863634338493,-0.6637603796159866,-0.1826298072397952,-0.19869515318570166,-0.2616907056964766,-1.5228803278123422,-0.5793013105353133
2020-09-30,-0.5067137861434471,-0.31588616562137933,0.3727124232807978,0.17282724122215168,0.2449388816462829,-0.588002539910014,,0.6453462867796821,-0.7199188608111168,-0.44643562262595204,-0.5501652058809072,-0.5856317762446165,-0.7177306335452597,-0.5189102861966894,-0.501881642718362,-0.8168754185911825,-0.5767155604623989,-0.47972076087835375,-0.681724937399404,-0.36924025672498145,-0.3305549216376593,-0.46285364347832275,-1.2984470571233764,-0.6602098500255219
2020-10-31,-0.664737955341764,-0.31303019433998047,0.13954699969294176,-0.15524087146957205,-0.06292434878457238,-0.5289199188213455,,0.7767748846231474,-0.702825412486352,-0.5641032352955972,-0.6151348327780567,-0.6996331367331289,-0.8659185265315213,-0.6013026992101766,-0.5081023099481021,-0.7767613240199059,-0.6190058039390083,-0.5528337084831201,-0.6896985816859096,-0.4456601553665548,-0.36255967524056604,-0.2823420223109297,-1.2705324221604821,-0.5957253834635922
2020-11-30,-0.37151490078658395,-0.12689059450848575,0.19371070060999143,0.1350357535321826,0.23908827097507274,-0.849920497440089,,0.455042370845819,-0.3918252932076609,-0.30052915851718914,-0.41954440668497034,-0.5734351883105688,-0.9613612842907042,-0.5819015300426793,-0.4560784388655591,-0.6472082241833519,-0.37689463112111504,-0.49421989304131153,-0.822113553555007,-0.42979188972916743,-0.23000462057965257,-0.209618385218248,-0.9279958119800038,-0.6384549837763105
2020-12-31,-0.3673374899102914,-0.0740398982748258,0.30577873094117636,0.0822514798542326,0.1599283243746136,-0.43057821012684727,0.28307782795835024,0.5307902652714112,-0.45917028917318325,-0.30885103629562594,-0.443259490293988,-0.6155604056555315,-0.38897044900614514,-0.44770286041786467,-0.4662356283434384,-0.5597391340031193,-0.28690513425586334,-0.5131108497422535,-0.8316357188553664,-0.468967396019295,-0.17580173823694986,-0.22662527077638922,-0.7957193209459764,-0.7364934225419134
2021-01-31,-0.7013004145344229,-0.4375579531216655,0.14131419172228823,-0.13797092959099305,-0.07341082451522238,-0.3840700350027281,,0.20349701591381156,-0.6668964583066964,-0.6345718205379843,-0.48008885236115717,-0.5147183264646475,-0.5766146096047677,-0.48681985527284166,-0.5582719935605671,-0.8925226353426091,-0.5927221458647761,-0.7323310127737231,-0.9950645427204442,-0.5666284703994117,-0.4451031204820154,-0.2437631907075628,-0.951405582448498,-0.7374466243247015
2021-02-28,-0.8159500078613441,-0.5356810632853859,-0.1868239874326865,-0.19896032725527582,-0.2026463182728028,-0.46166148845828736,,0.12473981035002762,-0.707692955855741,-0.7165174855295925,-0.49983664103427305,-0.4383134027001307,-0.6291392010941089,-0.4993566864529682,-0.4989302285013013,-0.5789811728428207,-0.9372797555209924,-0.7304159151414985,-0.6992714561354413,-0.5418289049410786,-0.466394686026517,-0.3689312071415469,-1.1962086450608693,-0.7612314421785032
2021-03-31,-0.671919397150221,-0.4271103699998728,-0.07247343222483318,-0.19248979424494966,-0.13184540255758742,-0.40261992100893174,,0.05525874962781558,-0.7027026272867518,-0.6469987911459306,-0.5326680131905909,-0.47319736400292844,-0.7467849460080717,-0.5221882769305047,-0.6698433931557013,-0.5660507008478896,-0.9082908709347013,-0.7036134484070268,-0.7416587652378087,-0.6888259777940302,-0.4389399962837053,-0.4740561579253886,-1.2880181359015206,-0.8100603293189809
2021-04-30,-0.3963356229591347,-0.268501922427726,0.07178761974297336,-0.02718111525589497,0.0132337136583388,-0.2782403730078754,,0.03967077245717127,-0.5935609413850585,-0.3161684428824083,-0.4866856184779762,-0.5929388924692062,-0.28308183312031454,-0.40660736221847005,-0.605343185226921,-0.5653060652910488,-0.6391546726687352,-0.5126614868275978,-0.8422160139080309,-0.6025558924317156,-0.3106001289056271,-0.4883446673972318,-1.4227237500399113,-0.9142840289560397
2021-05-31,-0.3867415650234503,-0.32276357229458,0.04584154570621993,-0.05485369932857295,-0.008963417233946079,-0.24779127551958624,,0.09981829526084975,-0.6212217754257495,-0.2986199450863466,-0.5013781234648622,-0.7610430797780602,-0.17106780668106494,-0.4294883700169631,-0.40752848995571184,-0.732344657340459,-0.6342417725828733,-0.37323890204419585,-0.891997951825567,-0.5260891155142694,-0.21971016912180397,-0.4559963829751857,-1.3630510628075163,-0.8546596266638848
2021-06-30,-0.5259675301022068,-0.4028518240240778,-0.22080745759720297,-0.2270923447247368,-0.1527559785167353,-0.3273975560071327,-0.9907119391080785,0.02070370984160973,-0.6865523332908899,-0.4551167909447483,-0.4806252566319707,-0.8291806388837643,-0.44368412302806526,-0.4342273476059701,-0.30341270848000446,-0.7690038024491351,-0.6449909058495443,-0.44083501416231563,-0.9622992224653996,-0.5119927397056717,-0.3239553484961902,-0.49883415935640957,-1.2189377804893837,-0.8314403366893449
2021-07-31,-0.5944124943152593,-0.5009439787433273,-0.003473846505869696,-0.0852818203104674,0.010065614405104312,-0.2771057372786059,-1.1668040862584368,0.39077668684144357,-0.5735571363887495,-0.49529974185578035,-0.41523414853904617,-0.6674361464639145,-0.5653892273081214,-0.5425101935448797,-0.45646130698971976,-0.7883146749064902,-0.689415701815848,-0.4678234784137142,-0.9246208348006641,-0.549787218231335,-0.2876312313201004,-0.5080671882897121,-1.3066346097003128,-0.8016638173968913
2021-08-31,-0.4872091028786994,-0.699707007808649,-0.09621960929330774,-0.14442143849778533,-0.052464986485434836,-0.2863150026408381,-0.9646069059232025,0.21249055852095877,-0.5435812618254398,-0.3776182870234185,-0.4198905106785749,-0.6289885782791937,-0.6396265378664255,-0.6232010655204662,-0.4014726423140576,-0.7028286057360728,-0.36015944871790634,-0.5414298721231423,-0.9386559013216736,-0.44392949164631235,-0.316221543350886,-0.2840902388618211,-1.1745610554551453,-0.6857619370881688
2021-09-30,-0.5989039764722371,-0.6526848050406572,-0.11592366698266296,-0.3791926232089574,-0.3433754566764116,-0.5504788400559019,-0.7510802817425896,0.11449740880655294,-0.6139409465443867,-0.4736950706577862,-0.5282600068313998,-0.5919179151808788,-0.6879509150368254,-0.6559791301387639,-0.5096390460293099,-0.625274028586978,-0.5024407178998898,-0.5791095858821167,-0.996811584788149,-0.5033792363043418,-0.4144583688380973,-0.49093277102149613,-1.1057199089580625,-0.7038974014138409
2021-10-31,-0.40183669997342314,-0.3713727354732869,-0.0806936081329363,-0.26986390546932576,-0.22569851265583113,-0.5302819359548355,-0.7837504826946625,0.06987454856447284,-0.5953110063131243,-0.3387481840461905,-0.501584435437585,-0.5636448005955856,-0.31647457711852073,-0.35264580513780236,-0.44415963074652454,-0.5539735596615873,-0.5037528592621593,-0.512149286409242,-0.9277384966511706,-0.5143269254791861,-0.32155408000840957,-0.3350371996173191,-1.12466269650538,-0.6089535876498423
2021-11-30,-0.7355756275293343,-0.6844198144295298,0.2109119617646603,-0.10870890027303566,-0.08526102919429367,-0.49851392652135396,-0.7157743269567829,0.7392878342306375,-0.6344599077514012,-0.654332160796263,-0.5030199962145047,-0.5341439361350366,-0.32502151387655287,-0.2567496197914709,-0.45941227995451783,-0.3217546773807145,-0.6632779199166609,-0.6433084201412222,-0.8253230360411349,-0.5206954864532211,-0.501702338771584,-0.2290384682573224,-1.1281287234907913,-0.6207074689060865
2021-12-31,-0.40914732250922253,-0.5740300622290321,0.22407270997114795,-0.16976646821964253,-0.08368344789095236,-0.5139247253339491,-0.5539718981473183,0.4889075306370679,-0.6815698461420676,-0.32630001712243484,-0.5745721444630913,-0.4970555557754955,-0.447074718723002,-0.3361521143925398,-0.32702505720091873,-0.3008236536261546,-0.5462044317043553,-0.6806549598528974,-0.8841707188367744,-0.4300281679047323,-0.4646528323373311,-0.27704409527223933,-0.9042654636347224,-0.601535688330603
2022-01-31,-0.6563337268642283,-0.6235647489301639,-0.035429381877797345,-0.29578045109137857,-0.24896722129930188,-0.555341892483233,-0.3517931133501947,0.5658722647748924,-0.6875478703543098,-0.5770228686914103,-0.46843842508223876,-0.4842961386262692,-0.36507610631272247,-0.3415116402432965,-0.4977563254217422,-0.32327901604085485,-0.5913187168729288,-0.6675972355562798,-0.9831274349972584,-0.5184320420545863,-0.2474479736783469,-0.20064077199055042,-0.9555517113006411,-0.435776729047819
2022-02-28,-0.7283262972136539,-0.67504797615568,0.04178790947514401,-0.6215767678988483,-0.6684672126445733,-0.6382995722687936,-0.04385614432349307,0.7628198430384041,-0.7968412644560184,-0.6740995625839223,-0.5469974872069175,-0.6647520998160003,-0.6680104870220703,-0.6238711245515164,-0.8028915725816969,-0.422316616692996,-0.9141151200668405,-0.753968383514726,-1.069480643528317,-0.7231631041264943,-0.45001188187621344,-0.27934488219318965,-1.009536171744279,-0.7089509363107412
2022-03-31,-0.5811710348234403,-0.4944959724533705,-0.15354079931390752,-0.628498381405278,-0.6037134204119046,-0.6525215861137015,0.30113744489773475,-0.01820753843121694,-0.653697870632689,-0.4833710450594856,-0.7558928551597607,-0.45973613342191727,-0.8419550579153338,-0.8438641590771284,-1.072300726184578,-0.4698393017958527,-0.691604200463865,-0.7111457242681101,-0.7393304918747382,-1.082809792567233,-0.10014423619275581,-0.33323524851721553,-1.418183836556544,-0.7092520293069211
2022-04-30,-0.7763131248105782,-0.6890549038219693,-0.3300291701213014,-0.7886552723145666,-0.8237141439110416,-0.9271545980595428,0.16767527909880353,-0.09679792841991375,-0.6369928058532663,-0.7215797390401191,-0.6241629620342107,-0.6916539842620872,-0.9445817866023158,-0.9702696524864808,-1.0463444868455303,-0.4608796982411433,-0.8346026087622755,-0.7051844288702098,-0.963640404573208,-1.014063797436491,-0.4601742673831215,-0.6391435528857944,-1.7826830302014653,-0.6979421977286705
2022-05-31,-0.6492849155810472,-0.5851138391911606,0.018518754713480162,-0.5085180594318582,-0.4756832733624247,-0.6909849826296816,0.12980824601059346,0.09843996491270499,-0.4772153450399936,-0.6176805634851051,-0.5309483922701577,-0.5404830384353999,-0.49463781004902363,-0.5258885184997923,-1.1144292394561013,-0.5730055843590285,-0.9217830213098799,-0.521464260543623,-0.7958062210757465,-0.9605652521290878,-0.29586786546148564,-0.5951185229921084,-1.5408722651739468,-0.66563252680516
2022-06-30,-0.7387678639846487,-0.7498003842772257,0.18133762512361376,-0.7440725737154464,-0.7225071442879802,-0.7601676460727051,0.5675893049052662,0.47881417910843455,-0.7053907228534387,-0.6968529034537464,-0.6807210981335249,-0.4380449731886249,-0.4674970406369167,-0.46176636019454015,-0.9745823542634672,-0.6367285582743407,-0.7015142024421409,-0.6056197213696831,-1.018767405952448,-0.887579311269679,-0.26903399837223907,-0.4950907745234965,-1.6232168349139404,-0.6751542836684294
2022-07-31,-0.7311005393782125,-0.7791880453895873,-0.058773766418071936,-0.7380923614401137,-0.7188774928460557,-0.7849315160490291,1.2622645183340557,0.46407491735214085,-0.6770986954372015,-0.6966725741035553,-0.6513606029009272,-0.4363306285921246,-0.8066355577708274,-0.8014455694357365,-0.9521451467402152,-0.6174689606938103,-0.3396097399705784,-0.5339488787394261,-0.9583741481076036,-0.8490115466860636,-0.29619607956048316,-0.5500454922574795,-1.5566451249507807,-0.6709996430345632
2022-08-31,-0.6198036839787718,-0.7278514055520875,-0.2744509424134432,-0.5945567129246112,-0.5185182998878275,-0.6434285749357691,,-0.031362975816498405,-0.5582955560830797,-0.5683287097974135,-0.597790620083387,-0.4925011263979284,-0.6500159064343032,-0.6693631618415691,-0.8035012957350817,-0.6524091952724345,-0.47905431012480704,-0.6040135367525348,-0.9489010352464184,-0.7193676889145704,-0.38588325993621125,-0.3960866019085621,-1.717104916144079,-0.6237682275640686
2022-09-30,-0.8010809723782792,-0.9996733038036877,-0.28028517189692365,-0.6366426985464603,-0.6125011294425673,-0.974253962453683,0.977662139152666,0.5077042568305312,-0.6146664277926497,-0.7122133379172457,-0.5777110066392575,-0.46331897462740884,-0.6021040923225176,-0.6045518433292087,-0.8243922579609618,-0.6675221490555368,-0.7154503102264338,-0.6668324140233433,-1.0247964865255426,-0.8040671371711182,-0.49354923432649217,-0.5821722350767048,-1.7169076511060681,-0.7013057055253501
2022-10-31,-0.5224966223894376,-0.6854957984639395,-0.2959043243895954,-0.5525093537004117,-0.4907549269192211,-0.774525301334749,0.4968043080100416,0.16855729680398895,-0.5623236052542857,-0.4531358848820334,-0.7166104684177234,-0.37290912115187774,-0.5034049725865466,-0.5521170036216668,-0.7733277980060633,-0.6182038657672118,-0.8624350028380056,-0.6328370989827238,-1.11350554122718,-0.8826796060188616,-0.5176217792971113,-0.5150128823336199,,-0.6100516288065196
2022-11-30,-0.45763840632098507,-0.4874240353605071,-0.06689637030813367,-0.4607539208458163,-0.3789846535037379,-0.6372307773430425,0.4182199186045746,0.37234740747259437,-0.49674800409683906,-0.4034083725955222,-0.6298916934724129,-0.4279857183396264,-0.30743385284528196,-0.3584067822882367,-0.8358473603493338,-0.5828412033180926,-0.4575982827728215,-0.36235060334489244,-0.9734742059386441,-0.8239913890410548,-0.42055719597741564,-0.3246565834882512,,-0.5573794080388127
2022-12-31,-0.4144059443849018,-0.440694342961002,-0.05311899213378916,-0.3598853614726453,-0.2806264584935222,-0.5782686463235429,-0.4127651515219539,0.554251890791486,-0.37629918545889024,-0.36510504663933896,-0.588484965630498,-0.3532677969391938,-0.6613793306551147,-0.6879260955481593,-0.7493224094245793,-0.5975160875953605,-0.5651970646947257,-0.38365437024430893,-0.8994547351291314,-0.8822093241377782,-0.40343620483724835,-0.25808619062558963,,-0.6525739605432841
2023-01-31,-0.5003616018836452,-0.40416774528688615,-0.07911896474115147,-0.47116909380368116,-0.34691240461046235,-0.42841242076854796,-0.09217172935827656,0.390957752765225,-0.5017892278751137,-0.44599549149342604,-0.4996418579019573,-0.48172673927356235,-0.5250535081848702,-0.5588663091551481,-0.7942800460275141,-0.5461667431344602,-0.4467709297087078,-0.3988473151864447,-0.961254992392119,-0.8554469337581505,-0.3468210986789712,-0.3025538229897803,-1.6190643200713166,-0.6426703376207017
2023-02-28,-0.3966726235807235,-0.43422603682358507,-0.15209024949731315,-0.4361161290227402,-0.3001144570929035,-0.33614061033370696,1.1418312218449893,0.5731057562083166,-0.439114012562635,-0.34689886021519284,-0.4980567573643779,-0.5772612640634542,-0.551754101190012,-0.5433009094393079,-0.8572079118807036,-0.5618989319938669,-0.305094526400927,-0.4792127975726482,-0.9628393395788397,-0.782570584935017,-0.3051579855685646,-0.391860240039344,-2.0331978526217416,-0.5765175543902348
2023-03-31,-0.37456641489190734,-0.32362122845368163,-0.08440271122468065,-0.3595537258254592,-0.2613727489170378,-0.40200628481438294,1.5544183185228215,0.6614980169168966,-0.44067534547561044,-0.3377322441815986,-0.4515696248717088,-0.5809971723991681,-0.5004363403026515,-0.5282479623586485,-0.8956793773464536,-0.5817034635847951,-0.43666318294963336,-0.45328944862816645,-1.0828961187489852,-0.7931673251255321,-0.3063475908477906,-0.3448721305307049,-1.8655867598618703,-0.6248490951340616
2023-04-30,-0.45782966400952857,-0.3598581469762728,0.36114517976628413,-0.2749768307756299,-0.19815592268578058,-0.26624447681940705,1.5498368931431317,0.4752571707272755,-0.4071696025840189,-0.4073870378432319,-0.4594083001013036,-0.6472755317889333,-0.6062342606804789,-0.5593762864136319,-0.9542650531283551,-0.6556238963914067,-0.29280965951434323,-0.41683521103108284,-1.1032267314950486,-0.7182853912333009,-0.38740923545967476,-0.3746946451250456,-1.230948271734218,-0.5694310328254039
2023-05-31,-0.4092807515049568,-0.30165624253155154,0.15064082561949374,-0.3567213887010334,-0.23078279672475355,-0.50343096280495,1.7591816454021745,0.6195383717312394,-0.36231988975324186,-0.35220063961852055,-0.5237005148925221,-0.7303768473379911,-0.3946152103129665,-0.35784621516559867,-0.908404679988311,-0.7891274747713272,-0.46326886259900935,-0.3214345346201631,-1.0513046826444046,-0.7929238868889986,-0.31569697284568315,-0.3601577847865933,-1.4155179974547545,-0.8229947028400959
2023-06-30,-0.3670488821367458,-0.21151325078224145,0.15043871378194879,-0.40619045271349996,-0.27246941884304254,-0.45710186867965874,1.7337881601992828,0.5519844829347335,-0.35204049091685197,-0.2977336374679747,-0.5391933100244032,-0.7832532390133059,-0.21626258938049994,-0.19344802683144413,-0.8991916388590436,-0.7005084273012098,-0.32220198679778217,-0.2905983897984859,-0.9441667578996238,-0.8663377518254984,-0.1507263107528889,-0.2508216011471507,-1.5296201102418232,-0.6103497067088434
2023-07-31,-0.2798476173471609,-0.2286161114213356,0.1984678797582625,-0.24422538248360953,-0.16466569275009882,-0.2677101127320793,0.7461081457979876,0.26877235209881534,-0.3127367948917237,-0.25716887805148464,-0.42220240550022753,-0.7849350768737159,-0.0717180242640506,-0.10004338618629913,-0.8950704931909265,-0.6915677992732528,-0.2468426489810002,-0.20125768290750048,-0.9371912636700124,-0.8531703430213613,-0.1984575795769302,-0.1958543817970112,-1.5754785218470784,-0.5790025715593424
2023-08-31,-0.2644580916808001,-0.26059665556779327,0.08935288433356695,-0.3671606262345579,-0.26495673124957697,-0.3491573084740963,1.2490311902538622,0.3901787748802823,-0.33787662822224923,-0.2551485243477774,-0.4021871954300859,-0.7148704716849652,0.031981379297702985,-0.03855098472560784,-0.9560464170625418,-0.6789429966072217,-0.42139234986427193,-0.19473400090106635,-1.2078806577419585,-0.8708359096273287,-0.16809646306582776,-0.2928229773347262,-1.0898170938351095,-0.627313745888567
2023-09-30,-0.3423449172523322,-0.31686994892170345,0.05453689666745759,-0.3930716007195789,-0.3479774885978188,-0.344476176836289,1.024808857159011,0.6191393403018813,-0.33103161199212144,-0.302394240349126,-0.29258759125953593,-0.7439757146516691,0.0270666894567646,0.010382743048769363,-0.8682905312239811,-0.5210227342879136,-0.4998844496397199,-0.21114805852335541,-1.210705069371444,-0.8453375154024934,-0.2602192039009969,-0.24933869159530855,-0.8818137647619154,-0.6557411385367053
2023-10-31,-0.44300219045947414,-0.354099367131066,0.09245118362568074,-0.32254573476245246,-0.275007477551032,-0.2832418980140309,1.2566716278874137,0.1619267246040627,-0.2974259692233282,-0.4265474299993221,-0.3895912010761225,-0.7299087081999523,-0.19067045420184636,-0.2393301908901458,-0.8852171781879042,-0.6217628155195186,-0.3714308620195048,-0.2617875562639427,-0.9346345565112734,-0.7577130812372894,-0.2455875373515703,-0.23447816260551888,,-0.6518275186571046
2023-11-30,-0.24184037390781718,-0.07041071073780795,0.08378426669471277,-0.30301772421678497,-0.21963969839783035,-0.1866980020374938,0.6274197879146717,0.5386989856282789,-0.2386854459028519,-0.1870005789945859,-0.24986096048876472,-0.7777848127891275,-0.058070118517339495,-0.0028033171043525197,-0.7578627383120741,-0.5803446677442832,-0.27047923639414145,0.09296698691019462,-1.0062832996700544,-0.7232332025082644,-0.032742467674694124,-0.19940182680564184,-1.123604053208041,-0.5948156082689149
2023-12-31,-0.1758113917060788,-0.08314833834489865,0.16574196529553853,-0.2006439293670102,-0.1128560176612236,-0.13898878848573817,0.7651496376291523,0.6937179930224043,-0.12268074255885027,-0.16214289482010483,-0.2267227588819232,-0.721025428707062,0.3202424295530033,0.3404151529838647,-0.6715588572621107,-0.5634337626520741,0.14469182975176106,0.005397401796040338,-1.0584291010452596,-0.6932945725505051,0.0022742508515153663,-0.07531680789323227,-1.2167442839700668,-0.46359537780428733
2024-01-31,-0.20396485563793207,-0.124364169499499,0.1644861584713955,-0.25061114278870306,-0.16862135730333558,-0.15785667701175604,0.8931001485273197,0.6687080645173635,-0.1428368029467661,-0.18444272734461048,-0.21362558790912692,-0.750155976602639,0.2165651892758347,0.154753103667883,-0.8233108047609059,-0.5641557697811879,-0.15441077533669215,-0.01989571149989559,-1.1533450741257176,-0.5827704164262143,-0.06221013987301301,0.00947263704399581,-0.6724278385040737,-0.5158773439250007
2024-02-29,-0.20496123522067397,-0.15631157941081106,0.004981551419510309,-0.2506724205164396,-0.18337779807134055,-0.15391881349328643,1.3069225053384805,0.8403599123103878,-0.17816663122380497,-0.1401368130993392,-0.1973646539326515,-0.9207423152844291,0.4055076992829083,0.45089376719991353,-0.6933439351130799,-0.5793314974428231,0.01910716942504216,0.024439692225922675,-1.0840736390346828,-0.6687665920447396,-0.12152775094477923,-0.05268305981978206,-0.5756991390458585,-0.5110962674946984
2024-03-31,-0.31622814513303177,-0.25113656812249785,-0.08952434746216803,-0.3250755358432216,-0.3079046359365234,-0.391849860494398,1.6175242967374874,0.6001165864382718,-0.31627277244065694,-0.24202267492787158,-0.3148759557391519,-0.9192341376783636,-0.21986623119685114,-0.23191933729145256,-0.6237901966580199,-0.555112125365267,-0.5437106100506206,-0.1537090908590263,-0.9553436258719946,-0.748101988075174,-0.2601627842356665,-0.11900663793822817,-0.9707259994844539,-0.5647997646548402
2024-04-30,-0.3760073950170134,-0.4150233479866528,0.06459529396869741,-0.3437786201566488,-0.24288230895466967,-0.30357266874697736,,0.2719368117978771,-0.3704017539696903,-0.3284355143958264,-0.30749623562031636,-0.856808446453444,-0.2212821198826932,-0.2414387862051113,-0.6312493585079564,-0.569582204443537,-0.7247885198308717,-0.3198681841990919,-1.244988286481604,-0.6503850398676732,-0.25081605917258354,-0.19904783705038365,-0.8348985404514699,-0.7042195237611969
2024-05-31,-0.3568367133208789,-0.2629147662663139,0.12586136296754463,-0.32794607951281607,-0.19951088779728918,-0.25115148462848563,2.106557594136971,0.5610422245221233,-0.32588999105206484,-0.3340179316798687,-0.2625454958964056,-0.8190972825575065,0.07843417385597638,0.09178056205857284,-0.6272118067235206,-0.5844448868976381,-0.8816671459498411,-0.23736999747532345,-1.1146296698716052,-0.6799161983370748,-0.18255781992578893,-0.2444185938574863,-1.4287745724568683,-0.8480508321683483
2024-06-30,-0.4048452058448607,-0.33360973352951484,0.3023610738330852,-0.8925729292379998,-0.8764543796545583,-0.519098316999514,,0.22624464245802392,-0.5751626507985417,-0.3623330166309237,-0.5365033656981104,-0.7614140784748518,0.1882346996534715,0.20469434225604566,-0.7800030021010955,-0.5695805373208129,-0.83438713943392,-0.25429423675824375,-1.0734227868333366,-0.9311842269191634,-0.14785614870723124,-0.24466746221371796,-1.6352501931299903,-0.6432838994732426
2024-07-31,-0.47499414051160876,-0.31290801807521956,0.4697780501461631,-0.2566450621920044,-0.22968818851704642,-0.22327424497703063,,0.6915653396279261,-0.44886243736356796,-0.4137873079312103,-0.30130623138212165,-0.6814123772806575,0.910531729477268,0.6957678011730999,-0.7544530033237195,-0.6019098304410908,-0.8648048895648985,-0.18298026143981316,-0.9903212087382548,-0.86899433562298,-0.037750152053828014,-0.2109503424488036,-1.7474086361653522,-0.542915064664174
2024-08-31,-0.36898351631337134,-0.036874822863926696,0.6212219249666219,-0.14660810541788336,-0.06233703765974239,-0.08281424602086168,1.9925265169978013,0.6397869955511534,-0.4181277474509111,-0.33187446500041284,-0.28166622971729727,-0.6504646568886185,0.4878643703424794,0.41129928441224023,-0.6559002122818505,-0.5762247924649596,-0.42634619183606465,0.12121709677202623,-0.8977982747660519,-0.6907457823337095,0.15877679318976332,-0.1204752695630946,-1.9840687782990891,-0.7014794012252101
2024-09-30,-0.21666355043671354,-0.0630856798870502,0.4133207937352344,-0.165888943596989,-0.10524785860989454,-0.08289660195023137,1.0587290170289658,0.4387775558221791,-0.3405919203959761,-0.18016698971507716,-0.23614833370547997,-0.738575987087702,0.1385939636836243,0.25518728842110644,-0.5417158665071747,-0.5668783909523534,-0.10978569271492042,0.17371374517012292,-0.8045811408865431,-0.6560094324627269,0.2799896911349188,-0.01968968864098442,-1.900012071766443,-0.5668436613168657
2024-10-31,-0.43718674055530804,-0.33277749676191154,0.14018296596218652,-0.3130080285717512,-0.29158827204021415,-0.4106120871624533,1.1166601856730993,0.2917512499283642,-0.38616973805375393,-0.37185419012489823,-0.33238499500677116,-0.47108532513233137,0.06823455585590002,0.0009211702930828488,-0.7467457519823296,-0.46889775166208775,-0.32420622757011897,-0.19169097949317113,-0.35383198845749236,-0.8422082731859704,-0.20125730537905212,-0.07970230664832968,-1.7014852051040332,-0.5791880067523396
2024-11-30,-0.387108444652889,-0.6889010855371138,0.17534507264474056,-0.3452594472024509,-0.36827573272112835,-0.36100375774638493,0.8730104139305034,0.5963339597699926,-0.41778604917859985,-0.310011256707467,-0.33048109361437517,-0.5713764454531514,0.4406168409858626,0.2935915543400966,-0.7280918201783998,-0.2318918196998357,-0.6066115993692124,-0.25194247050931706,-0.6565626278492116,-0.8570800062717417,-0.23398936075186721,-0.12390494017093812,-1.938228285613779,-0.459391914206529
2024-12-31,-0.42694835927713304,-0.5834246965439874,0.08440160483021907,-0.2889343441536926,-0.30460217646045296,-0.3425444250510644,1.0948743617543064,0.5153659966333619,-0.34335996742188485,-0.34330274424312157,-0.28629360340786,-0.5266200609253947,0.395619846030799,0.23563176323166155,-0.5587116024634139,-0.30034482212673974,-0.616602884538565,-0.6900783037773233,-0.7189564208356823,-0.7060836384573094,-0.2239727189989293,-0.13686415263581864,-2.058973010518307,-0.48816513404260553
2025-01-31,-0.4047483614074313,-0.9713032323987051,0.3045582485974664,-0.343207169425419,-0.4600362233109258,-0.44970580611463434,0.7089741839627203,0.6462832270722133,-0.32952499107851796,-0.30931431298376716,-0.3379212256220537,-0.5233779384738908,-0.08619615976114224,0.025001837121090848,-0.5069919811191469,-0.30663553395812093,-0.47787553480989864,-0.22478392105733017,-0.830859307941561,-0.54688390376214,-0.2502915686096389,-0.15085050722517315,,-0.46124098595721424
2025-02-28,-0.46778938474137316,-0.893308251799992,0.22808386161620361,-0.3904246786576963,-0.4962178136278158,-0.4528024278312477,-0.22397647020469247,0.6550718785353313,-0.2714751923985233,-0.39345926440485895,-0.2693920975681748,-0.6926182844436326,0.09458209824380413,0.030971716293338655,-0.47490324637449094,-0.3505013486766945,-0.4132602161148293,-0.2577575708318071,-1.0238932048260925,-0.615233994055801,-0.2949379357646491,-0.20967841188590322,,-0.560789538155357
2025-03-31,-0.39093342936410763,-0.6728970256544891,0.5153863098563661,0.07343046191130365,0.2619191934878799,-0.1084779858181045,-0.4523525330837329,0.6651258732000151,-0.15140139512556244,-0.34002946618453644,-0.11734534140615628,-0.7024252023424755,-0.03680396962428663,-0.053684116248113325,-0.5715709448151489,-0.4757145240374761,-0.18542160742112548,-0.36590918614065915,-0.9955705993166389,-0.5801603513961957,-0.16014447488014624,-0.20089648325242976,,-0.8148433066239642
2025-04-30,-0.3483458931782663,-0.06851821447137099,0.7795389646816834,0.15328576738611474,0.42573894223317105,0.12449765417380451,,0.7268094617536929,-0.3189490084312011,-0.2975089502905389,-0.13835721938659037,-0.6544275292804062,0.1305230260867839,0.07505016236368543,-0.37634974134281746,-0.5342515058137141,-0.2526415850902682,0.00734633978156393,-0.9082748810818156,-0.38367258610531524,0.08331052510753852,-0.2508094587334025,,-0.6656960394418481
2025-05-31,-0.17495609716490423,0.31890362364374114,0.7249894336953253,0.06537920508359117,0.31343734154732467,0.1543126228768792,,0.6403770064181452,-0.16232466229049275,-0.13763623013733994,-0.12811408412476027,-0.7071397378243939,0.3133194780131543,0.259622411575015,-0.3335753629375187,-0.5229603916881117,-0.06333577641679146,0.1439904385476318,-1.1083474556464528,-0.37390905618852444,0.36575445149375596,-0.1021159563110999,,-0.6151129420454822
2025-06-30,-0.33157077906542115,0.03789367404482772,0.5605892260510738,-0.00027668545136282167,0.17457531079257785,0.026689735932272342,2.3342479490823584,0.6293281384828942,-0.14143291179966191,-0.3030529366226902,-0.10865193961055818,-0.9545607366890791,0.40257733376375676,0.33655118234521736,-0.3569040854204349,-0.6973856098819712,-0.0040871433479485126,-0.0627181813789103,-1.109662843205915,-0.38323924759241856,0.17799664120515973,-0.1359021409431108,,-0.7512767083333288
2025-07-31,-0.4336711217932525,-0.0963254867984129,0.342686229606286,-0.16016864655200364,-0.04851945740296975,-0.3633815483067604,1.6384822837396273,0.2794948063665669,-0.22505341203618115,-0.42207608454873974,-0.12774837645347828,-1.020259026388587,0.2766318986273685,0.32839650401199866,-0.5321526608278101,-0.5744103269030132,-0.24290285600979064,-0.12413586330496994,-1.126968075099749,-0.5204924281498425,-0.028269990187241308,-0.11921892669750861,,-0.7597910081514674
2025-08-31,-0.2993747318031648,0.013810142218113252,0.4541480916277314,-0.015361793204506369,0.10199933698016755,-0.34613666959605005,0.6736824279006285,0.562645636831911,-0.21872322199388244,-0.2778369841861379,-0.12795850985032903,-1.0991050167388456,0.5345764389346994,0.5475311608218912,-0.3999148455416739,-0.6239814474249346,-0.32578417972833884,-0.04655471962582866,-1.0135420977928928,-0.3945839660971172,0.10641144709766767,-0.13660147109372703,,-0.6855973483853706
2025-09-30,-0.2749729799544051,-0.06682805591586977,0.40960462825697014,0.0044496931742460544,0.21250705339723658,-0.3460115677408933,-0.1908990917350558,0.3375380261609995,-0.23559243271550945,-0.25976385581659217,-0.13273967550758914,-1.0779990106632407,0.5769046730609404,0.7665712777564728,-0.5261167093020445,-0.6129842369908249,-0.24875366198468885,-0.12236664225053144,-0.830019954085868,-0.5133461973109851,0.014857081191653743,-0.060225423716942936,,-0.8303687606596053
2025-10-31,-0.5784990489477051,-0.15902687305496457,0.5238113591129134,-0.061607511197908735,-0.07138081740447817,-0.5603901745553066,0.6436420896863471,0.42059189479318604,-0.4349079229352071,-0.4294431228133001,-0.3459899177383981,-1.2357594167284363,0.4469502291958245,0.6148040280434837,-0.5837086939828808,-0.6824948445857568,0.34843839342686866,-0.1510077482406115,-1.1098787706194237,-0.47051666445502244,0.018110309404427063,-0.14985424375520814,,-1.0845236886371756
2025-11-30,-0.4737557103479246,-0.2008236206865023,0.5866308083837604,0.10018884031914649,0.12924536190662145,-0.42247402576247206,0.299915318408381,0.3222492040975555,-0.367117963255125,-0.3452434019143033,-0.22886447858089565,-1.3252400057554614,0.7401735784197406,0.8987692530893555,-0.4469017238700456,-0.5884859070208316,-0.012854337494638959,0.11904057179635263,-1.2727159277344176,-0.45123853440846645,0.2041253056894513,-0.12168698975206946,,-1.1046659045689011
2025-12-31,-0.2644715956100394,0.09328414013460426,0.532603900923818,0.15559356707918423,0.3018560032937427,-0.17545904513026941,1.9181911528376594,0.42419376809035636,-0.30337818197250915,-0.2039779064014268,-0.14334636217499402,-1.0212834418728842,0.4227361017152146,0.6000161220076148,-0.5996554730183818,-0.4336631669057029,-0.04955620888777015,0.31202918009953745,-0.9907152198764915,-0.419602280809372,0.49431255353492404,-0.13484372967052122,,-0.8296762442432769
2026-01-31,-0.33516205057984416,0.22289958222484776,0.7223504381042212,0.21616396877212424,0.4045884051298402,-0.052328923670930456,0.5168629912130994,0.828679095901236,-0.1126157198637349,-0.27110400165768894,0.05270934747730703,-1.0309946343608678,-0.012981470895110826,0.2281437237313098,-0.2513150348510996,-0.6307913050158941,-0.17799408864669614,0.12496275924889241,-0.8652333825944344,0.12723980205139204,0.4664983589361751,-0.12778924510063833,,-0.8102785685381646
2026-02-28,-0.5810621046956922,-0.06971725694651959,0.7088690763148838,0.001469263157467778,0.03951841730924801,-0.4567584640414497,0.8166407800628263,0.6569744550831609,-0.20433879488378914,-0.46135875728387254,-0.1449624725497915,-1.1090519202089977,-0.42329106255649196,0.31720538742089793,-0.33833142436821745,-0.7557262062474022,-0.03162710272526106,0.026218355570148247,-1.0071686998909373,0.011051354454599458,0.35325408049119916,-0.08131614975271803,,-1.2422293642983067
2026-03-31,-0.710927388644473,-0.11788078635757882,-0.08684594091811942,-0.39364977344650054,-0.6331369334038887,-0.7214601467224084,0.8782948384620981,0.13200980485253064,-0.5714802519692656,-0.6187961028455067,-0.6256783585241917,-1.1563711329971509,-0.3099927991740279,-0.09631085900785116,-0.6537033024531902,-0.5369269239837215,-0.9496260135085242,-0.833019641075051,-1.2839912720318745,-0.6481753671448819,-0.2756249817504114,-0.5723696833989755,,-1.132145966672932
2026-04-30,-0.5074288607422814,0.025060045674872567,0.08989682561264434,-0.20235007154820558,-0.3070506575415618,-0.4898004984425247,1.1943643771575516,0.590967807780931,-0.4344676717451007,-0.39087687272978416,-0.46587091814541143,-1.175637267537253,-0.025441282443950785,0.1019603679637133,-0.8583432519087227,-0.40100345168879226,-0.7530042169453698,-0.3293536012581277,-1.2432847526961281,-0.5082142993348647,-0.1218145661077441,-0.3889579952882257,,-0.9796388491200928
2026-05-31,-0.4040726746106581,-0.0971857387415624,0.039030633164477906,-0.12658802389560272,-0.2050208802598381,-0.4495105027980246,1.526989921954249,0.47450185583964916,-0.38188277208637134,-0.2899246709408233,-0.3778057726055008,-1.1896238377191377,0.16986677254015636,0.1140971614651868,-0.9061585803369819,-0.5058978154078727,-0.37148203957366954,-0.36370272240509005,-1.1682621058675946,-0.5135268241262483,-0.13901349062120816,-0.26691082369809493,,-0.8266382075877321
2026-06-30,-0.6413071975527646,-0.340897139678114,-0.21632944785553632,-0.2161889541405393,-0.34549164719081427,-0.6099783777464444,1.493599731874086,0.4140616060017718,-0.44195476583809357,-0.5378161754923946,-0.38754990269103623,-0.9809878962503813,-0.2675756369776146,-0.16879919064042667,-0.906368377769451,-0.6043465813054648,-0.25177000851111603,-0.3355232122131727,-1.095752456340476,-0.5336826786165242,-0.22933697624945779,-0.2592202859813628,,-0.9046069767881885
